codon,amino_acid,log_odds,ends_with,standard_error
GCT,A,0.311,T,0.04850152378344464
GCC,A,-0.361,C,0.07980575129777188
GCA,A,-0.528,A,0.06084241652996607
GCG,A,0.349,G,0.0751850556307717
TGT,C,-0.124,T,0.06012068242505802
TGC,C,0.124,C,0.06012068242505802
GAT,D,-0.225,T,0.10447004745691972
GAC,D,0.225,C,0.10447004745691972
GAA,E,0.162,A,0.10915386930137902
GAG,E,-0.162,G,0.10915386930137902
TTT,F,0.492,T,0.06527273502155083
TTC,F,-0.492,C,0.06527273502155083
GGT,G,0.149,T,0.052907463694445316
GGC,G,-0.381,C,0.06728091187538311
GGA,G,0.184,A,0.061135028888696666
GGG,G,-0.117,G,0.07586223290859893
CAT,H,-0.228,T,0.042560847260986016
CAC,H,0.228,C,0.04256084726098601
ATA,I,0.978,A,0.08874883804380097
ATT,I,-0.434,T,0.06230894228457627
ATC,I,-0.131,C,0.0637844541507036
AAA,K,0.938,A,0.07295956387711797
AAG,K,-0.938,G,0.07295956387711797
TTA,L,1.712,A,0.10905740414011048
TTG,L,0.196,G,0.15516811106097123
CTT,L,-0.666,T,0.0645272973488438
CTC,L,0.097,C,0.11101640008341071
CTA,L,0.231,A,0.11739743627956031
CTG,L,-0.45,G,0.07765061992127906
AAT,N,-0.308,T,0.26011021061954676
AAC,N,0.308,C,0.26011021061954676
CCT,P,-1.515,T,0.07751485519821726
CCC,P,0.276,C,0.1107805851134631
CCA,P,1.098,A,0.07056434730104555
CCG,P,0.554,G,0.07691052754087924
CAA,Q,0.439,A,0.08795539412027183
CAG,Q,-0.439,G,0.08795539412027183
CGT,R,0.176,T,0.043374523774937994
CGC,R,-0.039,C,0.0619783322203376
CGA,R,0.076,A,0.05816648749230675
CGG,R,-0.562,G,0.07257852799987578
AGA,R,0.541,A,0.07788950263018493
AGG,R,-0.554,G,0.07986238232602788
TCT,S,0.281,T,0.02786921040254357
TCC,S,-0.53,C,0.03499045883316987
TCA,S,0.291,A,0.04417523072428178
TCG,S,0.025,G,0.05080210433918396
AGT,S,-0.013,T,0.03472653965264671
AGC,S,-0.218,C,0.05791150357886309
ACT,T,0.38,T,0.04469389385080447
ACC,T,-0.71,C,0.05247322356481835
ACA,T,0.219,A,0.058175847090326464
ACG,T,0.1,G,0.06683111114607138
GTT,V,0.587,T,0.032371452768387377
GTC,V,0.224,C,0.05504416377668331
GTA,V,-0.127,A,0.039783327462825285
GTG,V,-0.969,G,0.04286801339134134
TAT,Y,-0.665,T,0.09278990786050631
TAC,Y,0.665,C,0.09278990786050631
