codon,amino_acid,log_odds,ends_with,standard_error
GCT,A,0.194,T,0.03928328280708318
GCC,A,-0.366,C,0.06362207665418292
GCA,A,0.023,A,0.0566329979337616
GCG,A,-0.15,G,0.060914467187862635
TGT,C,0.192,T,0.05499523896217221
TGC,C,-0.192,C,0.05499523896217221
GAT,D,-0.332,T,0.059749097633125664
GAC,D,0.332,C,0.059749097633125664
GAA,E,0.543,A,0.1073834182024826
GAG,E,-0.543,G,0.1073834182024826
TTT,F,-0.048,T,0.05232886926930347
TTC,F,0.048,C,0.05232886926930346
GGT,G,-0.249,T,0.059489681970548304
GGC,G,0.079,C,0.08991705357555209
GGA,G,0.276,A,0.06826344174130813
GGG,G,0.008,G,0.09165341711986759
CAT,H,-0.111,T,0.05643730896527089
CAC,H,0.111,C,0.05643730896527089
ATA,I,-0.004,A,0.04234361670951389
ATT,I,-0.004,T,0.0422133146903914
ATC,I,0.007,C,0.03892510521238743
AAA,K,0.263,A,0.07323344043375526
AAG,K,-0.263,G,0.07323344043375526
TTA,L,0.119,A,0.058448296188144025
TTG,L,-0.221,G,0.06753183963572877
CTT,L,-0.169,T,0.049018712813492675
CTC,L,-0.118,C,0.06930993472879271
CTA,L,-0.018,A,0.07682698186239145
CTG,L,0.3,G,0.05199822287492332
AAT,N,0.347,T,0.06704923604405205
AAC,N,-0.347,C,0.06704923604405205
CCT,P,0.011,T,0.048278208082543884
CCC,P,0.112,C,0.0690332978534244
CCA,P,-0.481,A,0.055803473864991106
CCG,P,0.248,G,0.04413131384925185
CAA,Q,-0.099,A,0.1038687598634361
CAG,Q,0.099,G,0.1038687598634361
CGT,R,-0.003,T,0.05104483795409949
CGC,R,0.07,C,0.07090182199075014
CGA,R,-0.28,A,0.07027796808017879
CGG,R,0.583,G,0.08678767992384907
AGA,R,0.095,A,0.07660406085063486
AGG,R,-0.404,G,0.09482837413476418
TCT,S,-0.277,T,0.048320501994262584
TCC,S,0.214,C,0.0744583806957486
TCA,S,0.046,A,0.07000452573596204
TCG,S,0.349,G,0.10011713595899538
AGT,S,0.073,T,0.05500100355809811
AGC,S,0.075,C,0.0856057322080614
ACT,T,0.385,T,0.08580170303411763
ACC,T,-0.055,C,0.08964063186598638
ACA,T,0.215,A,0.10067274403280987
ACG,T,-0.815,G,0.11021253433943716
GTT,V,0.162,T,0.03750327816407471
GTC,V,0.019,C,0.05890686224682878
GTA,V,-0.041,A,0.054719354851675374
GTG,V,-0.25,G,0.04879167482350046
TAT,Y,-0.011,T,0.04930129734802805
TAC,Y,0.011,C,0.04930129734802805
