codon,amino_acid,log_odds,ends_with,standard_error
GCT,A,0.808,T,0.08963780129780792
GCC,A,-2.354,C,0.129462810549376
GCA,A,0.597,A,0.10914887241378839
GCG,A,0.554,G,0.09161153314397012
TGT,C,-0.778,T,0.053937535053419854
TGC,C,0.778,C,0.053937535053419854
GAT,D,-0.074,T,0.059934745651117276
GAC,D,0.074,C,0.059934745651117276
GAA,E,-0.03,A,0.06759340145931628
GAG,E,0.03,G,0.06759340145931628
TTT,F,-0.74,T,0.08881348777562068
TTC,F,0.74,C,0.08881348777562068
GGT,G,0.007,T,0.042332481691766094
GGC,G,0.056,C,0.06047449167264766
GGA,G,0.046,A,0.05333061600639372
GGG,G,-0.201,G,0.07518888023267119
CAT,H,-0.231,T,0.049389516651166664
CAC,H,0.231,C,0.049389516651166664
ATA,I,-0.02,A,0.07351564404379461
ATT,I,0.277,T,0.07679342575978539
ATC,I,-0.202,C,0.06755242921214556
AAA,K,1.543,A,0.07049672448149802
AAG,K,-1.543,G,0.07049672448149802
TTA,L,-0.346,A,0.041096752814779584
TTG,L,-0.806,G,0.05721653206646106
CTT,L,0.491,T,0.03828557471796296
CTC,L,0.595,C,0.06920258380021738
CTA,L,0.313,A,0.05577477131071418
CTG,L,-0.247,G,0.042628274273497115
AAT,N,-0.572,T,0.066347393657674
AAC,N,0.572,C,0.066347393657674
CCT,P,-0.37,T,0.048187215787917737
CCC,P,0.159,C,0.09061652185881765
CCA,P,0.017,A,0.053301894849240666
CCG,P,0.49,G,0.061315992567499394
CAA,Q,0.462,A,0.068420946326099
CAG,Q,-0.462,G,0.06842094632609899
CGT,R,-0.931,T,0.07046869523596143
CGC,R,-0.029,C,0.09133855599988877
CGA,R,0.43,A,0.08724951270914466
CGG,R,0.321,G,0.15710341536609548
AGA,R,1.432,A,0.12627965898221485
AGG,R,-0.202,G,0.1513245561100574
TCT,S,0.324,T,0.03935515610516125
TCC,S,-0.346,C,0.060364376284301385
TCA,S,-0.638,A,0.05702733260713452
TCG,S,-0.713,G,0.060641758950777835
AGT,S,0.799,T,0.045662833178435835
AGC,S,-0.328,C,0.06713236012705597
ACT,T,0.385,T,0.045646537081003725
ACC,T,-0.929,C,0.06039379013705419
ACA,T,0.419,A,0.059209328503061
ACG,T,-0.063,G,0.06234179767269332
GTT,V,1.011,T,0.04326681807106563
GTC,V,0.396,C,0.06789110479307985
GTA,V,-0.078,A,0.05939455778761356
GTG,V,-1.934,G,0.06789284641006964
TAT,Y,-0.231,T,0.10574977289247733
TAC,Y,0.231,C,0.10574977289247733
