codon,amino_acid,log_odds,ends_with,standard_error
GCT,A,0.687,T,0.10197948317163277
GCC,A,-2.07,C,0.23389066765450317
GCA,A,-0.019,A,0.1418563740612887
GCG,A,-0.282,G,0.14685700964637685
TGT,C,2.785,T,0.12479911324336543
TGC,C,-2.785,C,0.12479911324336544
GAT,D,0.36,T,0.08792621992253088
GAC,D,-0.36,C,0.08792621992253087
GAA,E,-1.045,A,0.34654277716854215
GAG,E,1.045,G,0.34654277716854215
TTT,F,0.671,T,0.041069679050378304
TTC,F,-0.671,C,0.041069679050378304
GGT,G,0.148,T,0.049768242575793355
GGC,G,-0.7,C,0.07312481597825142
GGA,G,0.097,A,0.0538921025637923
GGG,G,0.193,G,0.07651876786023791
CAT,H,0.153,T,0.090832949123758
CAC,H,-0.153,C,0.090832949123758
ATA,I,0.277,A,0.04668804344648925
ATT,I,-1.23,T,0.044384923212404885
ATC,I,0.958,C,0.042598988929785205
AAA,K,0.24,A,0.04668378726514626
AAG,K,-0.24,G,0.04668378726514626
TTA,L,1.183,A,0.06041519363145444
TTG,L,0.181,G,0.08696563953824886
CTT,L,-0.365,T,0.05938137668616127
CTC,L,-0.566,C,0.1267312612293893
CTA,L,-0.208,A,0.08765757065144732
CTG,L,-0.733,G,0.061561662290480705
AAT,N,0.794,T,0.06896606276418862
AAC,N,-0.794,C,0.06896606276418862
CCT,P,-0.628,T,0.04729397781841209
CCC,P,0.595,C,0.07760004872978815
CCA,P,0.939,A,0.056294731131386534
CCG,P,-0.276,G,0.055519985446189364
CAA,Q,0.735,A,0.07079732380130796
CAG,Q,-0.735,G,0.07079732380130796
CGT,R,0.33,T,0.055842571201618646
CGC,R,-1.255,C,0.09133208836877761
CGA,R,-0.139,A,0.07399914227844065
CGG,R,-0.915,G,0.10202086641012033
AGA,R,1.169,A,0.11108460797407714
AGG,R,0.668,G,0.1272164808697324
TCT,S,0.501,T,0.0328244582775609
TCC,S,-1.257,C,0.05306310559114494
TCA,S,0.312,A,0.05070951773727015
TCG,S,-0.399,G,0.06448136092514153
AGT,S,0.793,T,0.041639625523731086
AGC,S,-1.391,C,0.0721430617701273
ACT,T,0.931,T,0.05262628957462876
ACC,T,-1.927,C,0.08709496386448658
ACA,T,0.305,A,0.06335873559487844
ACG,T,-0.035,G,0.10678409408486063
GTT,V,0.546,T,0.04043165156144743
GTC,V,0.006,C,0.06812859207852304
GTA,V,-0.243,A,0.05290823701116736
GTG,V,-1.069,G,0.06509688112945794
TAT,Y,0.928,T,0.06746557569933254
TAC,Y,-0.928,C,0.06746557569933254
