codon,amino_acid,log_odds,ends_with,standard_error
GCT,A,0.412,T,0.06686611496311003
GCC,A,-0.554,C,0.13642625264724448
GCA,A,0.025,A,0.09058095026897581
GCG,A,-0.559,G,0.09285276371289021
TGT,C,0.09,T,0.03499199923680678
TGC,C,-0.09,C,0.03499199923680678
GAT,D,1.431,T,0.09730880048559384
GAC,D,-1.431,C,0.09730880048559384
GAA,E,0.674,A,0.04907743038663698
GAG,E,-0.674,G,0.04907743038663698
TTT,F,0.927,T,0.06899111901316062
TTC,F,-0.927,C,0.06899111901316062
GGT,G,0.314,T,0.053736636307177274
GGC,G,0.174,C,0.0892672088980618
GGA,G,-0.006,A,0.05912309060618005
GGG,G,-1.203,G,0.1062835315234062
CAT,H,-0.449,T,0.047175681141908246
CAC,H,0.449,C,0.04717568114190825
ATA,I,0.822,A,0.10663278005045201
ATT,I,-0.485,T,0.08290039720994362
ATC,I,-0.041,C,0.08998692474405967
AAA,K,1.042,A,0.07846537530560652
AAG,K,-1.042,G,0.07846537530560652
TTA,L,1.145,A,0.05578811503121466
TTG,L,-0.055,G,0.06263834925714189
CTT,L,-0.838,T,0.03633393173118784
CTC,L,-0.416,C,0.06552807818118907
CTA,L,0.673,A,0.058361817640002346
CTG,L,0.233,G,0.04172279287956412
AAT,N,0.097,T,0.06705178112941008
AAC,N,-0.097,C,0.06705178112941008
CCT,P,0.011,T,0.06986635506619111
CCC,P,-0.753,C,0.10962199042833906
CCA,P,0.674,A,0.08518952944543055
CCG,P,-0.101,G,0.07454070570023495
CAA,Q,0.617,A,0.04467900301566477
CAG,Q,-0.617,G,0.04467900301566477
CGT,R,-0.198,T,0.06698783599051646
CGC,R,0.016,C,0.1074156045354251
CGA,R,0.426,A,0.09276876837502261
CGG,R,0.279,G,0.1217335287234038
AGA,R,-0.142,A,0.11129945213207253
AGG,R,-0.333,G,0.16520348345792163
TCT,S,0.746,T,0.049129859513743594
TCC,S,-1.816,C,0.06689046475811956
TCA,S,1.103,A,0.09667483015747305
TCG,S,0.361,G,0.0974837973154857
AGT,S,0.213,T,0.07522002267786618
AGC,S,0.409,C,0.12719907942287503
ACT,T,0.359,T,0.05626717254714777
ACC,T,-1.316,C,0.07756488646606073
ACA,T,0.758,A,0.07196367071234579
ACG,T,-0.126,G,0.10154882373864962
GTT,V,0.898,T,0.05429826168832694
GTC,V,-0.06,C,0.09840250493292228
GTA,V,0.731,A,0.07286581874036932
GTG,V,-2.481,G,0.10178233418266684
TAT,Y,0.24,T,0.06325866677142228
TAC,Y,-0.24,C,0.06325866677142228
