codon,amino_acid,log_odds,ends_with,standard_error
GCT,A,0.519,T,0.042580740660257514
GCC,A,-0.234,C,0.06336536539519695
GCA,A,-0.008,A,0.05714087841614191
GCG,A,-0.567,G,0.05080929918945965
TGT,C,-0.188,T,0.05701632639837837
TGC,C,0.188,C,0.05701632639837837
GAT,D,0.514,T,0.06284282394003232
GAC,D,-0.514,C,0.06284282394003232
GAA,E,0.42,A,0.07254225735071791
GAG,E,-0.42,G,0.07254225735071791
TTT,F,0.6,T,0.040293595407128055
TTC,F,-0.6,C,0.040293595407128055
GGT,G,-0.314,T,0.05809338249147523
GGC,G,0.119,C,0.0801126980858181
GGA,G,0.757,A,0.08329627928874747
GGG,G,-0.307,G,0.08136205171486657
CAT,H,0.049,T,0.06334697703434236
CAC,H,-0.049,C,0.06334697703434236
ATA,I,0.338,A,0.28798828526425785
ATT,I,0.118,T,0.24259032406536044
ATC,I,-0.39,C,0.2519728168402112
AAA,K,0.755,A,0.04582994355107448
AAG,K,-0.755,G,0.04582994355107448
TTA,L,0.162,A,0.06036962817810372
TTG,L,-0.03,G,0.07951587902773338
CTT,L,0.017,T,0.04301131928637622
CTC,L,-1.184,C,0.06926801453916573
CTA,L,0.601,A,0.07008140365344598
CTG,L,0.21,G,0.04143529513030494
AAT,N,0.165,T,0.24900125021057207
AAC,N,-0.165,C,0.24900125021057207
CCT,P,-1.037,T,0.055768355421949245
CCC,P,0.185,C,0.08832047446234682
CCA,P,0.962,A,0.08286750699385084
CCG,P,0.791,G,0.06384068624794773
CAA,Q,0.609,A,0.06284770028762182
CAG,Q,-0.609,G,0.06284770028762182
CGT,R,0.257,T,0.042759802033153986
CGC,R,-0.351,C,0.05192173628495696
CGA,R,-0.175,A,0.05731824283332066
CGG,R,-0.286,G,0.09257336067715811
AGA,R,0.304,A,0.06787568699736865
AGG,R,0.138,G,0.10204681661358347
TCT,S,0.436,T,0.0436484233076651
TCC,S,0.118,C,0.07036728486764415
TCA,S,-0.065,A,0.06030639253730041
TCG,S,-0.373,G,0.08197036265481959
AGT,S,-0.631,T,0.045007622238095575
AGC,S,1.032,C,0.09168376789206299
ACT,T,0.543,T,0.06669933440480828
ACC,T,-1.468,C,0.08322126525962348
ACA,T,0.693,A,0.08486640676311104
ACG,T,0.466,G,0.09236126473106271
GTT,V,0.511,T,0.053551579289331956
GTC,V,0.339,C,0.09651427117822882
GTA,V,0.026,A,0.07807648143187229
GTG,V,-1.037,G,0.07158537109319238
TAT,Y,-0.365,T,0.046314006140347204
TAC,Y,0.365,C,0.0463140061403472
