codon,amino_acid,log_odds,ends_with,standard_error
GCT,A,-0.16,T,0.05616905747031084
GCC,A,-1.902,C,0.15284007818468512
GCA,A,0.313,A,0.06484583492712585
GCG,A,0.962,G,0.08292641279496575
TGT,C,0.092,T,0.083935247623117
TGC,C,-0.092,C,0.083935247623117
GAT,D,1.06,T,0.07606861023483726
GAC,D,-1.06,C,0.07606861023483727
GAA,E,1.865,A,0.05511191030076859
GAG,E,-1.865,G,0.05511191030076859
TTT,F,-0.202,T,0.07925088872563507
TTC,F,0.202,C,0.07925088872563507
GGT,G,0.34,T,0.040794585740768795
GGC,G,0.405,C,0.06301971329927708
GGA,G,-0.48,A,0.0464213157271776
GGG,G,-0.349,G,0.06428074972118104
CAT,H,-0.649,T,0.07785522705015466
CAC,H,0.649,C,0.07785522705015466
ATA,I,0.22,A,0.056535727573075074
ATT,I,0.36,T,0.052653230267136926
ATC,I,-0.554,C,0.051625018203739846
AAA,K,0.778,A,0.07072419131523794
AAG,K,-0.778,G,0.07072419131523794
TTA,L,1.231,A,0.053986042821325214
TTG,L,-0.974,G,0.08506268788298545
CTT,L,0.188,T,0.051104219148445484
CTC,L,-2.117,C,0.12197289823984837
CTA,L,0.443,A,0.07061109500689693
CTG,L,-1.348,G,0.08872662517689267
AAT,N,1.383,T,0.074820582109603
AAC,N,-1.383,C,0.074820582109603
CCT,P,-0.287,T,0.10886179860274685
CCC,P,0.329,C,0.18063994575690154
CCA,P,1.069,A,0.14383043245982816
CCG,P,-0.745,G,0.16378696321471833
CAA,Q,0.241,A,0.06971258046082181
CAG,Q,-0.241,G,0.06971258046082181
CGT,R,0.485,T,0.0502273479039046
CGC,R,-1.117,C,0.06765673180659161
CGA,R,-0.082,A,0.06652467998152194
CGG,R,0.071,G,0.10301003827470608
AGA,R,0.822,A,0.10270499627990133
AGG,R,0.122,G,0.1301122426114093
TCT,S,-0.295,T,0.03347841216077302
TCC,S,-1.013,C,0.05290168651048886
TCA,S,0.533,A,0.05721421675217965
TCG,S,0.229,G,0.07147590132997936
AGT,S,0.852,T,0.04590772486033193
AGC,S,0.268,C,0.09018863786376585
ACT,T,1.216,T,0.06673622052382301
ACC,T,-1.882,C,0.07060057445489962
ACA,T,1.245,A,0.08601615813768232
ACG,T,0.006,G,0.09895812891579768
GTT,V,0.23,T,0.042422639921080044
GTC,V,-0.386,C,0.08084214249878433
GTA,V,0.167,A,0.04901165684611129
GTG,V,-0.866,G,0.08237928486953239
TAT,Y,0.586,T,0.0353812216365941
TAC,Y,-0.586,C,0.0353812216365941
