codon,amino_acid,log_odds,ends_with,standard_error
GCT,A,0.227,T,0.10333860817909374
GCC,A,0.739,C,0.19848327839711005
GCA,A,-0.504,A,0.11298314895052532
GCG,A,-0.145,G,0.13692786101223506
TGT,C,-0.151,T,0.05251972037682557
TGC,C,0.151,C,0.05251972037682556
GAT,D,-0.331,T,0.04030073938797267
GAC,D,0.331,C,0.04030073938797267
GAA,E,0.133,A,0.09415216586297233
GAG,E,-0.133,G,0.09415216586297231
TTT,F,-0.292,T,0.07352994979010395
TTC,F,0.292,C,0.07352994979010395
GGT,G,0.736,T,0.06166535417512506
GGC,G,-0.094,C,0.1048262875602597
GGA,G,-0.507,A,0.06790055353794512
GGG,G,-0.84,G,0.10715136212726989
CAT,H,-0.27,T,0.057977698513891056
CAC,H,0.27,C,0.057977698513891056
ATA,I,0.225,A,0.05267859302724956
ATT,I,0.172,T,0.05785428605030772
ATC,I,-0.364,C,0.052654293052004864
AAA,K,0.215,A,0.06844265643279503
AAG,K,-0.215,G,0.06844265643279503
TTA,L,0.703,A,0.04246339118787568
TTG,L,-0.229,G,0.05559896705668662
CTT,L,0.059,T,0.04277657473102403
CTC,L,-1.23,C,0.07215059552645248
CTA,L,0.555,A,0.060024221097271215
CTG,L,-0.518,G,0.047933735107601745
AAT,N,1.205,T,0.06770072035124612
AAC,N,-1.205,C,0.06770072035124612
CCT,P,0.754,T,0.0882946679232733
CCC,P,-0.25,C,0.11759354243038435
CCA,P,0.794,A,0.1106935989603945
CCG,P,-1.298,G,0.09258904705666468
CAA,Q,0.127,A,0.038485248674572474
CAG,Q,-0.127,G,0.038485248674572474
CGT,R,-0.063,T,0.0668886487234117
CGC,R,0.463,C,0.09114692099734756
CGA,R,0.283,A,0.09322324917117777
CGG,R,-1.044,G,0.13214588165837318
AGA,R,0.775,A,0.0930701722910843
AGG,R,-1.512,G,0.1532975568701382
TCT,S,0.173,T,0.03990437176873388
TCC,S,-0.73,C,0.04958782962933063
TCA,S,0.329,A,0.0646596516582295
TCG,S,0.029,G,0.07545012966327705
AGT,S,0.228,T,0.05044386063342676
AGC,S,0.069,C,0.07995752015835815
ACT,T,-0.304,T,0.06247705568800365
ACC,T,-0.967,C,0.09032437239060147
ACA,T,0.795,A,0.07064725996084242
ACG,T,0.469,G,0.09407369680877121
GTT,V,0.494,T,0.03473976469705071
GTC,V,0.429,C,0.06674699118835101
GTA,V,0.12,A,0.043918989513134686
GTG,V,-1.219,G,0.04974281064792402
TAT,Y,-0.934,T,0.09088086898765792
TAC,Y,0.934,C,0.09088086898765792
