codon,null
GCT,0.09089310344827585
GCC,0.1127706896551724
GCA,0.0928913793103448
GCG,0.10750689655172414
TGT,0.09706206896551724
TGC,0.10679310344827586
GAT,0.09978793103448276
GAC,0.10406724137931034
GAA,0.10313103448275862
GAG,0.10072413793103449
TTT,0.09777931034482759
TTC,0.10607586206896552
GGT,0.1024448275862069
GGC,0.11275172413793104
GGA,0.08466034482758623
GGG,0.09885517241379312
CAT,0.10799827586206898
CAC,0.09585689655172416
ATA,0.07608103448275863
ATT,0.09906379310344829
ATC,0.11824655172413792
AAA,0.10063448275862069
AAG,0.10322068965517242
TTA,0.08765
TTG,0.10027068965517244
CTT,0.10274310344827588
CTC,0.11983793103448279
CTA,0.07398965517241382
CTG,0.11273275862068967
AAT,0.08472241379310348
AAC,0.11913275862068967
CCT,0.10414655172413792
CCC,0.08676896551724139
CCA,0.09571206896551723
CCG,0.11343793103448276
CAA,0.07439137931034483
CAG,0.1294637931034483
CGT,0.09890517241379311
CGC,0.12113793103448277
CGA,0.08945517241379311
CGG,0.11126034482758622
AGA,0.0828793103448276
AGG,0.06040344827586209
TCT,0.1024844827586207
TCC,0.1081
TCA,0.08507758620689655
TCG,0.11397241379310344
AGT,0.09272068965517241
AGC,0.11007241379310345
ACT,0.10632413793103448
ACC,0.11102068965517242
ACA,0.07588448275862071
ACG,0.10947241379310343
GTT,0.09618793103448274
GTC,0.10990689655172411
GTA,0.08366724137931032
GTG,0.11471551724137928
TAT,0.10579999999999998
TAC,0.09805517241379308
