codon,amino_acid,log_odds,ends_with,standard_error
GCT,A,-0.161,T,0.0563741516225451
GCC,A,-1.894,C,0.15287880624563172
GCA,A,0.315,A,0.06511619326100236
GCG,A,0.964,G,0.08323098877244434
TGT,C,0.101,T,0.08415483795375728
TGC,C,-0.101,C,0.08415483795375728
GAT,D,1.056,T,0.07626848478227434
GAC,D,-1.056,C,0.07626848478227434
GAA,E,1.872,A,0.05524736010192921
GAG,E,-1.872,G,0.05524736010192921
TTT,F,-0.203,T,0.07953115071756285
TTC,F,0.203,C,0.07953115071756285
GGT,G,0.347,T,0.04092129817017191
GGC,G,0.404,C,0.06322476568646833
GGA,G,-0.486,A,0.04656019341762741
GGG,G,-0.354,G,0.06454598052093759
CAT,H,-0.656,T,0.078120081655836
CAC,H,0.656,C,0.07812008165583599
ATA,I,0.213,A,0.0566444692536563
ATT,I,0.361,T,0.05281785490375752
ATC,I,-0.549,C,0.051804436498500105
AAA,K,0.782,A,0.07091534703564041
AAG,K,-0.782,G,0.07091534703564041
TTA,L,1.23,A,0.054174684724700245
TTG,L,-0.972,G,0.08527938980547894
CTT,L,0.194,T,0.05126048623023083
CTC,L,-2.13,C,0.122651440204321
CTA,L,0.443,A,0.07080081231589237
CTG,L,-1.342,G,0.08878857545068933
AAT,N,1.398,T,0.07533726478297087
AAC,N,-1.398,C,0.07533726478297087
CCT,P,-0.296,T,0.10930610236114044
CCC,P,0.34,C,0.18094962467026493
CCA,P,1.068,A,0.14445165795115744
CCG,P,-0.731,G,0.16399269779410763
CAA,Q,0.238,A,0.06994938525244007
CAG,Q,-0.238,G,0.06994938525244007
CGT,R,0.483,T,0.05036115563238167
CGC,R,-1.116,C,0.06772575336164935
CGA,R,-0.088,A,0.06668556684379445
CGG,R,0.073,G,0.10315166312571476
AGA,R,0.84,A,0.10338164051962744
AGG,R,0.137,G,0.13068508989091296
TCT,S,-0.295,T,0.033571777978760625
TCC,S,-1.012,C,0.05299366409123385
TCA,S,0.53,A,0.05733152973727645
TCG,S,0.227,G,0.07172167095702554
AGT,S,0.854,T,0.04606456780626569
AGC,S,0.28,C,0.09057528672699919
ACT,T,1.228,T,0.06692293725892927
ACC,T,-1.876,C,0.07078685369413715
ACA,T,1.227,A,0.08629966081474999
ACG,T,-0.005,G,0.09941985939240935
GTT,V,0.229,T,0.04252071502914643
GTC,V,-0.386,C,0.08101526906704808
GTA,V,0.168,A,0.04913656674459815
GTG,V,-0.861,G,0.08247234816846857
TAT,Y,0.587,T,0.035470811830714
TAC,Y,-0.587,C,0.035470811830714
