codon,amino_acid,log_odds,ends_with,standard_error
GCT,A,0.241,T,0.10359392483130324
GCC,A,0.728,C,0.1986053951746433
GCA,A,-0.509,A,0.11310525309963186
GCG,A,-0.154,G,0.13707229156006837
TGT,C,-0.15,T,0.052675558025167324
TGC,C,0.15,C,0.05267555802516733
GAT,D,-0.327,T,0.04039470164240781
GAC,D,0.327,C,0.04039470164240781
GAA,E,0.14,A,0.09425667348876177
GAG,E,-0.14,G,0.09425667348876177
TTT,F,-0.293,T,0.07376309094417124
TTC,F,0.293,C,0.07376309094417124
GGT,G,0.739,T,0.06182176023492301
GGC,G,-0.086,C,0.10509701278754738
GGA,G,-0.511,A,0.06812041288302897
GGG,G,-0.844,G,0.10717758555429276
CAT,H,-0.265,T,0.058134009262192275
CAC,H,0.265,C,0.058134009262192275
ATA,I,0.221,A,0.052817257060038814
ATT,I,0.174,T,0.058002752594466925
ATC,I,-0.361,C,0.052790695666652156
AAA,K,0.211,A,0.0686455078184589
AAG,K,-0.211,G,0.0686455078184589
TTA,L,0.704,A,0.04260880766659204
TTG,L,-0.231,G,0.05582274550354615
CTT,L,0.056,T,0.042911923439482975
CTC,L,-1.231,C,0.0724117555242068
CTA,L,0.563,A,0.060235060519765314
CTG,L,-0.518,G,0.048057781963034646
AAT,N,1.206,T,0.06799587588504186
AAC,N,-1.206,C,0.06799587588504187
CCT,P,0.751,T,0.08862430790433264
CCC,P,-0.257,C,0.11807524036107869
CCA,P,0.783,A,0.1108512382348062
CCG,P,-1.284,G,0.09283149095277649
CAA,Q,0.127,A,0.03859703579091251
CAG,Q,-0.127,G,0.03859703579091251
CGT,R,-0.062,T,0.06706963602044434
CGC,R,0.452,C,0.0913702051674202
CGA,R,0.297,A,0.09348060998036203
CGG,R,-1.031,G,0.13232322394705046
AGA,R,0.765,A,0.0932558850351165
AGG,R,-1.524,G,0.15457593859004048
TCT,S,0.172,T,0.039999397349192944
TCC,S,-0.732,C,0.049683702959783194
TCA,S,0.33,A,0.06480841736242135
TCG,S,0.031,G,0.07565596538633408
AGT,S,0.228,T,0.050546196329078315
AGC,S,0.074,C,0.0801714796368516
ACT,T,-0.294,T,0.06265426170657587
ACC,T,-0.981,C,0.09102550503139463
ACA,T,0.791,A,0.07089189101134302
ACG,T,0.467,G,0.09441843915563769
GTT,V,0.497,T,0.034844136859931235
GTC,V,0.428,C,0.06693766611093763
GTA,V,0.118,A,0.04405315482807928
GTG,V,-1.223,G,0.04994000033415629
TAT,Y,-0.952,T,0.09137560358528533
TAC,Y,0.952,C,0.09137560358528533
