codon,amino_acid,log_odds,ends_with,standard_error
GCT,A,0.31,T,0.04858832657646384
GCC,A,-0.362,C,0.07986781406231812
GCA,A,-0.525,A,0.0609742963213292
GCG,A,0.348,G,0.07523726245705427
TGT,C,-0.124,T,0.060297907763931936
TGC,C,0.124,C,0.060297907763931936
GAT,D,-0.229,T,0.10496251769690673
GAC,D,0.229,C,0.10496251769690673
GAA,E,0.169,A,0.10929347801500783
GAG,E,-0.169,G,0.10929347801500783
TTT,F,0.501,T,0.06548296747638573
TTC,F,-0.501,C,0.06548296747638573
GGT,G,0.148,T,0.053076027521374476
GGC,G,-0.38,C,0.06752347907648686
GGA,G,0.181,A,0.06132454906732409
GGG,G,-0.112,G,0.07611877381539416
CAT,H,-0.228,T,0.04266605982807354
CAC,H,0.228,C,0.04266605982807354
ATA,I,0.977,A,0.08881115063488536
ATT,I,-0.433,T,0.0624565444830468
ATC,I,-0.133,C,0.06394836468162639
AAA,K,0.941,A,0.07311757177906683
AAG,K,-0.941,G,0.07311757177906683
TTA,L,1.734,A,0.11024076669169891
TTG,L,0.193,G,0.15518197378395027
CTT,L,-0.669,T,0.06463600473163553
CTC,L,0.107,C,0.11140879320305698
CTA,L,0.236,A,0.11766544168381972
CTG,L,-0.458,G,0.07787243115690239
AAT,N,-0.308,T,0.26011021061954676
AAC,N,0.308,C,0.26011021061954676
CCT,P,-1.53,T,0.07786095720637992
CCC,P,0.276,C,0.11080129900646768
CCA,P,1.102,A,0.07068427527996599
CCG,P,0.565,G,0.07702044059503992
CAA,Q,0.437,A,0.08817652411529922
CAG,Q,-0.437,G,0.08817652411529922
CGT,R,0.176,T,0.043496703011457596
CGC,R,-0.038,C,0.06213706113317012
CGA,R,0.069,A,0.058304034618252905
CGG,R,-0.557,G,0.07264982695703495
AGA,R,0.56,A,0.07859310158472721
AGG,R,-0.564,G,0.08026684927675938
TCT,S,0.283,T,0.027951619780894863
TCC,S,-0.53,C,0.03508501576133344
TCA,S,0.289,A,0.04434695731172486
TCG,S,0.026,G,0.05101054327538184
AGT,S,-0.013,T,0.03482389158063338
AGC,S,-0.223,C,0.0581541289326321
ACT,T,0.383,T,0.04483685814380592
ACC,T,-0.72,C,0.05270259625131753
ACA,T,0.222,A,0.05833623954105392
ACG,T,0.107,G,0.06691842014486309
GTT,V,0.594,T,0.032465773302580506
GTC,V,0.227,C,0.05517592077540733
GTA,V,-0.135,A,0.039875580815135384
GTG,V,-0.973,G,0.042984664531936424
TAT,Y,-0.666,T,0.09309868344514237
TAC,Y,0.666,C,0.09309868344514237
