codon,amino_acid,log_odds,ends_with,standard_error
GCT,A,0.213,T,0.05461868479732004
GCC,A,-0.125,C,0.08490970115749277
GCA,A,-0.068,A,0.06880292667379363
GCG,A,-0.196,G,0.06991858205834653
TGT,C,-0.126,T,0.03851484566338086
TGC,C,0.126,C,0.03851484566338086
GAT,D,-0.127,T,0.04710863180360133
GAC,D,0.127,C,0.04710863180360133
GAA,E,0.233,A,0.06393173339256897
GAG,E,-0.233,G,0.06393173339256897
TTT,F,0.223,T,0.06069241332687973
TTC,F,-0.223,C,0.06069241332687973
GGT,G,0.757,T,0.07099149676555253
GGC,G,-0.432,C,0.0869753159259301
GGA,G,-0.06,A,0.08199353301131132
GGG,G,-0.931,G,0.11690687478863426
CAT,H,-0.22,T,0.061021097920761005
CAC,H,0.22,C,0.061021097920761005
ATA,I,-0.026,A,0.08354545687487439
ATT,I,0.272,T,0.07990189281836173
ATC,I,-0.259,C,0.08160336507333686
AAA,K,0.594,A,0.051815306045992764
AAG,K,-0.594,G,0.051815306045992764
TTA,L,0.028,A,0.06612453574289519
TTG,L,0.355,G,0.10885869826451922
CTT,L,0.044,T,0.05997748930933239
CTC,L,-0.694,C,0.10650993075732892
CTA,L,0.174,A,0.09905099353743055
CTG,L,-0.005,G,0.06540307904736134
AAT,N,0.237,T,0.13337449570935803
AAC,N,-0.237,C,0.13337449570935803
CCT,P,-0.476,T,0.13264259403445683
CCC,P,0.727,C,0.19219008608850438
CCA,P,0.025,A,0.17408014073828307
CCG,P,0.16,G,0.149710485562369
CAA,Q,0.079,A,0.0807373520763356
CAG,Q,-0.079,G,0.0807373520763356
CGT,R,-0.363,T,0.04170216934475907
CGC,R,0.137,C,0.06295563046572301
CGA,R,-0.129,A,0.052566056522703346
CGG,R,0.208,G,0.07218088432026305
AGA,R,0.434,A,0.057034365448645014
AGG,R,0.161,G,0.06393931489119052
TCT,S,-0.315,T,0.032902040248437105
TCC,S,-0.446,C,0.047703613846273106
TCA,S,0.298,A,0.05293113535565472
TCG,S,0.178,G,0.06936010212555072
AGT,S,0.253,T,0.0405967005503844
AGC,S,0.737,C,0.0639399979826022
ACT,T,0.257,T,0.06357432286137824
ACC,T,0.139,C,0.07712395388168478
ACA,T,0.235,A,0.07482181394631178
ACG,T,-0.686,G,0.07367399558098549
GTT,V,0.154,T,0.03444997654348885
GTC,V,-0.098,C,0.057254978834216784
GTA,V,0.22,A,0.044861880318068856
GTG,V,-0.459,G,0.047049461249801014
TAT,Y,-0.167,T,0.05846184746077202
TAC,Y,0.167,C,0.058461847460772015
