codon,amino_acid,log_odds,ends_with,standard_error
GCT,A,0.141,T,0.06716298614272959
GCC,A,0.416,C,0.1241832967669945
GCA,A,-0.522,A,0.08062682058321971
GCG,A,0.227,G,0.1157662728960191
TGT,C,0.239,T,0.04703294477562286
TGC,C,-0.239,C,0.04703294477562286
GAT,D,0.214,T,0.058361824113004626
GAC,D,-0.214,C,0.058361824113004626
GAA,E,0.007,A,0.05930057716705829
GAG,E,-0.007,G,0.05930057716705829
TTT,F,0.042,T,0.0491149259843599
TTC,F,-0.042,C,0.0491149259843599
GGT,G,-0.681,T,0.055550240745398174
GGC,G,0.264,C,0.08165342822663162
GGA,G,0.618,A,0.0629314105057521
GGG,G,0.185,G,0.0951646725123976
CAT,H,-0.582,T,0.05579655705541055
CAC,H,0.582,C,0.05579655705541055
ATA,I,0.559,A,0.05956755477818837
ATT,I,0.511,T,0.06259829380770782
ATC,I,-0.825,C,0.05375825902750871
AAA,K,0.41,A,0.10737863515388907
AAG,K,-0.41,G,0.10737863515388907
TTA,L,0.23,A,0.04443563162418017
TTG,L,0.221,G,0.07955253658818007
CTT,L,-0.287,T,0.04306217737267142
CTC,L,0.054,C,0.0876827686074929
CTA,L,0.021,A,0.06664795642894017
CTG,L,-0.015,G,0.06218046197887448
AAT,N,0.123,T,0.06225549779946782
AAC,N,-0.123,C,0.06225549779946782
CCT,P,-0.861,T,0.05103263728873969
CCC,P,0.556,C,0.07446248391621578
CCA,P,0.526,A,0.06514430100543435
CCG,P,0.451,G,0.06265272780173876
CAA,Q,-0.101,A,0.10726207154526139
CAG,Q,0.101,G,0.10726207154526139
CGT,R,0.121,T,0.29823687442320085
CGC,R,-0.206,C,0.3288963919817209
CGA,R,0.119,A,0.3655197791366512
CGG,R,-0.516,G,0.5654747537963584
AGA,R,-0.111,A,0.3817968489253535
AGG,R,0.438,G,0.4516306558672546
TCT,S,0.11,T,0.036818020845684155
TCC,S,-0.657,C,0.05932897807748524
TCA,S,0.249,A,0.06684071034113452
TCG,S,-0.051,G,0.07532006336325164
AGT,S,0.255,T,0.04646896034985556
AGC,S,-0.386,C,0.07348408565518232
ACT,T,0.228,T,0.044856753506664696
ACC,T,-0.468,C,0.052413295558209894
ACA,T,0.363,A,0.0624550932210672
ACG,T,-0.221,G,0.0721913480642344
GTT,V,1.031,T,0.04556583975758215
GTC,V,0.901,C,0.08138412497267056
GTA,V,-0.483,A,0.053378580284430224
GTG,V,-1.766,G,0.06300768482576861
TAT,Y,0.399,T,0.04832629791089464
TAC,Y,-0.399,C,0.048326297910894635
