codon,amino_acid,log_odds,ends_with,standard_error
GCT,A,0.684,T,0.10229701941306538
GCC,A,-2.061,C,0.23392390808947322
GCA,A,-0.023,A,0.14220674757972085
GCG,A,-0.268,G,0.14753766734977733
TGT,C,2.786,T,0.12484026654779803
TGC,C,-2.786,C,0.12484026654779803
GAT,D,0.362,T,0.0881464082479877
GAC,D,-0.362,C,0.0881464082479877
GAA,E,-1.045,A,0.34654277716854215
GAG,E,1.045,G,0.34654277716854215
TTT,F,0.675,T,0.04121824675731917
TTC,F,-0.675,C,0.04121824675731917
GGT,G,0.146,T,0.04990040504242732
GGC,G,-0.696,C,0.073297643658866
GGA,G,0.097,A,0.05400618779047026
GGG,G,0.194,G,0.07664269755651452
CAT,H,0.164,T,0.09117618642388252
CAC,H,-0.164,C,0.09117618642388252
ATA,I,0.274,A,0.04677443168567459
ATT,I,-1.23,T,0.04447439085014902
ATC,I,0.962,C,0.04270157848841446
AAA,K,0.241,A,0.04678075928911705
AAG,K,-0.241,G,0.04678075928911705
TTA,L,1.186,A,0.060543165437029825
TTG,L,0.183,G,0.08698862705599045
CTT,L,-0.372,T,0.05957523307308378
CTC,L,-0.56,C,0.12685138514543373
CTA,L,-0.214,A,0.08805760916052863
CTG,L,-0.73,G,0.06174113404429476
AAT,N,0.796,T,0.0692077358868907
AAC,N,-0.796,C,0.06920773588689072
CCT,P,-0.629,T,0.04742442299747278
CCC,P,0.596,C,0.07790979875635565
CCA,P,0.944,A,0.056451197037730515
CCG,P,-0.278,G,0.055642376076398374
CAA,Q,0.741,A,0.07101932219935927
CAG,Q,-0.741,G,0.07101932219935927
CGT,R,0.324,T,0.056056088213979456
CGC,R,-1.259,C,0.09174517322730191
CGA,R,-0.139,A,0.074432274744275
CGG,R,-0.905,G,0.10227797480662594
AGA,R,1.17,A,0.11157676959597136
AGG,R,0.69,G,0.12830055893542675
TCT,S,0.508,T,0.032908586584739156
TCC,S,-1.263,C,0.05324989736960526
TCA,S,0.302,A,0.05090204709867211
TCG,S,-0.402,G,0.06469199833958676
AGT,S,0.796,T,0.041769571338774195
AGC,S,-1.392,C,0.07242669796066642
ACT,T,0.93,T,0.05278851774384704
ACC,T,-1.923,C,0.08713522659378217
ACA,T,0.307,A,0.06359699733988819
ACG,T,-0.029,G,0.10685842394218284
GTT,V,0.545,T,0.04055473225063758
GTC,V,0.014,C,0.06852466420873453
GTA,V,-0.243,A,0.05302584696598268
GTG,V,-1.076,G,0.0653521290279236
TAT,Y,0.929,T,0.06762520293180213
TAC,Y,-0.929,C,0.06762520293180213
