codon,null
GCT,-0.025087931034482754
GCC,-0.011096551724137928
GCA,-0.01910172413793103
GCG,-0.01872586206896551
TGT,-0.020632758620689653
TGC,-0.019729310344827583
GAT,-0.020563793103448275
GAC,-0.019798275862068962
GAA,-0.031446551724137926
GAG,-0.008915517241379303
TTT,-0.02449482758620689
TTC,-0.01586724137931034
GGT,-0.021798275862068957
GGC,-0.019165517241379305
GGA,-0.02109310344827586
GGG,-0.01562931034482758
CAT,-0.016625862068965512
CAC,-0.023736206896551724
ATA,-0.024162068965517244
ATT,-0.018263793103448278
ATC,-0.01863620689655173
AAA,-0.031934482758620694
AAG,-0.008427586206896555
TTA,-0.027910344827586215
TTG,-0.016417241379310353
CTT,-0.017703448275862076
CTC,-0.011581034482758623
CTA,-0.026013793103448278
CTG,-0.018243103448275864
AAT,-0.027925862068965517
AAC,-0.012436206896551725
CCT,-0.010041379310344828
CCC,-0.0239
CCA,-0.028393103448275864
CCG,-0.02453793103448276
CAA,-0.026024137931034485
CAG,-0.01433793103448276
CGT,-0.02022758620689655
CGC,-0.015294827586206901
CGA,-0.020244827586206902
CGG,-0.017727586206896552
AGA,-0.029286206896551724
AGG,-0.01817586206896552
TCT,-0.023101724137931035
TCC,-0.008039655172413791
TCA,-0.02323965517241379
TCG,-0.017989655172413792
AGT,-0.025144827586206894
AGC,-0.018327586206896552
ACT,-0.027417241379310345
ACC,-0.0040275862068965525
ACA,-0.0284103448275862
ACG,-0.019310344827586205
GTT,-0.029425862068965514
GTC,-0.022999999999999996
GTA,-0.0204948275862069
GTG,-0.0008534482758620668
TAT,-0.021184482758620688
TAC,-0.01917758620689655
