codon,amino_acid,Abiotrophia,third_nucl,standard_error
ATA,I,0.736,A,0.15404723878223073
ATC,I,-0.376,C,0.08436049032027411
ATT,I,0.124,T,0.08017664224600508
ACA,T,1.034,A,0.10808483758496679
ACC,T,-0.495,C,0.09156613992196604
ACG,T,-0.189,G,0.12332172234444372
ACT,T,-0.249,T,0.09943171305037028
AAC,N,-0.36,C,0.10212982613501889
AAT,N,0.36,T,0.10212982613501889
AAA,K,1.17,A,0.08120601080117865
AAG,K,-1.17,G,0.08120601080117865
AGC,S,-0.285,C,0.10554422302833269
AGT,S,0.338,T,0.10254006780318052
TCA,S,0.529,A,0.11044480297817767
TCC,S,-0.309,C,0.12763691210099168
TCG,S,-0.291,G,0.16552604784727706
TCT,S,-0.255,T,0.11173572091079219
AGA,R,1.456,A,0.17418549607074096
AGG,R,0.18,G,0.32947353458386003
CGA,R,0.247,A,0.14121655101369118
CGC,R,-0.308,C,0.10441300703718712
CGG,R,-0.551,G,0.13828739154716896
CGT,R,-0.163,T,0.09476724157800498
CTA,L,-0.24,A,0.08519548739311923
CTC,L,-0.469,C,0.08403190492000032
CTG,L,-0.608,G,0.09988998868888316
CTT,L,0.32,T,0.09717132194596015
TTA,L,0.98,A,0.07009847243203937
TTG,L,-0.473,G,0.07719437592094949
CCA,P,0.213,A,0.11445339142527655
CCC,P,0.348,C,0.15272053668266158
CCG,P,-0.278,G,0.1796520912583695
CCT,P,-0.337,T,0.1248159045731026
CAC,H,-0.205,C,0.14545751224539202
CAT,H,0.205,T,0.14545751224539202
CAA,Q,0.535,A,0.10126872154801266
CAG,Q,-0.535,G,0.10126872154801266
GTA,V,0.515,A,0.09239442588584218
GTC,V,-0.287,C,0.08552885094369893
GTG,V,-0.172,G,0.09255824779879263
GTT,V,-0.008,T,0.09065820388756982
GCA,A,0.814,A,0.0890358071334305
GCC,A,-0.204,C,0.07891279647801769
GCG,A,-0.191,G,0.11581470628836356
GCT,A,-0.428,T,0.08862996062477858
GAC,D,-0.391,C,0.09724240084764056
GAT,D,0.391,T,0.09724240084764055
GAA,E,0.619,A,0.09524479885863488
GAG,E,-0.619,G,0.09524479885863488
GGA,G,1.019,A,0.12557817302586644
GGC,G,-0.306,C,0.0990745149972454
GGG,G,-0.517,G,0.11741471833448752
GGT,G,0.08,T,0.10237744592854829
TTC,F,-1.041,C,0.10509727043204913
TTT,F,1.041,T,0.10509727043204913
TAC,Y,-0.285,C,0.11347319980790689
TAT,Y,0.285,T,0.11347319980790689
TGC,C,-1.121,C,0.25872547773279514
TGT,C,1.121,T,0.2587254777327951
