codon,amino_acid,Abyssogena,third_nucl,standard_error
ATA,I,0.524,A,0.08794076897148173
ATC,I,-0.127,C,0.09491321625709498
ATT,I,-0.285,T,0.07136541154036075
ACA,T,0.412,A,0.08617718691538774
ACC,T,0.004,C,0.10095700302241731
ACG,T,-0.335,G,0.1343157119591748
ACT,T,-0.287,T,0.08775838908214943
AAC,N,0.291,C,0.08895605778882644
AAT,N,-0.291,T,0.08895605778882645
AAA,K,0.364,A,0.08534786713568124
AAG,K,-0.364,G,0.08534786713568124
AGC,S,0.133,C,0.10581820784845407
AGT,S,0.056,T,0.085842970058193
TCA,S,0.034,A,0.08541223530258255
TCC,S,0.275,C,0.16883142243417545
TCG,S,0.048,G,0.18237893034003103
TCT,S,-0.314,T,0.09471244222261152
AGA,R,0.746,A,0.11224317044865638
AGG,R,0.128,G,0.16915767486321526
CGA,R,-0.014,A,0.1761059935136351
CGC,R,-0.454,C,0.1435410264438289
CGG,R,-0.663,G,0.35307028448445654
CGT,R,-0.563,T,0.12704976342178587
CTA,L,0.044,A,0.08778800597142603
CTC,L,0.494,C,0.16954871542942837
CTG,L,-0.217,G,0.12358068506937829
CTT,L,-0.352,T,0.08550536972502769
TTA,L,0.116,A,0.0619347714180282
TTG,L,0.046,G,0.07353227644610143
CCA,P,-0.038,A,0.12067908617061869
CCC,P,0.308,C,0.1758771677856342
CCG,P,0.128,G,0.20261619372185943
CCT,P,-0.16,T,0.12402952937209505
CAC,H,0.082,C,0.14566705469978994
CAT,H,-0.082,T,0.1456670546997899
CAA,Q,0.064,A,0.1292375309814505
CAG,Q,-0.064,G,0.1292375309814505
GTA,V,0.149,A,0.09450497563845446
GTC,V,-0.038,C,0.12570478483356257
GTG,V,0.139,G,0.08829782076602323
GTT,V,-0.2,T,0.07899049263066729
GCA,A,0.23,A,0.08271863701689249
GCC,A,0.088,C,0.10551787645143229
GCG,A,-0.333,G,0.13710333557762666
GCT,A,-0.175,T,0.08703200937835626
GAC,D,0.013,C,0.09938349158647285
GAT,D,-0.013,T,0.09938349158647285
GAA,E,0.469,A,0.10279523963958657
GAG,E,-0.469,G,0.10279523963958657
GGA,G,0.7,A,0.12786174985687543
GGC,G,-0.088,C,0.09356076742808596
GGG,G,0.128,G,0.14460598969105024
GGT,G,-0.308,T,0.08985480837350095
TTC,F,0.284,C,0.14398287742336163
TTT,F,-0.284,T,0.14398287742336163
TAC,Y,0.136,C,0.13488826083613736
TAT,Y,-0.136,T,0.13488826083613736
TGC,C,0.411,C,0.20665679676483253
TGT,C,-0.411,T,0.20665679676483253
