codon,amino_acid,Abyssicoccus,third_nucl,standard_error
ATA,I,0.444,A,0.08075825251909372
ATC,I,-0.21,C,0.0865537217964982
ATT,I,-0.195,T,0.06819768478339588
ACA,T,0.254,A,0.08969016208324526
ACC,T,-0.041,C,0.183386958454351
ACG,T,-0.41,G,0.10794080007864525
ACT,T,0.056,T,0.10515706245796112
AAC,N,-0.118,C,0.09957117590347384
AAT,N,0.118,T,0.09957117590347384
AAA,K,0.226,A,0.08448769065747687
AAG,K,-0.226,G,0.08448769065747687
AGC,S,-0.271,C,0.17149674580670274
AGT,S,0.264,T,0.09602728115857272
TCA,S,-0.05,A,0.09242552400857575
TCC,S,0.184,C,0.2483211499808042
TCG,S,-0.174,G,0.16168171366619252
TCT,S,-0.113,T,0.10870040094425946
AGA,R,0.634,A,0.11310659318850134
AGG,R,0.26,G,0.2548902586220935
CGA,R,-0.164,A,0.1488028193446366
CGC,R,-0.168,C,0.2045616548063242
CGG,R,-0.125,G,0.29849769612148364
CGT,R,-0.57,T,0.11870942922110721
CTA,L,0.013,A,0.11799140380310126
CTC,L,-0.311,C,0.1599471216347761
CTG,L,0.014,G,0.1842503968692217
CTT,L,-0.475,T,0.10326331080796068
TTA,L,0.22,A,0.06698828073322716
TTG,L,0.058,G,0.0879511085817273
CCA,P,-0.07,A,0.1357945580590819
CCC,P,0.294,C,0.3273107406502985
CCG,P,0.2,G,0.17436587563927697
CCT,P,-0.126,T,0.15370465318158086
CAC,H,0.024,C,0.1752445332351941
CAT,H,-0.024,T,0.17524453323519407
CAA,Q,0.434,A,0.14820406634849845
CAG,Q,-0.434,G,0.14820406634849848
GTA,V,0.372,A,0.08929693885112641
GTC,V,-0.332,C,0.1185776547522088
GTG,V,0.195,G,0.10769029012610362
GTT,V,-0.306,T,0.0886062458063926
GCA,A,0.204,A,0.09978337375648919
GCC,A,-0.268,C,0.19110486690326767
GCG,A,-0.186,G,0.133789482350681
GCT,A,-0.031,T,0.11467742227960155
GAC,D,0.04,C,0.11873049545477646
GAT,D,-0.04,T,0.11873049545477646
GAA,E,0.104,A,0.10154886579702926
GAG,E,-0.104,G,0.10154886579702925
GGA,G,0.207,A,0.10251589306374234
GGC,G,-0.01,C,0.1574928751198002
GGG,G,-0.18,G,0.15772274893922428
GGT,G,-0.113,T,0.09803651091639379
TTC,F,-0.587,C,0.11184944689595218
TTT,F,0.587,T,0.11184944689595218
TAC,Y,-0.201,C,0.1275575000084746
TAT,Y,0.201,T,0.1275575000084746
TGC,C,-0.77,C,0.38913785998267675
TGT,C,0.77,T,0.38913785998267675
