codon,amino_acid,Acetivibrio,third_nucl,standard_error
ATA,I,0.179,A,0.04509424972677713
ATC,I,-0.288,C,0.0718038869253743
ATT,I,-0.064,T,0.044577357132938124
ACA,T,0.284,A,0.06558429879580026
ACC,T,-0.329,C,0.08296460215435007
ACG,T,0.194,G,0.10908780641109696
ACT,T,-0.165,T,0.07010651807982364
AAC,N,0.008,C,0.06331287714765244
AAT,N,-0.008,T,0.06331287714765244
AAA,K,0.207,A,0.04750529401195111
AAG,K,-0.207,G,0.04750529401195111
AGC,S,-0.124,C,0.07523369876279391
AGT,S,0.368,T,0.06523496579003857
TCA,S,0.151,A,0.06549900863185179
TCC,S,-0.699,C,0.09020073229086682
TCG,S,-0.04,G,0.09515649943050944
TCT,S,-0.021,T,0.07718669890643509
AGA,R,0.414,A,0.06655947496683533
AGG,R,-0.141,G,0.07876210417157807
CGA,R,-0.027,A,0.13790829157965528
CGC,R,-0.848,C,0.1800241045353083
CGG,R,-0.454,G,0.16586838451882904
CGT,R,-0.362,T,0.12225587506855046
CTA,L,0.381,A,0.09258154283470095
CTC,L,-0.435,C,0.11559976674410943
CTG,L,-0.365,G,0.06875269415510411
CTT,L,-0.639,T,0.05414284778254089
TTA,L,0.406,A,0.05020731043106999
TTG,L,0.312,G,0.05045826396004754
CCA,P,0.492,A,0.10022660678895441
CCC,P,-0.175,C,0.12341414732306513
CCG,P,-0.184,G,0.10404063098768829
CCT,P,-0.167,T,0.09388568753973976
CAC,H,-0.258,C,0.14695387126224238
CAT,H,0.258,T,0.14695387126224238
CAA,Q,0.661,A,0.09018198181034087
CAG,Q,-0.661,G,0.09018198181034087
GTA,V,-0.118,A,0.056316829522676956
GTC,V,-0.387,C,0.10496166210902969
GTG,V,0.428,G,0.06746735106031998
GTT,V,-0.066,T,0.05476947996626614
GCA,A,0.263,A,0.062028035260809716
GCC,A,-0.603,C,0.09172898606975688
GCG,A,0.119,G,0.1054902727030581
GCT,A,-0.005,T,0.06572912647033569
GAC,D,-0.352,C,0.07040549303247468
GAT,D,0.352,T,0.07040549303247468
GAA,E,0.108,A,0.061518453261211234
GAG,E,-0.108,G,0.06151845326121124
GGA,G,0.096,A,0.06123743367199097
GGC,G,-0.175,C,0.08294561663721889
GGG,G,0.005,G,0.09367161782498235
GGT,G,-0.002,T,0.06553631397309653
TTC,F,-0.334,C,0.0800393828897466
TTT,F,0.334,T,0.0800393828897466
TAC,Y,-0.05,C,0.08061197838523955
TAT,Y,0.05,T,0.08061197838523955
TGC,C,-0.222,C,0.12357924196123928
TGT,C,0.222,T,0.12357924196123928
