codon,amino_acid,Acetobacter,third_nucl,standard_error
ATA,I,0.515,A,0.10318563450995072
ATC,I,-0.097,C,0.06620672649295115
ATT,I,-0.118,T,0.0656393660335844
ACA,T,0.288,A,0.06603894653333332
ACC,T,-0.154,C,0.060460038987618966
ACG,T,-0.374,G,0.06471712845820701
ACT,T,0.509,T,0.09160967904785296
AAC,N,0.198,C,0.08785159552541759
AAT,N,-0.198,T,0.08785159552541759
AAA,K,0.459,A,0.07386659120095342
AAG,K,-0.459,G,0.07386659120095342
AGC,S,-0.251,C,0.06685598866737096
AGT,S,-0.27,T,0.0930884712971337
TCA,S,0.269,A,0.08513968071244267
TCC,S,-0.087,C,0.06403266345283208
TCG,S,-0.327,G,0.09285073866205608
TCT,S,0.49,T,0.06937644722583414
AGA,R,0.949,A,0.11703691489008897
AGG,R,0.307,G,0.13087448880011965
CGA,R,0.048,A,0.10957341957156883
CGC,R,-0.198,C,0.059714651910692015
CGG,R,-0.297,G,0.06928286046909299
CGT,R,0.075,T,0.06499619196596736
CTA,L,0.172,A,0.13447719773722933
CTC,L,0.34,C,0.0677227042105878
CTG,L,-0.699,G,0.0476804283286237
CTT,L,0.476,T,0.05682398416332093
TTA,L,0.681,A,0.11801991694090523
TTG,L,0.145,G,0.07164721083294497
CCA,P,-0.182,A,0.08149269148737422
CCC,P,0.427,C,0.06665568150337119
CCG,P,-0.62,G,0.06567576801502638
CCT,P,0.382,T,0.07134770530189173
CAC,H,0.281,C,0.09666207495199847
CAT,H,-0.281,T,0.09666207495199847
CAA,Q,0.273,A,0.09317940716405551
CAG,Q,-0.273,G,0.09317940716405551
GTA,V,0.125,A,0.09116383967944852
GTC,V,-0.053,C,0.0688686551749831
GTG,V,-0.372,G,0.05794228466631535
GTT,V,0.414,T,0.061983731187552425
GCA,A,0.217,A,0.05804422221288455
GCC,A,-0.242,C,0.04885515594334243
GCG,A,-0.212,G,0.05627635923461043
GCT,A,0.357,T,0.05810306783124059
GAC,D,0.156,C,0.06836940748378566
GAT,D,-0.156,T,0.06836940748378567
GAA,E,-0.012,A,0.07364078844353358
GAG,E,0.012,G,0.07364078844353358
GGA,G,0.481,A,0.08297223783613715
GGC,G,-0.273,C,0.060645055046239946
GGG,G,-0.302,G,0.07460124780489927
GGT,G,0.31,T,0.06996589120582757
TTC,F,-0.222,C,0.0788124367024009
TTT,F,0.222,T,0.0788124367024009
TAC,Y,0.084,C,0.10976265334805577
TAT,Y,-0.084,T,0.10976265334805577
TGC,C,-0.486,C,0.15102270607589452
TGT,C,0.486,T,0.15102270607589452
