codon,amino_acid,Acetilactobacillus,third_nucl,standard_error
ATA,I,0.766,A,0.1750910023410721
ATC,I,-0.456,C,0.08432652927360045
ATT,I,0.243,T,0.08075858475072262
ACA,T,0.982,A,0.1477342545108462
ACC,T,-0.647,C,0.11150485354427503
ACG,T,-0.085,G,0.11962758158291184
ACT,T,0.103,T,0.1044972523253626
AAC,N,-0.598,C,0.09369516011865603
AAT,N,0.598,T,0.09369516011865603
AAA,K,0.94,A,0.07315139860062922
AAG,K,-0.94,G,0.07315139860062922
AGC,S,-0.313,C,0.14382283531775458
AGT,S,0.26,T,0.0966686044320852
TCA,S,0.311,A,0.10667142015139881
TCC,S,-0.515,C,0.1467135308696313
TCG,S,-0.281,G,0.15632859843442948
TCT,S,-0.052,T,0.12558616037642686
AGA,R,1.059,A,0.16539551664839694
AGG,R,0.344,G,0.2734940762993537
CGA,R,0.046,A,0.12107196936381255
CGC,R,-0.124,C,0.18534011228934194
CGG,R,-0.611,G,0.17238284240974114
CGT,R,-0.304,T,0.10778452904779912
CTA,L,-0.101,A,0.12088126955207208
CTC,L,-0.134,C,0.18921256095726735
CTG,L,-0.62,G,0.14946698570956013
CTT,L,-0.122,T,0.11619414087303187
TTA,L,0.052,A,0.07105160972385281
TTG,L,0.321,G,0.09291250354874916
CCA,P,0.411,A,0.13049511260552615
CCC,P,0.208,C,0.19484604515191656
CCG,P,-0.544,G,0.15256188864682696
CCT,P,-0.132,T,0.1625443301556572
CAC,H,-0.372,C,0.14071610265071866
CAT,H,0.372,T,0.14071610265071866
CAA,Q,0.973,A,0.11591213788973387
CAG,Q,-0.973,G,0.11591213788973388
GTA,V,0.723,A,0.11983343002146798
GTC,V,-0.512,C,0.11534429431257676
GTG,V,0.712,G,0.13891702398048875
GTT,V,-0.402,T,0.08949534696530985
GCA,A,0.876,A,0.11231439599923124
GCC,A,-0.71,C,0.11413656041538213
GCG,A,0.343,G,0.14903587473868174
GCT,A,-0.25,T,0.09394372144041116
GAC,D,-0.349,C,0.11162923141362557
GAT,D,0.349,T,0.11162923141362557
GAA,E,-0.35,A,0.22962116327442336
GAG,E,0.35,G,0.22962116327442336
GGA,G,0.815,A,0.13058065623183018
GGC,G,-0.23,C,0.12283506687291819
GGG,G,-0.17,G,0.19773283180186615
GGT,G,-0.297,T,0.10484278920040373
TTC,F,-0.85,C,0.12101445743009934
TTT,F,0.85,T,0.12101445743009932
TAC,Y,-0.506,C,0.12337980600543606
TAT,Y,0.506,T,0.12337980600543606
TGC,C,-0.24,C,0.2965840410414815
TGT,C,0.24,T,0.2965840410414815
