codon,amino_acid,Acetomicrobium,third_nucl,standard_error
ATA,I,-0.21,A,0.07055116278474752
ATC,I,-0.053,C,0.07633801243004469
ATT,I,0.325,T,0.0800757747237041
ACA,T,0.394,A,0.11344771490620262
ACC,T,-0.404,C,0.10244362430259407
ACG,T,-0.057,G,0.10332803918375207
ACT,T,0.191,T,0.1205480948982137
AAC,N,-0.418,C,0.10363218960192445
AAT,N,0.418,T,0.10363218960192445
AAA,K,0.456,A,0.07214732456005617
AAG,K,-0.456,G,0.07214732456005615
AGC,S,-0.023,C,0.0897068632635334
AGT,S,0.718,T,0.13399787208793257
TCA,S,0.321,A,0.12034098669031482
TCC,S,-0.483,C,0.10783519080773848
TCG,S,-0.223,G,0.10887223064235574
TCT,S,-0.01,T,0.10963075829873418
AGA,R,0.44,A,0.09190404824630635
AGG,R,-0.11,G,0.08143004829369735
CGA,R,-0.095,A,0.1346794835334985
CGC,R,-0.494,C,0.1111482514734976
CGG,R,-0.057,G,0.16980695487960035
CGT,R,0.191,T,0.13058783049410805
CTA,L,0.169,A,0.1157363913265547
CTC,L,-0.602,C,0.10310937921784101
CTG,L,-0.494,G,0.08218314223300563
CTT,L,-0.373,T,0.06994329816012118
TTA,L,0.256,A,0.07920445463126813
TTG,L,0.64,G,0.06502912674060796
CCA,P,0.392,A,0.13294851242510333
CCC,P,-0.559,C,0.11826703883588578
CCG,P,0.188,G,0.12558052885770282
CCT,P,0.12,T,0.11833234062720503
CAC,H,-0.648,C,0.16763204841512533
CAT,H,0.648,T,0.16763204841512533
CAA,Q,0.389,A,0.12616441914334559
CAG,Q,-0.389,G,0.12616441914334559
GTA,V,0.022,A,0.07822332187468296
GTC,V,-0.553,C,0.0800444734775795
GTG,V,0.263,G,0.07319752724728319
GTT,V,0.22,T,0.07915036374145229
GCA,A,0.157,A,0.0832365804398836
GCC,A,-0.567,C,0.08157317096795201
GCG,A,0.155,G,0.0989951778397147
GCT,A,0.362,T,0.08460536011331193
GAC,D,-0.344,C,0.08576734769976027
GAT,D,0.344,T,0.08576734769976027
GAA,E,0.503,A,0.07727365732405839
GAG,E,-0.503,G,0.07727365732405839
GGA,G,0.122,A,0.08243166523391363
GGC,G,-0.374,C,0.08260783187028002
GGG,G,-0.029,G,0.1002380379360423
GGT,G,0.387,T,0.09712844957187775
TTC,F,-0.151,C,0.10343980467792419
TTT,F,0.151,T,0.10343980467792419
TAC,Y,-0.358,C,0.11949575898524319
TAT,Y,0.358,T,0.11949575898524319
TGC,C,-0.447,C,0.17487362767010478
TGT,C,0.447,T,0.17487362767010478
