codon,amino_acid,Acetoanaerobium,third_nucl,standard_error
ATA,I,-0.057,A,0.05393161432721934
ATC,I,-0.264,C,0.08746739023611301
ATT,I,0.166,T,0.05538545391384415
ACA,T,0.188,A,0.0826221002791436
ACC,T,-0.123,C,0.137587031512451
ACG,T,0.497,G,0.166348311054129
ACT,T,-0.262,T,0.08190241097477785
AAC,N,0.002,C,0.08422362984779191
AAT,N,-0.002,T,0.08422362984779191
AAA,K,0.313,A,0.06065412027782205
AAG,K,-0.313,G,0.06065412027782205
AGC,S,-0.026,C,0.0937437468025045
AGT,S,0.487,T,0.08007709501249226
TCA,S,-0.029,A,0.0769497104869931
TCC,S,-0.016,C,0.16921703628052165
TCG,S,0.335,G,0.15355939083290265
TCT,S,-0.528,T,0.08142849728517401
AGA,R,-0.115,A,0.11042663364930098
AGG,R,-0.139,G,0.14645025219529423
CGA,R,0.56,A,0.24522544400490717
CGC,R,0.014,C,0.32380877888896376
CGG,R,0.656,G,1.2256333152776515
CGT,R,0.234,T,0.20632583577945612
CTA,L,-0.232,A,0.0715989089452979
CTC,L,-0.359,C,0.157280427477948
CTG,L,-0.16,G,0.1307543405934233
CTT,L,-0.728,T,0.067632654384881
TTA,L,0.374,A,0.058694948610612266
TTG,L,0.839,G,0.08590076029436544
CCA,P,0.144,A,0.11551216277336235
CCC,P,0.413,C,0.2724069318841989
CCG,P,0.057,G,0.23459229878923366
CCT,P,-0.233,T,0.11683270416062083
CAC,H,-0.154,C,0.18320343632350475
CAT,H,0.154,T,0.18320343632350478
CAA,Q,0.309,A,0.1168483816733444
CAG,Q,-0.309,G,0.1168483816733444
GTA,V,-0.069,A,0.07022706786854044
GTC,V,0.04,C,0.16242100621609937
GTG,V,0.537,G,0.09858835283161048
GTT,V,-0.234,T,0.07357698193893349
GCA,A,0.433,A,0.07838106024043548
GCC,A,-0.554,C,0.16633587996408467
GCG,A,0.062,G,0.15395765527288358
GCT,A,-0.317,T,0.07902109189455822
GAC,D,-0.025,C,0.0961138835016136
GAT,D,0.025,T,0.0961138835016136
GAA,E,0.487,A,0.07806179784062614
GAG,E,-0.487,G,0.07806179784062614
GGA,G,0.002,A,0.0769113441682906
GGC,G,-0.159,C,0.11207099708638332
GGG,G,0.102,G,0.12790089061864066
GGT,G,0.051,T,0.0900300258658614
TTC,F,-0.357,C,0.11799567221688008
TTT,F,0.357,T,0.11799567221688008
TAC,Y,-0.433,C,0.11570788088283919
TAT,Y,0.433,T,0.11570788088283919
TGC,C,-0.314,C,0.19562320197246222
TGT,C,0.314,T,0.19562320197246222
