codon,amino_acid,Acholeplasma,third_nucl,standard_error
ATA,I,0.796,A,0.09925693372995097
ATC,I,-0.314,C,0.0961982030975205
ATT,I,-0.319,T,0.07718654660250489
ACA,T,0.246,A,0.10380230139525798
ACC,T,0.117,C,0.20326386422866885
ACG,T,-0.137,G,0.2064316597695064
ACT,T,-0.277,T,0.11143829921058539
AAC,N,-0.115,C,0.10802188038952622
AAT,N,0.115,T,0.10802188038952622
AAA,K,0.266,A,0.08639012259504472
AAG,K,-0.266,G,0.08639012259504474
AGC,S,0.412,C,0.21329144837795377
AGT,S,0.478,T,0.11259385421289517
TCA,S,-0.312,A,0.10551771661003098
TCC,S,0.595,C,0.31622785764100786
TCG,S,0.456,G,0.2933579343710786
TCT,S,-0.552,T,0.13771243968847777
AGA,R,0.531,A,0.1257428984996633
AGG,R,0.82,G,0.34138323236182144
CGA,R,0.221,A,0.23754354345084283
CGC,R,-0.554,C,0.2752208947955507
CGG,R,0.023,G,1.4155422553720853
CGT,R,-0.797,T,0.14838902619997957
CTA,L,0.147,A,0.11753773968299093
CTC,L,0.136,C,0.23787660465812704
CTG,L,-0.019,G,0.2879917683060429
CTT,L,-0.147,T,0.10652821903581398
TTA,L,-0.147,A,0.07512591563985589
TTG,L,0.528,G,0.14504663849028032
CCA,P,-0.155,A,0.1629921360034973
CCC,P,1.018,C,0.41648359854278505
CCG,P,0.308,G,0.3005860705308819
CCT,P,-0.108,T,0.17668011033152148
CAC,H,-0.319,C,0.23213225166832005
CAT,H,0.319,T,0.23213225166832005
CAA,Q,-0.425,A,0.25423959859947426
CAG,Q,0.425,G,0.25423959859947426
GTA,V,0.402,A,0.09747171266877636
GTC,V,-0.154,C,0.15978759660333275
GTG,V,0.21,G,0.14514244824870098
GTT,V,-0.391,T,0.09242374016330288
GCA,A,0.163,A,0.10869175186328023
GCC,A,-0.168,C,0.22510315441392625
GCG,A,0.046,G,0.19261308509679392
GCT,A,-0.158,T,0.11673481413387478
GAC,D,0.308,C,0.13522675361235537
GAT,D,-0.308,T,0.13522675361235537
GAA,E,-0.025,A,0.1547711154657124
GAG,E,0.025,G,0.1547711154657124
GGA,G,0.457,A,0.11386745077448822
GGC,G,-0.148,C,0.18340649305927556
GGG,G,0.025,G,0.17876994446361066
GGT,G,-0.384,T,0.11145325129302648
TTC,F,-0.712,C,0.12843250573202256
TTT,F,0.712,T,0.12843250573202256
TAC,Y,-0.085,C,0.1371575312076697
TAT,Y,0.085,T,0.1371575312076697
TGC,C,1.027,C,0.5042505964174302
TGT,C,-1.027,T,0.5042505964174302
