codon,amino_acid,Achromobacter,third_nucl,standard_error
ATA,I,1.381,A,0.15830993526617107
ATC,I,-1.218,C,0.07425178918345561
ATT,I,1.063,T,0.08147509304601981
ACA,T,1.262,A,0.12769327168426398
ACC,T,-0.067,C,0.046412955265441605
ACG,T,-0.601,G,0.050362680070842734
ACT,T,1.566,T,0.1206922464886672
AAC,N,-0.691,C,0.07681684665449026
AAT,N,0.691,T,0.07681684665449026
AAA,K,1.783,A,0.07746953449212587
AAG,K,-1.783,G,0.07746953449212587
AGC,S,-0.506,C,0.048595806102206575
AGT,S,0.592,T,0.12753683654420264
TCA,S,1.417,A,0.15750641355646447
TCC,S,0.991,C,0.05304099038182596
TCG,S,-1.051,G,0.0505746632313479
TCT,S,1.467,T,0.1387086293847059
AGA,R,1.973,A,0.19433820735169485
AGG,R,0.731,G,0.1239112164274514
CGA,R,1.202,A,0.10066896593060576
CGC,R,-0.678,C,0.04223762283933258
CGG,R,-0.287,G,0.05674626174741488
CGT,R,0.89,T,0.06979918180065761
CTA,L,1.348,A,0.13955622444585197
CTC,L,0.722,C,0.04739571018911993
CTG,L,-1.284,G,0.03635888745752462
CTT,L,1.619,T,0.08778945278854233
TTA,L,1.34,A,0.22121905532918026
TTG,L,0.783,G,0.05348775164242304
CCA,P,0.697,A,0.10855827134020905
CCC,P,0.651,C,0.045680789399172014
CCG,P,-1.116,G,0.04614405861403253
CCT,P,1.165,T,0.09395544158040771
CAC,H,-0.387,C,0.07655493159690874
CAT,H,0.387,T,0.07655493159690874
CAA,Q,1.487,A,0.06644966387970212
CAG,Q,-1.487,G,0.06644966387970212
GTA,V,1.362,A,0.10738959678029979
GTC,V,0.258,C,0.044047354243301126
GTG,V,-0.957,G,0.04392223100173295
GTT,V,1.632,T,0.09154318456015034
GCA,A,1.438,A,0.06972577618627963
GCC,A,-0.127,C,0.03172803125516475
GCG,A,-0.562,G,0.034413047413614194
GCT,A,1.192,T,0.07418467807757681
GAC,D,-0.619,C,0.054308059728874175
GAT,D,0.619,T,0.054308059728874175
GAA,E,0.815,A,0.0576642703138677
GAG,E,-0.815,G,0.0576642703138677
GGA,G,1.169,A,0.09219923463778008
GGC,G,-0.876,C,0.052885619979547854
GGG,G,0.289,G,0.0761454503523515
GGT,G,0.842,T,0.08138825144073955
TTC,F,-1.044,C,0.08135806997801102
TTT,F,1.044,T,0.08135806997801102
TAC,Y,-0.262,C,0.08464065981205955
TAT,Y,0.262,T,0.08464065981205955
TGC,C,-0.71,C,0.18068164823520208
TGT,C,0.71,T,0.18068164823520205
