codon,amino_acid,Acidobacterium,third_nucl,standard_error
ATA,I,0.769,A,0.17039245454891883
ATC,I,-0.497,C,0.0671624419277323
ATT,I,0.376,T,0.06769561327759628
ACA,T,0.933,A,0.09786235875686512
ACC,T,-0.374,C,0.0634467642176243
ACG,T,-0.524,G,0.06611421637250658
ACT,T,0.908,T,0.10023841092895976
AAC,N,-0.387,C,0.08643706958958056
AAT,N,0.387,T,0.08643706958958056
AAA,K,1.03,A,0.08231993273856199
AAG,K,-1.03,G,0.08231993273856199
AGC,S,-0.396,C,0.0646734010548647
AGT,S,0.439,T,0.1207311464781895
TCA,S,0.287,A,0.10745628245020472
TCC,S,0.188,C,0.06942763486956983
TCG,S,-0.61,G,0.07122173291080096
TCT,S,0.942,T,0.0955765928411452
AGA,R,1.52,A,0.16032860581010053
AGG,R,0.522,G,0.1365404644255129
CGA,R,1.059,A,0.11560453419448928
CGC,R,-0.679,C,0.056985923852147416
CGG,R,-0.366,G,0.07323815901695756
CGT,R,0.511,T,0.08300907821855115
CTA,L,0.88,A,0.16145797211236618
CTC,L,-0.218,C,0.05154702375028258
CTG,L,-0.622,G,0.046780380958591716
CTT,L,0.611,T,0.07107054535993693
TTA,L,0.91,A,0.17361496532065449
TTG,L,0.785,G,0.0701970851537639
CCA,P,0.793,A,0.11055132334479369
CCC,P,-0.065,C,0.06852400309110027
CCG,P,-0.658,G,0.06689710811831814
CCT,P,0.693,T,0.08865921118557718
CAC,H,-0.113,C,0.09894576934992425
CAT,H,0.113,T,0.09894576934992425
CAA,Q,1.043,A,0.09029681390576293
CAG,Q,-1.043,G,0.09029681390576293
GTA,V,0.681,A,0.10325819033374493
GTC,V,-0.228,C,0.06237608614104615
GTG,V,-0.411,G,0.05714512162166962
GTT,V,0.701,T,0.07829094482032972
GCA,A,0.998,A,0.06519966233990197
GCC,A,-0.407,C,0.04815923100860956
GCG,A,-0.572,G,0.05093494436096549
GCT,A,0.649,T,0.06650388678516425
GAC,D,-0.279,C,0.0756086661565857
GAT,D,0.279,T,0.07560866615658568
GAA,E,0.799,A,0.0673622056397988
GAG,E,-0.799,G,0.0673622056397988
GGA,G,0.754,A,0.07689867898684485
GGC,G,-0.699,C,0.06382651439963134
GGG,G,-0.061,G,0.09263446702749915
GGT,G,0.51,T,0.09360964734113779
TTC,F,-0.164,C,0.07773110971968476
TTT,F,0.164,T,0.07773110971968476
TAC,Y,-0.254,C,0.10474243680591137
TAT,Y,0.254,T,0.10474243680591137
TGC,C,-0.692,C,0.1882657854601146
TGT,C,0.692,T,0.1882657854601146
