codon,amino_acid,Acidithiobacillus,third_nucl,standard_error
ATA,I,0.488,A,0.08668565641586663
ATC,I,-0.326,C,0.06054309460045009
ATT,I,0.085,T,0.06255450202537993
ACA,T,0.542,A,0.0870450766925995
ACC,T,-0.2,C,0.06225123715021922
ACG,T,-0.371,G,0.07204327787992443
ACT,T,0.376,T,0.09032256183743952
AAC,N,-0.015,C,0.08088477702046265
AAT,N,0.015,T,0.08088477702046265
AAA,K,0.68,A,0.07410758650652999
AAG,K,-0.68,G,0.07410758650652999
AGC,S,-0.094,C,0.0685054676248723
AGT,S,0.046,T,0.08038412716220612
TCA,S,0.384,A,0.10275601730462994
TCC,S,-0.056,C,0.07425812536339782
TCG,S,-0.31,G,0.09074222193880288
TCT,S,0.187,T,0.09084989235445431
AGA,R,0.952,A,0.13622011722008381
AGG,R,0.379,G,0.13374190160737617
CGA,R,0.465,A,0.10864533573105359
CGC,R,-0.195,C,0.061111557759824964
CGG,R,-0.479,G,0.07421730805487861
CGT,R,0.113,T,0.07045793111070842
CTA,L,0.481,A,0.10740995147071332
CTC,L,-0.1,C,0.05931668116221492
CTG,L,-0.533,G,0.04815876588584607
CTT,L,0.272,T,0.07314882222684933
TTA,L,0.693,A,0.09117077689233136
TTG,L,0.267,G,0.05685811240319429
CCA,P,0.295,A,0.08468403397259053
CCC,P,0.072,C,0.07012315493043224
CCG,P,-0.428,G,0.07128866824009807
CCT,P,0.209,T,0.0841452825708961
CAC,H,0.061,C,0.08908297298642823
CAT,H,-0.061,T,0.08908297298642823
CAA,Q,0.492,A,0.07548231583486063
CAG,Q,-0.492,G,0.07548231583486063
GTA,V,0.385,A,0.08002611872024555
GTC,V,-0.373,C,0.06501289404575128
GTG,V,-0.108,G,0.057844245769579854
GTT,V,0.345,T,0.07495994796977518
GCA,A,0.594,A,0.06089486122722978
GCC,A,-0.324,C,0.05023543557364033
GCG,A,-0.251,G,0.055572899910665115
GCT,A,0.227,T,0.06617156376114672
GAC,D,0.081,C,0.06874993088987179
GAT,D,-0.081,T,0.06874993088987179
GAA,E,0.61,A,0.06864657431981924
GAG,E,-0.61,G,0.06864657431981924
GGA,G,0.379,A,0.08263001291600629
GGC,G,-0.193,C,0.06400694406509855
GGG,G,-0.232,G,0.08039526581457487
GGT,G,0.142,T,0.06845828974501372
TTC,F,-0.257,C,0.08026922852972476
TTT,F,0.257,T,0.08026922852972476
TAC,Y,0.02,C,0.09951035618467742
TAT,Y,-0.02,T,0.09951035618467742
TGC,C,-0.122,C,0.151370661214651
TGT,C,0.122,T,0.151370661214651
