codon,amino_acid,Acidiphilium,third_nucl,standard_error
ATA,I,0.929,A,0.1800826820876017
ATC,I,-0.574,C,0.07702170059937549
ATT,I,0.447,T,0.08251066343832882
ACA,T,0.9,A,0.11688846402175669
ACC,T,-0.231,C,0.05767673576385991
ACG,T,-0.212,G,0.06058335594653888
ACT,T,1.021,T,0.1583561322819104
AAC,N,-0.094,C,0.09832000918551238
AAT,N,0.094,T,0.09832000918551238
AAA,K,0.938,A,0.09775692141001979
AAG,K,-0.938,G,0.09775692141001979
AGC,S,0.058,C,0.06521762757648686
AGT,S,0.583,T,0.1487550633717695
TCA,S,0.725,A,0.13946457747787155
TCC,S,0.147,C,0.07295242341177395
TCG,S,-0.623,G,0.06544284388335707
TCT,S,0.696,T,0.15212393561333767
AGA,R,1.783,A,0.20304148432125613
AGG,R,1.214,G,0.1277894067203752
CGA,R,0.838,A,0.11353513995636079
CGC,R,-0.407,C,0.04884993023754799
CGG,R,-0.409,G,0.05513056983180767
CGT,R,0.569,T,0.08715880629172473
CTA,L,0.475,A,0.17569226142529
CTC,L,-0.132,C,0.04612861390863741
CTG,L,-0.303,G,0.04433869399575841
CTT,L,0.485,T,0.07443628850694903
TTA,L,1.214,A,0.2796038571327679
TTG,L,0.628,G,0.08414395666858375
CCA,P,0.688,A,0.12168809211622729
CCC,P,0.245,C,0.06237332964995586
CCG,P,-0.584,G,0.058514976907094826
CCT,P,0.894,T,0.13077922119031019
CAC,H,-0.152,C,0.09558086661975279
CAT,H,0.152,T,0.09558086661975279
CAA,Q,0.799,A,0.11056323234793596
CAG,Q,-0.799,G,0.11056323234793596
GTA,V,0.41,A,0.1545958081207455
GTC,V,-0.237,C,0.05514468233327514
GTG,V,-0.175,G,0.054901030313068054
GTT,V,0.886,T,0.08841374202611764
GCA,A,0.832,A,0.07050428390501431
GCC,A,-0.131,C,0.038804848813383884
GCG,A,-0.332,G,0.039996273974646654
GCT,A,0.844,T,0.08587910748513947
GAC,D,-0.093,C,0.06212505945030185
GAT,D,0.093,T,0.06212505945030185
GAA,E,0.902,A,0.06797439402596477
GAG,E,-0.902,G,0.06797439402596477
GGA,G,0.858,A,0.08771952793783555
GGC,G,-0.636,C,0.054042409413710794
GGG,G,-0.024,G,0.06671881585970747
GGT,G,0.892,T,0.09067574486493112
TTC,F,-0.708,C,0.10118550831071317
TTT,F,0.708,T,0.10118550831071317
TAC,Y,-0.023,C,0.11422327182129968
TAT,Y,0.023,T,0.11422327182129968
TGC,C,-0.308,C,0.20350316574050048
TGT,C,0.308,T,0.20350316574050048
