codon,amino_acid,Acidaminococcus,third_nucl,standard_error
ATA,I,0.798,A,0.16437409350612545
ATC,I,-0.725,C,0.07875873248296834
ATT,I,0.577,T,0.0823062626189336
ACA,T,1.599,A,0.15537784793532738
ACC,T,-0.923,C,0.08444407698518377
ACG,T,0.044,G,0.09794649658572498
ACT,T,0.646,T,0.13202894816586438
AAC,N,-0.533,C,0.09987968540917758
AAT,N,0.533,T,0.09987968540917758
AAA,K,0.94,A,0.071451415468855
AAG,K,-0.94,G,0.071451415468855
AGC,S,-0.429,C,0.09473290448461966
AGT,S,0.904,T,0.13074637482615545
TCA,S,1.16,A,0.22108313686356856
TCC,S,-0.759,C,0.09168746478515988
TCG,S,0.354,G,0.20813070923847715
TCT,S,0.758,T,0.12741637186945348
AGA,R,1.745,A,0.14344776340833712
AGG,R,0.071,G,0.18109409565371945
CGA,R,1.06,A,0.2204606042640945
CGC,R,0.131,C,0.12144178756337647
CGG,R,-1.31,G,0.08631208060565225
CGT,R,0.601,T,0.1247506001858437
CTA,L,1.097,A,0.3100187878026265
CTC,L,-0.477,C,0.09319193182505006
CTG,L,-0.867,G,0.06268468687644028
CTT,L,0.653,T,0.11388147399852891
TTA,L,1.719,A,0.18425221164668037
TTG,L,1.367,G,0.10951019337275397
CCA,P,1.526,A,0.2168624885987349
CCC,P,-0.473,C,0.1074364747245104
CCG,P,-0.316,G,0.1106414126369824
CCT,P,0.547,T,0.13140292405879658
CAC,H,-0.732,C,0.14304225882276317
CAT,H,0.732,T,0.14304225882276317
CAA,Q,1.725,A,0.1494533681860194
CAG,Q,-1.725,G,0.1494533681860194
GTA,V,0.859,A,0.09984831345139507
GTC,V,-0.167,C,0.08971278518734195
GTG,V,-0.779,G,0.07318176154195381
GTT,V,0.908,T,0.11110558883059489
GCA,A,1.443,A,0.09603022545209862
GCC,A,-0.982,C,0.07178367612520649
GCG,A,0.06,G,0.093675049724875
GCT,A,0.159,T,0.09592399795947903
GAC,D,-0.5,C,0.08795359924819278
GAT,D,0.5,T,0.0879535992481928
GAA,E,0.27,A,0.09562358206586889
GAG,E,-0.27,G,0.09562358206586889
GGA,G,0.729,A,0.08874741768130942
GGC,G,-0.423,C,0.0812310431219397
GGG,G,-0.488,G,0.08625619989313231
GGT,G,0.517,T,0.10873566448785195
TTC,F,-1.087,C,0.09903749146167291
TTT,F,1.087,T,0.09903749146167291
TAC,Y,-0.593,C,0.10996704911112025
TAT,Y,0.593,T,0.10996704911112025
TGC,C,-0.612,C,0.1814289085420513
TGT,C,0.612,T,0.1814289085420513
