codon,amino_acid,Acididesulfobacillus,third_nucl,standard_error
ATA,I,0.515,A,0.0830933461711597
ATC,I,-0.259,C,0.05706934907341041
ATT,I,0.007,T,0.05713234567157069
ACA,T,0.69,A,0.08086061215086923
ACC,T,-0.45,C,0.06700200769729665
ACG,T,-0.103,G,0.06751432058552183
ACT,T,0.095,T,0.08453242295683423
AAC,N,-0.074,C,0.07706440325699476
AAT,N,0.074,T,0.07706440325699476
AAA,K,0.273,A,0.05790154133386835
AAG,K,-0.273,G,0.05790154133386835
AGC,S,-0.157,C,0.06863189037714973
AGT,S,0.351,T,0.0771724713885912
TCA,S,0.729,A,0.1034907300297027
TCC,S,-0.452,C,0.0737999304561885
TCG,S,-0.22,G,0.08523368642105625
TCT,S,0.137,T,0.08768569018224676
AGA,R,0.876,A,0.08208068954759996
AGG,R,0.214,G,0.07699487797984823
CGA,R,0.523,A,0.11555130872452503
CGC,R,-0.445,C,0.06530707896061279
CGG,R,-0.481,G,0.06352676118279157
CGT,R,0.04,T,0.07896419883151423
CTA,L,0.29,A,0.11269122212585231
CTC,L,-0.46,C,0.060300205937947146
CTG,L,-0.517,G,0.04741738094217286
CTT,L,0.028,T,0.06235120371198717
TTA,L,0.64,A,0.06883822986752304
TTG,L,0.425,G,0.04739404468081455
CCA,P,0.971,A,0.1171430500920898
CCC,P,-0.384,C,0.07889131283312012
CCG,P,-0.059,G,0.07095195476111016
CCT,P,0.001,T,0.09280075161923668
CAC,H,-0.183,C,0.11059227067500442
CAT,H,0.183,T,0.11059227067500442
CAA,Q,0.42,A,0.07615285613324904
CAG,Q,-0.42,G,0.07615285613324904
GTA,V,0.353,A,0.07988714005164704
GTC,V,-0.592,C,0.05624351090349499
GTG,V,0.281,G,0.05121505951421082
GTT,V,0.094,T,0.05860724264116758
GCA,A,0.692,A,0.0708708912991677
GCC,A,-0.497,C,0.05254549237494408
GCG,A,-0.009,G,0.05557101136468423
GCT,A,0.196,T,0.06308003816851722
GAC,D,-0.298,C,0.06689318329233568
GAT,D,0.298,T,0.06689318329233568
GAA,E,0.428,A,0.055257934804823765
GAG,E,-0.428,G,0.055257934804823765
GGA,G,0.374,A,0.060994351184811293
GGC,G,-0.248,C,0.058579863071461
GGG,G,-0.2,G,0.059865135519248366
GGT,G,0.124,T,0.06441507789686744
TTC,F,-0.302,C,0.07433446394289807
TTT,F,0.302,T,0.07433446394289807
TAC,Y,-0.073,C,0.08734392328965902
TAT,Y,0.073,T,0.08734392328965902
TGC,C,-0.338,C,0.1465358211376876
TGT,C,0.338,T,0.1465358211376876
