codon,amino_acid,Acidibrevibacterium,third_nucl,standard_error
ATA,I,0.758,A,0.18639816860376096
ATC,I,-0.575,C,0.07761463428486377
ATT,I,0.491,T,0.08226123103085606
ACA,T,0.771,A,0.12614107960020549
ACC,T,-0.234,C,0.0611810678777585
ACG,T,-0.122,G,0.06466122018121394
ACT,T,0.719,T,0.14712094441480517
AAC,N,0.24,C,0.09759843707536393
AAT,N,-0.24,T,0.09759843707536393
AAA,K,0.466,A,0.08821545244772316
AAG,K,-0.466,G,0.08821545244772315
AGC,S,-0.144,C,0.06504045535033681
AGT,S,0.111,T,0.12932235567543443
TCA,S,0.469,A,0.13740515803611825
TCC,S,0.304,C,0.07975953088655872
TCG,S,-0.45,G,0.0710329980615433
TCT,S,0.678,T,0.13807064919162776
AGA,R,1.436,A,0.2025334060667481
AGG,R,0.704,G,0.1369551287676147
CGA,R,0.652,A,0.11526458903806229
CGC,R,-0.349,C,0.04990925904790302
CGG,R,-0.227,G,0.05831961815367862
CGT,R,0.412,T,0.0780451816596887
CTA,L,0.333,A,0.16510673766144865
CTC,L,-0.266,C,0.04458390799089968
CTG,L,-0.126,G,0.04710451120734783
CTT,L,0.207,T,0.06405764037848836
TTA,L,1.085,A,0.23936483035534947
TTG,L,0.434,G,0.06443636967485925
CCA,P,0.368,A,0.10088422574613035
CCC,P,0.226,C,0.06075686420868805
CCG,P,-0.555,G,0.05665412387843314
CCT,P,0.88,T,0.11501559584061745
CAC,H,0.171,C,0.10109698791011162
CAT,H,-0.171,T,0.10109698791011162
CAA,Q,0.478,A,0.09617854538323531
CAG,Q,-0.478,G,0.09617854538323531
GTA,V,0.401,A,0.16475173212105895
GTC,V,-0.4,C,0.05715630108463698
GTG,V,0.123,G,0.057124153661566236
GTT,V,0.444,T,0.07915000422919845
GCA,A,0.537,A,0.07368908357540807
GCC,A,-0.058,C,0.039271488281761545
GCG,A,-0.281,G,0.03934393124109139
GCT,A,0.627,T,0.07334550636896937
GAC,D,0.048,C,0.06443310986756648
GAT,D,-0.048,T,0.06443310986756648
GAA,E,0.555,A,0.06669614291464598
GAG,E,-0.555,G,0.06669614291464598
GGA,G,0.866,A,0.10306323650397349
GGC,G,-0.383,C,0.05632773538396835
GGG,G,0.003,G,0.06782645649130857
GGT,G,0.29,T,0.08713957873586681
TTC,F,-0.439,C,0.08102928535108964
TTT,F,0.439,T,0.08102928535108965
TAC,Y,0.318,C,0.12199760998066264
TAT,Y,-0.318,T,0.12199760998066266
TGC,C,-0.529,C,0.19597391155605207
TGT,C,0.529,T,0.19597391155605204
