codon,amino_acid,Acidisarcina,third_nucl,standard_error
ATA,I,0.655,A,0.08353431313618515
ATC,I,-0.509,C,0.04769505327480547
ATT,I,0.315,T,0.05006350452690355
ACA,T,0.745,A,0.06260873755512951
ACC,T,-0.471,C,0.046335120069611796
ACG,T,-0.237,G,0.050715899337177434
ACT,T,0.359,T,0.058353005206682206
AAC,N,-0.281,C,0.061106700927512525
AAT,N,0.281,T,0.06110670092751252
AAA,K,0.409,A,0.05471060904387216
AAG,K,-0.409,G,0.05471060904387216
AGC,S,-0.178,C,0.047528318387960955
AGT,S,0.282,T,0.06809011969765466
TCA,S,0.365,A,0.06897829350406563
TCC,S,-0.137,C,0.052115723266963496
TCG,S,-0.325,G,0.049883542460062706
TCT,S,0.474,T,0.06468734374738665
AGA,R,0.951,A,0.07808623253913259
AGG,R,0.187,G,0.07725164188523566
CGA,R,0.342,A,0.060811119250222305
CGC,R,-0.42,C,0.0454615288291186
CGG,R,-0.481,G,0.0546385236404005
CGT,R,0.229,T,0.059858941081213805
CTA,L,0.277,A,0.06910779867799277
CTC,L,-0.228,C,0.039028697860881846
CTG,L,-0.461,G,0.03813489353636756
CTT,L,0.129,T,0.045372014891047946
TTA,L,0.474,A,0.07775915801430115
TTG,L,0.504,G,0.043842659673187095
CCA,P,0.341,A,0.061920536726226584
CCC,P,-0.071,C,0.05563444359173478
CCG,P,-0.317,G,0.05061579196385029
CCT,P,0.216,T,0.061423772516104896
CAC,H,-0.101,C,0.07572188752565255
CAT,H,0.101,T,0.07572188752565255
CAA,Q,0.609,A,0.059971892533530864
CAG,Q,-0.609,G,0.059971892533530864
GTA,V,0.4,A,0.06252327314283401
GTC,V,-0.563,C,0.043860776954353614
GTG,V,0.201,G,0.04391689685591235
GTT,V,0.233,T,0.05100015689129859
GCA,A,0.562,A,0.04427624070117832
GCC,A,-0.352,C,0.03842246250821599
GCG,A,-0.277,G,0.038982065848328376
GCT,A,0.287,T,0.04579462228041689
GAC,D,-0.208,C,0.05366718146513778
GAT,D,0.208,T,0.05366718146513778
GAA,E,0.665,A,0.04988314832083753
GAG,E,-0.665,G,0.049883148320837525
GGA,G,0.326,A,0.050855984465461905
GGC,G,-0.422,C,0.04569628006467899
GGG,G,-0.066,G,0.059610624303422954
GGT,G,0.339,T,0.057586189448997356
TTC,F,-0.258,C,0.05687793381944851
TTT,F,0.258,T,0.05687793381944851
TAC,Y,0.042,C,0.07580519606658584
TAT,Y,-0.042,T,0.07580519606658584
TGC,C,-0.394,C,0.12349195285813785
TGT,C,0.394,T,0.12349195285813784
