codon,amino_acid,Acidimicrobium,third_nucl,standard_error
ATA,I,2.106,A,0.7515233973224797
ATC,I,-0.591,C,0.17848745763720056
ATT,I,0.42,T,0.18662841752763287
ACA,T,0.666,A,0.16194521196981473
ACC,T,-0.17,C,0.08144213387702952
ACG,T,-0.181,G,0.08073818668025681
ACT,T,0.791,T,0.18736667315372463
AAC,N,-0.267,C,0.26204727464376765
AAT,N,0.267,T,0.2620472746437677
AAA,K,0.558,A,0.34949863779470813
AAG,K,-0.558,G,0.34949863779470813
AGC,S,0.3,C,0.08730707303300442
AGT,S,0.862,T,0.15614394990330926
TCA,S,0.347,A,0.18201921420547212
TCC,S,-0.244,C,0.10711580818921444
TCG,S,-0.554,G,0.082061787499873
TCT,S,0.582,T,0.2203982106937574
AGA,R,1.012,A,0.24235687554324964
AGG,R,0.639,G,0.13241382829472845
CGA,R,0.228,A,0.08969951858392068
CGC,R,-0.18,C,0.06338986589119754
CGG,R,-0.225,G,0.07565487277794865
CGT,R,-0.029,T,0.08099318018507491
CTA,L,0.534,A,0.25094117481080985
CTC,L,-0.313,C,0.06162581010623654
CTG,L,0.147,G,0.06867330906956694
CTT,L,0.308,T,0.11832076038728503
TTA,L,1.323,A,0.6673632330932799
TTG,L,0.245,G,0.11879682038266781
CCA,P,0.814,A,0.12017435078861001
CCC,P,-0.222,C,0.09122901861909935
CCG,P,-0.39,G,0.08305659629392696
CCT,P,0.43,T,0.13636217719235658
CAC,H,-0.157,C,0.15895685792160735
CAT,H,0.157,T,0.15895685792160735
CAA,Q,0.452,A,0.16452165520968368
CAG,Q,-0.452,G,0.16452165520968368
GTA,V,0.297,A,0.17117005379264222
GTC,V,-0.732,C,0.05771798377083004
GTG,V,0.623,G,0.057436930341331655
GTT,V,0.297,T,0.11880125614245529
GCA,A,0.345,A,0.07900661765600263
GCC,A,-0.357,C,0.05891586778605631
GCG,A,-0.11,G,0.056617049856720746
GCT,A,0.605,T,0.08580284594064991
GAC,D,-0.162,C,0.0928181048689267
GAT,D,0.162,T,0.0928181048689267
GAA,E,0.312,A,0.10472136701281493
GAG,E,-0.312,G,0.10472136701281493
GGA,G,0.38,A,0.10141656913158503
GGC,G,-0.264,C,0.07081153206440578
GGG,G,0.112,G,0.08211210943051998
GGT,G,-0.003,T,0.08653370244024873
TTC,F,-0.476,C,0.18534962796732726
TTT,F,0.476,T,0.18534962796732726
TAC,Y,0.081,C,0.20561039681467902
TAT,Y,-0.081,T,0.20561039681467902
TGC,C,-0.324,C,0.26114354378376164
TGT,C,0.324,T,0.26114354378376164
