codon,amino_acid,Acinetobacter,third_nucl,standard_error
ATA,I,0.81,A,0.06991006672818557
ATC,I,-0.107,C,0.055486552216509
ATT,I,-0.347,T,0.04874528227833369
ACA,T,0.141,A,0.05885700280023798
ACC,T,-0.255,C,0.07069071368757583
ACG,T,-0.052,G,0.08509499059594727
ACT,T,0.065,T,0.060788458737172625
AAC,N,0.025,C,0.0664080043643308
AAT,N,-0.025,T,0.0664080043643308
AAA,K,0.06,A,0.06334672081141195
AAG,K,-0.06,G,0.06334672081141195
AGC,S,0.11,C,0.07632072980663593
AGT,S,-0.229,T,0.0599014323276896
TCA,S,0.084,A,0.056870155719607254
TCC,S,0.109,C,0.10795507695869501
TCG,S,0.015,G,0.10031911324882546
TCT,S,0.028,T,0.0593992422193269
AGA,R,0.709,A,0.09157633517309335
AGG,R,0.352,G,0.2093792252637673
CGA,R,0.057,A,0.09469779296133911
CGC,R,-0.036,C,0.0915131639621595
CGG,R,-0.027,G,0.1771665358686862
CGT,R,-0.444,T,0.06800153301787878
CTA,L,0.201,A,0.07463104531995998
CTC,L,0.256,C,0.07875546516620674
CTG,L,-0.223,G,0.07354321991111426
CTT,L,0.055,T,0.055190001245630255
TTA,L,0.121,A,0.041111675032749886
TTG,L,-0.318,G,0.05021535976268915
CCA,P,0.158,A,0.07168683512501384
CCC,P,0.204,C,0.11175054957535999
CCG,P,-0.139,G,0.11276747298618717
CCT,P,-0.193,T,0.07349369698724693
CAC,H,0.191,C,0.10093884783615542
CAT,H,-0.191,T,0.10093884783615542
CAA,Q,0.302,A,0.06545062859525383
CAG,Q,-0.302,G,0.06545062859525383
GTA,V,0.149,A,0.06388878629679778
GTC,V,-0.219,C,0.07589475257918411
GTG,V,0.017,G,0.06460334031487273
GTT,V,-0.007,T,0.05646275322506729
GCA,A,-0.014,A,0.051792897736476176
GCC,A,-0.036,C,0.07528613740994708
GCG,A,-0.14,G,0.07632561746596796
GCT,A,0.104,T,0.05391432871265785
GAC,D,0.115,C,0.07722287193110895
GAT,D,-0.115,T,0.07722287193110895
GAA,E,0.279,A,0.07445966096316536
GAG,E,-0.279,G,0.07445966096316536
GGA,G,0.203,A,0.07962529536955122
GGC,G,0.348,C,0.08225857089312429
GGG,G,-0.29,G,0.11066098031575088
GGT,G,-0.247,T,0.06609476922206868
TTC,F,-0.109,C,0.07525266819877922
TTT,F,0.109,T,0.07525266819877922
TAC,Y,0.281,C,0.09727030091018987
TAT,Y,-0.281,T,0.09727030091018987
TGC,C,0.227,C,0.1496414380380259
TGT,C,-0.227,T,0.14964143803802593
