codon,amino_acid,Actinomyces,third_nucl,standard_error
ATA,I,0.152,A,0.14615463343552598
ATC,I,-0.322,C,0.08676635169968862
ATT,I,0.344,T,0.09829049908918269
ACA,T,0.79,A,0.10986105063434873
ACC,T,-0.463,C,0.0572292716514202
ACG,T,-0.073,G,0.06770376172952548
ACT,T,0.71,T,0.0968720752061426
AAC,N,0.086,C,0.11311815955079994
AAT,N,-0.086,T,0.11311815955079994
AAA,K,0.495,A,0.1325465618433548
AAG,K,-0.495,G,0.1325465618433548
AGC,S,0.319,C,0.07292213856302203
AGT,S,0.536,T,0.11193301315000763
TCA,S,0.443,A,0.11681232196958778
TCC,S,-0.405,C,0.06083684250889272
TCG,S,-0.403,G,0.07636128826525673
TCT,S,0.435,T,0.11692943807492849
AGA,R,1.186,A,0.16879700226631655
AGG,R,0.574,G,0.11594167216172317
CGA,R,0.581,A,0.11073011506292241
CGC,R,-0.236,C,0.05450216929890694
CGG,R,-0.365,G,0.0661101633281587
CGT,R,0.111,T,0.07469886666582186
CTA,L,0.459,A,0.12187120483079614
CTC,L,0.508,C,0.05871485968760749
CTG,L,-0.745,G,0.05127703698142296
CTT,L,0.398,T,0.09385001629576861
TTA,L,1.046,A,0.2302747412952768
TTG,L,0.31,G,0.0835955590611075
CCA,P,0.623,A,0.1156846396072535
CCC,P,0.133,C,0.06145466337181109
CCG,P,-0.508,G,0.06358029986635809
CCT,P,0.447,T,0.11008235380129335
CAC,H,-0.054,C,0.12222275571200453
CAT,H,0.054,T,0.12222275571200451
CAA,Q,0.532,A,0.12321920635099494
CAG,Q,-0.532,G,0.12321920635099494
GTA,V,0.041,A,0.10011586480869446
GTC,V,-0.109,C,0.054134003200990086
GTG,V,-0.001,G,0.051788481214995394
GTT,V,0.251,T,0.08671610304215838
GCA,A,0.829,A,0.0691376765856215
GCC,A,-0.355,C,0.0435739118247976
GCG,A,-0.202,G,0.05049283512173918
GCT,A,0.446,T,0.07239055758649975
GAC,D,-0.322,C,0.07211293186503476
GAT,D,0.322,T,0.07211293186503476
GAA,E,0.542,A,0.08273187511394085
GAG,E,-0.542,G,0.08273187511394085
GGA,G,0.435,A,0.08270574319671778
GGC,G,-0.188,C,0.058587770459969754
GGG,G,-0.294,G,0.0760993621564387
GGT,G,0.276,T,0.07816199943983478
TTC,F,-0.618,C,0.1620608113782052
TTT,F,0.618,T,0.1620608113782052
TAC,Y,-0.163,C,0.1361093890713203
TAT,Y,0.163,T,0.13610938907132034
TGC,C,-0.612,C,0.23756956273262692
TGT,C,0.612,T,0.23756956273262692
