codon,amino_acid,Actinoplanes,third_nucl,standard_error
ATA,I,1.195,A,0.18285562871735764
ATC,I,-1.163,C,0.08791316312999949
ATT,I,1.106,T,0.09866048877040937
ACA,T,1.142,A,0.08160818834808752
ACC,T,-0.579,C,0.0350452653838182
ACG,T,0.117,G,0.03834023974842334
ACT,T,0.946,T,0.07766595080974528
AAC,N,-0.917,C,0.1052951045111133
AAT,N,0.917,T,0.1052951045111133
AAA,K,0.285,A,0.07552155770473129
AAG,K,-0.285,G,0.07552155770473129
AGC,S,0.104,C,0.04243455703337138
AGT,S,0.656,T,0.06914235693192614
TCA,S,0.735,A,0.09096762232346281
TCC,S,-0.22,C,0.04202242160084509
TCG,S,-0.54,G,0.04275337848206575
TCT,S,1.341,T,0.12458834351731037
AGA,R,1.757,A,0.12328470613945967
AGG,R,1.02,G,0.08858237999774504
CGA,R,1.026,A,0.06287565416377419
CGC,R,-0.19,C,0.03265643544070018
CGG,R,-0.708,G,0.03178218001657663
CGT,R,0.56,T,0.048007610203580034
CTA,L,0.661,A,0.10761319164898865
CTC,L,0.148,C,0.03075667366284123
CTG,L,-0.656,G,0.02848666680832922
CTT,L,1.204,T,0.07648336713424617
TTA,L,0.995,A,0.2199506335787241
TTG,L,0.836,G,0.05200620820703766
CCA,P,0.709,A,0.07718770197626451
CCC,P,0.272,C,0.039485699878879905
CCG,P,-0.667,G,0.03714864110228172
CCT,P,1.296,T,0.09295505933445161
CAC,H,-0.647,C,0.07904259879287201
CAT,H,0.647,T,0.07904259879287201
CAA,Q,0.849,A,0.08470518940930306
CAG,Q,-0.849,G,0.08470518940930306
GTA,V,0.536,A,0.07846395933548186
GTC,V,-0.678,C,0.029500488823404454
GTG,V,0.401,G,0.028936071934906257
GTT,V,0.852,T,0.0675471434543509
GCA,A,0.907,A,0.05218241011891423
GCC,A,-0.35,C,0.025941268067037507
GCG,A,-0.176,G,0.027555122810955873
GCT,A,0.918,T,0.0494898188311446
GAC,D,-0.94,C,0.04951370368159796
GAT,D,0.94,T,0.04951370368159796
GAA,E,0.629,A,0.045364556448667916
GAG,E,-0.629,G,0.045364556448667916
GGA,G,0.899,A,0.05453348415095872
GGC,G,-0.548,C,0.033338404013429704
GGG,G,0.125,G,0.04055933770493133
GGT,G,0.207,T,0.04198440394023167
TTC,F,-1.326,C,0.11976131066526365
TTT,F,1.326,T,0.11976131066526365
TAC,Y,-0.786,C,0.0949419812756538
TAT,Y,0.786,T,0.0949419812756538
TGC,C,-0.552,C,0.13887649545353659
TGT,C,0.552,T,0.13887649545353659
