codon,amino_acid,Actinobacillus,third_nucl,standard_error
ATA,I,0.362,A,0.126320822340439
ATC,I,-0.255,C,0.07545475262769127
ATT,I,0.105,T,0.07009736536579741
ACA,T,0.64,A,0.08556707997244312
ACC,T,-0.381,C,0.08808941033616398
ACG,T,-0.459,G,0.10047862310768135
ACT,T,0.034,T,0.08426743403034832
AAC,N,0.243,C,0.08914266804966002
AAT,N,-0.243,T,0.08914266804966003
AAA,K,0.285,A,0.09971879313541296
AAG,K,-0.285,G,0.09971879313541296
AGC,S,-0.192,C,0.09577932375295485
AGT,S,-0.033,T,0.08985716556843788
TCA,S,0.235,A,0.08551102381742356
TCC,S,0.062,C,0.1490789000100319
TCG,S,-0.699,G,0.12077587431719355
TCT,S,0.338,T,0.0931477095092847
AGA,R,1.001,A,0.13494241134458654
AGG,R,0.655,G,0.3481222124283013
CGA,R,0.097,A,0.136280128032774
CGC,R,-0.331,C,0.12152283369391113
CGG,R,0.199,G,0.2954626369793872
CGT,R,-0.41,T,0.09213355812201693
CTA,L,0.235,A,0.09970187264963963
CTC,L,0.423,C,0.11066976603485827
CTG,L,-0.211,G,0.11626321204810647
CTT,L,0.554,T,0.07590625420062305
TTA,L,-0.166,A,0.05432076984506095
TTG,L,-0.621,G,0.0855596540468148
CCA,P,0.5,A,0.10867085139358006
CCC,P,1.061,C,0.21378654020127036
CCG,P,-1.337,G,0.10869318480577489
CCT,P,0.739,T,0.1142722477274097
CAC,H,-0.315,C,0.1391850005505707
CAT,H,0.315,T,0.1391850005505707
CAA,Q,0.421,A,0.10856812020204644
CAG,Q,-0.421,G,0.10856812020204644
GTA,V,-0.032,A,0.0808829858527379
GTC,V,0.073,C,0.11787884488934182
GTG,V,-0.5,G,0.08920688053997565
GTT,V,0.433,T,0.0815087259431156
GCA,A,0.317,A,0.06944883116738108
GCC,A,0.018,C,0.10171218938453337
GCG,A,-0.772,G,0.08466439345704424
GCT,A,0.328,T,0.08137453409404657
GAC,D,0.13,C,0.11083412906906177
GAT,D,-0.13,T,0.11083412906906177
GAA,E,0.462,A,0.10827293243786376
GAG,E,-0.462,G,0.10827293243786376
GGA,G,0.457,A,0.1224901500272487
GGC,G,0.144,C,0.09595084910121088
GGG,G,-0.097,G,0.1620629335925163
GGT,G,-0.331,T,0.09027850196744133
TTC,F,-0.67,C,0.09201444556372901
TTT,F,0.67,T,0.09201444556372902
TAC,Y,0.044,C,0.1224473352737818
TAT,Y,-0.044,T,0.1224473352737818
TGC,C,-0.023,C,0.21126651021768547
TGT,C,0.023,T,0.21126651021768547
