codon,amino_acid,Actinocatenispora,third_nucl,standard_error
ATA,I,0.92,A,0.25889875165830556
ATC,I,-1.263,C,0.14641085333903361
ATT,I,1.365,T,0.1757829248255035
ACA,T,1.428,A,0.12752623400859547
ACC,T,-0.578,C,0.04334056877325775
ACG,T,0.203,G,0.04543861752493194
ACT,T,1.417,T,0.15436976013177398
AAC,N,-1.437,C,0.21766339488805336
AAT,N,1.437,T,0.21766339488805334
AAA,K,1.23,A,0.1756093396947545
AAG,K,-1.23,G,0.1756093396947545
AGC,S,0.156,C,0.049678124718082826
AGT,S,1.426,T,0.12479569361928664
TCA,S,1.303,A,0.176025901247924
TCC,S,-0.212,C,0.053429612937316316
TCG,S,-0.541,G,0.049828539979455626
TCT,S,1.469,T,0.22794758474906077
AGA,R,2.306,A,0.2543382139169947
AGG,R,1.249,G,0.1096748162838213
CGA,R,1.342,A,0.07968984824839549
CGC,R,-0.254,C,0.036870845914201415
CGG,R,-0.582,G,0.035398741655012826
CGT,R,0.787,T,0.07014725413954101
CTA,L,0.719,A,0.21618392502317474
CTC,L,-0.008,C,0.0399105231363308
CTG,L,-0.46,G,0.03628771592431231
CTT,L,1.442,T,0.13799598019811973
TTA,L,1.546,A,0.46089760519882705
TTG,L,1.04,G,0.0695741846360843
CCA,P,1.115,A,0.10340724187521962
CCC,P,0.437,C,0.04957851662269806
CCG,P,-0.812,G,0.04586298376916305
CCT,P,1.654,T,0.16182344550362174
CAC,H,-0.942,C,0.11277114885698446
CAT,H,0.942,T,0.11277114885698446
CAA,Q,0.711,A,0.121103888112419
CAG,Q,-0.711,G,0.121103888112419
GTA,V,0.329,A,0.08019834130133724
GTC,V,-0.633,C,0.03593769873190024
GTG,V,0.435,G,0.03461377811992772
GTT,V,0.83,T,0.10923045868958746
GCA,A,1.436,A,0.07022452246429715
GCC,A,-0.283,C,0.030035233999027893
GCG,A,-0.225,G,0.03007798531970148
GCT,A,1.445,T,0.09600242927177206
GAC,D,-0.925,C,0.06738187240872881
GAT,D,0.925,T,0.06738187240872881
GAA,E,0.746,A,0.06312445284726392
GAG,E,-0.746,G,0.06312445284726391
GGA,G,1.277,A,0.08014821805175147
GGC,G,-0.56,C,0.037749335653717644
GGG,G,0.018,G,0.044572474457061736
GGT,G,0.443,T,0.05206221229826245
TTC,F,-1.595,C,0.21504866757172134
TTT,F,1.595,T,0.21504866757172134
TAC,Y,-1.143,C,0.16106883797880353
TAT,Y,1.143,T,0.16106883797880353
TGC,C,-1.064,C,0.2169019687910784
TGT,C,1.064,T,0.2169019687910784
