codon,amino_acid,Actinotignum,third_nucl,standard_error
ATA,I,1.018,A,0.2206520677545034
ATC,I,-0.42,C,0.09172689922487615
ATT,I,0.219,T,0.09128982584499408
ACA,T,1.571,A,0.15233490373631325
ACC,T,-1.012,C,0.08247726353586957
ACG,T,0.003,G,0.09620077186145348
ACT,T,0.748,T,0.11981327465062522
AAC,N,-0.21,C,0.12397708595765831
AAT,N,0.21,T,0.1239770859576583
AAA,K,0.339,A,0.11736805074750606
AAG,K,-0.339,G,0.11736805074750604
AGC,S,0.012,C,0.09894836809242046
AGT,S,0.741,T,0.13429139252681446
TCA,S,1.095,A,0.18238560599629783
TCC,S,-0.727,C,0.08970763916127185
TCG,S,-0.422,G,0.10455975784483293
TCT,S,0.737,T,0.14106429265981446
AGA,R,2.179,A,0.3546369323611495
AGG,R,1.26,G,0.2636541975358639
CGA,R,1.042,A,0.17203458624514142
CGC,R,-0.641,C,0.07717863788603586
CGG,R,-0.359,G,0.09570533359003591
CGT,R,0.525,T,0.10188343365527551
CTA,L,0.517,A,0.15516643453589343
CTC,L,-0.502,C,0.0735647823102052
CTG,L,-0.548,G,0.07613757782268907
CTT,L,0.857,T,0.09952635115867199
TTA,L,1.235,A,0.19942637544948486
TTG,L,0.594,G,0.11630687441041423
CCA,P,1.293,A,0.19236201735328295
CCC,P,-0.021,C,0.09384491472230919
CCG,P,-0.686,G,0.09082358262990219
CCT,P,0.842,T,0.14548908364204552
CAC,H,-0.303,C,0.14435847953937628
CAT,H,0.303,T,0.14435847953937628
CAA,Q,0.665,A,0.13396959961631763
CAG,Q,-0.665,G,0.13396959961631763
GTA,V,0.555,A,0.1262275747931551
GTC,V,-0.277,C,0.09245181334459064
GTG,V,-0.185,G,0.0727595508881936
GTT,V,0.274,T,0.09379887624005118
GCA,A,1.099,A,0.0936134586000407
GCC,A,-0.485,C,0.06416128353526754
GCG,A,-0.393,G,0.06543842680663173
GCT,A,0.526,T,0.08278472101306568
GAC,D,-0.155,C,0.09251005827870543
GAT,D,0.155,T,0.09251005827870543
GAA,E,0.005,A,0.0868312111595245
GAG,E,-0.005,G,0.0868312111595245
GGA,G,0.942,A,0.11082524161120318
GGC,G,-0.312,C,0.0823822491335029
GGG,G,-0.522,G,0.09992194784117191
GGT,G,0.238,T,0.09917260136319517
TTC,F,-0.94,C,0.1343850097668208
TTT,F,0.94,T,0.1343850097668208
TAC,Y,-0.554,C,0.1495169230666459
TAT,Y,0.554,T,0.1495169230666459
TGC,C,-1.653,C,0.34952356453710265
TGT,C,1.653,T,0.34952356453710265
