codon,amino_acid,Actinopolymorpha,third_nucl,standard_error
ATA,I,0.604,A,0.2636847350710388
ATC,I,-1.103,C,0.14197501053193837
ATT,I,1.246,T,0.16731785050366882
ACA,T,1.067,A,0.10271025257660699
ACC,T,-0.354,C,0.04453972524394739
ACG,T,-0.051,G,0.047136721232728156
ACT,T,0.893,T,0.12094927040046019
AAC,N,-0.667,C,0.18268832034389035
AAT,N,0.667,T,0.18268832034389035
AAA,K,0.669,A,0.14985477235476735
AAG,K,-0.669,G,0.14985477235476735
AGC,S,0.244,C,0.05352743738522796
AGT,S,0.777,T,0.10579630856047073
TCA,S,0.539,A,0.13916926679827088
TCC,S,-0.169,C,0.05220488141381991
TCG,S,-0.534,G,0.0531040468633119
TCT,S,1.105,T,0.16969378386120193
AGA,R,1.907,A,0.18232873431725827
AGG,R,0.676,G,0.07818215456403109
CGA,R,1.034,A,0.0741316216411264
CGC,R,-0.264,C,0.040632646280117646
CGG,R,-0.638,G,0.040789665209260945
CGT,R,0.465,T,0.06298745740324423
CTA,L,0.906,A,0.1900692861163585
CTC,L,0.066,C,0.04015256816066585
CTG,L,-0.474,G,0.03852202196510722
CTT,L,0.782,T,0.08784958659295737
TTA,L,1.456,A,0.5720923542458708
TTG,L,0.781,G,0.07515163087944891
CCA,P,0.558,A,0.09351044186891906
CCC,P,0.221,C,0.04759281084788461
CCG,P,-0.566,G,0.04545922346438413
CCT,P,0.954,T,0.09974136219988294
CAC,H,-0.633,C,0.11206120334754613
CAT,H,0.633,T,0.11206120334754613
CAA,Q,0.589,A,0.11877098869982398
CAG,Q,-0.589,G,0.11877098869982398
GTA,V,0.18,A,0.08618962401608055
GTC,V,-0.561,C,0.036960769205102814
GTG,V,0.413,G,0.03612382872353968
GTT,V,0.494,T,0.08482222330128257
GCA,A,0.877,A,0.060287747219697624
GCC,A,-0.233,C,0.033639520407002056
GCG,A,-0.279,G,0.03440609602287682
GCT,A,0.934,T,0.07337758901903982
GAC,D,-0.926,C,0.0809405839719274
GAT,D,0.926,T,0.0809405839719274
GAA,E,0.634,A,0.06126876588449376
GAG,E,-0.634,G,0.06126876588449375
GGA,G,0.764,A,0.06377820867854649
GGC,G,-0.463,C,0.040974471890644244
GGG,G,-0.018,G,0.050151324409845405
GGT,G,0.289,T,0.05543113865550155
TTC,F,-1.481,C,0.2011475190289795
TTT,F,1.481,T,0.2011475190289795
TAC,Y,-0.58,C,0.16461103507692942
TAT,Y,0.58,T,0.16461103507692942
TGC,C,-0.543,C,0.17860060819329385
TGT,C,0.543,T,0.17860060819329385
