codon,amino_acid,Acutalibacter,third_nucl,standard_error
ATA,I,0.046,A,0.05693433216268803
ATC,I,-0.156,C,0.056931133816976204
ATT,I,0.131,T,0.06235924672649104
ACA,T,0.835,A,0.07622778241457485
ACC,T,-0.5,C,0.06195145250081813
ACG,T,-0.298,G,0.07806338784931723
ACT,T,0.231,T,0.09127924322377703
AAC,N,-0.395,C,0.07253206591845793
AAT,N,0.395,T,0.07253206591845793
AAA,K,0.978,A,0.05633908790590156
AAG,K,-0.978,G,0.05633908790590156
AGC,S,0.063,C,0.06287500940280154
AGT,S,0.631,T,0.10122231863666342
TCA,S,0.683,A,0.10172066864466131
TCC,S,-0.535,C,0.07066216277592963
TCG,S,-0.373,G,0.10381191217864554
TCT,S,-0.024,T,0.096906110602782
AGA,R,1.221,A,0.08903319541672469
AGG,R,-0.012,G,0.07086635786670305
CGA,R,0.581,A,0.1228213137203271
CGC,R,-0.254,C,0.06660832058969315
CGG,R,-0.859,G,0.06892868682445942
CGT,R,0.305,T,0.09999361447042615
CTA,L,0.719,A,0.10621689932687083
CTC,L,-0.457,C,0.06718274237960922
CTG,L,-0.51,G,0.0461958434613527
CTT,L,-0.011,T,0.05703040636027924
TTA,L,0.957,A,0.08653639472957153
TTG,L,0.575,G,0.06592289004835265
CCA,P,0.91,A,0.10490147978886248
CCC,P,-0.461,C,0.07559200158441572
CCG,P,-0.216,G,0.0808459107411954
CCT,P,0.314,T,0.10254801549631548
CAC,H,-0.415,C,0.11183245612295958
CAT,H,0.415,T,0.1118324561229596
CAA,Q,0.86,A,0.09149893473374218
CAG,Q,-0.86,G,0.09149893473374218
GTA,V,0.664,A,0.07208676953559225
GTC,V,-0.146,C,0.07079926313921941
GTG,V,-0.52,G,0.056851501476992146
GTT,V,0.354,T,0.07576944150227817
GCA,A,0.932,A,0.06718823722035533
GCC,A,-0.713,C,0.05398231932282692
GCG,A,-0.133,G,0.060146588035652336
GCT,A,0.42,T,0.07444367162925222
GAC,D,-0.516,C,0.06706891777340959
GAT,D,0.516,T,0.06706891777340959
GAA,E,0.963,A,0.056737469267580505
GAG,E,-0.963,G,0.056737469267580505
GGA,G,0.738,A,0.07711410074535509
GGC,G,-0.231,C,0.058407494082191126
GGG,G,-0.48,G,0.07183986871373142
GGT,G,0.353,T,0.08859388352717634
TTC,F,-0.55,C,0.07268997843880641
TTT,F,0.55,T,0.07268997843880641
TAC,Y,-0.151,C,0.07493099799603925
TAT,Y,0.151,T,0.07493099799603925
TGC,C,-0.598,C,0.12497255280633021
TGT,C,0.598,T,0.12497255280633021
