codon,amino_acid,Adhaeretor,third_nucl,standard_error
ATA,I,0.483,A,0.09582816809467126
ATC,I,-0.394,C,0.05549496861539703
ATT,I,0.238,T,0.056969204112644535
ACA,T,0.446,A,0.06572639110546379
ACC,T,-0.068,C,0.05360932624763649
ACG,T,-0.728,G,0.057709431535083205
ACT,T,0.516,T,0.06217683200598455
AAC,N,0.005,C,0.06665724111959788
AAT,N,-0.005,T,0.06665724111959788
AAA,K,0.709,A,0.060095298068035964
AAG,K,-0.709,G,0.06009529806803596
AGC,S,-0.424,C,0.055094329568924
AGT,S,-0.033,T,0.06575027702723997
TCA,S,0.49,A,0.07209343106513927
TCC,S,0.279,C,0.06374042491897426
TCG,S,-0.452,G,0.05919479029100991
TCT,S,0.515,T,0.07160463414804841
AGA,R,1.093,A,0.0961385011655784
AGG,R,-0.112,G,0.12048820489987055
CGA,R,0.429,A,0.06404541269616687
CGC,R,-0.367,C,0.05398044018144503
CGG,R,-0.752,G,0.08112367640163239
CGT,R,0.038,T,0.06216858592970888
CTA,L,0.275,A,0.05977171607194487
CTC,L,-0.011,C,0.04504403082759644
CTG,L,-0.443,G,0.04722954079441891
CTT,L,0.311,T,0.05370313357503468
TTA,L,0.425,A,0.07728868828065903
TTG,L,-0.133,G,0.04936779574523008
CCA,P,0.302,A,0.06717228542164183
CCC,P,0.076,C,0.05975972213675979
CCG,P,-0.693,G,0.06312315722723995
CCT,P,0.385,T,0.0666897320616705
CAC,H,-0.138,C,0.08641770431899022
CAT,H,0.138,T,0.08641770431899022
CAA,Q,0.613,A,0.06597428888046354
CAG,Q,-0.613,G,0.06597428888046354
GTA,V,0.187,A,0.07264056420396808
GTC,V,-0.211,C,0.054886204260149375
GTG,V,-0.134,G,0.052534292425664014
GTT,V,0.286,T,0.05815409773106925
GCA,A,0.273,A,0.050615999680733076
GCC,A,0.075,C,0.045273541314424896
GCG,A,-0.646,G,0.05460807128795935
GCT,A,0.223,T,0.05079647556950165
GAC,D,0.058,C,0.057951579701731946
GAT,D,-0.058,T,0.057951579701731946
GAA,E,0.71,A,0.05887053816330648
GAG,E,-0.71,G,0.05887053816330648
GGA,G,0.421,A,0.06980649257510878
GGC,G,-0.13,C,0.05769087510938797
GGG,G,-0.415,G,0.08851160684223043
GGT,G,0.062,T,0.06802377897259511
TTC,F,-0.263,C,0.06709547477589975
TTT,F,0.263,T,0.06709547477589975
TAC,Y,0.02,C,0.0887870504597929
TAT,Y,-0.02,T,0.0887870504597929
TGC,C,-0.407,C,0.12244313781371985
TGT,C,0.407,T,0.12244313781371985
