codon,amino_acid,Adlercreutzia,third_nucl,standard_error
ATA,I,0.893,A,0.15266430005331297
ATC,I,-0.832,C,0.08671820608990773
ATT,I,0.641,T,0.09562239907157344
ACA,T,0.839,A,0.14370206311967895
ACC,T,-0.251,C,0.07372357470506291
ACG,T,-0.382,G,0.07699173786312977
ACT,T,0.925,T,0.12879135613354672
AAC,N,-0.199,C,0.12037885447771829
AAT,N,0.199,T,0.12037885447771829
AAA,K,0.984,A,0.10912922423543833
AAG,K,-0.984,G,0.10912922423543832
AGC,S,0.416,C,0.08084029169865056
AGT,S,0.58,T,0.1608786939357072
TCA,S,0.983,A,0.18854194576129363
TCC,S,-0.598,C,0.08161717166118955
TCG,S,-0.465,G,0.0853436957017127
TCT,S,0.624,T,0.13572611415948732
AGA,R,1.493,A,0.17768177714881575
AGG,R,1.248,G,0.15835483832810127
CGA,R,0.82,A,0.14159904624366415
CGC,R,-0.911,C,0.0719375604070084
CGG,R,-0.085,G,0.10462436670217715
CGT,R,0.249,T,0.11088771247308644
CTA,L,0.495,A,0.1887145385450023
CTC,L,-0.296,C,0.0666463414828315
CTG,L,-0.398,G,0.06249281955142859
CTT,L,0.236,T,0.0844339445547027
TTA,L,0.615,A,0.21432034151724264
TTG,L,0.781,G,0.08670539346048445
CCA,P,0.848,A,0.20170408394016925
CCC,P,-0.346,C,0.08709485872104195
CCG,P,-0.115,G,0.09071925646021929
CCT,P,0.663,T,0.13430109251287697
CAC,H,-0.63,C,0.13593408348153366
CAT,H,0.63,T,0.13593408348153366
CAA,Q,0.991,A,0.13110694669891904
CAG,Q,-0.991,G,0.13110694669891906
GTA,V,0.608,A,0.1234249236746267
GTC,V,-0.03,C,0.0723748392434196
GTG,V,-0.494,G,0.0639766936387579
GTT,V,0.809,T,0.0999521616039007
GCA,A,1.369,A,0.09357845541059107
GCC,A,-0.774,C,0.055001239317253016
GCG,A,-0.027,G,0.05854630752273279
GCT,A,0.57,T,0.08004537210006746
GAC,D,-0.671,C,0.07755692193858957
GAT,D,0.671,T,0.07755692193858957
GAA,E,1.064,A,0.07608126140091145
GAG,E,-1.064,G,0.07608126140091145
GGA,G,1.298,A,0.10175759224086854
GGC,G,-0.912,C,0.07174187903993434
GGG,G,0.234,G,0.09034310634199302
GGT,G,0.264,T,0.1133040124118026
TTC,F,-0.804,C,0.1169836039412662
TTT,F,0.804,T,0.1169836039412662
TAC,Y,-0.335,C,0.1272928484440466
TAT,Y,0.335,T,0.1272928484440466
TGC,C,-0.655,C,0.23015184032129485
TGT,C,0.655,T,0.23015184032129485
