codon,amino_acid,Advenella,third_nucl,standard_error
ATA,I,0.722,A,0.08397284990946918
ATC,I,-0.307,C,0.054277650606336436
ATT,I,-0.018,T,0.05344665720090881
ACA,T,0.673,A,0.06573945092538473
ACC,T,-0.464,C,0.054554820377909714
ACG,T,-0.494,G,0.061668289353987736
ACT,T,0.682,T,0.07892653297588163
AAC,N,-0.103,C,0.06827784039359305
AAT,N,0.103,T,0.06827784039359305
AAA,K,0.715,A,0.06457685491195951
AAG,K,-0.715,G,0.06457685491195951
AGC,S,-0.384,C,0.06160048602840418
AGT,S,0.205,T,0.07260794505789214
TCA,S,0.382,A,0.07134992546032713
TCC,S,-0.016,C,0.06459791877874292
TCG,S,-0.535,G,0.06987708199014343
TCT,S,0.517,T,0.07501568652551402
AGA,R,1.046,A,0.1032434093779447
AGG,R,-0.001,G,0.11901790026918398
CGA,R,0.314,A,0.09171610016009918
CGC,R,-0.358,C,0.0577220434802152
CGG,R,-0.445,G,0.08148947934216827
CGT,R,0.133,T,0.06384943545400937
CTA,L,0.784,A,0.1005013400542567
CTC,L,0.288,C,0.06832713079732626
CTG,L,-1.065,G,0.042652522931216415
CTT,L,0.722,T,0.06172514659192049
TTA,L,1.06,A,0.08381713997560451
TTG,L,0.283,G,0.054717603787879474
CCA,P,0.322,A,0.08085887310567282
CCC,P,0.077,C,0.06673372149677562
CCG,P,-0.766,G,0.0685045148972968
CCT,P,0.578,T,0.07591557740918237
CAC,H,0.169,C,0.08925422587389414
CAT,H,-0.169,T,0.08925422587389416
CAA,Q,0.875,A,0.06644713444714881
CAG,Q,-0.875,G,0.06644713444714881
GTA,V,0.411,A,0.0658113488748873
GTC,V,-0.017,C,0.05953165156136428
GTG,V,-0.588,G,0.055038119296765775
GTT,V,0.403,T,0.06054788833699931
GCA,A,0.482,A,0.05124684337419513
GCC,A,-0.352,C,0.04663748252726365
GCG,A,-0.398,G,0.05366911737915746
GCT,A,0.446,T,0.059908523204145844
GAC,D,-0.128,C,0.06174882515189534
GAT,D,0.128,T,0.061748825151895344
GAA,E,0.696,A,0.07090377967015205
GAG,E,-0.696,G,0.07090377967015205
GGA,G,0.693,A,0.08028783061616329
GGC,G,-0.334,C,0.059664777818739204
GGG,G,-0.123,G,0.08924144551479897
GGT,G,0.035,T,0.06566922819788079
TTC,F,-0.214,C,0.06793819799826742
TTT,F,0.214,T,0.06793819799826742
TAC,Y,0.028,C,0.08802428988489203
TAT,Y,-0.028,T,0.08802428988489201
TGC,C,-0.256,C,0.152190620707414
TGT,C,0.256,T,0.152190620707414
