codon,amino_acid,Aequoribacter,third_nucl,standard_error
ATA,I,0.419,A,0.09510584008318403
ATC,I,-0.297,C,0.06801650749181408
ATT,I,0.071,T,0.06588489485096533
ACA,T,0.851,A,0.08673412076096183
ACC,T,-0.472,C,0.07021471183064339
ACG,T,-0.398,G,0.07904853650147112
ACT,T,0.288,T,0.08965907166375663
AAC,N,-0.242,C,0.08522785998760507
AAT,N,0.242,T,0.08522785998760507
AAA,K,0.407,A,0.07722180392303647
AAG,K,-0.407,G,0.07722180392303647
AGC,S,-0.031,C,0.0715693043402114
AGT,S,0.263,T,0.08072968002628708
TCA,S,0.242,A,0.08553019751496498
TCC,S,0.091,C,0.10955956215844544
TCG,S,-0.586,G,0.0807595691841437
TCT,S,0.115,T,0.0868564221294278
AGA,R,1.013,A,0.11773862268851847
AGG,R,0.261,G,0.16865634909360042
CGA,R,0.317,A,0.08913249211707468
CGC,R,-0.42,C,0.07364454329311908
CGG,R,-0.436,G,0.12634699969073232
CGT,R,-0.166,T,0.08159613279723811
CTA,L,0.282,A,0.08059860334355026
CTC,L,-0.089,C,0.07285309785427807
CTG,L,-0.37,G,0.06204274527423809
CTT,L,0.138,T,0.07367878623940774
TTA,L,0.47,A,0.06349880569173953
TTG,L,-0.252,G,0.057842107460218846
CCA,P,0.397,A,0.09165170173659751
CCC,P,-0.192,C,0.08414531081688105
CCG,P,-0.298,G,0.10092972679255534
CCT,P,0.08,T,0.09199895608814694
CAC,H,0.004,C,0.11645160423467847
CAT,H,-0.004,T,0.11645160423467847
CAA,Q,0.314,A,0.08081555150696504
CAG,Q,-0.314,G,0.08081555150696504
GTA,V,0.233,A,0.07812807857012424
GTC,V,-0.302,C,0.0731474032128125
GTG,V,0.036,G,0.06407726763015677
GTT,V,0.051,T,0.07214101394707519
GCA,A,0.394,A,0.06560973723036014
GCC,A,-0.242,C,0.06223882885269048
GCG,A,-0.203,G,0.06135502291272698
GCT,A,0.119,T,0.0672310122047175
GAC,D,-0.104,C,0.07431452040411128
GAT,D,0.104,T,0.07431452040411128
GAA,E,0.815,A,0.07731003613416489
GAG,E,-0.815,G,0.07731003613416489
GGA,G,0.386,A,0.10229088153108745
GGC,G,-0.112,C,0.07391566290192408
GGG,G,-0.033,G,0.10605722634188168
GGT,G,-0.075,T,0.07777312906291396
TTC,F,-0.376,C,0.0900743045485241
TTT,F,0.376,T,0.0900743045485241
TAC,Y,-0.19,C,0.10615453709416868
TAT,Y,0.19,T,0.10615453709416868
TGC,C,-0.346,C,0.17544620031713662
TGT,C,0.346,T,0.17544620031713662
