codon,amino_acid,Aequorivita,third_nucl,standard_error
ATA,I,0.61,A,0.05466515084181521
ATC,I,0.157,C,0.06942409437056167
ATT,I,-0.624,T,0.05088670824852871
ACA,T,0.575,A,0.06709324826537498
ACC,T,0.001,C,0.07592124122909631
ACG,T,-0.441,G,0.10319554269298493
ACT,T,-0.449,T,0.07170393259448841
AAC,N,0.293,C,0.06522864787836752
AAT,N,-0.293,T,0.06522864787836752
AAA,K,0.177,A,0.06323021753939076
AAG,K,-0.177,G,0.06323021753939076
AGC,S,-0.145,C,0.0886538026219304
AGT,S,-0.289,T,0.08314730760970396
TCA,S,0.399,A,0.0725739821267697
TCC,S,0.389,C,0.09012704949932139
TCG,S,-0.198,G,0.12594291686063283
TCT,S,-0.315,T,0.07960490953753414
AGA,R,0.683,A,0.08877224203308527
AGG,R,0.114,G,0.1893778882820313
CGA,R,-0.071,A,0.12012096737632916
CGC,R,-0.17,C,0.12064548753026624
CGG,R,-0.2,G,0.2289223321592162
CGT,R,-0.835,T,0.11443749541236863
CTA,L,0.482,A,0.07311348248101382
CTC,L,0.535,C,0.09780054023212112
CTG,L,-0.187,G,0.10005278167597709
CTT,L,-0.167,T,0.05556105111309921
TTA,L,0.28,A,0.05107783272297078
TTG,L,-0.693,G,0.06025500595444411
CCA,P,-0.003,A,0.09289712123446082
CCC,P,0.593,C,0.12347349848385862
CCG,P,-0.2,G,0.14070542802935612
CCT,P,-0.3,T,0.10519304938755719
CAC,H,-0.12,C,0.12272727516913481
CAT,H,0.12,T,0.12272727516913481
CAA,Q,0.506,A,0.1062479882781819
CAG,Q,-0.506,G,0.10624798827818191
GTA,V,0.639,A,0.0709471591882828
GTC,V,0.818,C,0.13715758765975808
GTG,V,-0.433,G,0.09417118736480301
GTT,V,-0.576,T,0.06960385525059334
GCA,A,0.355,A,0.06831243366116636
GCC,A,0.118,C,0.08464080625237114
GCG,A,-0.195,G,0.10125564413683986
GCT,A,-0.41,T,0.0760153983354824
GAC,D,0.382,C,0.08371569403245763
GAT,D,-0.382,T,0.08371569403245763
GAA,E,0.117,A,0.09502153238174409
GAG,E,-0.117,G,0.09502153238174409
GGA,G,0.397,A,0.07916415316724637
GGC,G,-0.008,C,0.09276642030997051
GGG,G,-0.243,G,0.1560889048828838
GGT,G,-0.386,T,0.08834270775175879
TTC,F,0.163,C,0.07168119783801641
TTT,F,-0.163,T,0.07168119783801641
TAC,Y,0.505,C,0.08553482395742847
TAT,Y,-0.505,T,0.08553482395742847
TGC,C,-0.047,C,0.19343649311322492
TGT,C,0.047,T,0.19343649311322492
