codon,amino_acid,Aeromonas,third_nucl,standard_error
ATA,I,0.122,A,0.07874355956045664
ATC,I,-0.676,C,0.0568925990851845
ATT,I,0.786,T,0.06563325811075954
ACA,T,0.889,A,0.08753353295962693
ACC,T,-0.704,C,0.05800553245050235
ACG,T,0.057,G,0.08446466469910574
ACT,T,0.492,T,0.08153197647949526
AAC,N,-0.553,C,0.07529599826812246
AAT,N,0.553,T,0.07529599826812246
AAA,K,1.154,A,0.06229032554705116
AAG,K,-1.154,G,0.06229032554705116
AGC,S,-0.512,C,0.05617385659215552
AGT,S,0.448,T,0.0766163989181303
TCA,S,0.909,A,0.09848874799835826
TCC,S,-0.266,C,0.06257127494856807
TCG,S,-0.391,G,0.08522650041496709
TCT,S,0.722,T,0.08827664298911965
AGA,R,1.374,A,0.1132101319723602
AGG,R,0.237,G,0.11956912832796776
CGA,R,0.688,A,0.10873313693021043
CGC,R,-0.594,C,0.05691730955383547
CGG,R,-0.641,G,0.07732249449671999
CGT,R,0.389,T,0.06544135624618658
CTA,L,0.762,A,0.11570711587003621
CTC,L,-0.226,C,0.046841624395799066
CTG,L,-0.609,G,0.036724023262277375
CTT,L,0.636,T,0.07362893874158366
TTA,L,1.514,A,0.1233350949784744
TTG,L,0.601,G,0.05238841806989236
CCA,P,0.7,A,0.08999046446600589
CCC,P,0.03,C,0.06265137965131877
CCG,P,-0.663,G,0.06660821786355041
CCT,P,0.453,T,0.08999353211257166
CAC,H,-0.29,C,0.08522771722215461
CAT,H,0.29,T,0.08522771722215461
CAA,Q,1.308,A,0.068023601645825
CAG,Q,-1.308,G,0.068023601645825
GTA,V,0.581,A,0.07767062946529456
GTC,V,-0.072,C,0.05782873884607291
GTG,V,-0.639,G,0.05320904527777766
GTT,V,0.887,T,0.07752972848966962
GCA,A,0.802,A,0.0634753150709172
GCC,A,-0.385,C,0.045274173784607144
GCG,A,-0.395,G,0.058559489331384273
GCT,A,0.47,T,0.06700615015245201
GAC,D,-0.112,C,0.061209384114518435
GAT,D,0.112,T,0.061209384114518435
GAA,E,1.036,A,0.06099984151037153
GAG,E,-1.036,G,0.06099984151037153
GGA,G,1.042,A,0.08993380434883602
GGC,G,-0.463,C,0.0567688861470298
GGG,G,-0.151,G,0.0744980665140648
GGT,G,0.19,T,0.0639058804723541
TTC,F,-0.943,C,0.07070702865125188
TTT,F,0.943,T,0.07070702865125189
TAC,Y,-0.119,C,0.08645475153076979
TAT,Y,0.119,T,0.08645475153076979
TGC,C,-0.729,C,0.13013418739946342
TGT,C,0.729,T,0.13013418739946342
