codon,amino_acid,Aerococcus,third_nucl,standard_error
ATA,I,0.847,A,0.10567366451577849
ATC,I,-0.503,C,0.07807365680422848
ATT,I,0.001,T,0.07058871474756259
ACA,T,0.604,A,0.08383622679798829
ACC,T,-0.54,C,0.10498446901369815
ACG,T,-0.025,G,0.11515255421184874
ACT,T,-0.285,T,0.08939184023588452
AAC,N,-0.568,C,0.09060252831938077
AAT,N,0.568,T,0.09060252831938077
AAA,K,0.248,A,0.08439955729271101
AAG,K,-0.248,G,0.08439955729271101
AGC,S,0.068,C,0.12938050959752698
AGT,S,0.631,T,0.10331287198198566
TCA,S,-0.059,A,0.0904852367519925
TCC,S,-0.22,C,0.16362452795690746
TCG,S,0.105,G,0.17213707219464858
TCT,S,-0.518,T,0.10083313237575436
AGA,R,1.115,A,0.12094873180374911
AGG,R,-0.186,G,0.2515003153169005
CGA,R,0.419,A,0.14272912507436628
CGC,R,-0.083,C,0.13828872186047353
CGG,R,-0.772,G,0.16416782141886443
CGT,R,-0.707,T,0.10603373514902675
CTA,L,-0.401,A,0.10167640778024875
CTC,L,0.096,C,0.21365946096072996
CTG,L,-0.378,G,0.14949068130875742
CTT,L,-0.089,T,0.11206508935915224
TTA,L,0.269,A,0.0661976533269822
TTG,L,0.002,G,0.0815178036198112
CCA,P,0.251,A,0.12449748843522647
CCC,P,0.111,C,0.20608475915278346
CCG,P,-0.309,G,0.1966974634164727
CCT,P,-0.205,T,0.14078506947238587
CAC,H,-0.072,C,0.15839266495749302
CAT,H,0.072,T,0.15839266495749302
CAA,Q,0.015,A,0.12153926016196875
CAG,Q,-0.015,G,0.12153926016196875
GTA,V,0.589,A,0.0836260104379552
GTC,V,-0.378,C,0.1095824826629352
GTG,V,0.077,G,0.09381951544553367
GTT,V,-0.428,T,0.08429394309815558
GCA,A,0.799,A,0.08228151611568538
GCC,A,-0.62,C,0.10394334652861331
GCG,A,-0.222,G,0.11502514998313004
GCT,A,-0.295,T,0.08621356203031597
GAC,D,-0.41,C,0.09242477133734453
GAT,D,0.41,T,0.09242477133734453
GAA,E,0.054,A,0.09841459379097066
GAG,E,-0.054,G,0.09841459379097064
GGA,G,0.955,A,0.10725642907734609
GGC,G,-0.466,C,0.1169147014472245
GGG,G,-0.196,G,0.12197947231215886
GGT,G,-0.263,T,0.08925141736333095
TTC,F,-1.078,C,0.10872752806504123
TTT,F,1.078,T,0.10872752806504123
TAC,Y,-0.576,C,0.11208049918452147
TAT,Y,0.576,T,0.11208049918452147
TGC,C,-0.199,C,0.3008364595284415
TGT,C,0.199,T,0.3008364595284415
