codon,amino_acid,Aerosticca,third_nucl,standard_error
ATA,I,0.094,A,0.28777832309856755
ATC,I,-0.57,C,0.13591553978280463
ATT,I,0.67,T,0.1516982390784125
ACA,T,1.019,A,0.20510637996191616
ACC,T,-0.184,C,0.07453727123439215
ACG,T,-0.265,G,0.07980138799929659
ACT,T,1.161,T,0.17982009241774738
AAC,N,-0.122,C,0.12987753841216343
AAT,N,0.122,T,0.12987753841216343
AAA,K,1.26,A,0.12295806693831318
AAG,K,-1.26,G,0.12295806693831318
AGC,S,-0.391,C,0.07651127914498307
AGT,S,0.585,T,0.158980171384542
TCA,S,1.172,A,0.2849731016256158
TCC,S,0.665,C,0.08952249945748754
TCG,S,-0.68,G,0.08285992923225337
TCT,S,1.815,T,0.3345346590145671
AGA,R,2.742,A,0.5174826334143129
AGG,R,0.743,G,0.17565502217583623
CGA,R,1.149,A,0.14790409631012816
CGC,R,-0.323,C,0.058632716379331346
CGG,R,-0.578,G,0.07841955188122969
CGT,R,0.505,T,0.0830947755521633
CTA,L,0.727,A,0.2202039265774731
CTC,L,0.065,C,0.05460463494108277
CTG,L,-0.559,G,0.049570130494611425
CTT,L,1.142,T,0.1167256172795552
TTA,L,0.822,A,0.4538251830816633
TTG,L,0.582,G,0.08317869261964884
CCA,P,0.889,A,0.15014609325074524
CCC,P,0.449,C,0.07380352611559601
CCG,P,-0.884,G,0.069377775019772
CCT,P,1.025,T,0.14104347989166482
CAC,H,-0.099,C,0.10793345432093525
CAT,H,0.099,T,0.10793345432093523
CAA,Q,1.309,A,0.1202133810376258
CAG,Q,-1.309,G,0.12021338103762579
GTA,V,0.661,A,0.17536969365901864
GTC,V,0.395,C,0.06761624734842736
GTG,V,-0.725,G,0.06700471700568329
GTT,V,1.367,T,0.1721157827849392
GCA,A,1.029,A,0.0982565635468275
GCC,A,0.14,C,0.04856966045249939
GCG,A,-0.605,G,0.0521376193933976
GCT,A,0.733,T,0.12071984112024656
GAC,D,-0.296,C,0.08066085148850619
GAT,D,0.296,T,0.08066085148850619
GAA,E,0.941,A,0.08419940766051152
GAG,E,-0.941,G,0.08419940766051152
GGA,G,0.902,A,0.14197605520145326
GGC,G,-0.529,C,0.0747137955850128
GGG,G,-0.096,G,0.11331371877298602
GGT,G,0.57,T,0.09830893344950596
TTC,F,-0.872,C,0.12779911504260963
TTT,F,0.872,T,0.12779911504260963
TAC,Y,-0.208,C,0.1334944495957609
TAT,Y,0.208,T,0.1334944495957609
TGC,C,-0.62,C,0.24302153882203165
TGT,C,0.62,T,0.24302153882203165
