codon,amino_acid,Aeromicrobium,third_nucl,standard_error
ATA,I,0.963,A,0.527420433531454
ATC,I,-1.543,C,0.23361403999519956
ATT,I,1.646,T,0.2609160612747878
ACA,T,1.577,A,0.15931723318741953
ACC,T,0.041,C,0.05276858292520287
ACG,T,-0.604,G,0.05474603207619109
ACT,T,1.874,T,0.20348183837758602
AAC,N,-1.582,C,0.2547360435269804
AAT,N,1.582,T,0.2547360435269804
AAA,K,2.308,A,0.3371836723659973
AAG,K,-2.308,G,0.33718367236599733
AGC,S,0.293,C,0.06331085806849283
AGT,S,0.993,T,0.18672220756938682
TCA,S,1.248,A,0.17570708394947257
TCC,S,0.023,C,0.06480639596059021
TCG,S,-0.907,G,0.0633303892047883
TCT,S,2.322,T,0.2896152122026885
AGA,R,2.749,A,0.39046536884952365
AGG,R,0.956,G,0.12227587022841321
CGA,R,0.83,A,0.11038619230966845
CGC,R,-0.388,C,0.051832462039676994
CGG,R,-0.561,G,0.060857218006561145
CGT,R,0.605,T,0.07961937306460767
CTA,L,1.368,A,0.34420971987603877
CTC,L,0.036,C,0.046976991108752114
CTG,L,-0.335,G,0.0466700643626013
CTT,L,1.355,T,0.158980341283847
TTA,L,0.146,A,1.4144046536277588
TTG,L,0.772,G,0.12062178217967148
CCA,P,1.531,A,0.20177860375614418
CCC,P,0.3,C,0.06086503032455289
CCG,P,-0.837,G,0.061177733942856
CCT,P,1.483,T,0.14902063362422133
CAC,H,-1.266,C,0.1858007577574224
CAT,H,1.266,T,0.1858007577574224
CAA,Q,1.927,A,0.24799979802088795
CAG,Q,-1.927,G,0.24799979802088795
GTA,V,0.831,A,0.21604694192720614
GTC,V,-0.664,C,0.04646768789199931
GTG,V,0.515,G,0.04662826280472197
GTT,V,1.293,T,0.17585289248996855
GCA,A,1.262,A,0.08045077274752913
GCC,A,-0.034,C,0.04295114901077932
GCG,A,-0.676,G,0.04544660331524276
GCT,A,1.161,T,0.10024661130675432
GAC,D,-0.956,C,0.09842178101367195
GAT,D,0.956,T,0.09842178101367195
GAA,E,1.664,A,0.11702033522152117
GAG,E,-1.664,G,0.11702033522152117
GGA,G,1.14,A,0.08655850041849197
GGC,G,-0.629,C,0.056071827543673895
GGG,G,-0.033,G,0.07289771219664418
GGT,G,0.332,T,0.08094494640531465
TTC,F,-2.032,C,0.3200902249639445
TTT,F,2.032,T,0.3200902249639445
TAC,Y,-0.765,C,0.23417480651018038
TAT,Y,0.765,T,0.23417480651018036
TGC,C,-1.429,C,0.3509217212852129
TGT,C,1.429,T,0.3509217212852129
