codon,amino_acid,Agarivorans,third_nucl,standard_error
ATA,I,0.467,A,0.06774068271561988
ATC,I,-0.113,C,0.06172385100952579
ATT,I,-0.214,T,0.05325136457822203
ACA,T,0.723,A,0.07632095685124064
ACC,T,-0.63,C,0.06265263547388704
ACG,T,0.251,G,0.09902503684994955
ACT,T,0.02,T,0.06347518436493761
AAC,N,-0.275,C,0.06434551493679472
AAT,N,0.275,T,0.06434551493679472
AAA,K,0.109,A,0.05730626645413323
AAG,K,-0.109,G,0.057306266454133226
AGC,S,-0.208,C,0.054854379188077604
AGT,S,0.079,T,0.05848003571599366
TCA,S,0.233,A,0.06921960697057543
TCC,S,0.294,C,0.11447365566061234
TCG,S,-0.207,G,0.08206798672046857
TCT,S,0.017,T,0.06235161696173006
AGA,R,0.961,A,0.10362256154692155
AGG,R,0.219,G,0.14628790685552565
CGA,R,0.243,A,0.08974263758786324
CGC,R,-0.307,C,0.06977679979344593
CGG,R,-0.279,G,0.15113632062628643
CGT,R,-0.309,T,0.07053022237448688
CTA,L,-0.02,A,0.052234575529378345
CTC,L,0.275,C,0.08372287688923699
CTG,L,-0.155,G,0.061261727225875084
CTT,L,0.051,T,0.0542952798295826
TTA,L,0.052,A,0.04111908423564539
TTG,L,-0.091,G,0.04756655591578941
CCA,P,0.03,A,0.07426776640826722
CCC,P,0.152,C,0.09329281419888932
CCG,P,-0.222,G,0.09882095308716214
CCT,P,0.001,T,0.07503949621241097
CAC,H,-0.313,C,0.09596141535829418
CAT,H,0.313,T,0.09596141535829418
CAA,Q,0.101,A,0.06249157451395074
CAG,Q,-0.101,G,0.06249157451395074
GTA,V,-0.034,A,0.055268366462833146
GTC,V,0.29,C,0.10359110304541354
GTG,V,-0.133,G,0.05715178511672507
GTT,V,0.074,T,0.054842460098783075
GCA,A,0.361,A,0.05383723890256816
GCC,A,-0.098,C,0.054403237671530096
GCG,A,-0.274,G,0.06481272354723758
GCT,A,-0.063,T,0.05108553596786194
GAC,D,-0.088,C,0.06907130481657828
GAT,D,0.088,T,0.06907130481657828
GAA,E,0.483,A,0.06698623898902727
GAG,E,-0.483,G,0.06698623898902727
GGA,G,0.84,A,0.0889416053404623
GGC,G,-0.197,C,0.0651099512692077
GGG,G,-0.042,G,0.10706711087711285
GGT,G,-0.222,T,0.06528018192996979
TTC,F,-0.219,C,0.07789118777733742
TTT,F,0.219,T,0.07789118777733742
TAC,Y,-0.302,C,0.08322433090438734
TAT,Y,0.302,T,0.08322433090438734
TGC,C,0.246,C,0.135505690258237
TGT,C,-0.246,T,0.135505690258237
