codon,amino_acid,Aggregatibacter,third_nucl,standard_error
ATA,I,0.518,A,0.125576541328044
ATC,I,0.013,C,0.07644241000127927
ATT,I,-0.186,T,0.07122684410617591
ACA,T,0.799,A,0.0922653554495836
ACC,T,-0.442,C,0.08105325340710308
ACG,T,-0.399,G,0.10498577557639618
ACT,T,0.027,T,0.09218882919281077
AAC,N,-0.179,C,0.08860739326646884
AAT,N,0.179,T,0.08860739326646884
AAA,K,0.125,A,0.10034191706072945
AAG,K,-0.125,G,0.10034191706072945
AGC,S,-0.289,C,0.10519668661545935
AGT,S,-0.074,T,0.09559119279715338
TCA,S,0.821,A,0.10879851474080664
TCC,S,-0.404,C,0.10100695876210394
TCG,S,-0.32,G,0.14633048360704964
TCT,S,0.13,T,0.09562400476117017
AGA,R,1.37,A,0.15529942926370233
AGG,R,0.417,G,0.32954467357847084
CGA,R,0.526,A,0.16140348767502272
CGC,R,-0.293,C,0.10544164234367388
CGG,R,-0.63,G,0.2150150564752549
CGT,R,-0.425,T,0.09320596872292551
CTA,L,0.313,A,0.1068560257849857
CTC,L,0.397,C,0.11101943035448401
CTG,L,-0.399,G,0.1017735392434461
CTT,L,0.51,T,0.08431111398447788
TTA,L,0.204,A,0.05662485754062556
TTG,L,-0.836,G,0.0739157161939415
CCA,P,0.2,A,0.11382894032549794
CCC,P,0.559,C,0.16014994985833306
CCG,P,-0.944,G,0.10849795589196776
CCT,P,0.622,T,0.1143936462880612
CAC,H,-0.134,C,0.1347537348582088
CAT,H,0.134,T,0.1347537348582088
CAA,Q,0.387,A,0.1088358288338776
CAG,Q,-0.387,G,0.1088358288338776
GTA,V,0.242,A,0.09174668426979912
GTC,V,0.177,C,0.10785422439866843
GTG,V,-0.766,G,0.08717395919110443
GTT,V,0.462,T,0.08495856021177076
GCA,A,0.613,A,0.07741247892064052
GCC,A,-0.309,C,0.08393776054104701
GCG,A,-0.618,G,0.09464081156857287
GCT,A,0.124,T,0.09045806400307513
GAC,D,0.013,C,0.10127225325483093
GAT,D,-0.013,T,0.10127225325483093
GAA,E,0.318,A,0.10945484921039252
GAG,E,-0.318,G,0.10945484921039253
GGA,G,0.537,A,0.12797885860022767
GGC,G,-0.143,C,0.09438789173789192
GGG,G,-0.131,G,0.14949838711313743
GGT,G,-0.08,T,0.09287333965397403
TTC,F,-0.65,C,0.09616334198173118
TTT,F,0.65,T,0.09616334198173118
TAC,Y,0.013,C,0.11941993631244276
TAT,Y,-0.013,T,0.11941993631244276
TGC,C,0.09,C,0.19909031929229604
TGT,C,-0.09,T,0.19909031929229606
