codon,amino_acid,Aggregatimonas,third_nucl,standard_error
ATA,I,0.672,A,0.05575800850485778
ATC,I,-0.409,C,0.051015174504030564
ATT,I,-0.168,T,0.04881858269919941
ACA,T,1.059,A,0.07046612215796316
ACC,T,-0.613,C,0.05975636176899987
ACG,T,-0.331,G,0.07251890517278033
ACT,T,0.03,T,0.07809932779834418
AAC,N,0.031,C,0.06170112155987717
AAT,N,-0.031,T,0.06170112155987716
AAA,K,0.572,A,0.051633092454660315
AAG,K,-0.572,G,0.051633092454660315
AGC,S,-0.236,C,0.07629278105771992
AGT,S,0.026,T,0.07102471022122339
TCA,S,0.701,A,0.08097034387042569
TCC,S,-0.002,C,0.0731314394444552
TCG,S,-0.479,G,0.07819360484682965
TCT,S,0.048,T,0.0846782597981846
AGA,R,1.039,A,0.07756285397194519
AGG,R,-0.26,G,0.10167718112578006
CGA,R,0.289,A,0.09065647773400214
CGC,R,-0.75,C,0.10573958924683448
CGG,R,-0.728,G,0.12312183649728356
CGT,R,-0.635,T,0.09893900836442963
CTA,L,0.501,A,0.06438971593806372
CTC,L,0.065,C,0.06855643488534471
CTG,L,-0.591,G,0.06607008876249598
CTT,L,0.119,T,0.0550706989483359
TTA,L,0.639,A,0.0533647816710607
TTG,L,-0.661,G,0.04858236954629815
CCA,P,0.513,A,0.09771253461523441
CCC,P,0.031,C,0.08983799051515023
CCG,P,-0.371,G,0.09741574298382044
CCT,P,-0.159,T,0.09774527661416824
CAC,H,0.108,C,0.10893563813898316
CAT,H,-0.108,T,0.10893563813898316
CAA,Q,0.251,A,0.08216192885919021
CAG,Q,-0.251,G,0.08216192885919021
GTA,V,0.369,A,0.06009968615686866
GTC,V,-0.349,C,0.0767545673301654
GTG,V,-0.337,G,0.07509675001110713
GTT,V,0.082,T,0.0641944149140624
GCA,A,0.768,A,0.0637516111579621
GCC,A,-0.492,C,0.06178037511551376
GCG,A,-0.265,G,0.07407101407409404
GCT,A,-0.047,T,0.07489350591782398
GAC,D,0.11,C,0.07186679190712728
GAT,D,-0.11,T,0.07186679190712728
GAA,E,0.575,A,0.06862848031966196
GAG,E,-0.575,G,0.06862848031966196
GGA,G,0.754,A,0.06963620472125594
GGC,G,-0.205,C,0.07808417119492196
GGG,G,-0.379,G,0.0940925517377418
GGT,G,-0.391,T,0.07456119693732602
TTC,F,-0.09,C,0.0628688821189472
TTT,F,0.09,T,0.0628688821189472
TAC,Y,0.334,C,0.07529872295190901
TAT,Y,-0.334,T,0.07529872295190901
TGC,C,-0.155,C,0.15611347176336174
TGT,C,0.155,T,0.15611347176336177
