codon,amino_acid,Agrobacterium,third_nucl,standard_error
ATA,I,0.851,A,0.08668850249643491
ATC,I,-0.711,C,0.04750224156247035
ATT,I,0.52,T,0.051663248467054404
ACA,T,0.835,A,0.06694589155280063
ACC,T,-0.244,C,0.04345091629084219
ACG,T,-0.422,G,0.04575272725619455
ACT,T,0.748,T,0.08351566241139198
AAC,N,-0.162,C,0.0602934656008617
AAT,N,0.162,T,0.060293465600861705
AAA,K,1.185,A,0.05832983370872739
AAG,K,-1.185,G,0.05832983370872739
AGC,S,-0.107,C,0.0457693121254833
AGT,S,0.462,T,0.08629909291846027
TCA,S,0.688,A,0.08306342905442281
TCC,S,0.072,C,0.04726678896993392
TCG,S,-0.609,G,0.04741165779970237
TCT,S,0.745,T,0.08487265799699358
AGA,R,1.572,A,0.09560572621310948
AGG,R,0.269,G,0.08283027931948177
CGA,R,0.588,A,0.0802242519038015
CGC,R,-0.568,C,0.042120951601099244
CGG,R,-0.34,G,0.05621297495864932
CGT,R,0.222,T,0.05669457374728443
CTA,L,0.563,A,0.09332513027298536
CTC,L,-0.203,C,0.037556094663573826
CTG,L,-0.625,G,0.035569412930269516
CTT,L,0.403,T,0.04410555460321126
TTA,L,1.299,A,0.14309417351989914
TTG,L,0.688,G,0.04959103106174527
CCA,P,0.631,A,0.07715524405175612
CCC,P,0.427,C,0.05590282227530169
CCG,P,-0.86,G,0.050579313661808414
CCT,P,0.604,T,0.07994798372651883
CAC,H,0.066,C,0.07645851190124503
CAT,H,-0.066,T,0.07645851190124503
CAA,Q,0.84,A,0.06771526201175605
CAG,Q,-0.84,G,0.06771526201175605
GTA,V,0.735,A,0.08304471383573633
GTC,V,-0.541,C,0.042245179394161995
GTG,V,0.039,G,0.045878292692986954
GTT,V,0.524,T,0.054203337152478624
GCA,A,0.733,A,0.04569622151763557
GCC,A,-0.409,C,0.0343015650764654
GCG,A,-0.325,G,0.03746695942823272
GCT,A,0.582,T,0.05105887472256862
GAC,D,-0.024,C,0.045922203241131464
GAT,D,0.024,T,0.045922203241131464
GAA,E,0.649,A,0.04936978221165724
GAG,E,-0.649,G,0.04936978221165724
GGA,G,0.935,A,0.06523028806803806
GGC,G,-0.657,C,0.044528050200127636
GGG,G,0.213,G,0.06778213851058075
GGT,G,0.236,T,0.05739377194601646
TTC,F,-0.774,C,0.05894212138875873
TTT,F,0.774,T,0.05894212138875873
TAC,Y,0.063,C,0.07709310150845836
TAT,Y,-0.063,T,0.07709310150845836
TGC,C,-0.464,C,0.15807009674132544
TGT,C,0.464,T,0.15807009674132544
