codon,amino_acid,Agromyces,third_nucl,standard_error
ATA,I,-0.028,A,0.47251873917691006
ATC,I,-0.853,C,0.16324703319338837
ATT,I,0.957,T,0.17503080329173845
ACA,T,0.863,A,0.15329892759929326
ACC,T,0.305,C,0.05096451409187049
ACG,T,-0.611,G,0.052021864735168434
ACT,T,1.399,T,0.18320918776251835
AAC,N,-0.809,C,0.17169165742257725
AAT,N,0.809,T,0.17169165742257722
AAA,K,1.41,A,0.23221637319905328
AAG,K,-1.41,G,0.23221637319905328
AGC,S,0.422,C,0.062373891827347705
AGT,S,1.009,T,0.1677640489821502
TCA,S,1.007,A,0.14161688279958085
TCC,S,0.313,C,0.06593641908113045
TCG,S,-1.033,G,0.05759158532885195
TCT,S,1.137,T,0.21308235377905588
AGA,R,2.053,A,0.26635021102241524
AGG,R,0.659,G,0.13086857234525273
CGA,R,1.002,A,0.08540511861245709
CGC,R,-0.546,C,0.05021494680031639
CGG,R,-0.283,G,0.06398465505753854
CGT,R,0.242,T,0.08081690676274042
CTA,L,0.771,A,0.3397692636219273
CTC,L,-0.259,C,0.04717326999071879
CTG,L,0.013,G,0.04941755537411423
CTT,L,0.873,T,0.13762189359632754
TTA,L,-0.828,A,1.154931614982765
TTG,L,0.822,G,0.1243305383411438
CCA,P,0.994,A,0.14840890731536338
CCC,P,0.234,C,0.0570653250508843
CCG,P,-0.605,G,0.0566985446130394
CCT,P,1.203,T,0.15704278619390213
CAC,H,-0.863,C,0.15089241860929728
CAT,H,0.863,T,0.15089241860929728
CAA,Q,0.757,A,0.15722495023195093
CAG,Q,-0.757,G,0.15722495023195093
GTA,V,1.046,A,0.20457580667089242
GTC,V,-0.451,C,0.04616927004932149
GTG,V,0.271,G,0.04617252709171692
GTT,V,0.821,T,0.1241091812466999
GCA,A,1.048,A,0.0665885388853778
GCC,A,-0.086,C,0.03904709915418011
GCG,A,-0.499,G,0.040212009281714964
GCT,A,0.93,T,0.09535861876656045
GAC,D,-0.725,C,0.07288832201862269
GAT,D,0.725,T,0.07288832201862269
GAA,E,1.115,A,0.07240124070873145
GAG,E,-1.115,G,0.07240124070873145
GGA,G,0.802,A,0.07934009420258914
GGC,G,-0.473,C,0.0533247946897158
GGG,G,-0.01,G,0.07140112381549615
GGT,G,0.293,T,0.08379015361869731
TTC,F,-1.043,C,0.2995514153792984
TTT,F,1.043,T,0.2995514153792984
TAC,Y,-0.903,C,0.18402631297095495
TAT,Y,0.903,T,0.18402631297095498
TGC,C,-1.202,C,0.4114790940722543
TGT,C,1.202,T,0.4114790940722543
