codon,amino_acid,Alcanivorax,third_nucl,standard_error
ATA,I,0.392,A,0.12242065206461515
ATC,I,-0.361,C,0.0715026336058437
ATT,I,0.216,T,0.0704748744168435
ACA,T,0.982,A,0.10710686844958078
ACC,T,-0.538,C,0.06972307792365676
ACG,T,0.044,G,0.08938489095386418
ACT,T,0.065,T,0.08991717610334263
AAC,N,-0.07,C,0.08901368839943119
AAT,N,0.07,T,0.08901368839943119
AAA,K,0.469,A,0.07718336730330796
AAG,K,-0.469,G,0.07718336730330796
AGC,S,-0.235,C,0.07160897418391778
AGT,S,0.084,T,0.09384065826475246
TCA,S,0.395,A,0.11107393104388305
TCC,S,-0.088,C,0.081807535042249
TCG,S,-0.261,G,0.1087407864160032
TCT,S,0.347,T,0.09660625182925263
AGA,R,1.065,A,0.16396031794487098
AGG,R,0.164,G,0.18495460556202267
CGA,R,0.234,A,0.10113500685594944
CGC,R,-0.08,C,0.06693769393110469
CGG,R,-0.621,G,0.09799474256227829
CGT,R,0.066,T,0.07266167459962058
CTA,L,0.004,A,0.0832946477320322
CTC,L,0.184,C,0.07645310028913016
CTG,L,-0.323,G,0.050004175835908105
CTT,L,0.427,T,0.07597413297169832
TTA,L,0.415,A,0.0880715947599316
TTG,L,-0.119,G,0.05921988259646286
CCA,P,0.294,A,0.10289816871520807
CCC,P,0.234,C,0.08284246552413169
CCG,P,-0.638,G,0.08215771735147835
CCT,P,0.325,T,0.09709733926593747
CAC,H,-0.054,C,0.1085840153825753
CAT,H,0.054,T,0.1085840153825753
CAA,Q,0.521,A,0.07940814304193525
CAG,Q,-0.521,G,0.07940814304193525
GTA,V,0.125,A,0.08327986629646252
GTC,V,0.262,C,0.08447960378204655
GTG,V,-0.589,G,0.06288870543216436
GTT,V,0.572,T,0.07754223579428214
GCA,A,0.516,A,0.07284338338153074
GCC,A,-0.183,C,0.05671692076222296
GCG,A,-0.355,G,0.06621756846004123
GCT,A,0.202,T,0.06944025235370815
GAC,D,0.022,C,0.07362681451475271
GAT,D,-0.022,T,0.07362681451475273
GAA,E,0.431,A,0.07933909280826858
GAG,E,-0.431,G,0.07933909280826858
GGA,G,0.563,A,0.11394855214933386
GGC,G,-0.231,C,0.07229821782158821
GGG,G,-0.208,G,0.09719448135801811
GGT,G,0.165,T,0.08043008334770455
TTC,F,-0.412,C,0.08686432926744193
TTT,F,0.412,T,0.08686432926744192
TAC,Y,-0.057,C,0.10986382335865887
TAT,Y,0.057,T,0.10986382335865887
TGC,C,0.277,C,0.1794213932581704
TGT,C,-0.277,T,0.1794213932581704
