codon,amino_acid,Algoriphagus,third_nucl,standard_error
ATA,I,0.626,A,0.05951569437023415
ATC,I,-0.287,C,0.05099854031435181
ATT,I,-0.175,T,0.04748688497076358
ACA,T,0.282,A,0.06699793592671208
ACC,T,0.018,C,0.06905135301310557
ACG,T,-0.151,G,0.10168764918927864
ACT,T,-0.221,T,0.06522750702535397
AAC,N,0.289,C,0.06643609425742308
AAT,N,-0.289,T,0.06643609425742308
AAA,K,0.359,A,0.05204793439435172
AAG,K,-0.359,G,0.05204793439435172
AGC,S,0.241,C,0.07723181259173094
AGT,S,0.047,T,0.06747545649193132
TCA,S,0.231,A,0.06423733520030145
TCC,S,-0.021,C,0.07228111612731826
TCG,S,-0.02,G,0.10899572533910365
TCT,S,-0.38,T,0.06152791633787193
AGA,R,0.251,A,0.07043912181053492
AGG,R,-0.403,G,0.10063117418640143
CGA,R,-0.017,A,0.09973240457439117
CGC,R,-0.105,C,0.15585139683807142
CGG,R,0.192,G,0.16757479455452426
CGT,R,-0.149,T,0.11692746914489724
CTA,L,0.447,A,0.06359899742510983
CTC,L,0.507,C,0.08009612750307198
CTG,L,-0.245,G,0.06844616180800536
CTT,L,0.062,T,0.05127086229545017
TTA,L,0.252,A,0.045347051164501356
TTG,L,-0.766,G,0.05118151327760165
CCA,P,0.07,A,0.07815152268039868
CCC,P,0.461,C,0.09698951928800138
CCG,P,-0.168,G,0.13004094446437914
CCT,P,-0.304,T,0.07858774130980463
CAC,H,0.411,C,0.1181382403124087
CAT,H,-0.411,T,0.1181382403124087
CAA,Q,0.381,A,0.08083014770586773
CAG,Q,-0.381,G,0.08083014770586774
GTA,V,0.45,A,0.06301101997184075
GTC,V,0.016,C,0.08260368374928087
GTG,V,-0.627,G,0.07889194585620346
GTT,V,-0.035,T,0.06532654970434675
GCA,A,0.163,A,0.06213862185913965
GCC,A,0.133,C,0.07271994064850389
GCG,A,0.042,G,0.09614234235368642
GCT,A,-0.294,T,0.06451133572143747
GAC,D,0.172,C,0.07730127288107644
GAT,D,-0.172,T,0.07730127288107644
GAA,E,0.455,A,0.0667112150453937
GAG,E,-0.455,G,0.0667112150453937
GGA,G,0.142,A,0.06569578512841227
GGC,G,0.191,C,0.08832366976027567
GGG,G,-0.243,G,0.09338063030354014
GGT,G,-0.152,T,0.07451448155852666
TTC,F,0.062,C,0.06200147116026741
TTT,F,-0.062,T,0.06200147116026741
TAC,Y,0.387,C,0.07964323588456353
TAT,Y,-0.387,T,0.07964323588456354
TGC,C,0.058,C,0.16360724817397568
TGT,C,-0.058,T,0.16360724817397568
