codon,amino_acid,Aliarcobacter,third_nucl,standard_error
ATA,I,0.177,A,0.05369614943085599
ATC,I,-0.066,C,0.10687512148637918
ATT,I,-0.16,T,0.05354555622461266
ACA,T,0.306,A,0.08436434649139198
ACC,T,0.242,C,0.2707737998428097
ACG,T,0.395,G,0.30296888933339766
ACT,T,-0.369,T,0.08557490283158146
AAC,N,0.086,C,0.09837946059697902
AAT,N,-0.086,T,0.09837946059697902
AAA,K,-0.117,A,0.08812691529822467
AAG,K,0.117,G,0.08812691529822467
AGC,S,0.313,C,0.13465177431770772
AGT,S,0.131,T,0.07325217170670205
TCA,S,0.015,A,0.07462790596840203
TCC,S,0.143,C,0.3222535543008578
TCG,S,0.505,G,0.2555943581700493
TCT,S,-0.353,T,0.08160152632901092
AGA,R,0.095,A,0.16435705845155835
AGG,R,-0.047,G,0.24192306583141587
CGA,R,-0.08,A,0.2469872219697277
CGC,R,-1.601,C,1.5500914893725257
CGG,R,1.113,G,1.1559078117508343
CGT,R,-0.281,T,0.44414788618234513
CTA,L,0.054,A,0.07967290446082352
CTC,L,-0.079,C,0.20876161549775418
CTG,L,0.132,G,0.3609216766020062
CTT,L,-0.522,T,0.0686439730421638
TTA,L,0.07,A,0.05352112026687589
TTG,L,0.623,G,0.09204965009875905
CCA,P,0.367,A,0.12991578075383914
CCC,P,0.465,C,0.35412255433821044
CCG,P,1.114,G,0.5613538082500766
CCT,P,-0.518,T,0.1349613719104315
CAC,H,0.041,C,0.2031100533119463
CAT,H,-0.041,T,0.2031100533119463
CAA,Q,-0.019,A,0.18809931756462162
CAG,Q,0.019,G,0.18809931756462162
GTA,V,0.214,A,0.08026281134002572
GTC,V,-0.4,C,0.33383884832539223
GTG,V,1.167,G,0.17495472852570101
GTT,V,-0.45,T,0.0789270879608741
GCA,A,0.315,A,0.08477516624442231
GCC,A,0.201,C,0.19302713884951106
GCG,A,0.69,G,0.3030178715930002
GCT,A,-0.42,T,0.08671346727556802
GAC,D,0.493,C,0.15303135558859543
GAT,D,-0.493,T,0.15303135558859543
GAA,E,0.363,A,0.0775523273355387
GAG,E,-0.363,G,0.0775523273355387
GGA,G,-0.23,A,0.09481170448527833
GGC,G,0.382,C,0.2433644480945376
GGG,G,0.253,G,0.16641509576730432
GGT,G,0.1,T,0.09783108690213177
TTC,F,-0.087,C,0.13771425698030548
TTT,F,0.087,T,0.13771425698030548
TAC,Y,0.423,C,0.14531726578707882
TAT,Y,-0.423,T,0.14531726578707882
TGC,C,-0.236,C,0.31464714769523133
TGT,C,0.236,T,0.31464714769523133
