codon,amino_acid,Aliamphritea,third_nucl,standard_error
ATA,I,0.421,A,0.0642877648844852
ATC,I,-0.057,C,0.053693755259682556
ATT,I,-0.206,T,0.04929786831592676
ACA,T,0.355,A,0.06126159870624624
ACC,T,-0.179,C,0.0589803671409757
ACG,T,-0.184,G,0.07610314674133369
ACT,T,-0.048,T,0.059622888822312654
AAC,N,-0.184,C,0.06183552369069179
AAT,N,0.184,T,0.061835523690691785
AAA,K,0.302,A,0.05734732133859508
AAG,K,-0.302,G,0.05734732133859508
AGC,S,-0.297,C,0.05826879310501542
AGT,S,-0.021,T,0.05972044592953618
TCA,S,0.179,A,0.06309284588799909
TCC,S,0.152,C,0.0794903686107269
TCG,S,-0.208,G,0.0887628071254272
TCT,S,0.188,T,0.061650449885579696
AGA,R,0.768,A,0.09527829904472383
AGG,R,0.147,G,0.1353996098488409
CGA,R,0.616,A,0.09895296100555327
CGC,R,0.03,C,0.06608785858082801
CGG,R,-0.572,G,0.0859459981417477
CGT,R,-0.317,T,0.06024782915179474
CTA,L,0.23,A,0.07579418533274172
CTC,L,0.303,C,0.07470282686434733
CTG,L,-0.56,G,0.04067314906275748
CTT,L,0.262,T,0.05591889861834598
TTA,L,0.482,A,0.04766196106889289
TTG,L,-0.157,G,0.05414588178225368
CCA,P,0.123,A,0.07136703001378666
CCC,P,0.408,C,0.09144091188533525
CCG,P,-0.337,G,0.07122587786536891
CCT,P,-0.026,T,0.06908991660700388
CAC,H,0.17,C,0.09118611761168258
CAT,H,-0.17,T,0.09118611761168258
CAA,Q,0.784,A,0.060789412461870355
CAG,Q,-0.784,G,0.060789412461870355
GTA,V,0.044,A,0.05691076177631098
GTC,V,-0.101,C,0.07127359347631804
GTG,V,0.103,G,0.058070542907021974
GTT,V,-0.068,T,0.05305591604284536
GCA,A,0.179,A,0.049415976194314315
GCC,A,-0.005,C,0.05467302382258022
GCG,A,-0.196,G,0.058616735741088985
GCT,A,-0.034,T,0.05029052616437403
GAC,D,-0.044,C,0.062027974063081706
GAT,D,0.044,T,0.062027974063081706
GAA,E,0.363,A,0.06464503564492785
GAG,E,-0.363,G,0.06464503564492785
GGA,G,0.566,A,0.08282709511515249
GGC,G,-0.093,C,0.061856612824402205
GGG,G,0.045,G,0.09710693365476306
GGT,G,-0.215,T,0.06018744677725899
TTC,F,-0.293,C,0.06813643630196382
TTT,F,0.293,T,0.06813643630196382
TAC,Y,0.157,C,0.08206949504782504
TAT,Y,-0.157,T,0.08206949504782504
TGC,C,-0.164,C,0.12669931319820427
TGT,C,0.164,T,0.12669931319820427
