codon,amino_acid,Alicyclobacillus,third_nucl,standard_error
ATA,I,0.4,A,0.06909166399166804
ATC,I,-0.289,C,0.04738897771481326
ATT,I,0.096,T,0.047116439739212194
ACA,T,0.451,A,0.056549859458065094
ACC,T,-0.299,C,0.0570392451334425
ACG,T,-0.212,G,0.05091307835742676
ACT,T,0.143,T,0.06919528171974873
AAC,N,-0.241,C,0.061282344788023406
AAT,N,0.241,T,0.061282344788023406
AAA,K,0.279,A,0.0528027405252254
AAG,K,-0.279,G,0.0528027405252254
AGC,S,-0.123,C,0.06455866519282488
AGT,S,0.176,T,0.06074134829150636
TCA,S,0.399,A,0.06624034591143567
TCC,S,-0.365,C,0.06433033612822454
TCG,S,-0.213,G,0.05860160551541567
TCT,S,0.19,T,0.06843303424815422
AGA,R,0.745,A,0.07700154112608575
AGG,R,0.238,G,0.0823412454083733
CGA,R,0.156,A,0.05986143472958017
CGC,R,-0.556,C,0.05429267415265543
CGG,R,-0.258,G,0.06174514928006059
CGT,R,0.156,T,0.05986143472958017
CTA,L,0.212,A,0.0676283705420516
CTC,L,-0.589,C,0.05020654427669091
CTG,L,-0.389,G,0.048142390645734154
CTT,L,-0.07,T,0.053938584937633496
TTA,L,0.488,A,0.05815232623015012
TTG,L,0.414,G,0.04178926955487252
CCA,P,0.372,A,0.066049046166108
CCC,P,-0.269,C,0.08493171798424991
CCG,P,-0.306,G,0.06503629622848688
CCT,P,0.163,T,0.07820286447710713
CAC,H,-0.511,C,0.07500608212604354
CAT,H,0.511,T,0.07500608212604354
CAA,Q,0.233,A,0.057654409482353806
CAG,Q,-0.233,G,0.057654409482353806
GTA,V,0.288,A,0.055979733609263546
GTC,V,-0.595,C,0.04469579028860906
GTG,V,0.429,G,0.04128085106526316
GTT,V,-0.109,T,0.049756395473165106
GCA,A,0.441,A,0.048371095910685426
GCC,A,-0.389,C,0.05368787322933742
GCG,A,-0.258,G,0.04720751645137784
GCT,A,0.212,T,0.05542072290018721
GAC,D,-0.379,C,0.05338480539335565
GAT,D,0.379,T,0.05338480539335564
GAA,E,0.388,A,0.050777728091446685
GAG,E,-0.388,G,0.050777728091446685
GGA,G,0.293,A,0.05414028317098782
GGC,G,-0.345,C,0.05466990522983706
GGG,G,-0.203,G,0.058384461519970565
GGT,G,0.242,T,0.05504808336338083
TTC,F,-0.395,C,0.061511334560414715
TTT,F,0.395,T,0.061511334560414715
TAC,Y,-0.224,C,0.06990310318561448
TAT,Y,0.224,T,0.06990310318561446
TGC,C,-0.045,C,0.12473456508329864
TGT,C,0.045,T,0.12473456508329864
