codon,amino_acid,Alienimonas,third_nucl,standard_error
ATA,I,0.057,A,0.4386959333967108
ATC,I,-0.618,C,0.10446500157028628
ATT,I,0.639,T,0.10662389977706004
ACA,T,0.597,A,0.20237265173979377
ACC,T,0.261,C,0.05505822553826764
ACG,T,-0.509,G,0.05628815836079641
ACT,T,0.917,T,0.13292020959799186
AAC,N,-0.6,C,0.12569894229750952
AAT,N,0.6,T,0.12569894229750952
AAA,K,0.865,A,0.09632690476185575
AAG,K,-0.865,G,0.09632690476185575
AGC,S,-1.169,C,0.06485872967514218
AGT,S,0.057,T,0.1414190271150748
TCA,S,0.916,A,0.22892727889729683
TCC,S,0.626,C,0.056259669933779385
TCG,S,-0.049,G,0.06257475948645427
TCT,S,1.183,T,0.15524074783537836
AGA,R,0.947,A,0.2648586145924143
AGG,R,-0.177,G,0.17375152305624586
CGA,R,0.626,A,0.09199815576071037
CGC,R,0.51,C,0.046849410939120845
CGG,R,-1.447,G,0.05442069544295881
CGT,R,1.378,T,0.08624263296473211
CTA,L,0.046,A,0.18653397199267602
CTC,L,0.644,C,0.04262538664304579
CTG,L,-0.788,G,0.04071743502113529
CTT,L,1.202,T,0.11294955220294056
TTA,L,0.147,A,0.19966572574570257
TTG,L,-0.004,G,0.0681535172161887
CCA,P,0.303,A,0.16434828470750312
CCC,P,0.901,C,0.047483643826790024
CCG,P,-1.039,G,0.04672383073779357
CCT,P,1.089,T,0.14881017090222434
CAC,H,-0.242,C,0.12981909507334585
CAT,H,0.242,T,0.12981909507334585
CAA,Q,0.919,A,0.10673146639517796
CAG,Q,-0.919,G,0.10673146639517796
GTA,V,0.248,A,0.19332052285693713
GTC,V,-0.244,C,0.04758702272180744
GTG,V,-0.13,G,0.04792819641505805
GTT,V,1.328,T,0.10226005875945605
GCA,A,0.759,A,0.11517655853688097
GCC,A,0.497,C,0.03674084843265624
GCG,A,-0.981,G,0.04063263258567208
GCT,A,1.183,T,0.08669234842797427
GAC,D,-0.559,C,0.0721982790558618
GAT,D,0.559,T,0.0721982790558618
GAA,E,1.001,A,0.06774584440982612
GAG,E,-1.001,G,0.06774584440982612
GGA,G,0.689,A,0.10063404909988642
GGC,G,-0.225,C,0.05732891619971117
GGG,G,-0.381,G,0.06783648537809242
GGT,G,1.001,T,0.10128768360327156
TTC,F,-0.707,C,0.10515097275703014
TTT,F,0.707,T,0.10515097275703016
TAC,Y,-0.152,C,0.14691190455667744
TAT,Y,0.152,T,0.14691190455667744
TGC,C,-0.884,C,0.1846658703649179
TGT,C,0.884,T,0.1846658703649179
