codon,amino_acid,Alistipes,third_nucl,standard_error
ATA,I,1.189,A,0.08800196193989146
ATC,I,-1.246,C,0.06706193332079732
ATT,I,0.727,T,0.08124902384419494
ACA,T,1.621,A,0.10572920902640595
ACC,T,-0.245,C,0.06956024716537634
ACG,T,-0.905,G,0.0701826010714069
ACT,T,0.792,T,0.13473599734808292
AAC,N,-0.917,C,0.08683857426486669
AAT,N,0.917,T,0.08683857426486669
AAA,K,1.295,A,0.06626388240797339
AAG,K,-1.295,G,0.06626388240797339
AGC,S,-0.086,C,0.08484634876548387
AGT,S,0.871,T,0.14385774018070333
TCA,S,1.35,A,0.153832881465569
TCC,S,0.285,C,0.09070929729595673
TCG,S,-0.925,G,0.07660894154736711
TCT,S,0.661,T,0.15217881903830932
AGA,R,2.482,A,0.16909005085309747
AGG,R,0.601,G,0.12081734093068565
CGA,R,1.476,A,0.1303834911754092
CGC,R,-1.193,C,0.07136411382666856
CGG,R,-0.379,G,0.08312169980413257
CGT,R,-0.028,T,0.09578770797633825
CTA,L,1.403,A,0.18620180472816572
CTC,L,-0.456,C,0.056915090111526526
CTG,L,-0.721,G,0.05118716379868342
CTT,L,0.663,T,0.08437381996250286
TTA,L,1.735,A,0.13526891441007577
TTG,L,0.627,G,0.0797464079633514
CCA,P,1.599,A,0.23142402348267113
CCC,P,-0.204,C,0.09156876830213935
CCG,P,-0.296,G,0.0903144724884533
CCT,P,0.42,T,0.1300357486779653
CAC,H,-0.578,C,0.12458956169617806
CAT,H,0.578,T,0.12458956169617805
CAA,Q,1.254,A,0.10769845597440887
CAG,Q,-1.254,G,0.10769845597440887
GTA,V,1.021,A,0.08499380656753983
GTC,V,-0.535,C,0.0708288327160868
GTG,V,-0.759,G,0.07365132768030945
GTT,V,1.029,T,0.09873006696757612
GCA,A,1.105,A,0.07059089612909106
GCC,A,-0.723,C,0.058864057267120226
GCG,A,-0.281,G,0.06492148499933596
GCT,A,0.45,T,0.09541422024040103
GAC,D,-0.642,C,0.08365997155089931
GAT,D,0.642,T,0.08365997155089931
GAA,E,0.969,A,0.07127793478203896
GAG,E,-0.969,G,0.07127793478203896
GGA,G,0.995,A,0.08852039180489252
GGC,G,-0.601,C,0.07446667645218698
GGG,G,-0.316,G,0.09122927385378503
GGT,G,0.287,T,0.09907921220947662
TTC,F,-1.294,C,0.09193736875731985
TTT,F,1.294,T,0.09193736875731985
TAC,Y,-0.41,C,0.08682857836780272
TAT,Y,0.41,T,0.08682857836780272
TGC,C,-0.715,C,0.1586070936532657
TGT,C,0.715,T,0.1586070936532657
