codon,amino_acid,Alkalitalea,third_nucl,standard_error
ATA,I,0.562,A,0.05283056812819103
ATC,I,-0.2,C,0.06070574911051437
ATT,I,-0.355,T,0.04791690915365907
ACA,T,0.619,A,0.0664677366319195
ACC,T,-0.45,C,0.06987914337787365
ACG,T,-0.266,G,0.11421519747597367
ACT,T,-0.163,T,0.07489930777817268
AAC,N,-0.065,C,0.06293078874377367
AAT,N,0.065,T,0.06293078874377367
AAA,K,-0.052,A,0.05825006650269845
AAG,K,0.052,G,0.05825006650269845
AGC,S,-0.107,C,0.08699559220127681
AGT,S,0.208,T,0.07295192481804343
TCA,S,0.371,A,0.06563841141545194
TCC,S,-0.188,C,0.08509705298732843
TCG,S,-0.227,G,0.10066140491751846
TCT,S,-0.372,T,0.07758555541050034
AGA,R,0.726,A,0.07017966710164432
AGG,R,0.154,G,0.10299191611983549
CGA,R,-0.007,A,0.10157874813636016
CGC,R,-0.746,C,0.12032191283958527
CGG,R,-0.443,G,0.13398971335897714
CGT,R,-0.736,T,0.09732137591988947
CTA,L,0.657,A,0.08283275936516948
CTC,L,-0.046,C,0.08968877031112556
CTG,L,-0.443,G,0.06303979079411134
CTT,L,-0.341,T,0.05735704363739884
TTA,L,0.537,A,0.051478417359768464
TTG,L,-0.302,G,0.056830039008507735
CCA,P,0.346,A,0.09104228758713856
CCC,P,0.032,C,0.1071111127591294
CCG,P,-0.046,G,0.10736220973180259
CCT,P,-0.35,T,0.09479341469994669
CAC,H,-0.244,C,0.11400076300517048
CAT,H,0.244,T,0.11400076300517048
CAA,Q,0.702,A,0.0823467363810249
CAG,Q,-0.702,G,0.08234673638102488
GTA,V,0.456,A,0.06623195116346851
GTC,V,-0.009,C,0.10913815372901689
GTG,V,-0.36,G,0.07935018386187317
GTT,V,-0.171,T,0.06183975511409076
GCA,A,0.521,A,0.06672220480060025
GCC,A,-0.428,C,0.07599310314332497
GCG,A,0.004,G,0.11584383694528849
GCT,A,-0.226,T,0.07486121235392913
GAC,D,0.169,C,0.08075702293635068
GAT,D,-0.169,T,0.08075702293635068
GAA,E,0.399,A,0.07023655358254255
GAG,E,-0.399,G,0.07023655358254255
GGA,G,0.292,A,0.07024312344530781
GGC,G,-0.121,C,0.09491768460329476
GGG,G,-0.047,G,0.10256575973603158
GGT,G,-0.256,T,0.08029154686124833
TTC,F,0.005,C,0.07219004117212358
TTT,F,-0.005,T,0.07219004117212358
TAC,Y,0.06,C,0.08128478128998645
TAT,Y,-0.06,T,0.08128478128998647
TGC,C,-0.221,C,0.16226245010114762
TGT,C,0.221,T,0.16226245010114762
