codon,amino_acid,Allobacillus,third_nucl,standard_error
ATA,I,0.535,A,0.08094874145079253
ATC,I,-0.242,C,0.06395790167471642
ATT,I,-0.088,T,0.05829855404321067
ACA,T,0.382,A,0.07306397763537037
ACC,T,-0.155,C,0.10850654166782614
ACG,T,-0.411,G,0.0849994899380774
ACT,T,-0.011,T,0.0911873251093361
AAC,N,-0.121,C,0.08039018846401419
AAT,N,0.121,T,0.08039018846401419
AAA,K,0.236,A,0.06756942494644706
AAG,K,-0.236,G,0.06756942494644705
AGC,S,0.079,C,0.10698092192443132
AGT,S,0.287,T,0.08479179178400208
TCA,S,0.14,A,0.08106538683306787
TCC,S,-0.414,C,0.11371080657948586
TCG,S,-0.057,G,0.11672478511559974
TCT,S,-0.282,T,0.09578681274375266
AGA,R,0.767,A,0.09361686335103361
AGG,R,0.121,G,0.16894173481154878
CGA,R,0.201,A,0.09363152679610091
CGC,R,-0.478,C,0.13001224306939296
CGG,R,-0.609,G,0.13025390353419317
CGT,R,-0.431,T,0.0919398378086694
CTA,L,0.178,A,0.08593588902335245
CTC,L,-0.419,C,0.1055743377229105
CTG,L,-0.255,G,0.10130807171674465
CTT,L,-0.373,T,0.0773345989290013
TTA,L,0.232,A,0.056036027849538914
TTG,L,0.102,G,0.06119378003876588
CCA,P,0.162,A,0.09982924549263844
CCC,P,0.306,C,0.21066284082487138
CCG,P,-0.21,G,0.11640710888964884
CCT,P,-0.091,T,0.11226478545696855
CAC,H,0.003,C,0.13057848839651096
CAT,H,-0.003,T,0.13057848839651096
CAA,Q,0.192,A,0.09697470772954932
CAG,Q,-0.192,G,0.09697470772954932
GTA,V,0.379,A,0.07387975433462289
GTC,V,-0.597,C,0.07753140901355941
GTG,V,0.495,G,0.07930539008080259
GTT,V,-0.203,T,0.06642114765354411
GCA,A,0.47,A,0.07433264258942542
GCC,A,-0.266,C,0.10536109475711676
GCG,A,-0.339,G,0.09538053106825384
GCT,A,-0.145,T,0.08145526695411269
GAC,D,-0.319,C,0.08871124396704062
GAT,D,0.319,T,0.08871124396704062
GAA,E,0.215,A,0.07624097462038733
GAG,E,-0.215,G,0.07624097462038734
GGA,G,0.315,A,0.07801576017377153
GGC,G,-0.307,C,0.10033854180937482
GGG,G,0.081,G,0.11345817092121797
GGT,G,-0.162,T,0.0789758702775167
TTC,F,-0.473,C,0.08537661810037057
TTT,F,0.473,T,0.08537661810037057
TAC,Y,-0.092,C,0.10726105419069473
TAT,Y,0.092,T,0.10726105419069475
TGC,C,0.002,C,0.2460414947966921
TGT,C,-0.002,T,0.24604149479669213
