codon,amino_acid,Allokutzneria,third_nucl,standard_error
ATA,I,1.746,A,0.3256840302962955
ATC,I,-1.394,C,0.131306913252493
ATT,I,1.283,T,0.14294687636202952
ACA,T,1.214,A,0.10232221163902055
ACC,T,-0.433,C,0.03887329530588823
ACG,T,-0.036,G,0.04097785635864828
ACT,T,1.362,T,0.10853864216510886
AAC,N,-0.737,C,0.14727835963078248
AAT,N,0.737,T,0.14727835963078248
AAA,K,0.856,A,0.11089592724030561
AAG,K,-0.856,G,0.11089592724030561
AGC,S,0.093,C,0.04381562453080535
AGT,S,0.988,T,0.10826542485443934
TCA,S,1.202,A,0.12590780781936878
TCC,S,-0.196,C,0.04436159993421295
TCG,S,-0.506,G,0.04629882656573908
TCT,S,1.507,T,0.15997938137205733
AGA,R,2.139,A,0.16975015534954688
AGG,R,0.331,G,0.05903694467611888
CGA,R,0.978,A,0.07126734532338351
CGC,R,-0.483,C,0.03335478609183489
CGG,R,-0.336,G,0.035599513621049884
CGT,R,0.928,T,0.06621137332354522
CTA,L,0.905,A,0.19000902816450216
CTC,L,0.064,C,0.032919760385553685
CTG,L,-0.489,G,0.03080905214406347
CTT,L,1.208,T,0.09202039359092812
TTA,L,1.943,A,0.3800837348151348
TTG,L,0.654,G,0.053673981264309736
CCA,P,1.121,A,0.10029525151700534
CCC,P,0.091,C,0.04314868907146954
CCG,P,-0.536,G,0.041172098650812394
CCT,P,1.141,T,0.09843659181028386
CAC,H,-1.044,C,0.12312344215111799
CAT,H,1.044,T,0.12312344215111799
CAA,Q,0.879,A,0.10727363865659731
CAG,Q,-0.879,G,0.10727363865659731
GTA,V,1.003,A,0.13439517318783464
GTC,V,-0.594,C,0.03117270049523769
GTG,V,0.374,G,0.030379053875439422
GTT,V,0.717,T,0.07480896697451854
GCA,A,1.192,A,0.06118776130229328
GCC,A,-0.122,C,0.028834737443123076
GCG,A,-0.425,G,0.02891499990060928
GCT,A,1.056,T,0.06403375159987573
GAC,D,-0.774,C,0.061386103478792114
GAT,D,0.774,T,0.061386103478792114
GAA,E,0.827,A,0.05171457703599448
GAG,E,-0.827,G,0.051714577035994476
GGA,G,0.982,A,0.05920521037433228
GGC,G,-0.611,C,0.035781441545205454
GGG,G,0.053,G,0.04251290924276336
GGT,G,0.426,T,0.05119820434390044
TTC,F,-1.663,C,0.1827465053421011
TTT,F,1.663,T,0.1827465053421011
TAC,Y,-0.977,C,0.16717968843094094
TAT,Y,0.977,T,0.16717968843094091
TGC,C,-1.255,C,0.17980590392672355
TGT,C,1.255,T,0.17980590392672355
