codon,amino_acid,Allocoleopsis,third_nucl,standard_error
ATA,I,0.474,A,0.06441072003226044
ATC,I,-0.075,C,0.04609140283559705
ATT,I,-0.15,T,0.04268811659537679
ACA,T,0.262,A,0.049537548889134475
ACC,T,-0.149,C,0.04772740262091861
ACG,T,-0.62,G,0.05677346503992638
ACT,T,0.338,T,0.04748392637102104
AAC,N,0.125,C,0.0527068910366574
AAT,N,-0.125,T,0.0527068910366574
AAA,K,0.342,A,0.049684781726436436
AAG,K,-0.342,G,0.04968478172643644
AGC,S,-0.086,C,0.05320489027582121
AGT,S,-0.185,T,0.05009765192302615
TCA,S,0.18,A,0.05323077595385051
TCC,S,0.078,C,0.055022531283609545
TCG,S,-0.406,G,0.06950847716337295
TCT,S,0.225,T,0.04826669288266385
AGA,R,0.586,A,0.06322100751447021
AGG,R,0.307,G,0.09027647130671504
CGA,R,0.003,A,0.05738907618972672
CGC,R,-0.143,C,0.05370270893578605
CGG,R,-0.581,G,0.06867047177324462
CGT,R,-0.029,T,0.056223779194090766
CTA,L,0.267,A,0.04833101330531238
CTC,L,-0.002,C,0.045582468180509754
CTG,L,-0.211,G,0.04233565236070114
CTT,L,0.475,T,0.04918709023728482
TTA,L,-0.062,A,0.03851236712114337
TTG,L,-0.253,G,0.040615908025978045
CCA,P,0.255,A,0.054029758742466474
CCC,P,-0.189,C,0.05144848018545953
CCG,P,-0.295,G,0.06518323771635176
CCT,P,0.143,T,0.05198741519983349
CAC,H,0.138,C,0.07924189795048184
CAT,H,-0.138,T,0.07924189795048184
CAA,Q,0.323,A,0.04828519329711058
CAG,Q,-0.323,G,0.04828519329711058
GTA,V,0.015,A,0.05388843184601186
GTC,V,0.018,C,0.052381054903332384
GTG,V,-0.066,G,0.04747802898101894
GTT,V,0.036,T,0.0449094950779958
GCA,A,0.321,A,0.046550146578783834
GCC,A,-0.188,C,0.047317510072904245
GCG,A,-0.417,G,0.05441959154291997
GCT,A,0.157,T,0.043241346500540886
GAC,D,0.271,C,0.05382322551282509
GAT,D,-0.271,T,0.05382322551282509
GAA,E,0.327,A,0.04955448893223911
GAG,E,-0.327,G,0.049554488932239106
GGA,G,0.163,A,0.05517805604749818
GGC,G,-0.016,C,0.05969918405645762
GGG,G,-0.14,G,0.0658473851448937
GGT,G,-0.045,T,0.05330193188685349
TTC,F,-0.018,C,0.0593844748029554
TTT,F,0.018,T,0.0593844748029554
TAC,Y,0.384,C,0.06675309151552994
TAT,Y,-0.384,T,0.06675309151552994
TGC,C,0.281,C,0.11213670672671659
TGT,C,-0.281,T,0.11213670672671659
