codon,amino_acid,Allochromatium,third_nucl,standard_error
ATA,I,0.685,A,0.21063931135848687
ATC,I,-0.578,C,0.09189640057529307
ATT,I,0.518,T,0.09928301428482768
ACA,T,1.171,A,0.1187580130142066
ACC,T,-0.438,C,0.06379661683811502
ACG,T,-0.376,G,0.0708900809853418
ACT,T,1.139,T,0.13768306269405775
AAC,N,-0.039,C,0.0976264555310268
AAT,N,0.039,T,0.09762645553102682
AAA,K,1.131,A,0.09795790005715961
AAG,K,-1.131,G,0.09795790005715961
AGC,S,-0.187,C,0.07047600477485974
AGT,S,-0.098,T,0.10286360969379729
TCA,S,0.908,A,0.1258103789489096
TCC,S,0.288,C,0.07527345918628019
TCG,S,-0.602,G,0.07000743082414057
TCT,S,0.909,T,0.15068486979790097
AGA,R,2.031,A,0.20545566909387208
AGG,R,0.61,G,0.17449130608784041
CGA,R,1.25,A,0.1064627451452161
CGC,R,-0.472,C,0.0551643949889659
CGG,R,-0.563,G,0.07664020761455317
CGT,R,0.13,T,0.07036437291898932
CTA,L,0.968,A,0.15877188508614842
CTC,L,0.168,C,0.048579915606519
CTG,L,-0.741,G,0.045872236299054674
CTT,L,1.059,T,0.11752978535041708
TTA,L,1.452,A,0.22934664543131808
TTG,L,0.718,G,0.07985279973906693
CCA,P,1.036,A,0.10093631980382994
CCC,P,0.056,C,0.06697295088412343
CCG,P,-0.829,G,0.06485212911571947
CCT,P,1.045,T,0.1301600879781578
CAC,H,0.137,C,0.09850189731895456
CAT,H,-0.137,T,0.09850189731895456
CAA,Q,1.56,A,0.1011924234785565
CAG,Q,-1.56,G,0.1011924234785565
GTA,V,0.564,A,0.15557716866923169
GTC,V,-0.101,C,0.0608689474000506
GTG,V,-0.317,G,0.0638385130159511
GTT,V,0.965,T,0.11092234163116407
GCA,A,0.735,A,0.09000885158567484
GCC,A,-0.091,C,0.049599682498509934
GCG,A,-0.56,G,0.05570153265238002
GCT,A,0.988,T,0.0888286595888205
GAC,D,0.014,C,0.0654346040726695
GAT,D,-0.014,T,0.0654346040726695
GAA,E,1.112,A,0.06849270027801618
GAG,E,-1.112,G,0.06849270027801618
GGA,G,0.268,A,0.09141394798341682
GGC,G,-0.186,C,0.06583426404812119
GGG,G,-0.455,G,0.09944965863315156
GGT,G,0.421,T,0.08199540443771752
TTC,F,-0.594,C,0.10938350335831366
TTT,F,0.594,T,0.10938350335831366
TAC,Y,0.318,C,0.10770868533991021
TAT,Y,-0.318,T,0.10770868533991021
TGC,C,-0.234,C,0.1681451359181367
TGT,C,0.234,T,0.1681451359181367
