codon,amino_acid,Allosphingosinicella,third_nucl,standard_error
ATA,I,0.826,A,0.20147759395043532
ATC,I,-0.886,C,0.1092046008447811
ATT,I,0.839,T,0.12529747036658434
ACA,T,0.775,A,0.1711904202802737
ACC,T,-0.182,C,0.06988873707530306
ACG,T,-0.118,G,0.07330688623270261
ACT,T,0.679,T,0.16001757919902712
AAC,N,-0.02,C,0.11640483089680513
AAT,N,0.02,T,0.11640483089680513
AAA,K,0.907,A,0.1232024849001933
AAG,K,-0.907,G,0.12320248490019331
AGC,S,0.022,C,0.07430014463268288
AGT,S,0.618,T,0.19315642243136877
TCA,S,0.45,A,0.21115654409192103
TCC,S,0.442,C,0.08718304662353783
TCG,S,-0.665,G,0.07783614658508262
TCT,S,0.738,T,0.21156123995591003
AGA,R,1.402,A,0.29970296842571365
AGG,R,1.37,G,0.18002264441557372
CGA,R,0.692,A,0.15494768080075322
CGC,R,-0.535,C,0.05948718577580955
CGG,R,-0.025,G,0.07112223084456529
CGT,R,0.467,T,0.0974505486085962
CTA,L,0.171,A,0.1944744649921756
CTC,L,-0.26,C,0.05259468461697224
CTG,L,-0.346,G,0.05297025600221875
CTT,L,0.703,T,0.08652243302331417
TTA,L,0.884,A,0.35341956916286904
TTG,L,0.887,G,0.09820910408613656
CCA,P,0.528,A,0.1594998481191613
CCC,P,0.269,C,0.07343022150821249
CCG,P,-0.561,G,0.0705332785391507
CCT,P,0.833,T,0.14752644077074176
CAC,H,-0.209,C,0.12464551666232974
CAT,H,0.209,T,0.12464551666232974
CAA,Q,0.936,A,0.14528810638668951
CAG,Q,-0.936,G,0.1452881063866895
GTA,V,0.393,A,0.17699432784774247
GTC,V,-0.452,C,0.06395639925054894
GTG,V,0.159,G,0.06498844834167126
GTT,V,0.824,T,0.11990834966260058
GCA,A,0.696,A,0.08356761671578579
GCC,A,0.14,C,0.04570341476937972
GCG,A,-0.516,G,0.045057762377787296
GCT,A,0.744,T,0.09661917002515216
GAC,D,0.126,C,0.07003815792385605
GAT,D,-0.126,T,0.07003815792385605
GAA,E,0.772,A,0.07926633998227839
GAG,E,-0.772,G,0.07926633998227839
GGA,G,0.784,A,0.10605979264141854
GGC,G,-0.583,C,0.06602777685585894
GGG,G,0.15,G,0.08615709063889769
GGT,G,0.513,T,0.10635164964388397
TTC,F,-0.95,C,0.13689103785329107
TTT,F,0.95,T,0.13689103785329104
TAC,Y,0.055,C,0.1303489702976084
TAT,Y,-0.055,T,0.1303489702976084
TGC,C,-0.63,C,0.32633728950635393
TGT,C,0.63,T,0.32633728950635393
