codon,amino_acid,Allomeiothermus,third_nucl,standard_error
ATA,I,0.883,A,0.13307056427362882
ATC,I,-0.633,C,0.07716868531748461
ATT,I,0.388,T,0.08647878318291378
ACA,T,1.114,A,0.1774378273193389
ACC,T,-0.55,C,0.07303705687735453
ACG,T,0.142,G,0.09228210574091426
ACT,T,0.586,T,0.11629609032825024
AAC,N,-0.376,C,0.115593888009848
AAT,N,0.376,T,0.115593888009848
AAA,K,0.864,A,0.07450997507282286
AAG,K,-0.864,G,0.07450997507282286
AGC,S,-0.298,C,0.06499588656773173
AGT,S,0.621,T,0.1301304400516101
TCA,S,0.494,A,0.15926943931509505
TCC,S,0.073,C,0.07672032296002196
TCG,S,-0.467,G,0.08286622066327752
TCT,S,0.942,T,0.12546334261564573
AGA,R,1.387,A,0.1472074685279483
AGG,R,0.308,G,0.10381460313799373
CGA,R,0.958,A,0.09629453205280036
CGC,R,-0.286,C,0.05314799949588571
CGG,R,-0.805,G,0.06088006204653293
CGT,R,0.659,T,0.08387467492690977
CTA,L,0.204,A,0.07671729100281169
CTC,L,-0.136,C,0.04498605269800887
CTG,L,-0.415,G,0.04172766092678844
CTT,L,0.527,T,0.06690803635583502
TTA,L,0.501,A,0.10472507486651814
TTG,L,0.281,G,0.05313775983655778
CCA,P,0.823,A,0.1101291571181291
CCC,P,-0.118,C,0.05990126253409698
CCG,P,-0.468,G,0.06864163619174017
CCT,P,0.404,T,0.08034551347977521
CAC,H,-0.597,C,0.11916999076889423
CAT,H,0.597,T,0.11916999076889423
CAA,Q,0.675,A,0.07970493915253707
CAG,Q,-0.675,G,0.07970493915253707
GTA,V,-0.077,A,0.07192961147726293
GTC,V,-0.092,C,0.05828772112248861
GTG,V,-0.204,G,0.049974283146126494
GTT,V,0.766,T,0.0818298599822324
GCA,A,0.877,A,0.08237308063856413
GCC,A,-0.463,C,0.04729186465015715
GCG,A,-0.118,G,0.0570756193201986
GCT,A,0.388,T,0.059013592661799216
GAC,D,-0.512,C,0.07837251042733552
GAT,D,0.512,T,0.07837251042733552
GAA,E,1.011,A,0.06371466367103651
GAG,E,-1.011,G,0.06371466367103651
GGA,G,0.445,A,0.07565244858813401
GGC,G,0.028,C,0.056895016595346425
GGG,G,-0.592,G,0.05997298719724896
GGT,G,0.546,T,0.07875700896870315
TTC,F,-0.698,C,0.08218837254653881
TTT,F,0.698,T,0.08218837254653881
TAC,Y,-0.336,C,0.09982814302158587
TAT,Y,0.336,T,0.09982814302158587
TGC,C,-0.381,C,0.22032937647589002
TGT,C,0.381,T,0.22032937647589002
