codon,amino_acid,Altererythrobacter,third_nucl,standard_error
ATA,I,0.599,A,0.15497681244626366
ATC,I,-0.578,C,0.07999682055339694
ATT,I,0.492,T,0.0871673624868961
ACA,T,0.596,A,0.11103586234037123
ACC,T,-0.188,C,0.06920244122008488
ACG,T,-0.437,G,0.07566523317250967
ACT,T,0.834,T,0.12329642155652769
AAC,N,-0.197,C,0.09951192365802222
AAT,N,0.197,T,0.09951192365802222
AAA,K,1.133,A,0.09374387135934165
AAG,K,-1.133,G,0.09374387135934165
AGC,S,0.048,C,0.0719669896788205
AGT,S,0.559,T,0.1392738896794191
TCA,S,0.52,A,0.1392335342960025
TCC,S,0.293,C,0.08999944063327363
TCG,S,-0.652,G,0.07300280825609952
TCT,S,0.374,T,0.14562861438886196
AGA,R,1.424,A,0.19628853059460344
AGG,R,0.416,G,0.12976098382357393
CGA,R,0.586,A,0.1293192859551733
CGC,R,-0.357,C,0.06377364641441796
CGG,R,-0.45,G,0.0885103280201552
CGT,R,0.291,T,0.08812390672836991
CTA,L,0.533,A,0.162914079566299
CTC,L,-0.054,C,0.057023146126091176
CTG,L,-0.532,G,0.0546320686930749
CTT,L,0.423,T,0.07534858439231072
TTA,L,1.095,A,0.2728355119927756
TTG,L,0.556,G,0.08395694769259389
CCA,P,0.723,A,0.13617993494023364
CCC,P,0.32,C,0.078005849813732
CCG,P,-0.785,G,0.07481938740626626
CCT,P,0.6,T,0.1135518744483122
CAC,H,-0.038,C,0.1214098966924874
CAT,H,0.038,T,0.1214098966924874
CAA,Q,1.094,A,0.11703967191740178
CAG,Q,-1.094,G,0.11703967191740178
GTA,V,0.73,A,0.11882153609860656
GTC,V,-0.489,C,0.06662950293170614
GTG,V,0.046,G,0.07010535443810238
GTT,V,0.393,T,0.0895116246072658
GCA,A,0.405,A,0.06042477893490734
GCC,A,-0.037,C,0.050568538224540584
GCG,A,-0.465,G,0.05354604793284913
GCT,A,0.355,T,0.07303858461194977
GAC,D,-0.081,C,0.06967796206684049
GAT,D,0.081,T,0.06967796206684049
GAA,E,0.431,A,0.07473020314870432
GAG,E,-0.431,G,0.07473020314870432
GGA,G,0.608,A,0.09376205017742725
GGC,G,-0.356,C,0.06491351983636143
GGG,G,0.01,G,0.08852083485887398
GGT,G,0.11,T,0.08356034509198546
TTC,F,-0.697,C,0.10360055376244756
TTT,F,0.697,T,0.10360055376244756
TAC,Y,0.103,C,0.12490927458665894
TAT,Y,-0.103,T,0.12490927458665894
TGC,C,-0.472,C,0.2570151915517595
TGT,C,0.472,T,0.2570151915517595
