codon,amino_acid,Alteracholeplasma,third_nucl,standard_error
ATA,I,0.664,A,0.07599004490499173
ATC,I,-0.371,C,0.10360126542629047
ATT,I,-0.421,T,0.0708171193320875
ACA,T,0.318,A,0.09782792520228807
ACC,T,-0.131,C,0.18853169652737414
ACG,T,0.237,G,0.21981031141876398
ACT,T,-0.371,T,0.10402047191523243
AAC,N,0.026,C,0.1103609361296501
AAT,N,-0.026,T,0.1103609361296501
AAA,K,0.228,A,0.09165295720336003
AAG,K,-0.228,G,0.09165295720336003
AGC,S,0.221,C,0.17860957906654604
AGT,S,0.381,T,0.10457280426503217
TCA,S,-0.118,A,0.10610853141382974
TCC,S,0.189,C,0.351903493590639
TCG,S,0.25,G,0.3954085404476878
TCT,S,-0.516,T,0.12513066985828927
AGA,R,-0.147,A,0.1366320364592384
AGG,R,-0.134,G,0.31220874548626476
CGA,R,0.611,A,0.280543918891289
CGC,R,0.19,C,0.34510319542074386
CGG,R,1.404,G,1.1197545018973492
CGT,R,-0.06,T,0.17146055734966076
CTA,L,-0.051,A,0.10115672094552719
CTC,L,-0.526,C,0.2540215462669236
CTG,L,-0.426,G,0.25867077811192063
CTT,L,-0.394,T,0.10098514797373512
TTA,L,0.151,A,0.07162480144012946
TTG,L,0.476,G,0.12790823321579325
CCA,P,0.321,A,0.1640178407476681
CCC,P,0.47,C,0.38234184466760973
CCG,P,-0.089,G,0.39287144697158555
CCT,P,-0.429,T,0.1744276152554195
CAC,H,-0.272,C,0.22811409846474084
CAT,H,0.272,T,0.22811409846474084
CAA,Q,0.175,A,0.23027254889683826
CAG,Q,-0.175,G,0.23027254889683826
GTA,V,0.233,A,0.10081623302412002
GTC,V,-0.41,C,0.1911953682675683
GTG,V,0.463,G,0.1490594658621415
GTT,V,-0.291,T,0.09548685272848843
GCA,A,0.366,A,0.11211328761369047
GCC,A,-0.218,C,0.19715693481276841
GCG,A,0.151,G,0.2187716607752885
GCT,A,-0.371,T,0.1192845495858505
GAC,D,0.258,C,0.14662733006539821
GAT,D,-0.258,T,0.14662733006539824
GAA,E,-0.018,A,0.1517424127689421
GAG,E,0.018,G,0.1517424127689421
GGA,G,0.29,A,0.11275116227480607
GGC,G,0.058,C,0.1749987579165029
GGG,G,-0.132,G,0.20388845143853285
GGT,G,-0.292,T,0.11760095345747809
TTC,F,-0.51,C,0.16043521935311764
TTT,F,0.51,T,0.16043521935311764
TAC,Y,-0.169,C,0.143311790728463
TAT,Y,0.169,T,0.143311790728463
TGC,C,0.374,C,0.40963655059114573
TGT,C,-0.374,T,0.40963655059114573
