codon,amino_acid,Alteromonas,third_nucl,standard_error
ATA,I,0.316,A,0.060934024606602105
ATC,I,0.084,C,0.06386739676270138
ATT,I,-0.287,T,0.05192737357005209
ACA,T,0.618,A,0.06221741612074592
ACC,T,-0.37,C,0.05896977187958332
ACG,T,-0.156,G,0.07035437751400771
ACT,T,-0.1,T,0.06038614072101779
AAC,N,-0.216,C,0.06262817065278528
AAT,N,0.216,T,0.06262817065278528
AAA,K,0.252,A,0.056809059566825006
AAG,K,-0.252,G,0.056809059566825006
AGC,S,-0.332,C,0.0619700870058046
AGT,S,0.094,T,0.06048129026325861
TCA,S,0.261,A,0.06009314507748947
TCC,S,0.249,C,0.10598716622217647
TCG,S,-0.089,G,0.07626395221549782
TCT,S,-0.069,T,0.05975958703427293
AGA,R,0.606,A,0.08404276094700634
AGG,R,-0.186,G,0.13091880424769942
CGA,R,0.193,A,0.08623778454212067
CGC,R,-0.189,C,0.07286451727913079
CGG,R,-0.018,G,0.13100884454024933
CGT,R,-0.32,T,0.0698567700553076
CTA,L,0.019,A,0.05856474600237099
CTC,L,0.286,C,0.08765496843019058
CTG,L,-0.236,G,0.0688316718297428
CTT,L,-0.109,T,0.0510031776882821
TTA,L,0.204,A,0.04373509889938612
TTG,L,-0.166,G,0.053154467853121425
CCA,P,0.173,A,0.07562314969988568
CCC,P,0.157,C,0.09141881303991177
CCG,P,-0.108,G,0.09575974678491002
CCT,P,-0.194,T,0.07271522780741292
CAC,H,-0.144,C,0.09240492534138549
CAT,H,0.144,T,0.09240492534138549
CAA,Q,0.071,A,0.06861573532441373
CAG,Q,-0.071,G,0.06861573532441373
GTA,V,-0.003,A,0.05478814353110701
GTC,V,0.014,C,0.08165095233936832
GTG,V,0.062,G,0.05610750833309915
GTT,V,-0.061,T,0.054028212847529906
GCA,A,0.309,A,0.052355444381886225
GCC,A,-0.114,C,0.05916805106872934
GCG,A,-0.27,G,0.05999114656553333
GCT,A,-0.011,T,0.05460967156057606
GAC,D,-0.154,C,0.06437164882110656
GAT,D,0.154,T,0.06437164882110658
GAA,E,0.258,A,0.06889856281635055
GAG,E,-0.258,G,0.06889856281635057
GGA,G,0.474,A,0.08635036410019188
GGC,G,-0.094,C,0.06589077721385946
GGG,G,-0.082,G,0.0876721010739868
GGT,G,-0.122,T,0.06486238942087687
TTC,F,-0.235,C,0.06941897437337183
TTT,F,0.235,T,0.06941897437337183
TAC,Y,-0.154,C,0.08201702929650612
TAT,Y,0.154,T,0.08201702929650613
TGC,C,0.261,C,0.1385700678011019
TGT,C,-0.261,T,0.1385700678011019
