codon,amino_acid,Alysiella,third_nucl,standard_error
ATA,I,0.284,A,0.12359872467703609
ATC,I,0.196,C,0.07276394000446301
ATT,I,-0.265,T,0.06888832207326101
ACA,T,0.487,A,0.0953163547836536
ACC,T,0.112,C,0.0776587992291063
ACG,T,-0.987,G,0.10847245392382263
ACT,T,0.158,T,0.11153129799012176
AAC,N,0.036,C,0.07917789230689712
AAT,N,-0.036,T,0.07917789230689712
AAA,K,0.308,A,0.13755149651497728
AAG,K,-0.308,G,0.13755149651497728
AGC,S,-0.548,C,0.08301810740547523
AGT,S,-0.036,T,0.11563708726573593
TCA,S,0.459,A,0.11024735089347376
TCC,S,0.589,C,0.10630902700479125
TCG,S,-0.846,G,0.11974141211527192
TCT,S,0.699,T,0.11614147980957158
AGA,R,1.094,A,0.1995255940093916
AGG,R,0.075,G,0.2863432784744242
CGA,R,0.933,A,0.16515488119342928
CGC,R,-0.394,C,0.09014513887009128
CGG,R,-0.924,G,0.33044382480960305
CGT,R,-0.078,T,0.1025408675395801
CTA,L,0.818,A,0.17847018330688805
CTC,L,0.59,C,0.12415068313867057
CTG,L,-0.396,G,0.08034558160646117
CTT,L,0.598,T,0.1076392705157142
TTA,L,0.972,A,0.06967029411266419
TTG,L,-0.873,G,0.05644545627147457
CCA,P,0.288,A,0.10193522630691318
CCC,P,0.429,C,0.08851719614461824
CCG,P,-0.644,G,0.1465410596145645
CCT,P,-0.63,T,0.11321447632198235
CAC,H,0.018,C,0.1073477061523462
CAT,H,-0.018,T,0.1073477061523462
CAA,Q,0.979,A,0.12184417505718241
CAG,Q,-0.979,G,0.12184417505718241
GTA,V,0.876,A,0.11243967775194019
GTC,V,0.363,C,0.13344460187683538
GTG,V,-1.057,G,0.08374208957191853
GTT,V,0.547,T,0.08778569490520173
GCA,A,0.51,A,0.07092529917573406
GCC,A,-0.126,C,0.06924581082422451
GCG,A,-0.836,G,0.08987505537177143
GCT,A,0.372,T,0.09247025220485788
GAC,D,-0.003,C,0.0914768912537142
GAT,D,0.003,T,0.09147689125371418
GAA,E,0.807,A,0.16807713492569024
GAG,E,-0.807,G,0.16807713492569026
GGA,G,0.607,A,0.15415738925058914
GGC,G,-0.278,C,0.09133688988354179
GGG,G,-0.092,G,0.17560713547671133
GGT,G,0.121,T,0.0995716710844447
TTC,F,0.283,C,0.09607183850083463
TTT,F,-0.283,T,0.09607183850083463
TAC,Y,0.272,C,0.10947594670969728
TAT,Y,-0.272,T,0.10947594670969728
TGC,C,-0.087,C,0.18700713328238888
TGT,C,0.087,T,0.1870071332823889
