codon,amino_acid,Amedibacterium,third_nucl,standard_error
ATA,I,0.432,A,0.06795706934513893
ATC,I,-0.219,C,0.078563184247236
ATT,I,-0.219,T,0.06054120850050339
ACA,T,0.243,A,0.08323941899344621
ACC,T,-0.367,C,0.1450867974014177
ACG,T,-0.216,G,0.12482626943313783
ACT,T,-0.033,T,0.09995752955516833
AAC,N,0.043,C,0.09658504266677222
AAT,N,-0.043,T,0.09658504266677222
AAA,K,0.105,A,0.06950970607349287
AAG,K,-0.105,G,0.06950970607349287
AGC,S,-0.323,C,0.11938842223011491
AGT,S,0.393,T,0.08172209512912018
TCA,S,0.332,A,0.09787419143022345
TCC,S,-0.379,C,0.13803081714704785
TCG,S,0.011,G,0.17452263548703909
TCT,S,-0.386,T,0.08896312431398955
AGA,R,0.695,A,0.09173079774193316
AGG,R,0.369,G,0.21209613966889104
CGA,R,0.087,A,0.12889826873980448
CGC,R,-0.667,C,0.1779596950630983
CGG,R,-0.944,G,0.4513386654210762
CGT,R,-0.696,T,0.1006628162177596
CTA,L,-0.044,A,0.10516674054942794
CTC,L,-0.17,C,0.23375263958388734
CTG,L,-0.149,G,0.09520649020774313
CTT,L,-0.342,T,0.07676932126053816
TTA,L,0.349,A,0.05821542948549297
TTG,L,-0.111,G,0.07233845665250441
CCA,P,0.153,A,0.12456499653184915
CCC,P,0.153,C,0.2718272031219401
CCG,P,0.054,G,0.19892840627349034
CCT,P,-0.236,T,0.13421895197742392
CAC,H,0.103,C,0.16871363242800588
CAT,H,-0.103,T,0.16871363242800586
CAA,Q,0.483,A,0.09948844710542257
CAG,Q,-0.483,G,0.09948844710542255
GTA,V,0.218,A,0.07284993052086075
GTC,V,-0.237,C,0.14131598016188518
GTG,V,0.122,G,0.10106844757439275
GTT,V,-0.234,T,0.07576705783085513
GCA,A,0.227,A,0.07880598454304917
GCC,A,-0.24,C,0.15049310125122456
GCG,A,0.109,G,0.11427462892351041
GCT,A,-0.26,T,0.08818067122559764
GAC,D,-0.07,C,0.1262359956034813
GAT,D,0.07,T,0.1262359956034813
GAA,E,0.185,A,0.09422457796057566
GAG,E,-0.185,G,0.09422457796057568
GGA,G,0.062,A,0.08185830621221496
GGC,G,0.132,C,0.14996983178604756
GGG,G,-0.296,G,0.13005888084595607
GGT,G,0.025,T,0.08979813729160496
TTC,F,-0.554,C,0.1106257675897344
TTT,F,0.554,T,0.11062576758973441
TAC,Y,-0.005,C,0.1270131359358583
TAT,Y,0.005,T,0.1270131359358583
TGC,C,-0.265,C,0.18695502491817761
TGT,C,0.265,T,0.18695502491817761
