codon,amino_acid,Aminipila,third_nucl,standard_error
ATA,I,0.348,A,0.051903447213188236
ATC,I,-0.569,C,0.0724151532508694
ATT,I,-0.05,T,0.050101322786473584
ACA,T,0.435,A,0.06833417997490666
ACC,T,-0.433,C,0.09322545917136696
ACG,T,-0.048,G,0.1101730922689514
ACT,T,-0.212,T,0.0744571112702381
AAC,N,0.036,C,0.07151382702466241
AAT,N,-0.036,T,0.07151382702466241
AAA,K,0.352,A,0.055556226758192065
AAG,K,-0.352,G,0.055556226758192065
AGC,S,0.153,C,0.09037475767455733
AGT,S,0.329,T,0.0718256069201632
TCA,S,0.351,A,0.07467550771745754
TCC,S,-0.841,C,0.11164141346910549
TCG,S,0.009,G,0.16551203367258552
TCT,S,-0.464,T,0.08259789777017021
AGA,R,0.484,A,0.07821418723972837
AGG,R,-0.345,G,0.10356005211210931
CGA,R,0.105,A,0.14527920061258964
CGC,R,-0.041,C,0.209960607737905
CGG,R,-0.777,G,0.17132142134468428
CGT,R,-0.414,T,0.13573014126179567
CTA,L,0.409,A,0.10242805921908239
CTC,L,-0.521,C,0.15029793687765414
CTG,L,-0.846,G,0.0696502827946046
CTT,L,-0.673,T,0.0665082000885192
TTA,L,0.642,A,0.0530524934681802
TTG,L,0.432,G,0.0697761170741419
CCA,P,0.573,A,0.10461069462489034
CCC,P,-0.275,C,0.1632214256709309
CCG,P,0.054,G,0.1430994671612992
CCT,P,-0.492,T,0.10776841344743691
CAC,H,0.138,C,0.15268203236067565
CAT,H,-0.138,T,0.15268203236067568
CAA,Q,0.742,A,0.09096663597242002
CAG,Q,-0.742,G,0.09096663597242002
GTA,V,0.187,A,0.06258504974419235
GTC,V,-0.459,C,0.1241830817437107
GTG,V,0.144,G,0.07784875291249288
GTT,V,-0.169,T,0.06482381762830955
GCA,A,0.347,A,0.06546061861621842
GCC,A,-0.386,C,0.09437424860115638
GCG,A,0.031,G,0.12210209847182162
GCT,A,-0.19,T,0.0709274846886243
GAC,D,-0.088,C,0.08155172340953588
GAT,D,0.088,T,0.08155172340953588
GAA,E,0.182,A,0.07264074824812554
GAG,E,-0.182,G,0.07264074824812555
GGA,G,0.217,A,0.06680119080333362
GGC,G,-0.051,C,0.08888754070585612
GGG,G,-0.157,G,0.09298800226249529
GGT,G,-0.134,T,0.07581160405963706
TTC,F,-0.593,C,0.10385139724154613
TTT,F,0.593,T,0.10385139724154613
TAC,Y,-0.197,C,0.09789164670901633
TAT,Y,0.197,T,0.09789164670901633
TGC,C,-0.36,C,0.13639808536065356
TGT,C,0.36,T,0.13639808536065356
