codon,amino_acid,Ammonifex,third_nucl,standard_error
ATA,I,-0.017,A,0.09223545115644326
ATC,I,-0.303,C,0.08667169245343628
ATT,I,0.442,T,0.10324434601294687
ACA,T,0.459,A,0.1676082890731157
ACC,T,-0.32,C,0.09007403415837027
ACG,T,0.203,G,0.10443697023127277
ACT,T,0.069,T,0.12617910208529234
AAC,N,-0.062,C,0.15513009939374792
AAT,N,0.062,T,0.15513009939374794
AAA,K,0.291,A,0.08847514215797962
AAG,K,-0.291,G,0.08847514215797962
AGC,S,0.266,C,0.09827973884968683
AGT,S,0.661,T,0.15679766222766142
TCA,S,0.339,A,0.22598070002484708
TCC,S,-0.66,C,0.10706483189734618
TCG,S,0.107,G,0.11627186500333095
TCT,S,-0.187,T,0.1286197525794337
AGA,R,0.7,A,0.13024419063591156
AGG,R,0.291,G,0.0819798213836046
CGA,R,0.222,A,0.1530600418701618
CGC,R,-0.256,C,0.07145380698760084
CGG,R,-0.232,G,0.06871525631074166
CGT,R,0.036,T,0.11826301636551977
CTA,L,-0.101,A,0.11566387782465098
CTC,L,-0.392,C,0.06399414136447036
CTG,L,-0.405,G,0.05378420663816389
CTT,L,-0.015,T,0.06818939783878784
TTA,L,0.068,A,0.11303377314159904
TTG,L,1.014,G,0.06837504506401244
CCA,P,0.177,A,0.1755707667063508
CCC,P,-0.403,C,0.09182141619870686
CCG,P,0.265,G,0.0907491963013708
CCT,P,0.126,T,0.10719488125084196
CAC,H,-0.055,C,0.17437510333771067
CAT,H,0.055,T,0.17437510333771067
CAA,Q,0.636,A,0.1374772406279139
CAG,Q,-0.636,G,0.1374772406279139
GTA,V,0.236,A,0.07872071160481992
GTC,V,-0.347,C,0.07665444550145208
GTG,V,-0.015,G,0.05986236347330505
GTT,V,0.186,T,0.08671312222490014
GCA,A,0.572,A,0.10543535639700598
GCC,A,-0.456,C,0.06537161355968239
GCG,A,0.051,G,0.07236338919967727
GCT,A,0.308,T,0.08084773966751622
GAC,D,-0.435,C,0.10388072625074993
GAT,D,0.435,T,0.10388072625074993
GAA,E,0.405,A,0.07059489458656588
GAG,E,-0.405,G,0.07059489458656588
GGA,G,0.285,A,0.08440216043867659
GGC,G,-0.241,C,0.07494128960847375
GGG,G,-0.252,G,0.07507486438941065
GGT,G,0.409,T,0.09188473317724574
TTC,F,-0.558,C,0.09881316549217126
TTT,F,0.558,T,0.09881316549217126
TAC,Y,-0.37,C,0.1403726170106229
TAT,Y,0.37,T,0.1403726170106229
TGC,C,-0.275,C,0.19190471895184338
TGT,C,0.275,T,0.19190471895184338
