codon,amino_acid,Amphritea,third_nucl,standard_error
ATA,I,0.749,A,0.07139411335292556
ATC,I,-0.558,C,0.05072549140905474
ATT,I,0.154,T,0.05089102336096523
ACA,T,0.96,A,0.07157860887147316
ACC,T,-0.779,C,0.05700735536150914
ACG,T,-0.131,G,0.07814061631995813
ACT,T,0.272,T,0.06872246377698803
AAC,N,-0.14,C,0.06591603231810884
AAT,N,0.14,T,0.06591603231810884
AAA,K,0.371,A,0.0596843032938146
AAG,K,-0.371,G,0.05968430329381459
AGC,S,-0.228,C,0.06077350138237047
AGT,S,0.065,T,0.0625513622967594
TCA,S,0.351,A,0.06813728143127731
TCC,S,-0.254,C,0.07256825393442679
TCG,S,-0.294,G,0.08314385543023753
TCT,S,0.265,T,0.0679137723057178
AGA,R,0.934,A,0.09345599911314137
AGG,R,0.31,G,0.12662655953232738
CGA,R,0.74,A,0.0996737241514182
CGC,R,-0.23,C,0.06783608422633468
CGG,R,-0.787,G,0.0787273913634097
CGT,R,-0.107,T,0.06419308127116007
CTA,L,0.963,A,0.09462550121081967
CTC,L,-0.131,C,0.06700957945185711
CTG,L,-0.77,G,0.040844698351717536
CTT,L,0.405,T,0.06332905910035595
TTA,L,0.846,A,0.06717250711260378
TTG,L,0.267,G,0.061532971386584964
CCA,P,0.515,A,0.08026277011226786
CCC,P,-0.13,C,0.07642291212188335
CCG,P,-0.496,G,0.07208617731995152
CCT,P,0.244,T,0.0784496954046903
CAC,H,0.263,C,0.09380098888672087
CAT,H,-0.263,T,0.09380098888672087
CAA,Q,0.915,A,0.07003461274990451
CAG,Q,-0.915,G,0.07003461274990451
GTA,V,0.584,A,0.06687179026500582
GTC,V,-0.391,C,0.06736490020546479
GTG,V,-0.39,G,0.056097568038061874
GTT,V,0.256,T,0.055914948341343536
GCA,A,0.663,A,0.05539444105267598
GCC,A,-0.372,C,0.05372615134226549
GCG,A,-0.505,G,0.05729376858154218
GCT,A,0.242,T,0.056672587771439256
GAC,D,-0.065,C,0.06423891545722328
GAT,D,0.065,T,0.06423891545722328
GAA,E,0.737,A,0.06027534917378915
GAG,E,-0.737,G,0.06027534917378915
GGA,G,0.467,A,0.07925003334012415
GGC,G,-0.128,C,0.06390672792051139
GGG,G,-0.346,G,0.08206337678755586
GGT,G,0.051,T,0.06185474078038399
TTC,F,-0.303,C,0.07193660104542743
TTT,F,0.303,T,0.07193660104542743
TAC,Y,0.019,C,0.08363267471576066
TAT,Y,-0.019,T,0.08363267471576066
TGC,C,-0.216,C,0.1358063928097129
TGT,C,0.216,T,0.1358063928097129
