codon,amino_acid,Amycolatopsis,third_nucl,standard_error
ATA,I,1.012,A,0.2552388776845572
ATC,I,-1.254,C,0.11706833952733339
ATT,I,1.286,T,0.130611588942891
ACA,T,0.987,A,0.09916675662764012
ACC,T,-0.002,C,0.034011887594507816
ACG,T,-0.363,G,0.035283435491969786
ACT,T,1.389,T,0.10953458792943378
AAC,N,-0.961,C,0.14948895017347028
AAT,N,0.961,T,0.1494889501734703
AAA,K,1.185,A,0.09721376539763155
AAG,K,-1.185,G,0.09721376539763155
AGC,S,0.209,C,0.04201884332477633
AGT,S,0.985,T,0.09772482489963424
TCA,S,0.951,A,0.12560617612231442
TCC,S,0.082,C,0.04324761366469229
TCG,S,-0.739,G,0.041281013324721706
TCT,S,1.328,T,0.14778144143226302
AGA,R,2.55,A,0.20021473972045226
AGG,R,1.418,G,0.09469955969137933
CGA,R,1.36,A,0.0812165225275979
CGC,R,-0.401,C,0.03114732105958146
CGG,R,-0.469,G,0.031749455235643875
CGT,R,0.89,T,0.06412067221995771
CTA,L,1.09,A,0.20627859211273658
CTC,L,0.104,C,0.029533940256205503
CTG,L,-0.488,G,0.02844271221148721
CTT,L,1.059,T,0.09356227432077302
TTA,L,1.869,A,0.4440366250729141
TTG,L,0.912,G,0.05667125808613208
CCA,P,0.991,A,0.100469507355702
CCC,P,0.508,C,0.03891956635749359
CCG,P,-0.804,G,0.037202119450252154
CCT,P,1.222,T,0.10295835461212609
CAC,H,-1.09,C,0.1309808484120958
CAT,H,1.09,T,0.1309808484120958
CAA,Q,1.103,A,0.10015143828936282
CAG,Q,-1.103,G,0.10015143828936282
GTA,V,1.027,A,0.11834090041691324
GTC,V,-0.786,C,0.028802766838547156
GTG,V,0.581,G,0.028441017793764123
GTT,V,0.972,T,0.08820402993694787
GCA,A,1.193,A,0.06017125041826199
GCC,A,-0.096,C,0.025443668176071653
GCG,A,-0.369,G,0.025842313928858492
GCT,A,1.205,T,0.0656808137822487
GAC,D,-0.883,C,0.06115370168641193
GAT,D,0.883,T,0.06115370168641193
GAA,E,0.717,A,0.041206823881065835
GAG,E,-0.717,G,0.04120682388106583
GGA,G,1.259,A,0.06089706652701566
GGC,G,-0.737,C,0.03265834397775843
GGG,G,0.114,G,0.03841468057594273
GGT,G,0.668,T,0.05191108447221432
TTC,F,-1.187,C,0.14671817805214404
TTT,F,1.187,T,0.14671817805214404
TAC,Y,-0.946,C,0.13732956681450423
TAT,Y,0.946,T,0.13732956681450423
TGC,C,-0.604,C,0.17882383312044173
TGT,C,0.604,T,0.17882383312044173
