codon,amino_acid,Amylolactobacillus,third_nucl,standard_error
ATA,I,0.884,A,0.12390242104035804
ATC,I,-0.653,C,0.08849984293487512
ATT,I,0.123,T,0.07909544034817931
ACA,T,0.764,A,0.09451593257933101
ACC,T,-0.655,C,0.11348228423460927
ACG,T,-0.435,G,0.11014862224216852
ACT,T,0.003,T,0.10101723014765379
AAC,N,-0.393,C,0.09684706829183234
AAT,N,0.393,T,0.09684706829183236
AAA,K,1.145,A,0.08077669077648163
AAG,K,-1.145,G,0.08077669077648163
AGC,S,-0.044,C,0.12985534360366943
AGT,S,0.275,T,0.10757374198806247
TCA,S,0.357,A,0.10955303198726203
TCC,S,-0.623,C,0.17713784710381253
TCG,S,-0.391,G,0.1659175891552495
TCT,S,-0.26,T,0.13481223722279762
AGA,R,0.857,A,0.12200057351866206
AGG,R,0.21,G,0.21683629483057915
CGA,R,0.268,A,0.16330287042258387
CGC,R,-0.409,C,0.14439059016567363
CGG,R,-0.81,G,0.16717895417669734
CGT,R,-0.353,T,0.12635031917159587
CTA,L,0.109,A,0.10162823501599914
CTC,L,-0.933,C,0.1241215507639158
CTG,L,-1.057,G,0.10936107005923577
CTT,L,-0.323,T,0.10443895977480774
TTA,L,0.982,A,0.07972255791595483
TTG,L,0.165,G,0.0873658996427416
CCA,P,0.337,A,0.13014436868747672
CCC,P,0.025,C,0.17775809562358166
CCG,P,-0.577,G,0.17449791114017427
CCT,P,-0.017,T,0.16367961189608798
CAC,H,-0.37,C,0.16406998666819514
CAT,H,0.37,T,0.16406998666819514
CAA,Q,0.717,A,0.11331926045649668
CAG,Q,-0.717,G,0.11331926045649668
GTA,V,0.586,A,0.10467897358333836
GTC,V,-0.572,C,0.1082026256320391
GTG,V,-0.086,G,0.09661418717876678
GTT,V,0.043,T,0.08610072216126577
GCA,A,0.798,A,0.08956882682110547
GCC,A,-0.862,C,0.12019788065642956
GCG,A,-0.493,G,0.11986711263565522
GCT,A,0.023,T,0.09875939860829415
GAC,D,-0.367,C,0.10518948240092112
GAT,D,0.367,T,0.10518948240092112
GAA,E,1.109,A,0.09864685329471294
GAG,E,-1.109,G,0.09864685329471294
GGA,G,0.65,A,0.11730765395073119
GGC,G,-0.293,C,0.11447946987216186
GGG,G,-0.063,G,0.15164014812340104
GGT,G,-0.21,T,0.10146814527589122
TTC,F,-1.002,C,0.11150526748143988
TTT,F,1.002,T,0.11150526748143988
TAC,Y,-0.47,C,0.1246845283038272
TAT,Y,0.47,T,0.12468452830382722
TGC,C,-1.038,C,0.44280744277004763
TGT,C,1.038,T,0.44280744277004763
