codon,amino_acid,Anabaena,third_nucl,standard_error
ATA,I,0.03,A,0.0487731326915333
ATC,I,0.115,C,0.05011110357768186
ATT,I,-0.096,T,0.04056078270083637
ACA,T,-0.035,A,0.046592556324677264
ACC,T,0.018,C,0.055046240588067175
ACG,T,-0.108,G,0.08354652156268354
ACT,T,0.053,T,0.045967831156479476
AAC,N,0.23,C,0.05364410254376952
AAT,N,-0.23,T,0.05364410254376952
AAA,K,0.165,A,0.05642387840176347
AAG,K,-0.165,G,0.05642387840176347
AGC,S,-0.062,C,0.06460107625495769
AGT,S,-0.386,T,0.04975729073946529
TCA,S,0.198,A,0.053954326855191456
TCC,S,0.191,C,0.06937182281311141
TCG,S,-0.046,G,0.10071787787636674
TCT,S,0.15,T,0.04743059579637361
AGA,R,0.275,A,0.0616611537403646
AGG,R,0.106,G,0.10691751049979491
CGA,R,0.052,A,0.07554013712061605
CGC,R,0.028,C,0.06696214749760163
CGG,R,-0.393,G,0.09152541724164313
CGT,R,-0.176,T,0.06075173998472293
CTA,L,0.293,A,0.049189507054017444
CTC,L,0.188,C,0.06150802875547016
CTG,L,0.093,G,0.05691787616839368
CTT,L,0.31,T,0.053129637447060715
TTA,L,-0.281,A,0.03508133367774993
TTG,L,-0.162,G,0.04438715490774099
CCA,P,0.168,A,0.055720707319895896
CCC,P,-0.03,C,0.06555556505675127
CCG,P,-0.01,G,0.09787807666300463
CCT,P,-0.145,T,0.056101441757278485
CAC,H,0.334,C,0.08822701168497106
CAT,H,-0.334,T,0.08822701168497106
CAA,Q,0.045,A,0.05734600945002034
CAG,Q,-0.045,G,0.05734600945002034
GTA,V,-0.15,A,0.05203220703349951
GTC,V,-0.216,C,0.06739630008146337
GTG,V,0.23,G,0.05851303166916077
GTT,V,0.085,T,0.048337399483416144
GCA,A,0.094,A,0.048458629453558014
GCC,A,-0.012,C,0.06099978977894622
GCG,A,-0.094,G,0.07645454470041026
GCT,A,-0.045,T,0.04694266263291761
GAC,D,0.386,C,0.06272193991347996
GAT,D,-0.386,T,0.06272193991347996
GAA,E,0.091,A,0.06181568905475008
GAG,E,-0.091,G,0.06181568905475008
GGA,G,0.142,A,0.060232869701109824
GGC,G,0.286,C,0.07405518825929229
GGG,G,-0.01,G,0.08807035167981256
GGT,G,-0.278,T,0.05638913936829917
TTC,F,0.095,C,0.07094448169544577
TTT,F,-0.095,T,0.07094448169544577
TAC,Y,0.455,C,0.07077176343682028
TAT,Y,-0.455,T,0.07077176343682028
TGC,C,0.491,C,0.13147045618690426
TGT,C,-0.491,T,0.13147045618690426
