codon,amino_acid,Anabaenopsis,third_nucl,standard_error
ATA,I,0.279,A,0.0547277148431534
ATC,I,0.067,C,0.04973179855599555
ATT,I,-0.221,T,0.04265058766547138
ACA,T,0.054,A,0.04798182786967056
ACC,T,0.006,C,0.058322732357208786
ACG,T,-0.134,G,0.08608944155476034
ACT,T,-0.016,T,0.04701934211820267
AAC,N,0.085,C,0.05375952875523909
AAT,N,-0.085,T,0.05375952875523909
AAA,K,0.042,A,0.05625431593466754
AAG,K,-0.042,G,0.056254315934667544
AGC,S,-0.118,C,0.061375430450124516
AGT,S,-0.225,T,0.050989940293847874
TCA,S,0.113,A,0.05654160597987973
TCC,S,0.253,C,0.0743818937730879
TCG,S,-0.196,G,0.08518162304781599
TCT,S,0.148,T,0.04908532943768669
AGA,R,0.214,A,0.06353724470394556
AGG,R,0.537,G,0.11189864428578049
CGA,R,0.097,A,0.07466128978795371
CGC,R,-0.259,C,0.061948459841802424
CGG,R,-0.307,G,0.08361482673132913
CGT,R,-0.005,T,0.061073291243428016
CTA,L,0.281,A,0.05093742979298024
CTC,L,0.16,C,0.0591077684385267
CTG,L,0.088,G,0.05329885528780423
CTT,L,0.465,T,0.05608481719564584
TTA,L,-0.265,A,0.035759626553710844
TTG,L,-0.253,G,0.044414777480572425
CCA,P,0.048,A,0.055300356036243344
CCC,P,-0.046,C,0.0665193681889939
CCG,P,0.191,G,0.08579925974335578
CCT,P,-0.102,T,0.05703964757233126
CAC,H,0.169,C,0.08819878048308734
CAT,H,-0.169,T,0.08819878048308734
CAA,Q,-0.033,A,0.056925636807949626
CAG,Q,0.033,G,0.056925636807949626
GTA,V,-0.11,A,0.0511487193524161
GTC,V,-0.253,C,0.06378280441650534
GTG,V,0.124,G,0.05444808840889152
GTT,V,0.146,T,0.04795397852772557
GCA,A,0.193,A,0.04645064280803603
GCC,A,-0.27,C,0.05792125719102683
GCG,A,-0.156,G,0.06701575984963795
GCT,A,0.06,T,0.04572727943038748
GAC,D,0.263,C,0.06185152417524174
GAT,D,-0.263,T,0.06185152417524174
GAA,E,-0.108,A,0.06072978798244067
GAG,E,0.108,G,0.06072978798244067
GGA,G,0.184,A,0.062109687055651085
GGC,G,0.123,C,0.06685888418531875
GGG,G,-0.014,G,0.08105260877821185
GGT,G,-0.226,T,0.056256691417297895
TTC,F,0.129,C,0.06973069288657843
TTT,F,-0.129,T,0.06973069288657843
TAC,Y,0.276,C,0.07079187971437483
TAT,Y,-0.276,T,0.07079187971437483
TGC,C,0.527,C,0.12673385180860894
TGT,C,-0.527,T,0.12673385180860894
