codon,amino_acid,Anaerohalosphaera,third_nucl,standard_error
ATA,I,0.392,A,0.062471627375499474
ATC,I,-0.795,C,0.057808359184017596
ATT,I,0.573,T,0.06505721581362948
ACA,T,0.969,A,0.07394534109373396
ACC,T,-0.685,C,0.07105740038989893
ACG,T,-0.504,G,0.07389021707847267
ACT,T,0.281,T,0.08328443175550612
AAC,N,-0.527,C,0.07405512102863036
AAT,N,0.527,T,0.07405512102863036
AAA,K,0.717,A,0.05627254616102301
AAG,K,-0.717,G,0.056272546161023014
AGC,S,-0.217,C,0.06784545513703857
AGT,S,0.597,T,0.0800606559462371
TCA,S,0.61,A,0.08608314585906733
TCC,S,-0.748,C,0.0942639236216579
TCG,S,-0.497,G,0.08095859535820647
TCT,S,0.307,T,0.09814368808834353
AGA,R,1.42,A,0.08025009299235311
AGG,R,-0.074,G,0.08587073935395456
CGA,R,0.15,A,0.09412388897060865
CGC,R,-0.967,C,0.08374072698546155
CGG,R,-0.723,G,0.08959357586770503
CGT,R,-0.184,T,0.08773888967170913
CTA,L,1.009,A,0.11817736608516506
CTC,L,-0.743,C,0.06373549557969413
CTG,L,-0.762,G,0.05308691544354243
CTT,L,-0.056,T,0.062369186184439526
TTA,L,1.47,A,0.10406118944884403
TTG,L,0.958,G,0.06951280032383801
CCA,P,1.024,A,0.10703247293157174
CCC,P,-0.621,C,0.104112694944428
CCG,P,-0.343,G,0.09123630875833652
CCT,P,0.173,T,0.10973658492448272
CAC,H,-0.219,C,0.11338332871930272
CAT,H,0.219,T,0.11338332871930272
CAA,Q,1.245,A,0.09413405620391227
CAG,Q,-1.245,G,0.09413405620391227
GTA,V,0.454,A,0.06990826881960271
GTC,V,-0.82,C,0.06911297063018962
GTG,V,-0.047,G,0.06260682660723019
GTT,V,0.383,T,0.062161208119145876
GCA,A,0.663,A,0.059473573588389374
GCC,A,-0.453,C,0.06693554344296487
GCG,A,-0.598,G,0.06417296339137869
GCT,A,0.325,T,0.06859403532165774
GAC,D,-0.267,C,0.06548915677426224
GAT,D,0.267,T,0.06548915677426224
GAA,E,0.83,A,0.06660802721047442
GAG,E,-0.83,G,0.06660802721047442
GGA,G,0.705,A,0.07820335064018487
GGC,G,-0.679,C,0.0658144023060245
GGG,G,-0.157,G,0.0880022848840515
GGT,G,0.349,T,0.06946420071203441
TTC,F,-0.919,C,0.07503230753867439
TTT,F,0.919,T,0.07503230753867439
TAC,Y,-0.072,C,0.09061069591745959
TAT,Y,0.072,T,0.09061069591745959
TGC,C,-0.855,C,0.13286823782904705
TGT,C,0.855,T,0.13286823782904705
