codon,amino_acid,Anaerostipes,third_nucl,standard_error
ATA,I,0.713,A,0.06574592084678303
ATC,I,-0.823,C,0.05346084289960232
ATT,I,0.337,T,0.05334282019039091
ACA,T,0.681,A,0.06861713812860833
ACC,T,-0.691,C,0.08536465763944132
ACG,T,-0.056,G,0.08877474932965843
ACT,T,-0.363,T,0.09461458259270827
AAC,N,-0.24,C,0.0724896341772148
AAT,N,0.24,T,0.07248963417721481
AAA,K,0.536,A,0.05005661329299029
AAG,K,-0.536,G,0.05005661329299029
AGC,S,-0.033,C,0.07829322735332005
AGT,S,0.794,T,0.08222337983011492
TCA,S,0.675,A,0.08040076667760551
TCC,S,-1.119,C,0.09776013922623904
TCG,S,-0.468,G,0.15772239144240718
TCT,S,-0.433,T,0.08493057829486408
AGA,R,0.961,A,0.07076155393727734
AGG,R,-0.467,G,0.08606148863302227
CGA,R,0.789,A,0.15040892349381393
CGC,R,-0.989,C,0.1311272451267544
CGG,R,-0.758,G,0.10315261717322917
CGT,R,-0.383,T,0.10575831939666608
CTA,L,0.285,A,0.11563064224028351
CTC,L,-1.076,C,0.10897357708461236
CTG,L,-1.024,G,0.05715394061955053
CTT,L,-0.51,T,0.06570955738917462
TTA,L,1.233,A,0.05892382413653335
TTG,L,0.667,G,0.06834369845336417
CCA,P,0.886,A,0.11100464563690683
CCC,P,-0.232,C,0.14938235630094227
CCG,P,-0.429,G,0.10367875072591308
CCT,P,-0.264,T,0.1198056235242121
CAC,H,-0.333,C,0.12969602259112317
CAT,H,0.333,T,0.12969602259112317
CAA,Q,0.993,A,0.09312895097541643
CAG,Q,-0.993,G,0.09312895097541642
GTA,V,0.611,A,0.06359234632877195
GTC,V,-0.645,C,0.0789283531775436
GTG,V,-0.375,G,0.06336152584262665
GTT,V,0.25,T,0.07036618035054183
GCA,A,0.701,A,0.06276459011030369
GCC,A,-0.786,C,0.08201349874028649
GCG,A,-0.226,G,0.08195485912876199
GCT,A,-0.117,T,0.08201089211230156
GAC,D,-0.307,C,0.07073577657647463
GAT,D,0.307,T,0.07073577657647463
GAA,E,0.734,A,0.05938889288109486
GAG,E,-0.734,G,0.05938889288109486
GGA,G,0.247,A,0.06277530658934175
GGC,G,-0.145,C,0.08128288497301604
GGG,G,-0.223,G,0.08423179318618629
GGT,G,-0.057,T,0.08362641761110022
TTC,F,-0.574,C,0.08856097465131027
TTT,F,0.574,T,0.08856097465131027
TAC,Y,-0.36,C,0.08705646676490283
TAT,Y,0.36,T,0.08705646676490283
TGC,C,-0.25,C,0.12765883138201717
TGT,C,0.25,T,0.12765883138201717
