codon,amino_acid,Anaerobacillus,third_nucl,standard_error
ATA,I,0.315,A,0.04885838563390327
ATC,I,-0.167,C,0.05236703025312702
ATT,I,-0.126,T,0.041625169070463285
ACA,T,0.114,A,0.053504135637595034
ACC,T,-0.127,C,0.08728460559850437
ACG,T,-0.025,G,0.07094771980671771
ACT,T,-0.062,T,0.058211431157011134
AAC,N,-0.037,C,0.06003110747965149
AAT,N,0.037,T,0.06003110747965149
AAA,K,0.262,A,0.046883639504768454
AAG,K,-0.262,G,0.046883639504768454
AGC,S,0.204,C,0.08268897246288766
AGT,S,0.106,T,0.05615406172926673
TCA,S,-0.073,A,0.05602577492021966
TCC,S,-0.14,C,0.10700142696238571
TCG,S,-0.09,G,0.08973012538565762
TCT,S,-0.067,T,0.06367655571730209
AGA,R,0.432,A,0.06296259873220851
AGG,R,-0.346,G,0.09173252460825967
CGA,R,-0.046,A,0.08039777245713157
CGC,R,-0.398,C,0.10835002635642439
CGG,R,-0.156,G,0.1284639172963725
CGT,R,-0.085,T,0.07115108390483248
CTA,L,0.012,A,0.05295540760374202
CTC,L,-0.192,C,0.09715191621343695
CTG,L,-0.447,G,0.10452802211622575
CTT,L,-0.544,T,0.0498901530582181
TTA,L,0.059,A,0.03752251575800355
TTG,L,0.642,G,0.05350557593935199
CCA,P,0.01,A,0.07105833589435166
CCC,P,0.001,C,0.14640849803561792
CCG,P,-0.119,G,0.10349334382222002
CCT,P,0.051,T,0.07462897913676769
CAC,H,-0.271,C,0.1029968365128131
CAT,H,0.271,T,0.10299683651281312
CAA,Q,0.136,A,0.0799773468309993
CAG,Q,-0.136,G,0.0799773468309993
GTA,V,0.16,A,0.050610981793513136
GTC,V,-0.333,C,0.07278304467397809
GTG,V,0.663,G,0.06448430240353571
GTT,V,-0.374,T,0.04779014246056757
GCA,A,0.365,A,0.05533080015215845
GCC,A,-0.446,C,0.08964163388456002
GCG,A,-0.039,G,0.08000519380301177
GCT,A,-0.179,T,0.05789706920888625
GAC,D,-0.237,C,0.06840165865392173
GAT,D,0.237,T,0.06840165865392173
GAA,E,0.161,A,0.05438846396948912
GAG,E,-0.161,G,0.05438846396948911
GGA,G,0.241,A,0.058119735325311624
GGC,G,-0.076,C,0.08301622235651838
GGG,G,0.04,G,0.07640180377605921
GGT,G,-0.217,T,0.057230964245722576
TTC,F,-0.293,C,0.06961921912096357
TTT,F,0.293,T,0.06961921912096357
TAC,Y,-0.243,C,0.07381401674450168
TAT,Y,0.243,T,0.07381401674450168
TGC,C,-0.564,C,0.1676142652351863
TGT,C,0.564,T,0.1676142652351863
