codon,amino_acid,Anaerolinea,third_nucl,standard_error
ATA,I,0.665,A,0.13212578776871547
ATC,I,-0.264,C,0.06309247388673109
ATT,I,0.095,T,0.06137882387206955
ACA,T,0.613,A,0.0968360684925511
ACC,T,-0.398,C,0.06727211273416289
ACG,T,-0.082,G,0.088015976917705
ACT,T,0.225,T,0.08686950655128513
AAC,N,-0.267,C,0.0844141776644425
AAT,N,0.267,T,0.0844141776644425
AAA,K,0.324,A,0.07839166331754673
AAG,K,-0.324,G,0.07839166331754673
AGC,S,-0.166,C,0.08142069610427559
AGT,S,-0.031,T,0.09551532788871304
TCA,S,0.403,A,0.10330278605564096
TCC,S,-0.151,C,0.07594222241742428
TCG,S,-0.498,G,0.09166272800350846
TCT,S,0.5,T,0.08358282364969423
AGA,R,0.899,A,0.11210331947556412
AGG,R,0.255,G,0.13633336641841562
CGA,R,0.816,A,0.10685483383726106
CGC,R,-0.676,C,0.06294897941382635
CGG,R,-0.347,G,0.08840574210335207
CGT,R,0.28,T,0.07426537012021063
CTA,L,0.29,A,0.16091905609368415
CTC,L,0.133,C,0.06560146635325542
CTG,L,-0.674,G,0.04746979804956304
CTT,L,0.505,T,0.06340513297492711
TTA,L,0.505,A,0.07887712214202243
TTG,L,0.175,G,0.05895721352479429
CCA,P,0.55,A,0.09702072372392315
CCC,P,-0.114,C,0.07107784334873006
CCG,P,-0.517,G,0.07819065611592975
CCT,P,0.295,T,0.07765635942433562
CAC,H,-0.182,C,0.10909625194231971
CAT,H,0.182,T,0.10909625194231971
CAA,Q,0.82,A,0.07814819758412507
CAG,Q,-0.82,G,0.07814819758412508
GTA,V,0.18,A,0.07829715462784473
GTC,V,0.013,C,0.07148914835474467
GTG,V,-0.51,G,0.05895580196311452
GTT,V,0.556,T,0.06919612488390013
GCA,A,0.404,A,0.06890661823719245
GCC,A,-0.357,C,0.061355055032205
GCG,A,-0.341,G,0.07167076133276855
GCT,A,0.435,T,0.07263781791455538
GAC,D,-0.266,C,0.08206784558259193
GAT,D,0.266,T,0.08206784558259195
GAA,E,0.445,A,0.06914026959407796
GAG,E,-0.445,G,0.06914026959407796
GGA,G,0.461,A,0.07413655764793271
GGC,G,-0.563,C,0.07519230806547444
GGG,G,-0.301,G,0.08229778350974794
GGT,G,0.461,T,0.08085293262577818
TTC,F,-0.452,C,0.07473395165245267
TTT,F,0.452,T,0.07473395165245265
TAC,Y,-0.051,C,0.0975044700777894
TAT,Y,0.051,T,0.0975044700777894
TGC,C,-0.214,C,0.18112714055595253
TGT,C,0.214,T,0.18112714055595253
