codon,amino_acid,Anaerotruncus,third_nucl,standard_error
ATA,I,0.539,A,0.09455116893388778
ATC,I,-0.505,C,0.056825564258228475
ATT,I,0.32,T,0.05836647064136487
ACA,T,0.534,A,0.07074437946938968
ACC,T,-0.287,C,0.07266228586152626
ACG,T,-0.305,G,0.07106498369595828
ACT,T,0.079,T,0.11061492889883101
AAC,N,-0.366,C,0.07637900850109858
AAT,N,0.366,T,0.07637900850109858
AAA,K,0.769,A,0.06196249065055086
AAG,K,-0.769,G,0.06196249065055086
AGC,S,-0.09,C,0.07051686936500273
AGT,S,0.934,T,0.12137154150426585
TCA,S,0.303,A,0.10178501768482356
TCC,S,-0.292,C,0.07625450906650458
TCG,S,-0.396,G,0.08765494771170794
TCT,S,0.251,T,0.10432288990805183
AGA,R,1.861,A,0.13181975666056509
AGG,R,0.696,G,0.10781862198144336
CGA,R,0.902,A,0.13220957028168082
CGC,R,-0.889,C,0.06604466721197894
CGG,R,-0.176,G,0.07369030346144674
CGT,R,-0.214,T,0.08106207863437738
CTA,L,0.592,A,0.1724448084842891
CTC,L,-0.48,C,0.07057693140654003
CTG,L,-0.384,G,0.04839398153220348
CTT,L,-0.192,T,0.05914032624476214
TTA,L,0.769,A,0.0938563880135583
TTG,L,0.736,G,0.06174398019237343
CCA,P,0.566,A,0.11093158868650212
CCC,P,-0.03,C,0.09404503332554758
CCG,P,-0.346,G,0.07998424305927529
CCT,P,0.158,T,0.11264839332028409
CAC,H,-0.201,C,0.11874423614386606
CAT,H,0.201,T,0.11874423614386606
CAA,Q,0.896,A,0.0880551491955125
CAG,Q,-0.896,G,0.08805514919551248
GTA,V,0.591,A,0.07935110273120478
GTC,V,-0.54,C,0.06521149643021226
GTG,V,0.055,G,0.060882537371698596
GTT,V,0.099,T,0.06887343766206196
GCA,A,0.803,A,0.06426257020550354
GCC,A,-0.466,C,0.05854368220988336
GCG,A,-0.197,G,0.053068503552915335
GCT,A,0.074,T,0.0746830627836525
GAC,D,-0.292,C,0.06822547712244624
GAT,D,0.292,T,0.06822547712244624
GAA,E,0.77,A,0.06228974167116865
GAG,E,-0.77,G,0.06228974167116865
GGA,G,0.636,A,0.07253605917303034
GGC,G,-0.543,C,0.060768536774127635
GGG,G,-0.098,G,0.08170021449884589
GGT,G,0.315,T,0.08384162312372614
TTC,F,-0.442,C,0.08004952834893225
TTT,F,0.442,T,0.08004952834893227
TAC,Y,-0.215,C,0.08780822238795517
TAT,Y,0.215,T,0.08780822238795517
TGC,C,-0.392,C,0.12854372552557633
TGT,C,0.392,T,0.12854372552557633
