codon,amino_acid,Anaerotignum,third_nucl,standard_error
ATA,I,0.474,A,0.06686394278425942
ATC,I,-0.193,C,0.07254274185808995
ATT,I,-0.231,T,0.05673170052833254
ACA,T,0.466,A,0.07277426681520446
ACC,T,-0.73,C,0.08957975175381691
ACG,T,0.258,G,0.10631565407963235
ACT,T,-0.127,T,0.0905993193081011
AAC,N,-0.211,C,0.07831356760623107
AAT,N,0.211,T,0.07831356760623105
AAA,K,0.534,A,0.05783121815844664
AAG,K,-0.534,G,0.05783121815844664
AGC,S,-0.011,C,0.08899633885275597
AGT,S,0.445,T,0.08194683378110916
TCA,S,0.441,A,0.08790726169059816
TCC,S,-0.78,C,0.10346999623404973
TCG,S,0.287,G,0.1594189057010256
TCT,S,-0.39,T,0.0853061609363794
AGA,R,0.678,A,0.08073100091954871
AGG,R,-0.152,G,0.12940228496573297
CGA,R,-0.028,A,0.12663332643479655
CGC,R,-0.749,C,0.1436720118539266
CGG,R,-0.287,G,0.15580602449670836
CGT,R,-0.467,T,0.10279112665840237
CTA,L,-0.022,A,0.09698495616362483
CTC,L,-0.42,C,0.1394797321713554
CTG,L,-0.248,G,0.08153953414515076
CTT,L,-0.442,T,0.07084278646005877
TTA,L,0.422,A,0.05722058476559698
TTG,L,0.069,G,0.05791926522444227
CCA,P,0.651,A,0.1095426157419037
CCC,P,-0.506,C,0.12367506716146653
CCG,P,0.471,G,0.15477085540680657
CCT,P,-0.417,T,0.10714603373951377
CAC,H,-0.211,C,0.15763910740492512
CAT,H,0.211,T,0.15763910740492512
CAA,Q,0.377,A,0.09149075501640432
CAG,Q,-0.377,G,0.09149075501640432
GTA,V,0.307,A,0.06918243107660417
GTC,V,-0.037,C,0.13381779619239997
GTG,V,0.03,G,0.07332209744411138
GTT,V,-0.302,T,0.06710443254184412
GCA,A,0.29,A,0.0667078670703535
GCC,A,-0.483,C,0.0971311999887777
GCG,A,0.039,G,0.09444224423900895
GCT,A,-0.089,T,0.07675163501813563
GAC,D,-0.063,C,0.08726306832415495
GAT,D,0.063,T,0.08726306832415494
GAA,E,0.421,A,0.06788066964798883
GAG,E,-0.421,G,0.06788066964798883
GGA,G,0.393,A,0.0730641632880253
GGC,G,-0.23,C,0.08156385872038313
GGG,G,-0.244,G,0.09523644452318397
GGT,G,-0.055,T,0.07400099554757295
TTC,F,-0.544,C,0.09935983110965807
TTT,F,0.544,T,0.09935983110965807
TAC,Y,-0.122,C,0.10277115031998563
TAT,Y,0.122,T,0.10277115031998561
TGC,C,-0.347,C,0.1483801120008741
TGT,C,0.347,T,0.1483801120008741
