codon,amino_acid,Anaplasma,third_nucl,standard_error
ATA,I,0.125,A,0.10433293144490993
ATC,I,-0.352,C,0.14507716470757187
ATT,I,0.066,T,0.1096721050373643
ACA,T,0.304,A,0.1401057746819242
ACC,T,0.037,C,0.1875210782345356
ACG,T,0.202,G,0.1719050278735247
ACT,T,-0.431,T,0.13672762140138536
AAC,N,-0.081,C,0.15224472165523795
AAT,N,0.081,T,0.15224472165523795
AAA,K,0.072,A,0.11111517451063493
AAG,K,-0.072,G,0.11111517451063495
AGC,S,0.118,C,0.13585077338808504
AGT,S,0.171,T,0.10596499426230939
TCA,S,-0.494,A,0.1451984443708399
TCC,S,-0.228,C,0.17670860412254655
TCG,S,0.12,G,0.1481389115941866
TCT,S,0.045,T,0.1036069947221789
AGA,R,0.135,A,0.12627671434939905
AGG,R,0.119,G,0.13170319355233964
CGA,R,0.367,A,0.2615921353213972
CGC,R,-0.418,C,0.2023501036949351
CGG,R,-0.035,G,0.2373313300602274
CGT,R,-0.22,T,0.15014751183650676
CTA,L,-0.042,A,0.12906671120480845
CTC,L,-0.269,C,0.16392538116576774
CTG,L,-0.185,G,0.12665563957614337
CTT,L,-0.137,T,0.11182002365296455
TTA,L,0.169,A,0.10389467891629714
TTG,L,0.184,G,0.09748948803693058
CCA,P,0.497,A,0.18011946020077882
CCC,P,0.164,C,0.2302339330046797
CCG,P,0.205,G,0.2174630910322308
CCT,P,-0.602,T,0.16441061513641436
CAC,H,-0.436,C,0.20149908629656949
CAT,H,0.436,T,0.2014990862965695
CAA,Q,-0.196,A,0.1685122033954011
CAG,Q,0.196,G,0.1685122033954011
GTA,V,-0.352,A,0.09864656036214194
GTC,V,0.069,C,0.16008533804970995
GTG,V,0.347,G,0.09835172570081077
GTT,V,-0.027,T,0.09605570668398714
GCA,A,-0.341,A,0.12166435361974258
GCC,A,0.286,C,0.1730485353985892
GCG,A,-0.169,G,0.13590150621599686
GCT,A,0.279,T,0.10976663730175862
GAC,D,-0.012,C,0.1420982755882408
GAT,D,0.012,T,0.1420982755882408
GAA,E,-0.046,A,0.11910517638561932
GAG,E,0.046,G,0.11910517638561932
GGA,G,0.084,A,0.11947323262687648
GGC,G,-0.086,C,0.1423901670488118
GGG,G,-0.1,G,0.1222649131577785
GGT,G,0.059,T,0.10779703979615231
TTC,F,-0.075,C,0.14494787923528235
TTT,F,0.075,T,0.14494787923528235
TAC,Y,0.17,C,0.16117855823394406
TAT,Y,-0.17,T,0.16117855823394406
TGC,C,-0.42,C,0.21043320173848643
TGT,C,0.42,T,0.21043320173848643
