codon,amino_acid,Aneurinibacillus,third_nucl,standard_error
ATA,I,0.571,A,0.07343587098487557
ATC,I,-0.212,C,0.055774865222448275
ATT,I,-0.113,T,0.05143832708452559
ACA,T,0.306,A,0.05860620172189629
ACC,T,-0.146,C,0.07841533414027835
ACG,T,-0.451,G,0.06522289952695211
ACT,T,0.275,T,0.0816360011329709
AAC,N,-0.003,C,0.07018874434793754
AAT,N,0.003,T,0.07018874434793754
AAA,K,0.358,A,0.05563987474228261
AAG,K,-0.358,G,0.055639874742282616
AGC,S,0.041,C,0.0738865412001365
AGT,S,0.242,T,0.07222743743982105
TCA,S,0.326,A,0.07719001405827831
TCC,S,-0.278,C,0.08941520008073695
TCG,S,-0.358,G,0.08368565060791457
TCT,S,-0.124,T,0.07519374074919064
AGA,R,1.012,A,0.08980530469794931
AGG,R,0.247,G,0.12617824258425211
CGA,R,0.383,A,0.08123247085079088
CGC,R,-0.424,C,0.07099722203694232
CGG,R,-0.293,G,0.08192126095005416
CGT,R,-0.362,T,0.065453773592763
CTA,L,0.169,A,0.0793134520065148
CTC,L,-0.524,C,0.07478900100728963
CTG,L,-0.483,G,0.05618790271993497
CTT,L,-0.252,T,0.054313639953679854
TTA,L,0.68,A,0.062098715809712005
TTG,L,0.421,G,0.058079980415567264
CCA,P,0.179,A,0.08516476432297075
CCC,P,0.166,C,0.14196075982481063
CCG,P,-0.496,G,0.08195665487404843
CCT,P,0.402,T,0.09609014103318365
CAC,H,-0.134,C,0.0996904297801412
CAT,H,0.134,T,0.0996904297801412
CAA,Q,0.602,A,0.0695377715744517
CAG,Q,-0.602,G,0.06953777157445169
GTA,V,0.229,A,0.053666486836709354
GTC,V,-0.317,C,0.07263792759138998
GTG,V,0.194,G,0.055420108323902866
GTT,V,-0.29,T,0.05986069070052845
GCA,A,0.482,A,0.05537055936571372
GCC,A,-0.083,C,0.07316196876934968
GCG,A,-0.415,G,0.06218491130753504
GCT,A,-0.124,T,0.06375308238501455
GAC,D,-0.051,C,0.0718954800045947
GAT,D,0.051,T,0.0718954800045947
GAA,E,0.242,A,0.056677217908180616
GAG,E,-0.242,G,0.056677217908180616
GGA,G,0.564,A,0.06160475038429952
GGC,G,-0.465,C,0.07381222244542406
GGG,G,0.03,G,0.07362104780715331
GGT,G,-0.294,T,0.06831889001694587
TTC,F,-0.382,C,0.07350488417614662
TTT,F,0.382,T,0.07350488417614662
TAC,Y,-0.03,C,0.08388816283828741
TAT,Y,0.03,T,0.0838881628382874
TGC,C,-0.232,C,0.14618368772670362
TGT,C,0.232,T,0.14618368772670365
