codon,amino_acid,Anoxybacillus,third_nucl,standard_error
ATA,I,0.993,A,0.1230018486251617
ATC,I,-0.687,C,0.059025520816950415
ATT,I,0.455,T,0.06067732587798147
ACA,T,0.942,A,0.08943355600557427
ACC,T,-0.472,C,0.06544836989214363
ACG,T,-0.266,G,0.0636366667005527
ACT,T,0.613,T,0.11927900488432008
AAC,N,-0.508,C,0.08759765383357844
AAT,N,0.508,T,0.08759765383357844
AAA,K,0.545,A,0.05954589542687609
AAG,K,-0.545,G,0.05954589542687609
AGC,S,-0.081,C,0.07028821171169419
AGT,S,0.66,T,0.10820637525673242
TCA,S,0.836,A,0.12328226363636502
TCC,S,-0.536,C,0.07427311988221989
TCG,S,-0.25,G,0.07794986628396493
TCT,S,0.478,T,0.11432502203378117
AGA,R,1.209,A,0.1168917619444391
AGG,R,0.124,G,0.11214431353363753
CGA,R,0.954,A,0.09482397850649299
CGC,R,-0.505,C,0.05997872405599884
CGG,R,-0.692,G,0.06729598437558629
CGT,R,0.42,T,0.08155056878476483
CTA,L,0.918,A,0.1726431255927719
CTC,L,-0.281,C,0.06446063529117585
CTG,L,-0.726,G,0.044923436555726726
CTT,L,0.369,T,0.07965529658002662
TTA,L,0.799,A,0.1274114010920849
TTG,L,0.795,G,0.053858531340978524
CCA,P,0.947,A,0.1245458381060308
CCC,P,0.017,C,0.08891222808281585
CCG,P,-0.715,G,0.07618614766115567
CCT,P,0.793,T,0.11626910671925433
CAC,H,-0.617,C,0.09928140423337396
CAT,H,0.617,T,0.09928140423337396
CAA,Q,1.08,A,0.07646104370845473
CAG,Q,-1.08,G,0.07646104370845473
GTA,V,0.578,A,0.07330036606222796
GTC,V,-0.504,C,0.05662563561174287
GTG,V,0.007,G,0.050970997208863084
GTT,V,0.268,T,0.07735279298171496
GCA,A,0.96,A,0.06642286815198381
GCC,A,-0.585,C,0.05690831214015981
GCG,A,-0.336,G,0.056055491597132884
GCT,A,0.426,T,0.07788321284892416
GAC,D,-0.463,C,0.07093990562136598
GAT,D,0.463,T,0.07093990562136598
GAA,E,0.654,A,0.06057467461922293
GAG,E,-0.654,G,0.06057467461922294
GGA,G,0.6,A,0.07054509238866749
GGC,G,-0.559,C,0.06277589445322238
GGG,G,-0.199,G,0.07473818857400592
GGT,G,0.442,T,0.08280749386512459
TTC,F,-0.358,C,0.07587104564553747
TTT,F,0.358,T,0.07587104564553747
TAC,Y,-0.474,C,0.0893571347263565
TAT,Y,0.474,T,0.0893571347263565
TGC,C,-0.736,C,0.17269346154683055
TGT,C,0.736,T,0.17269346154683055
