codon,amino_acid,Apibacter,third_nucl,standard_error
ATA,I,0.295,A,0.05146426816222636
ATC,I,-0.121,C,0.08065955808699705
ATT,I,-0.241,T,0.050760732272706645
ACA,T,0.535,A,0.07296321247849659
ACC,T,-0.341,C,0.09261278786713763
ACG,T,-0.114,G,0.12259198876365562
ACT,T,-0.301,T,0.07511351775552148
AAC,N,0.095,C,0.07358074999723542
AAT,N,-0.095,T,0.07358074999723542
AAA,K,0.095,A,0.07051922414998506
AAG,K,-0.095,G,0.07051922414998506
AGC,S,0.054,C,0.10771516386848899
AGT,S,0.202,T,0.07773291974548573
TCA,S,0.331,A,0.07187245169573148
TCC,S,-0.197,C,0.10256766926804727
TCG,S,0.08,G,0.12813717933134583
TCT,S,-0.444,T,0.0717653195578713
AGA,R,0.462,A,0.09401333973517394
AGG,R,-0.177,G,0.14578511354376378
CGA,R,-0.103,A,0.15120908535526634
CGC,R,-0.308,C,0.23218393659431838
CGG,R,-0.625,G,0.239052818173155
CGT,R,-0.396,T,0.13520043168058338
CTA,L,0.242,A,0.0878662567997053
CTC,L,-0.12,C,0.14213660424324995
CTG,L,-0.33,G,0.08818750656217189
CTT,L,-0.33,T,0.06481713855112564
TTA,L,0.341,A,0.0498064265654798
TTG,L,-0.231,G,0.07293092910600713
CCA,P,0.355,A,0.11632953294023175
CCC,P,0.312,C,0.13398354760329573
CCG,P,-0.328,G,0.1353944651016485
CCT,P,-0.25,T,0.10165236004159542
CAC,H,0.233,C,0.1494146227464559
CAT,H,-0.233,T,0.1494146227464559
CAA,Q,0.345,A,0.0955585400802298
CAG,Q,-0.345,G,0.0955585400802298
GTA,V,0.371,A,0.0717454513799276
GTC,V,-0.224,C,0.14693952260975154
GTG,V,-0.144,G,0.11483621991555346
GTT,V,-0.266,T,0.0727139429165657
GCA,A,0.459,A,0.07910076319365164
GCC,A,-0.049,C,0.10700904691950691
GCG,A,-0.318,G,0.16237152105908292
GCT,A,-0.364,T,0.08102619845337997
GAC,D,0.405,C,0.0997136819378852
GAT,D,-0.405,T,0.09971368193788521
GAA,E,0.25,A,0.09666170319220752
GAG,E,-0.25,G,0.0966617031922075
GGA,G,0.194,A,0.07895762108024941
GGC,G,0.074,C,0.13776055430267742
GGG,G,-0.162,G,0.13151710379661607
GGT,G,-0.199,T,0.08902230363053955
TTC,F,-0.132,C,0.09057280987429993
TTT,F,0.132,T,0.09057280987429993
TAC,Y,0.14,C,0.09513732297095412
TAT,Y,-0.14,T,0.09513732297095412
TGC,C,-0.165,C,0.190001905825777
TGT,C,0.165,T,0.190001905825777
