codon,amino_acid,Aquabacterium,third_nucl,standard_error
ATA,I,0.322,A,0.3246730830523986
ATC,I,-0.822,C,0.10147149414073264
ATT,I,0.849,T,0.10546663031379919
ACA,T,0.485,A,0.1267644974687596
ACC,T,0.371,C,0.05780128414479339
ACG,T,-0.824,G,0.06268357959209263
ACT,T,1.3,T,0.15874107961762982
AAC,N,-0.653,C,0.13743024617702773
AAT,N,0.653,T,0.13743024617702773
AAA,K,1.85,A,0.12106243197391345
AAG,K,-1.85,G,0.12106243197391345
AGC,S,-0.49,C,0.06045088434438742
AGT,S,0.316,T,0.13884805602908806
TCA,S,0.534,A,0.14726278777204832
TCC,S,0.881,C,0.0730371248131925
TCG,S,-0.958,G,0.06446733427152519
TCT,S,1.686,T,0.14465182519389788
AGA,R,1.67,A,0.2538964981445135
AGG,R,0.104,G,0.17422532767553114
CGA,R,0.778,A,0.1102707582138698
CGC,R,-0.279,C,0.05395655126354833
CGG,R,-0.508,G,0.07476345660318799
CGT,R,0.45,T,0.07541955633663902
CTA,L,0.475,A,0.2989090092986376
CTC,L,0.345,C,0.0523651704818215
CTG,L,-0.817,G,0.04493146267641439
CTT,L,1.364,T,0.1019276485835397
TTA,L,0.51,A,0.3794699503816224
TTG,L,0.616,G,0.07588227812751892
CCA,P,0.334,A,0.12407299096250317
CCC,P,0.528,C,0.05731847611612683
CCG,P,-1.015,G,0.05875490573553571
CCT,P,0.937,T,0.09763228093867755
CAC,H,-0.119,C,0.10249485324699485
CAT,H,0.119,T,0.10249485324699485
CAA,Q,1.638,A,0.09424517911955993
CAG,Q,-1.638,G,0.09424517911955993
GTA,V,0.692,A,0.21678119067018475
GTC,V,0.474,C,0.05696931940392567
GTG,V,-0.939,G,0.055350105682047186
GTT,V,1.423,T,0.10342294251149067
GCA,A,0.606,A,0.07180703994695338
GCC,A,-0.055,C,0.04214422482862647
GCG,A,-0.562,G,0.04917010788662902
GCT,A,0.915,T,0.08062165085053692
GAC,D,-0.212,C,0.07444567663360266
GAT,D,0.212,T,0.07444567663360266
GAA,E,0.974,A,0.07458571842731575
GAG,E,-0.974,G,0.07458571842731576
GGA,G,1.328,A,0.13031657027590782
GGC,G,-0.361,C,0.06422525207341297
GGG,G,-0.125,G,0.08792977452247402
GGT,G,0.197,T,0.0900010105385564
TTC,F,-0.757,C,0.09539964772140214
TTT,F,0.757,T,0.09539964772140214
TAC,Y,-0.273,C,0.1440461691393501
TAT,Y,0.273,T,0.14404616913935006
TGC,C,-0.712,C,0.19570350240010673
TGT,C,0.712,T,0.1957035024001067
