codon,amino_acid,Aquella,third_nucl,standard_error
ATA,I,0.357,A,0.06374095265067062
ATC,I,-0.175,C,0.07476918777976785
ATT,I,-0.187,T,0.05671141136057428
ACA,T,0.402,A,0.08344939842410493
ACC,T,-0.263,C,0.09659199379472544
ACG,T,-0.103,G,0.13549877388364887
ACT,T,-0.146,T,0.07774410560309654
AAC,N,-0.033,C,0.09036943567085148
AAT,N,0.033,T,0.09036943567085148
AAA,K,0.43,A,0.07276122200197373
AAG,K,-0.43,G,0.07276122200197373
AGC,S,-0.075,C,0.0943362334918269
AGT,S,0.041,T,0.0741299365845464
TCA,S,-0.011,A,0.07800139213737804
TCC,S,-0.062,C,0.15269529605373852
TCG,S,-0.006,G,0.1400322575317188
TCT,S,0.046,T,0.08944842673763508
AGA,R,0.703,A,0.10082747506048755
AGG,R,0.155,G,0.16885274337419395
CGA,R,-0.134,A,0.13806882481561256
CGC,R,-0.354,C,0.13190499068229358
CGG,R,-0.482,G,0.15891301420127651
CGT,R,-0.285,T,0.1000615077118925
CTA,L,-0.021,A,0.0690307414824231
CTC,L,-0.035,C,0.14377472699803812
CTG,L,-0.206,G,0.09309125710436715
CTT,L,-0.554,T,0.06515114923676611
TTA,L,0.38,A,0.05306025848926162
TTG,L,0.124,G,0.07165841404836067
CCA,P,-0.058,A,0.10185211862120695
CCC,P,0.341,C,0.17587534058268398
CCG,P,-0.367,G,0.1454350500947956
CCT,P,0.179,T,0.11655151640334611
CAC,H,0.133,C,0.16038150875215285
CAT,H,-0.133,T,0.16038150875215285
CAA,Q,0.431,A,0.09057831552745087
CAG,Q,-0.431,G,0.09057831552745087
GTA,V,0.042,A,0.07574847056546778
GTC,V,0.111,C,0.13313738912712828
GTG,V,0.468,G,0.10637514530610746
GTT,V,-0.291,T,0.07308160385579676
GCA,A,0.162,A,0.0725294645599757
GCC,A,-0.046,C,0.10720069997580853
GCG,A,-0.207,G,0.11384731373922197
GCT,A,-0.056,T,0.07339751944015384
GAC,D,0.156,C,0.12468510435162752
GAT,D,-0.156,T,0.12468510435162752
GAA,E,0.397,A,0.0978418118660788
GAG,E,-0.397,G,0.0978418118660788
GGA,G,0.345,A,0.09320812152849466
GGC,G,-0.084,C,0.11592468938243075
GGG,G,0.07,G,0.11437980811971239
GGT,G,-0.254,T,0.08216396052416157
TTC,F,-0.095,C,0.1097112137869013
TTT,F,0.095,T,0.1097112137869013
TAC,Y,0.015,C,0.11573047933320728
TAT,Y,-0.015,T,0.11573047933320728
TGC,C,-0.116,C,0.18632698380163074
TGT,C,0.116,T,0.18632698380163074
