codon,amino_acid,Aquitalea,third_nucl,standard_error
ATA,I,0.287,A,0.11909584227977368
ATC,I,-0.321,C,0.05896505617954909
ATT,I,0.266,T,0.060879986156654194
ACA,T,0.896,A,0.09863115515347885
ACC,T,-0.461,C,0.05957378050160267
ACG,T,-0.419,G,0.08067692542565266
ACT,T,0.635,T,0.0869124529346332
AAC,N,-0.042,C,0.07709293417932728
AAT,N,0.042,T,0.07709293417932728
AAA,K,1.193,A,0.06795586800471118
AAG,K,-1.193,G,0.06795586800471118
AGC,S,-0.239,C,0.05480528040150731
AGT,S,0.056,T,0.08595283968659286
TCA,S,0.564,A,0.106695551012453
TCC,S,0.125,C,0.06300248230933511
TCG,S,-0.554,G,0.07952537117765947
TCT,S,0.768,T,0.10691603819026105
AGA,R,1.381,A,0.1541075261804608
AGG,R,0.267,G,0.1665939187031696
CGA,R,1.073,A,0.13854636335858828
CGC,R,-0.334,C,0.056251829311831925
CGG,R,-0.477,G,0.0854593785775675
CGT,R,0.122,T,0.06636522836119692
CTA,L,0.534,A,0.10899043894464591
CTC,L,0.715,C,0.07136032442590368
CTG,L,-0.856,G,0.04185237946090027
CTT,L,1.071,T,0.08857282054364429
TTA,L,0.907,A,0.13091006352670917
TTG,L,0.267,G,0.05581249174411169
CCA,P,0.389,A,0.08515150622731926
CCC,P,0.283,C,0.0680505021876523
CCG,P,-0.751,G,0.06295516165055595
CCT,P,0.766,T,0.10208543680054984
CAC,H,-0.05,C,0.08374813326202064
CAT,H,0.05,T,0.08374813326202064
CAA,Q,0.974,A,0.06592744198588701
CAG,Q,-0.974,G,0.06592744198588701
GTA,V,0.259,A,0.07269195671938625
GTC,V,0.402,C,0.0658349800922077
GTG,V,-0.837,G,0.05597657446087084
GTT,V,0.786,T,0.07703526080824068
GCA,A,0.52,A,0.05488087486095759
GCC,A,-0.218,C,0.043627705416234175
GCG,A,-0.511,G,0.060695763369266256
GCT,A,0.352,T,0.06297963434491621
GAC,D,-0.122,C,0.06396789231692042
GAT,D,0.122,T,0.06396789231692042
GAA,E,0.646,A,0.07450799401785935
GAG,E,-0.646,G,0.07450799401785935
GGA,G,0.796,A,0.10125006966384137
GGC,G,-0.244,C,0.06140260515735676
GGG,G,-0.086,G,0.09814611041286385
GGT,G,-0.001,T,0.0717545007576074
TTC,F,-0.268,C,0.0706398317044073
TTT,F,0.268,T,0.0706398317044073
TAC,Y,0.03,C,0.09349595637473485
TAT,Y,-0.03,T,0.09349595637473485
TGC,C,-0.102,C,0.14926657180987904
TGT,C,0.102,T,0.14926657180987904
