codon,amino_acid,Aquirhabdus,third_nucl,standard_error
ATA,I,0.778,A,0.09449234702653973
ATC,I,-0.197,C,0.05957585962438661
ATT,I,-0.131,T,0.057624132862607966
ACA,T,0.247,A,0.06682053579479633
ACC,T,-0.295,C,0.06322166190661209
ACG,T,-0.122,G,0.07251343404183797
ACT,T,0.187,T,0.067837354487852
AAC,N,0.12,C,0.07722319324076367
AAT,N,-0.12,T,0.07722319324076367
AAA,K,0.255,A,0.0727183456097383
AAG,K,-0.255,G,0.0727183456097383
AGC,S,-0.242,C,0.07341614925744273
AGT,S,-0.082,T,0.0660039089518857
TCA,S,0.288,A,0.06998385577265913
TCC,S,0.07,C,0.08890683932953505
TCG,S,-0.353,G,0.08635631491040476
TCT,S,0.203,T,0.07058030177419865
AGA,R,0.828,A,0.12747936322321443
AGG,R,0.395,G,0.20697242916236772
CGA,R,0.181,A,0.10459006639268088
CGC,R,-0.181,C,0.0735321851478491
CGG,R,-0.235,G,0.1296784349188092
CGT,R,-0.157,T,0.06923985317013508
CTA,L,0.304,A,0.07600913463163662
CTC,L,0.036,C,0.06795410535641475
CTG,L,-0.374,G,0.06008480383003009
CTT,L,0.096,T,0.06407797350005086
TTA,L,0.271,A,0.05420229190614244
TTG,L,-0.225,G,0.0557142336956404
CCA,P,0.162,A,0.0735365869185867
CCC,P,0.161,C,0.08496846322469268
CCG,P,-0.449,G,0.08749647793950872
CCT,P,0.041,T,0.07375289052439295
CAC,H,0.109,C,0.10391616465328611
CAT,H,-0.109,T,0.10391616465328611
CAA,Q,0.468,A,0.0753029317656617
CAG,Q,-0.468,G,0.07530293176566169
GTA,V,0.36,A,0.0770680647862322
GTC,V,-0.344,C,0.07068413592834448
GTG,V,-0.209,G,0.06674469968014086
GTT,V,0.246,T,0.06530936920259629
GCA,A,0.159,A,0.055739310114928914
GCC,A,0.08,C,0.06364819836085328
GCG,A,-0.416,G,0.06632625538520798
GCT,A,0.102,T,0.06141968187877632
GAC,D,0.074,C,0.08023220716659199
GAT,D,-0.074,T,0.08023220716659198
GAA,E,0.577,A,0.08040162184156528
GAG,E,-0.577,G,0.08040162184156528
GGA,G,0.451,A,0.0939671213131633
GGC,G,-0.133,C,0.07928725394471871
GGG,G,-0.059,G,0.10372408663847837
GGT,G,-0.117,T,0.07292055711209836
TTC,F,-0.089,C,0.08401142229651415
TTT,F,0.089,T,0.08401142229651415
TAC,Y,0.118,C,0.10484215711397646
TAT,Y,-0.118,T,0.10484215711397646
TGC,C,-0.097,C,0.17577125566977225
TGT,C,0.097,T,0.17577125566977225
