codon,amino_acid,Aquincola,third_nucl,standard_error
ATA,I,0.239,A,0.21861850173553332
ATC,I,-0.721,C,0.09499610340605115
ATT,I,0.799,T,0.10406050263361201
ACA,T,1.033,A,0.127382098851789
ACC,T,0.125,C,0.04567877194935368
ACG,T,-0.572,G,0.04911515299919396
ACT,T,1.187,T,0.12977294713014043
AAC,N,-0.265,C,0.09977786119107308
AAT,N,0.265,T,0.09977786119107308
AAA,K,1.772,A,0.1144344075552392
AAG,K,-1.772,G,0.1144344075552392
AGC,S,-0.522,C,0.04664329840441004
AGT,S,0.707,T,0.13310993712011326
TCA,S,0.464,A,0.1188347732881797
TCC,S,0.996,C,0.06035038699523747
TCG,S,-0.67,G,0.05215845156231682
TCT,S,1.276,T,0.13529065965994733
AGA,R,2.203,A,0.24324192340977557
AGG,R,0.802,G,0.1353233833914793
CGA,R,1.551,A,0.1069712163215506
CGC,R,-0.39,C,0.041165123354615134
CGG,R,-0.673,G,0.05449874286717083
CGT,R,0.714,T,0.06838599749608802
CTA,L,0.885,A,0.18668262667642274
CTC,L,0.852,C,0.045403693392147074
CTG,L,-1.253,G,0.036681499925206015
CTT,L,1.747,T,0.09925592141853916
TTA,L,0.641,A,0.3005463898610921
TTG,L,0.872,G,0.05919654137910066
CCA,P,0.719,A,0.10688876186914778
CCC,P,0.468,C,0.04351779709659993
CCG,P,-0.873,G,0.04379331019797173
CCT,P,0.841,T,0.0818228779799791
CAC,H,-0.034,C,0.07822778097153607
CAT,H,0.034,T,0.07822778097153607
CAA,Q,1.876,A,0.07506124854183964
CAG,Q,-1.876,G,0.07506124854183965
GTA,V,1.019,A,0.14283919664051792
GTC,V,0.769,C,0.04738079392725765
GTG,V,-1.165,G,0.04508050002651391
GTT,V,1.821,T,0.11335084700107638
GCA,A,0.919,A,0.0616910277553874
GCC,A,0.089,C,0.030822591281991166
GCG,A,-0.682,G,0.034541025166548035
GCT,A,1.009,T,0.06868931456326657
GAC,D,-0.392,C,0.06528023612779123
GAT,D,0.392,T,0.06528023612779123
GAA,E,0.991,A,0.055924994826719136
GAG,E,-0.991,G,0.055924994826719136
GGA,G,1.612,A,0.12366033265476853
GGC,G,-0.643,C,0.05258832812175782
GGG,G,0.261,G,0.0773780592596348
GGT,G,0.368,T,0.072669631231283
TTC,F,-0.604,C,0.08667771572376393
TTT,F,0.604,T,0.08667771572376393
TAC,Y,-0.072,C,0.12094012863010806
TAT,Y,0.072,T,0.12094012863010806
TGC,C,-0.876,C,0.2005895092875755
TGT,C,0.876,T,0.2005895092875755
