codon,amino_acid,Aquirufa,third_nucl,standard_error
ATA,I,0.438,A,0.07378576057859683
ATC,I,-0.104,C,0.06792079920892811
ATT,I,-0.209,T,0.05875243773491035
ACA,T,0.364,A,0.08381100151612107
ACC,T,0.112,C,0.08724121432091218
ACG,T,-0.281,G,0.11006382502970381
ACT,T,-0.304,T,0.08416664218054899
AAC,N,0.362,C,0.08724095957839297
AAT,N,-0.362,T,0.08724095957839297
AAA,K,0.251,A,0.06855848762360864
AAG,K,-0.251,G,0.06855848762360864
AGC,S,0.301,C,0.09824121531025402
AGT,S,-0.056,T,0.07870161705897417
TCA,S,0.179,A,0.07746548629541546
TCC,S,0.154,C,0.08766263255328843
TCG,S,-0.158,G,0.1136683674839137
TCT,S,-0.34,T,0.07505227633938073
AGA,R,0.562,A,0.09434434921608939
AGG,R,0.355,G,0.16752196796444715
CGA,R,-0.2,A,0.11148950039397612
CGC,R,-0.116,C,0.13885974045950275
CGG,R,0.129,G,0.19351916492457022
CGT,R,-0.576,T,0.10064834485778207
CTA,L,0.49,A,0.08075945884391018
CTC,L,0.692,C,0.1268470358273262
CTG,L,0.191,G,0.11648038209311518
CTT,L,0.595,T,0.07988781854880059
TTA,L,-0.152,A,0.051743066357305405
TTG,L,-0.64,G,0.05929374664856283
CCA,P,-0.073,A,0.09759227647437066
CCC,P,0.413,C,0.11379364729606962
CCG,P,0.018,G,0.1689773314193105
CCT,P,-0.217,T,0.09379918384755156
CAC,H,0.476,C,0.13586900585800735
CAT,H,-0.476,T,0.13586900585800735
CAA,Q,0.008,A,0.10206670618454634
CAG,Q,-0.008,G,0.10206670618454634
GTA,V,0.225,A,0.07616732467246758
GTC,V,0.064,C,0.10370373908453365
GTG,V,-0.558,G,0.09656556363837918
GTT,V,0.105,T,0.07595128366813726
GCA,A,0.341,A,0.07660357530817614
GCC,A,0.081,C,0.07890736677846487
GCG,A,-0.147,G,0.11900074005443313
GCT,A,-0.319,T,0.07343787545245248
GAC,D,0.506,C,0.10073240872481949
GAT,D,-0.506,T,0.10073240872481949
GAA,E,0.303,A,0.08696798688421416
GAG,E,-0.303,G,0.08696798688421416
GGA,G,0.115,A,0.08223625882800836
GGC,G,0.136,C,0.11056468263027291
GGG,G,0.134,G,0.12423267259698788
GGT,G,-0.268,T,0.0865726158491982
TTC,F,0.074,C,0.0810103854564838
TTT,F,-0.074,T,0.08101038545648379
TAC,Y,0.468,C,0.09895083778607432
TAT,Y,-0.468,T,0.09895083778607433
TGC,C,0.203,C,0.19041282703489423
TGT,C,-0.203,T,0.19041282703489423
