codon,amino_acid,Aquifex,third_nucl,standard_error
ATA,I,-0.492,A,0.07586382740997755
ATC,I,0.387,C,0.10513366804673281
ATT,I,0.361,T,0.08478305400875684
ACA,T,0.212,A,0.12539485428050515
ACC,T,-0.175,C,0.12346994068398108
ACG,T,-0.007,G,0.1182415487297689
ACT,T,-0.021,T,0.11826248923128577
AAC,N,-0.078,C,0.1253522112927707
AAT,N,0.078,T,0.12535221129277072
AAA,K,0.045,A,0.06417422962311936
AAG,K,-0.045,G,0.06417422962311936
AGC,S,0.288,C,0.1281140613437915
AGT,S,0.454,T,0.12266815664230196
TCA,S,-0.258,A,0.14268424786160214
TCC,S,-0.185,C,0.11386774830550825
TCG,S,-0.047,G,0.18970601774064155
TCT,S,-0.301,T,0.12445233008801822
AGA,R,-0.058,A,0.0915976539421197
AGG,R,-0.173,G,0.09074599439833168
CGA,R,0.892,A,0.39582316232333625
CGC,R,0.529,C,0.2981810663788267
CGG,R,1.348,G,0.42504232902343686
CGT,R,0.387,T,0.2774517779321849
CTA,L,-0.045,A,0.11216593511454107
CTC,L,-0.347,C,0.06871823880833176
CTG,L,-0.148,G,0.09056863330597992
CTT,L,-0.059,T,0.06978144156483988
TTA,L,0.394,A,0.0785939325320575
TTG,L,0.422,G,0.10231827005060581
CCA,P,-0.123,A,0.1715190439252356
CCC,P,-0.248,C,0.11884650258385128
CCG,P,-0.062,G,0.15169258295855942
CCT,P,0.4,T,0.12683107435051857
CAC,H,-0.481,C,0.23276477768284345
CAT,H,0.481,T,0.23276477768284345
CAA,Q,0.809,A,0.15880482995135517
CAG,Q,-0.809,G,0.15880482995135517
GTA,V,0.318,A,0.07718122420432809
GTC,V,-0.297,C,0.1217134703448479
GTG,V,0.061,G,0.0911686728354435
GTT,V,-0.232,T,0.07556890494531317
GCA,A,-0.04,A,0.10277631995512881
GCC,A,-0.203,C,0.1211846073673293
GCG,A,-0.248,G,0.11180934792077454
GCT,A,0.377,T,0.09981832755953172
GAC,D,-0.13,C,0.10677582404786234
GAT,D,0.13,T,0.10677582404786233
GAA,E,0.107,A,0.0739122705595598
GAG,E,-0.107,G,0.0739122705595598
GGA,G,0.03,A,0.08669918849258308
GGC,G,0.085,C,0.13232547482121423
GGG,G,-0.115,G,0.12389804575453256
GGT,G,-0.014,T,0.10473405813514892
TTC,F,0.008,C,0.08923512905334981
TTT,F,-0.008,T,0.0892351290533498
TAC,Y,-0.144,C,0.14253837814680204
TAT,Y,0.144,T,0.14253837814680204
TGC,C,0.145,C,0.2543792550631435
TGT,C,-0.145,T,0.2543792550631435
