codon,amino_acid,Aquiluna,third_nucl,standard_error
ATA,I,0.498,A,0.1825926643225763
ATC,I,-0.113,C,0.09597783126210324
ATT,I,-0.03,T,0.09593128985253814
ACA,T,0.464,A,0.15387417667536263
ACC,T,-0.38,C,0.1011462484345322
ACG,T,-0.223,G,0.15832320873361364
ACT,T,0.382,T,0.12273681033920014
AAC,N,-0.27,C,0.1345423306709491
AAT,N,0.27,T,0.1345423306709491
AAA,K,0.958,A,0.1106875392257893
AAG,K,-0.958,G,0.1106875392257893
AGC,S,0.138,C,0.1082611263631949
AGT,S,0.372,T,0.14805148822005296
TCA,S,0.317,A,0.11059260021404024
TCC,S,-0.246,C,0.10645287319166497
TCG,S,-0.586,G,0.12138788710867997
TCT,S,0.094,T,0.12296608267891507
AGA,R,0.683,A,0.13717362428223434
AGG,R,-0.13,G,0.1382816134464459
CGA,R,-0.169,A,0.14511462854844298
CGC,R,-0.193,C,0.10268521579946252
CGG,R,-0.207,G,0.1661968533999576
CGT,R,0.062,T,0.14750246118369517
CTA,L,0.144,A,0.09940096297446985
CTC,L,-0.009,C,0.08973505693227157
CTG,L,-0.522,G,0.07885356163599117
CTT,L,0.035,T,0.09073077423292966
TTA,L,0.839,A,0.21600837773749815
TTG,L,0.369,G,0.08922243775871433
CCA,P,0.276,A,0.11390077518158288
CCC,P,-0.06,C,0.12974876763105714
CCG,P,-0.444,G,0.12668366665819852
CCT,P,0.227,T,0.14726205601939643
CAC,H,-0.092,C,0.215601968940097
CAT,H,0.092,T,0.21560196894009698
CAA,Q,0.555,A,0.12815623063612033
CAG,Q,-0.555,G,0.12815623063612033
GTA,V,0.424,A,0.11920892786174371
GTC,V,-0.468,C,0.0993257935531008
GTG,V,0.438,G,0.08476155150706725
GTT,V,-0.343,T,0.08837366203073004
GCA,A,0.532,A,0.0849972880482
GCC,A,-0.313,C,0.07953250318099746
GCG,A,-0.194,G,0.10137454322042432
GCT,A,-0.039,T,0.08749779948945867
GAC,D,0.008,C,0.11094460268083493
GAT,D,-0.008,T,0.11094460268083493
GAA,E,0.716,A,0.09805437092186281
GAG,E,-0.716,G,0.09805437092186281
GGA,G,0.171,A,0.10923462463463393
GGC,G,-0.008,C,0.09940976369933982
GGG,G,-0.173,G,0.13785146231673326
GGT,G,-0.045,T,0.10425985537107126
TTC,F,-0.325,C,0.11966218067519731
TTT,F,0.325,T,0.11966218067519731
TAC,Y,-0.215,C,0.18836338135110986
TAT,Y,0.215,T,0.18836338135110986
TGC,C,-0.039,C,0.40856220691967693
TGT,C,0.039,T,0.40856220691967693
