codon,amino_acid,Arachnia,third_nucl,standard_error
ATA,I,0.184,A,0.170020578204502
ATC,I,-0.765,C,0.1016249276988041
ATT,I,0.953,T,0.12137399874320559
ACA,T,0.946,A,0.12697557893574835
ACC,T,-0.525,C,0.06431188457005467
ACG,T,-0.023,G,0.07336599482080991
ACT,T,0.996,T,0.13615502029218496
AAC,N,-0.716,C,0.1393321107901657
AAT,N,0.716,T,0.13933211079016566
AAA,K,0.446,A,0.09872455449263584
AAG,K,-0.446,G,0.09872455449263584
AGC,S,0.488,C,0.07643308237337583
AGT,S,0.527,T,0.13135610846166745
TCA,S,0.621,A,0.1383464995465044
TCC,S,-0.506,C,0.06804877456184648
TCG,S,-0.456,G,0.07806789015446436
TCT,S,0.829,T,0.1767689127609269
AGA,R,1.052,A,0.15418960917105695
AGG,R,0.303,G,0.08859157618455102
CGA,R,1.099,A,0.1089573028690841
CGC,R,-0.303,C,0.05822014756795215
CGG,R,-0.682,G,0.06452149931312799
CGT,R,0.373,T,0.07983550086866066
CTA,L,0.624,A,0.1962475538294063
CTC,L,0.044,C,0.05433963539957027
CTG,L,-0.453,G,0.049643433526559276
CTT,L,0.674,T,0.10178402187114823
TTA,L,0.677,A,0.5583194442898496
TTG,L,0.513,G,0.07965917368705079
CCA,P,0.939,A,0.1326450521912806
CCC,P,-0.118,C,0.06744316990828413
CCG,P,-0.453,G,0.06927090232776843
CCT,P,0.921,T,0.13219192590765386
CAC,H,-0.518,C,0.13001247294409804
CAT,H,0.518,T,0.13001247294409804
CAA,Q,0.584,A,0.13072913359318797
CAG,Q,-0.584,G,0.13072913359318797
GTA,V,0.649,A,0.14914831133604503
GTC,V,-0.569,C,0.05609005527512825
GTG,V,0.274,G,0.05400703159186657
GTT,V,0.499,T,0.09406430723054594
GCA,A,0.928,A,0.0811443601515043
GCC,A,-0.31,C,0.050000386399401575
GCG,A,-0.347,G,0.0554998628337939
GCT,A,0.755,T,0.09226245385716401
GAC,D,-0.449,C,0.07794938753149465
GAT,D,0.449,T,0.07794938753149465
GAA,E,0.421,A,0.06906622531912202
GAG,E,-0.421,G,0.06906622531912202
GGA,G,0.832,A,0.0792860584494594
GGC,G,-0.479,C,0.06312623872995443
GGG,G,-0.174,G,0.06915452682712687
GGT,G,0.17,T,0.07880598586768604
TTC,F,-1.107,C,0.15919304862885672
TTT,F,1.107,T,0.15919304862885675
TAC,Y,-0.206,C,0.16691791723311555
TAT,Y,0.206,T,0.16691791723311555
TGC,C,-0.692,C,0.21220567421333753
TGT,C,0.692,T,0.21220567421333753
