codon,amino_acid,Arachidicoccus,third_nucl,standard_error
ATA,I,0.697,A,0.05176702915984114
ATC,I,-0.466,C,0.04996011665299889
ATT,I,-0.17,T,0.04398674884468349
ACA,T,0.608,A,0.057878151520555095
ACC,T,-0.461,C,0.05656380143770265
ACG,T,-0.129,G,0.06982706975161433
ACT,T,-0.056,T,0.06698007613926542
AAC,N,0.018,C,0.05901672757353472
AAT,N,-0.018,T,0.05901672757353472
AAA,K,0.239,A,0.048590788126746956
AAG,K,-0.239,G,0.048590788126746956
AGC,S,-0.22,C,0.06377257150675913
AGT,S,-0.013,T,0.05809774141218952
TCA,S,0.536,A,0.0677463345256481
TCC,S,-0.176,C,0.06568858577722857
TCG,S,0.065,G,0.10733451010694568
TCT,S,-0.108,T,0.06496038654525348
AGA,R,0.37,A,0.06590363475263393
AGG,R,-0.281,G,0.08227164046430767
CGA,R,0.504,A,0.11284483747366146
CGC,R,-0.223,C,0.09162737734311516
CGG,R,-0.392,G,0.1039714430600431
CGT,R,-0.141,T,0.08159717882025926
CTA,L,0.263,A,0.06478012151582327
CTC,L,-0.229,C,0.0773937847208707
CTG,L,-0.643,G,0.04848182713450515
CTT,L,-0.092,T,0.05324793291368072
TTA,L,0.504,A,0.04297875194754548
TTG,L,0.018,G,0.04931682106342788
CCA,P,0.169,A,0.07537021094493764
CCC,P,0.019,C,0.08244240696999622
CCG,P,-0.14,G,0.08692679329074503
CCT,P,-0.076,T,0.07475036307806243
CAC,H,0.215,C,0.09714907533359822
CAT,H,-0.215,T,0.09714907533359822
CAA,Q,0.639,A,0.061443840683532557
CAG,Q,-0.639,G,0.061443840683532557
GTA,V,0.087,A,0.057741341831611406
GTC,V,-0.338,C,0.07051606128254033
GTG,V,0.202,G,0.061574428071742855
GTT,V,-0.036,T,0.05986944928760929
GCA,A,0.584,A,0.0516864868039113
GCC,A,-0.395,C,0.05386485111321479
GCG,A,-0.193,G,0.06809154900941503
GCT,A,-0.13,T,0.0584227293569702
GAC,D,0.075,C,0.0660150997647512
GAT,D,-0.075,T,0.0660150997647512
GAA,E,0.381,A,0.06381026406334606
GAG,E,-0.381,G,0.06381026406334606
GGA,G,0.202,A,0.06160363769901622
GGC,G,-0.123,C,0.058832628731690366
GGG,G,0.109,G,0.0725252978788828
GGT,G,-0.128,T,0.05836131717626139
TTC,F,0.11,C,0.07091401517807137
TTT,F,-0.11,T,0.07091401517807136
TAC,Y,0.017,C,0.07564108549340809
TAT,Y,-0.017,T,0.07564108549340809
TGC,C,0.086,C,0.12985812065043187
TGT,C,-0.086,T,0.12985812065043184
