codon,amino_acid,Arcanobacterium,third_nucl,standard_error
ATA,I,0.371,A,0.12662968932998644
ATC,I,-0.467,C,0.08455454703008901
ATT,I,0.284,T,0.08213884397258035
ACA,T,0.361,A,0.09582731388954246
ACC,T,-0.371,C,0.09262202864633576
ACG,T,-0.152,G,0.09983426851068312
ACT,T,0.145,T,0.08910750349508162
AAC,N,-0.268,C,0.10984711517631197
AAT,N,0.268,T,0.10984711517631197
AAA,K,0.433,A,0.09798719203217651
AAG,K,-0.433,G,0.09798719203217651
AGC,S,0.26,C,0.12271272049596241
AGT,S,0.524,T,0.12224124234169047
TCA,S,0.21,A,0.10268192396780958
TCC,S,-0.215,C,0.11451549518901771
TCG,S,-0.589,G,0.09956623685026601
TCT,S,0.009,T,0.09683041400246253
AGA,R,0.917,A,0.2006645923790532
AGG,R,0.799,G,0.29608244255807764
CGA,R,-0.01,A,0.11395248918016093
CGC,R,-0.137,C,0.09542564778123193
CGG,R,-0.23,G,0.11583119536860356
CGT,R,-0.02,T,0.08917787373755034
CTA,L,0.128,A,0.10062067556622276
CTC,L,-0.214,C,0.09043835509490182
CTG,L,-0.234,G,0.10007377648617521
CTT,L,0.27,T,0.08447416935122783
TTA,L,0.245,A,0.09560005121380571
TTG,L,-0.204,G,0.08667420191647311
CCA,P,0.024,A,0.10158188097954907
CCC,P,0.302,C,0.15223569305335463
CCG,P,-0.313,G,0.10791252054861974
CCT,P,0.178,T,0.12392805769077732
CAC,H,-0.104,C,0.13926480053222753
CAT,H,0.104,T,0.13926480053222756
CAA,Q,0.271,A,0.1154749931538028
CAG,Q,-0.271,G,0.1154749931538028
GTA,V,0.073,A,0.09804492105909624
GTC,V,-0.416,C,0.09356077495442217
GTG,V,0.469,G,0.08023877781171966
GTT,V,-0.189,T,0.0755471946490005
GCA,A,0.21,A,0.07612934820242291
GCC,A,-0.201,C,0.09238695729791781
GCG,A,-0.048,G,0.08929083114302169
GCT,A,-0.036,T,0.07592699850912801
GAC,D,-0.136,C,0.09262886302425105
GAT,D,0.136,T,0.09262886302425105
GAA,E,0.361,A,0.09750262566792244
GAG,E,-0.361,G,0.09750262566792244
GGA,G,0.37,A,0.09795934854375603
GGC,G,-0.135,C,0.09400663049409741
GGG,G,-0.387,G,0.13108123458088478
GGT,G,0.01,T,0.09319048587998358
TTC,F,-0.776,C,0.11419852011127139
TTT,F,0.776,T,0.11419852011127139
TAC,Y,0.162,C,0.13814379864783097
TAT,Y,-0.162,T,0.13814379864783097
TGC,C,-0.257,C,0.23857155338189998
TGT,C,0.257,T,0.23857155338189998
