codon,amino_acid,Archangium,third_nucl,standard_error
ATA,I,0.709,A,0.20107340251875705
ATC,I,-0.938,C,0.07420160759819278
ATT,I,0.937,T,0.07844649432338706
ACA,T,1.366,A,0.10247367497421025
ACC,T,-0.038,C,0.036489101771378755
ACG,T,-0.449,G,0.03675859356023315
ACT,T,1.557,T,0.10944699618701269
AAC,N,-0.95,C,0.0802822969197545
AAT,N,0.95,T,0.0802822969197545
AAA,K,1.336,A,0.0984399618990074
AAG,K,-1.336,G,0.0984399618990074
AGC,S,-0.177,C,0.037421616288136464
AGT,S,0.715,T,0.08544761077868174
TCA,S,1.013,A,0.1161353037074566
TCC,S,0.1,C,0.0358467714463577
TCG,S,-0.523,G,0.03953508615539737
TCT,S,1.387,T,0.10439536869416147
AGA,R,1.984,A,0.13221391359065604
AGG,R,0.602,G,0.0613366312080229
CGA,R,1.641,A,0.0764993836316616
CGC,R,-0.611,C,0.03084560692218764
CGG,R,-0.659,G,0.03468317468460042
CGT,R,1.145,T,0.05529571606360968
CTA,L,1.076,A,0.1792438704285025
CTC,L,0.141,C,0.02602848963019509
CTG,L,-0.628,G,0.025735361576576018
CTT,L,1.531,T,0.08267121017464932
TTA,L,1.288,A,0.3728946920605307
TTG,L,0.86,G,0.050357492587850786
CCA,P,1.06,A,0.08112270504895153
CCC,P,-0.026,C,0.03467117272888295
CCG,P,-0.603,G,0.03615945612748557
CCT,P,1.217,T,0.07156133234071295
CAC,H,-0.762,C,0.07526738920873585
CAT,H,0.762,T,0.07526738920873585
CAA,Q,1.39,A,0.084089217285114
CAG,Q,-1.39,G,0.084089217285114
GTA,V,1.176,A,0.12170400002624418
GTC,V,0.288,C,0.03397127258219856
GTG,V,-0.584,G,0.032700554512920255
GTT,V,1.328,T,0.08969454620104962
GCA,A,1.544,A,0.06558292348599011
GCC,A,-0.137,C,0.02748937655035099
GCG,A,-0.51,G,0.028289409878612254
GCT,A,1.221,T,0.06263245312656064
GAC,D,-0.518,C,0.048599249688351984
GAT,D,0.518,T,0.048599249688351984
GAA,E,1.664,A,0.05565868916463641
GAG,E,-1.664,G,0.05565868916463641
GGA,G,1.065,A,0.047606943205201764
GGC,G,-0.777,C,0.03454351361877566
GGG,G,-0.178,G,0.0404735500389413
GGT,G,0.878,T,0.05380732162341181
TTC,F,-1.25,C,0.10850985815673399
TTT,F,1.25,T,0.108509858156734
TAC,Y,-0.647,C,0.08920659403705553
TAT,Y,0.647,T,0.08920659403705553
TGC,C,-0.847,C,0.10825893566965251
TGT,C,0.847,T,0.10825893566965251
