codon,amino_acid,Arcobacter,third_nucl,standard_error
ATA,I,0.583,A,0.04911438038532184
ATC,I,-0.026,C,0.08131324631631656
ATT,I,-0.546,T,0.047644546738835176
ACA,T,0.419,A,0.07017306892397465
ACC,T,0.603,C,0.1857131793744111
ACG,T,-0.054,G,0.18660766499444936
ACT,T,-0.524,T,0.07214781562804157
AAC,N,0.486,C,0.08283796816038329
AAT,N,-0.486,T,0.08283796816038329
AAA,K,-0.099,A,0.08632064855571978
AAG,K,0.099,G,0.08632064855571978
AGC,S,0.577,C,0.13735717193157124
AGT,S,0.239,T,0.06795136099537312
TCA,S,-0.142,A,0.0644213042847527
TCC,S,0.246,C,0.2769285280360788
TCG,S,0.412,G,0.2174847972455718
TCT,S,-0.32,T,0.07289441023115484
AGA,R,0.178,A,0.13349437761655586
AGG,R,-0.194,G,0.23743026947702764
CGA,R,-0.298,A,0.20725121577045216
CGC,R,0.985,C,0.6917352352376109
CGG,R,1.232,G,1.6336951977693428
CGT,R,-0.124,T,0.23064182056687033
CTA,L,0.255,A,0.07488556614379357
CTC,L,0.232,C,0.21828598120806922
CTG,L,0.235,G,0.23162353979128694
CTT,L,-0.566,T,0.06287162406171176
TTA,L,-0.04,A,0.04770784883398553
TTG,L,0.643,G,0.08057780711072965
CCA,P,0.126,A,0.10982582502965062
CCC,P,0.738,C,0.24238972529764474
CCG,P,0.705,G,0.40660291103294993
CCT,P,-0.356,T,0.1150235318574032
CAC,H,0.241,C,0.165397878098087
CAT,H,-0.241,T,0.16539787809808698
CAA,Q,-0.201,A,0.1814509183354048
CAG,Q,0.201,G,0.1814509183354048
GTA,V,0.303,A,0.07011952640922423
GTC,V,0.523,C,0.23520678154721633
GTG,V,0.87,G,0.12717808639895187
GTT,V,-0.608,T,0.069619928524263
GCA,A,0.369,A,0.07589558894492976
GCC,A,-0.122,C,0.1637777071826274
GCG,A,0.206,G,0.20985275957064928
GCT,A,-0.392,T,0.07858837130293801
GAC,D,0.535,C,0.11675674183178064
GAT,D,-0.535,T,0.11675674183178064
GAA,E,0.384,A,0.08016172081494817
GAG,E,-0.384,G,0.08016172081494817
GGA,G,-0.013,A,0.08096666887198548
GGC,G,0.29,C,0.17959229835462598
GGG,G,0.159,G,0.1684960169073139
GGT,G,-0.082,T,0.08170414316839203
TTC,F,0.137,C,0.09955353423645011
TTT,F,-0.137,T,0.09955353423645012
TAC,Y,0.676,C,0.11434028181748232
TAT,Y,-0.676,T,0.11434028181748233
TGC,C,0.508,C,0.24577511627067722
TGT,C,-0.508,T,0.24577511627067722
