codon,amino_acid,Arcticibacterium,third_nucl,standard_error
ATA,I,0.492,A,0.04634169181780363
ATC,I,0.141,C,0.06160136551077538
ATT,I,-0.543,T,0.04489946724085908
ACA,T,0.487,A,0.06048735530416081
ACC,T,-0.119,C,0.0685934629247057
ACG,T,-0.207,G,0.08488406997720321
ACT,T,-0.305,T,0.06179363702598999
AAC,N,0.1,C,0.05815213709473933
AAT,N,-0.1,T,0.05815213709473933
AAA,K,0.312,A,0.04952809970219242
AAG,K,-0.312,G,0.04952809970219242
AGC,S,0.073,C,0.07113521203316071
AGT,S,-0.03,T,0.06160751711151985
TCA,S,0.311,A,0.06270296067767059
TCC,S,0.319,C,0.09581785746944123
TCG,S,0.206,G,0.09882031217262609
TCT,S,-0.473,T,0.0583639171764139
AGA,R,0.419,A,0.0710329257203372
AGG,R,-0.332,G,0.09983677884149902
CGA,R,0.064,A,0.12120910796908685
CGC,R,-0.195,C,0.16922138226250863
CGG,R,0.092,G,0.24521721693594734
CGT,R,-0.517,T,0.10439446543004664
CTA,L,0.297,A,0.05479447050330243
CTC,L,0.45,C,0.0834173937131261
CTG,L,-0.176,G,0.07947404685200676
CTT,L,-0.055,T,0.045484784746234776
TTA,L,0.008,A,0.040321810105594866
TTG,L,-0.36,G,0.05410289835423136
CCA,P,-0.08,A,0.0811747351660823
CCC,P,0.75,C,0.12265053826296421
CCG,P,0.133,G,0.13071888336467813
CCT,P,-0.291,T,0.0811917291528346
CAC,H,0.23,C,0.11658963839783779
CAT,H,-0.23,T,0.11658963839783779
CAA,Q,0.126,A,0.08594736856337132
CAG,Q,-0.126,G,0.0859473685633713
GTA,V,0.278,A,0.056916219476016744
GTC,V,0.313,C,0.09369963723974188
GTG,V,-0.476,G,0.07429476358568197
GTT,V,-0.11,T,0.05936925208809037
GCA,A,0.453,A,0.059024647733839475
GCC,A,0.042,C,0.06766184224432979
GCG,A,-0.095,G,0.10126644550547963
GCT,A,-0.441,T,0.059074191817815695
GAC,D,0.128,C,0.06805792145042129
GAT,D,-0.128,T,0.06805792145042129
GAA,E,0.435,A,0.06563876899652087
GAG,E,-0.435,G,0.06563876899652087
GGA,G,0.369,A,0.06560004565760404
GGC,G,-0.094,C,0.08033967149966814
GGG,G,0.003,G,0.1105661348507109
GGT,G,-0.308,T,0.06700180285322274
TTC,F,0.279,C,0.06318381209539785
TTT,F,-0.279,T,0.06318381209539785
TAC,Y,0.512,C,0.07608781606194254
TAT,Y,-0.512,T,0.07608781606194254
TGC,C,0.25,C,0.151102677093724
TGT,C,-0.25,T,0.151102677093724
