codon,amino_acid,Arenimonas,third_nucl,standard_error
ATA,I,-0.07,A,0.28923403723198954
ATC,I,-0.618,C,0.15412000751701752
ATT,I,0.838,T,0.18184800992437428
ACA,T,0.92,A,0.2376097896510659
ACC,T,-0.107,C,0.07976789444288114
ACG,T,-0.217,G,0.08578312787656987
ACT,T,0.973,T,0.2088856774572324
AAC,N,-0.52,C,0.14925139248946453
AAT,N,0.52,T,0.14925139248946453
AAA,K,0.777,A,0.12415601723281605
AAG,K,-0.777,G,0.12415601723281605
AGC,S,0.037,C,0.07657592748245538
AGT,S,0.093,T,0.16749978124366108
TCA,S,0.44,A,0.23725018725893782
TCC,S,0.704,C,0.08778186170427331
TCG,S,-0.85,G,0.08405375282166419
TCT,S,0.466,T,0.2554894956258922
AGA,R,1.907,A,0.3815361843938221
AGG,R,0.749,G,0.187270243714449
CGA,R,1.186,A,0.14909922155929128
CGC,R,-0.377,C,0.06382861877005153
CGG,R,-0.393,G,0.08500983020806911
CGT,R,0.379,T,0.09878511751729183
CTA,L,1.1,A,0.2851588932427624
CTC,L,0.396,C,0.06581157074347571
CTG,L,-0.789,G,0.05516584004552957
CTT,L,0.85,T,0.1205140506778376
TTA,L,1.036,A,0.5723214668942598
TTG,L,0.857,G,0.10334677620874172
CCA,P,0.436,A,0.17529325473811247
CCC,P,0.58,C,0.07620385827241104
CCG,P,-0.725,G,0.07302287933632924
CCT,P,0.532,T,0.1592250395497232
CAC,H,-0.129,C,0.1322808719402224
CAT,H,0.129,T,0.1322808719402224
CAA,Q,1.068,A,0.16051927979787187
CAG,Q,-1.068,G,0.16051927979787187
GTA,V,0.517,A,0.18047899950617258
GTC,V,0.024,C,0.06712863415181788
GTG,V,-0.323,G,0.06470308219976967
GTT,V,1.08,T,0.14812655047321271
GCA,A,0.605,A,0.10461876796926003
GCC,A,0.186,C,0.0508993906051956
GCG,A,-0.531,G,0.054890434798554426
GCT,A,0.742,T,0.12394834849703268
GAC,D,-0.506,C,0.09452344128343448
GAT,D,0.506,T,0.09452344128343448
GAA,E,0.493,A,0.08278875737712924
GAG,E,-0.493,G,0.08278875737712924
GGA,G,0.851,A,0.1336581391065758
GGC,G,-0.475,C,0.07500928769643327
GGG,G,0.214,G,0.12147161702480302
GGT,G,0.222,T,0.09970253965501966
TTC,F,-0.495,C,0.1726372086643921
TTT,F,0.495,T,0.1726372086643921
TAC,Y,-0.194,C,0.15443051660134097
TAT,Y,0.194,T,0.15443051660134097
TGC,C,-0.848,C,0.2845490938144646
TGT,C,0.848,T,0.2845490938144646
