codon,amino_acid,Arsenophonus,third_nucl,standard_error
ATA,I,0.239,A,0.05147191236519799
ATC,I,0.114,C,0.05075738520007428
ATT,I,-0.257,T,0.043648619171219455
ACA,T,0.372,A,0.0569046369291127
ACC,T,0.029,C,0.05773908452947551
ACG,T,-0.48,G,0.06782789952331714
ACT,T,-0.067,T,0.058764366925553195
AAC,N,0.012,C,0.059318010105821536
AAT,N,-0.012,T,0.059318010105821536
AAA,K,0.121,A,0.0553688991447283
AAG,K,-0.121,G,0.0553688991447283
AGC,S,0.061,C,0.06960370604064016
AGT,S,-0.188,T,0.05702794806268763
TCA,S,0.033,A,0.058187941271321486
TCC,S,-0.057,C,0.09280132954189901
TCG,S,-0.186,G,0.08837452887756969
TCT,S,0.249,T,0.0615573783898094
AGA,R,0.398,A,0.06585499782087322
AGG,R,-0.54,G,0.10336106168918258
CGA,R,0.023,A,0.07960393845973035
CGC,R,0.103,C,0.06739792663396751
CGG,R,-0.669,G,0.10750048882036257
CGT,R,-0.021,T,0.058565891740989307
CTA,L,0.065,A,0.05794954576034152
CTC,L,0.079,C,0.07689089907193135
CTG,L,-0.039,G,0.059603222765679156
CTT,L,-0.085,T,0.05230551138689354
TTA,L,-0.074,A,0.03983218140988119
TTG,L,0.15,G,0.05189478226730834
CCA,P,-0.096,A,0.06819193313825497
CCC,P,0.449,C,0.08290388874285501
CCG,P,-0.391,G,0.0794675542781664
CCT,P,0.072,T,0.06505593616429609
CAC,H,-0.457,C,0.09278328295673731
CAT,H,0.457,T,0.09278328295673731
CAA,Q,0.164,A,0.06681641511061949
CAG,Q,-0.164,G,0.06681641511061949
GTA,V,0.356,A,0.0629510899853442
GTC,V,-0.609,C,0.07377059946185285
GTG,V,0.432,G,0.06487260982725357
GTT,V,-0.234,T,0.055457605882366263
GCA,A,0.385,A,0.05368268940287184
GCC,A,-0.562,C,0.06574857163479471
GCG,A,-0.262,G,0.06630716132804869
GCT,A,0.177,T,0.05267895480422483
GAC,D,0.15,C,0.07337157774547806
GAT,D,-0.15,T,0.07337157774547808
GAA,E,0.332,A,0.06698685148912495
GAG,E,-0.332,G,0.06698685148912495
GGA,G,0.443,A,0.07236033408600859
GGC,G,-0.296,C,0.07141593000421323
GGG,G,0.035,G,0.09492697317886237
GGT,G,-0.109,T,0.06403564107626165
TTC,F,0.196,C,0.07465056877199605
TTT,F,-0.196,T,0.07465056877199605
TAC,Y,0.199,C,0.07763848348229564
TAT,Y,-0.199,T,0.07763848348229564
TGC,C,-0.038,C,0.1297602137273508
TGT,C,0.038,T,0.1297602137273508
