codon,amino_acid,Arthrobacter,third_nucl,standard_error
ATA,I,0.708,A,0.14128197969039683
ATC,I,-0.778,C,0.06718234387664013
ATT,I,0.692,T,0.07134683602869392
ACA,T,0.849,A,0.08317056231924091
ACC,T,-0.433,C,0.049256730394768335
ACG,T,-0.465,G,0.05593330622831515
ACT,T,1.068,T,0.08469043081121368
AAC,N,-0.414,C,0.08827467116802708
AAT,N,0.414,T,0.08827467116802708
AAA,K,0.939,A,0.08290109187932342
AAG,K,-0.939,G,0.08290109187932342
AGC,S,0.201,C,0.05775628686160931
AGT,S,0.807,T,0.10753518975773205
TCA,S,0.851,A,0.10187948652589417
TCC,S,-0.42,C,0.05442808327594116
TCG,S,-0.679,G,0.06363152263222961
TCT,S,0.841,T,0.11532560227660152
AGA,R,1.634,A,0.16036291624292107
AGG,R,0.356,G,0.09836997953338215
CGA,R,0.992,A,0.11551234278645629
CGC,R,-0.177,C,0.05209135794060411
CGG,R,-0.623,G,0.0566600428984494
CGT,R,0.33,T,0.07763840302041734
CTA,L,0.447,A,0.1301754751027154
CTC,L,-0.015,C,0.050033471830020784
CTG,L,-0.691,G,0.042774327119177155
CTT,L,0.792,T,0.0724676095682188
TTA,L,1.457,A,0.20118183714153626
TTG,L,0.692,G,0.06706188090711382
CCA,P,0.801,A,0.10011000139148293
CCC,P,0.186,C,0.05645655576804611
CCG,P,-0.704,G,0.05415885563317815
CCT,P,0.745,T,0.09065047507248505
CAC,H,-0.334,C,0.09616520189475793
CAT,H,0.334,T,0.09616520189475793
CAA,Q,0.731,A,0.09020058952548708
CAG,Q,-0.731,G,0.09020058952548708
GTA,V,0.581,A,0.08326226230550844
GTC,V,-0.511,C,0.04742379046024571
GTG,V,0.136,G,0.04572199788880261
GTT,V,0.334,T,0.06543725249076521
GCA,A,0.78,A,0.05146535159035594
GCC,A,-0.376,C,0.03824403887120447
GCG,A,-0.421,G,0.04479173276708268
GCT,A,0.594,T,0.05970157396692701
GAC,D,-0.479,C,0.06004261862667745
GAT,D,0.479,T,0.06004261862667745
GAA,E,0.457,A,0.053408304376601164
GAG,E,-0.457,G,0.053408304376601164
GGA,G,0.77,A,0.06475688464584518
GGC,G,-0.632,C,0.05000525866624769
GGG,G,-0.162,G,0.06803536971092228
GGT,G,0.526,T,0.06824077507426858
TTC,F,-1.097,C,0.09572888197787431
TTT,F,1.097,T,0.09572888197787431
TAC,Y,-0.396,C,0.11584725507587804
TAT,Y,0.396,T,0.11584725507587804
TGC,C,-0.287,C,0.23145142623506032
TGT,C,0.287,T,0.23145142623506032
