codon,amino_acid,Asticcacaulis,third_nucl,standard_error
ATA,I,0.404,A,0.104650606110092
ATC,I,-0.473,C,0.06324880345612945
ATT,I,0.377,T,0.06831233678075668
ACA,T,0.379,A,0.09167911029939538
ACC,T,0.133,C,0.055359430467131286
ACG,T,-0.547,G,0.06107519930007051
ACT,T,0.563,T,0.10332859948453227
AAC,N,0.025,C,0.08542151215388985
AAT,N,-0.025,T,0.08542151215388985
AAA,K,1.026,A,0.06981888836353355
AAG,K,-1.026,G,0.06981888836353355
AGC,S,-0.111,C,0.06452584267230878
AGT,S,0.154,T,0.11285540934753088
TCA,S,0.03,A,0.09563576544884604
TCC,S,0.613,C,0.06935181081653201
TCG,S,-0.827,G,0.0631432047923994
TCT,S,0.631,T,0.08880175787142182
AGA,R,1.043,A,0.13548781409673888
AGG,R,0.425,G,0.1374096643230407
CGA,R,0.433,A,0.11158199445468246
CGC,R,-0.512,C,0.05463452725435253
CGG,R,-0.23,G,0.08335827755782614
CGT,R,0.334,T,0.0641488649092391
CTA,L,0.048,A,0.10964086574120704
CTC,L,0.192,C,0.05603493387632345
CTG,L,-0.652,G,0.0431992224977492
CTT,L,0.589,T,0.06251112890059468
TTA,L,0.586,A,0.11844267251122986
TTG,L,0.357,G,0.06445426913703263
CCA,P,0.132,A,0.11272452517809417
CCC,P,0.393,C,0.0625319865380152
CCG,P,-0.829,G,0.06184980598921786
CCT,P,0.808,T,0.08899569547135334
CAC,H,-0.02,C,0.09755429399802411
CAT,H,0.02,T,0.09755429399802411
CAA,Q,0.811,A,0.08907558940868891
CAG,Q,-0.811,G,0.08907558940868891
GTA,V,0.601,A,0.10053316698380654
GTC,V,-0.206,C,0.05713694098357948
GTG,V,-0.411,G,0.05744129479159492
GTT,V,0.666,T,0.072652172095493
GCA,A,0.38,A,0.07368293770820875
GCC,A,-0.044,C,0.04316822261792074
GCG,A,-0.356,G,0.048714526750409395
GCT,A,0.42,T,0.06306619743983138
GAC,D,-0.113,C,0.06224554317268356
GAT,D,0.113,T,0.062245543172683555
GAA,E,0.512,A,0.07048630642260495
GAG,E,-0.512,G,0.07048630642260495
GGA,G,0.828,A,0.10091409538555457
GGC,G,-0.431,C,0.05947447809441502
GGG,G,-0.128,G,0.07466450155811054
GGT,G,0.342,T,0.07047170927257393
TTC,F,-0.318,C,0.07296292291114852
TTT,F,0.318,T,0.07296292291114852
TAC,Y,0.294,C,0.10089534136117753
TAT,Y,-0.294,T,0.10089534136117755
TGC,C,-0.508,C,0.17023455743304924
TGT,C,0.508,T,0.17023455743304922
