codon,amino_acid,Athalassotoga,third_nucl,standard_error
ATA,I,-0.271,A,0.06223721915069903
ATC,I,0.002,C,0.07311411317148635
ATT,I,0.382,T,0.07460378216815369
ACA,T,0.08,A,0.09911714459280409
ACC,T,-0.233,C,0.12450351377076976
ACG,T,0.018,G,0.10494541979982516
ACT,T,0.076,T,0.11733281932761261
AAC,N,-0.116,C,0.09771031492564641
AAT,N,0.116,T,0.09771031492564641
AAA,K,0.14,A,0.06791153577289102
AAG,K,-0.14,G,0.06791153577289102
AGC,S,0.069,C,0.1198608911713831
AGT,S,0.503,T,0.11224355189855897
TCA,S,-0.143,A,0.09953117692352795
TCC,S,-0.374,C,0.12376969934317704
TCG,S,-0.102,G,0.10887362755255268
TCT,S,0.028,T,0.08902497908813152
AGA,R,0.144,A,0.09386911846344786
AGG,R,-0.226,G,0.10561747668387521
CGA,R,0.622,A,0.25970157430770835
CGC,R,-0.543,C,0.24739538797604166
CGG,R,0.216,G,0.35531048988662334
CGT,R,0.052,T,0.1842783610213948
CTA,L,0.084,A,0.14717325704721532
CTC,L,-0.799,C,0.09341610906928702
CTG,L,0.036,G,0.13475703727111446
CTT,L,-0.38,T,0.06579776737606247
TTA,L,0.38,A,0.08400541288940507
TTG,L,0.599,G,0.0709311080440385
CCA,P,-0.009,A,0.12536857660357495
CCC,P,-0.275,C,0.16818423678618435
CCG,P,-0.122,G,0.1445559228130904
CCT,P,0.288,T,0.1308026391894998
CAC,H,-0.475,C,0.18592071872186122
CAT,H,0.475,T,0.18592071872186122
CAA,Q,0.043,A,0.14021124685529632
CAG,Q,-0.043,G,0.14021124685529632
GTA,V,0.264,A,0.08504787174056307
GTC,V,-0.749,C,0.0895711387136579
GTG,V,0.593,G,0.08845743810579927
GTT,V,-0.099,T,0.07378955917950958
GCA,A,0.137,A,0.09332614390205997
GCC,A,-0.342,C,0.09925337261868523
GCG,A,0.033,G,0.10588640729474544
GCT,A,0.24,T,0.11845726871153203
GAC,D,-0.232,C,0.10088870947502522
GAT,D,0.232,T,0.10088870947502522
GAA,E,0.186,A,0.08347953080537455
GAG,E,-0.186,G,0.08347953080537455
GGA,G,0.007,A,0.08207678363824664
GGC,G,-0.07,C,0.1086756291592022
GGG,G,0.049,G,0.13559685059755516
GGT,G,0.021,T,0.0970158738585958
TTC,F,-0.271,C,0.08909918394306988
TTT,F,0.271,T,0.08909918394306988
TAC,Y,-0.295,C,0.10894050215629965
TAT,Y,0.295,T,0.10894050215629965
TGC,C,-0.109,C,0.24304236589122788
TGT,C,0.109,T,0.24304236589122788
