codon,amino_acid,Atlantibacter,third_nucl,standard_error
ATA,I,1.094,A,0.10222865311281865
ATC,I,-0.744,C,0.053426364647131616
ATT,I,0.389,T,0.05293650397315559
ACA,T,1.408,A,0.10091645835091904
ACC,T,-0.795,C,0.05506930027309766
ACG,T,-0.143,G,0.06313396511724347
ACT,T,0.7,T,0.07899366168167994
AAC,N,-0.511,C,0.06613761551902567
AAT,N,0.511,T,0.06613761551902567
AAA,K,0.291,A,0.0645203015838838
AAG,K,-0.291,G,0.0645203015838838
AGC,S,-0.627,C,0.05801265884575302
AGT,S,0.777,T,0.0880466391211756
TCA,S,0.854,A,0.08885562115516825
TCC,S,-0.199,C,0.07018921446428293
TCG,S,-0.529,G,0.07326722262853741
TCT,S,0.64,T,0.08370255067401938
AGA,R,1.441,A,0.1398995301571779
AGG,R,0.347,G,0.16383816737237758
CGA,R,1.287,A,0.12589165161142946
CGC,R,-0.789,C,0.05625304597397387
CGG,R,-0.488,G,0.08657383271428591
CGT,R,0.442,T,0.06187629705572399
CTA,L,0.524,A,0.10899859907332997
CTC,L,0.176,C,0.06123082455219626
CTG,L,-1.095,G,0.04053829977167718
CTT,L,0.626,T,0.06416784360414238
TTA,L,1.099,A,0.062271708862286904
TTG,L,0.489,G,0.06524910370748331
CCA,P,0.893,A,0.09317620049077245
CCC,P,0.563,C,0.08015158138088546
CCG,P,-1.261,G,0.06580436120336645
CCT,P,0.813,T,0.08579174664621357
CAC,H,-0.17,C,0.08819467000237424
CAT,H,0.17,T,0.08819467000237424
CAA,Q,1.214,A,0.06843988236240864
CAG,Q,-1.214,G,0.06843988236240864
GTA,V,0.578,A,0.06984284809048116
GTC,V,-0.076,C,0.06318686440666328
GTG,V,-0.739,G,0.052017282447276804
GTT,V,0.639,T,0.060151000802502866
GCA,A,0.98,A,0.06071863958864381
GCC,A,-0.315,C,0.04888166245507661
GCG,A,-0.701,G,0.04827647128810247
GCT,A,0.678,T,0.0638579569787748
GAC,D,-0.336,C,0.0627408396344175
GAT,D,0.336,T,0.0627408396344175
GAA,E,0.535,A,0.0671450461486998
GAG,E,-0.535,G,0.0671450461486998
GGA,G,0.961,A,0.09164005402147476
GGC,G,-0.72,C,0.05897549097815746
GGG,G,0.061,G,0.07881555805590122
GGT,G,0.424,T,0.06835056086427423
TTC,F,-0.622,C,0.06833251195886014
TTT,F,0.622,T,0.06833251195886016
TAC,Y,-0.308,C,0.08548998530300134
TAT,Y,0.308,T,0.08548998530300134
TGC,C,-0.829,C,0.1395713235180329
TGT,C,0.829,T,0.1395713235180329
