codon,amino_acid,Auraticoccus,third_nucl,standard_error
ATA,I,-0.244,A,0.541509338285814
ATC,I,-0.195,C,0.31570349688527294
ATT,I,0.424,T,0.3936788059196982
ACA,T,1.227,A,0.1996837852385718
ACC,T,-0.49,C,0.0570909806668374
ACG,T,0.231,G,0.06013377643518915
ACT,T,1.465,T,0.21940134469673764
AAC,N,-1.431,C,0.43552112593768877
AAT,N,1.431,T,0.43552112593768877
AAA,K,1.958,A,0.6199745050242551
AAG,K,-1.958,G,0.6199745050242551
AGC,S,0.507,C,0.057240528623262246
AGT,S,1.422,T,0.2382782445527817
TCA,S,1.021,A,0.19195946879110595
TCC,S,-0.293,C,0.057353084111145765
TCG,S,-0.756,G,0.06636679673723242
TCT,S,1.455,T,0.26377067337352594
AGA,R,1.816,A,0.3002107655474736
AGG,R,1.075,G,0.11515274812432591
CGA,R,1.279,A,0.10330239878647975
CGC,R,-0.244,C,0.0469922160818591
CGG,R,-0.68,G,0.05045643502729322
CGT,R,0.641,T,0.07891584023937294
CTA,L,0.986,A,0.3848333460343953
CTC,L,0.31,C,0.0467429182086966
CTG,L,-0.496,G,0.0455317170056331
CTT,L,1.239,T,0.2507680979185187
TTA,L,1.34,A,1.1549066235598238
TTG,L,1.226,G,0.14659752131266135
CCA,P,1.038,A,0.15403404842819737
CCC,P,0.164,C,0.052210097916841114
CCG,P,-0.527,G,0.052660432698913365
CCT,P,1.434,T,0.16871884328628156
CAC,H,-1.109,C,0.3446422384841366
CAT,H,1.109,T,0.34464223848413666
CAA,Q,1.123,A,0.2725144004844051
CAG,Q,-1.123,G,0.2725144004844051
GTA,V,1.823,A,0.4045940584017793
GTC,V,-0.538,C,0.04221924815916533
GTG,V,0.467,G,0.04196333474238079
GTT,V,0.944,T,0.24801611797389
GCA,A,1.813,A,0.1013889397699829
GCC,A,-0.585,C,0.040978735537285524
GCG,A,-0.09,G,0.04427732501212717
GCT,A,1.383,T,0.1079011781134895
GAC,D,-1.11,C,0.13719537842993645
GAT,D,1.11,T,0.13719537842993645
GAA,E,1.893,A,0.15772359428942295
GAG,E,-1.893,G,0.15772359428942292
GGA,G,1.196,A,0.09145603790874575
GGC,G,-0.39,C,0.050351266329111535
GGG,G,-0.176,G,0.05701513609143873
GGT,G,0.286,T,0.0695659882424107
TTC,F,-1.522,C,0.4811196715509695
TTT,F,1.522,T,0.4811196715509695
TAC,Y,-1.495,C,0.5355424693757947
TAT,Y,1.495,T,0.5355424693757947
TGC,C,-2.079,C,0.47637610300529837
TGT,C,2.079,T,0.47637610300529837
