codon,amino_acid,Aurantiacibacter,third_nucl,standard_error
ATA,I,0.271,A,0.10303277792536497
ATC,I,-0.35,C,0.06588512414165153
ATT,I,0.274,T,0.07080852797306028
ACA,T,0.325,A,0.08418082916305496
ACC,T,-0.036,C,0.06531722294994753
ACG,T,-0.489,G,0.07284729751204812
ACT,T,0.462,T,0.09526861887574571
AAC,N,0.263,C,0.08933534483180962
AAT,N,-0.263,T,0.08933534483180962
AAA,K,0.705,A,0.08436792422863716
AAG,K,-0.705,G,0.08436792422863716
AGC,S,-0.067,C,0.0675681877871625
AGT,S,0.19,T,0.11486884968375584
TCA,S,0.066,A,0.10261637229409143
TCC,S,0.277,C,0.07935080980803745
TCG,S,-0.309,G,0.0745761301437371
TCT,S,0.05,T,0.10415509054292497
AGA,R,1.026,A,0.14725054093681705
AGG,R,0.448,G,0.11935567884671693
CGA,R,0.4,A,0.1115918939558092
CGC,R,-0.272,C,0.05980525334627299
CGG,R,-0.461,G,0.08491708854366906
CGT,R,0.162,T,0.08043789939389447
CTA,L,0.387,A,0.12657856021301006
CTC,L,0.255,C,0.061523530144531706
CTG,L,-0.641,G,0.05247045964228232
CTT,L,0.294,T,0.06097450958459702
TTA,L,0.396,A,0.16585213158038337
TTG,L,0.225,G,0.0666921375373686
CCA,P,0.173,A,0.09818903457141916
CCC,P,0.245,C,0.07472012293017309
CCG,P,-0.464,G,0.07176054996282061
CCT,P,0.23,T,0.08960779923862433
CAC,H,0.104,C,0.11377809574930393
CAT,H,-0.104,T,0.11377809574930393
CAA,Q,0.813,A,0.0907855821629428
CAG,Q,-0.813,G,0.09078558216294282
GTA,V,0.172,A,0.10697287180066695
GTC,V,-0.062,C,0.06708438459494444
GTG,V,-0.121,G,0.06601950136723023
GTT,V,0.17,T,0.0796824059386635
GCA,A,0.309,A,0.05551473652034124
GCC,A,0.009,C,0.04875854636172222
GCG,A,-0.476,G,0.05251403279345001
GCT,A,0.296,T,0.06413591158817014
GAC,D,0.23,C,0.06615555811535354
GAT,D,-0.23,T,0.06615555811535354
GAA,E,0.401,A,0.07526399203352543
GAG,E,-0.401,G,0.07526399203352543
GGA,G,0.573,A,0.0885921928492706
GGC,G,-0.244,C,0.06292049753205031
GGG,G,-0.062,G,0.08968822498888197
GGT,G,-0.011,T,0.07921069720561942
TTC,F,-0.265,C,0.08306118906647612
TTT,F,0.265,T,0.08306118906647614
TAC,Y,0.335,C,0.12417813942844272
TAT,Y,-0.335,T,0.12417813942844272
TGC,C,-0.112,C,0.21194392702546763
TGT,C,0.112,T,0.2119439270254676
