codon,amino_acid,Aureimonas,third_nucl,standard_error
ATA,I,0.956,A,0.22382027034973223
ATC,I,-0.925,C,0.10376865932036355
ATT,I,0.867,T,0.11436250261828397
ACA,T,1.144,A,0.1538970292600919
ACC,T,0.017,C,0.06150943922458123
ACG,T,-0.371,G,0.062037964631047694
ACT,T,1.018,T,0.20494109229565197
AAC,N,-0.099,C,0.11015236500253953
AAT,N,0.099,T,0.11015236500253953
AAA,K,1.275,A,0.12893160583957536
AAG,K,-1.275,G,0.12893160583957536
AGC,S,0.33,C,0.06591434938710625
AGT,S,1.289,T,0.25401989754780213
TCA,S,1.297,A,0.2606807493874974
TCC,S,-0.035,C,0.06345244506997538
TCG,S,-0.724,G,0.06607716742634144
TCT,S,1.229,T,0.19223207931444153
AGA,R,2.583,A,0.26966206476647003
AGG,R,0.865,G,0.10916561477569262
CGA,R,1.11,A,0.12873597612737864
CGC,R,-0.603,C,0.050920332482301635
CGG,R,-0.316,G,0.060693139263672785
CGT,R,0.732,T,0.10069957275404008
CTA,L,0.75,A,0.279497499462212
CTC,L,-0.003,C,0.04564530731352154
CTG,L,-0.626,G,0.04522534023705171
CTT,L,0.707,T,0.06674295978635708
TTA,L,1.794,A,0.7640798044480526
TTG,L,0.996,G,0.09343544922650245
CCA,P,1.036,A,0.17887053771562586
CCC,P,0.182,C,0.062420364286680075
CCG,P,-0.54,G,0.062260705684283116
CCT,P,0.851,T,0.13117796586937014
CAC,H,-0.126,C,0.10674781903254323
CAT,H,0.126,T,0.10674781903254321
CAA,Q,1.226,A,0.133433287168213
CAG,Q,-1.226,G,0.133433287168213
GTA,V,0.725,A,0.19498686025578726
GTC,V,0.118,C,0.056188552627187444
GTG,V,-0.542,G,0.05711643558013718
GTT,V,1.059,T,0.10137801970866474
GCA,A,1.094,A,0.09159008575844435
GCC,A,-0.004,C,0.04113822303849046
GCG,A,-0.428,G,0.042612620691202724
GCT,A,0.765,T,0.09476394152294407
GAC,D,-0.355,C,0.07170422679997271
GAT,D,0.355,T,0.07170422679997271
GAA,E,1.036,A,0.06954652718874212
GAG,E,-1.036,G,0.06954652718874212
GGA,G,1.01,A,0.09972342231798483
GGC,G,-0.427,C,0.05701688957956512
GGG,G,-0.135,G,0.069884005674046
GGT,G,0.624,T,0.1065199467001513
TTC,F,-0.942,C,0.12300950445908915
TTT,F,0.942,T,0.12300950445908915
TAC,Y,0.065,C,0.1180020692537449
TAT,Y,-0.065,T,0.1180020692537449
TGC,C,-0.776,C,0.3128338507311482
TGT,C,0.776,T,0.31283385073114817
