codon,amino_acid,Aureibaculum,third_nucl,standard_error
ATA,I,0.46,A,0.04361947335199886
ATC,I,0.129,C,0.06456112221243819
ATT,I,-0.479,T,0.04170390379325515
ACA,T,0.492,A,0.05682065032066439
ACC,T,-0.01,C,0.07322920531400272
ACG,T,-0.601,G,0.09194424605720401
ACT,T,-0.286,T,0.06059017923408042
AAC,N,0.335,C,0.05838137537168066
AAT,N,-0.335,T,0.05838137537168066
AAA,K,0.262,A,0.054607582455954776
AAG,K,-0.262,G,0.05460758245595478
AGC,S,0.262,C,0.09453094589054425
AGT,S,-0.048,T,0.061075515773749485
TCA,S,0.42,A,0.059996673550158724
TCC,S,0.143,C,0.11570978130145153
TCG,S,-0.095,G,0.11723269616955109
TCT,S,-0.544,T,0.06386097241862307
AGA,R,0.562,A,0.0750006219683999
AGG,R,-0.073,G,0.13289097476591513
CGA,R,-0.098,A,0.11425834957255256
CGC,R,-0.363,C,0.17694406267786333
CGG,R,-0.104,G,0.21450121724247148
CGT,R,-0.762,T,0.10420395558148195
CTA,L,0.459,A,0.06426112220072762
CTC,L,0.387,C,0.10536983856507169
CTG,L,-0.118,G,0.11502264973946527
CTT,L,0.112,T,0.05793150740047714
TTA,L,0.013,A,0.040191988713908194
TTG,L,-0.59,G,0.05659296860720824
CCA,P,0.304,A,0.08580808683822742
CCC,P,0.404,C,0.12846941637741166
CCG,P,-0.157,G,0.15360983173315793
CCT,P,-0.441,T,0.08810587895938743
CAC,H,0.855,C,0.12523157560010487
CAT,H,-0.855,T,0.12523157560010487
CAA,Q,0.271,A,0.10606367738681027
CAG,Q,-0.271,G,0.10606367738681027
GTA,V,0.279,A,0.057541298127083265
GTC,V,0.251,C,0.11032959402083169
GTG,V,-0.309,G,0.09129451977519226
GTT,V,-0.226,T,0.05839830828934885
GCA,A,0.653,A,0.06391489477553212
GCC,A,0.003,C,0.08449881897053005
GCG,A,-0.442,G,0.12601674190696932
GCT,A,-0.584,T,0.06831792155281036
GAC,D,0.383,C,0.07689680691351308
GAT,D,-0.383,T,0.07689680691351308
GAA,E,0.345,A,0.0800543521656114
GAG,E,-0.345,G,0.0800543521656114
GGA,G,0.547,A,0.06994025730512433
GGC,G,0.131,C,0.10633054929090392
GGG,G,-0.168,G,0.12656477596160348
GGT,G,-0.554,T,0.0717538753450888
TTC,F,0.405,C,0.07682753686530876
TTT,F,-0.405,T,0.07682753686530876
TAC,Y,0.57,C,0.07678396715568496
TAT,Y,-0.57,T,0.07678396715568496
TGC,C,0.108,C,0.18362642045765326
TGT,C,-0.108,T,0.18362642045765326
