codon,amino_acid,Azoarcus,third_nucl,standard_error
ATA,I,0.967,A,0.2235354965394089
ATC,I,-0.76,C,0.09353808342083887
ATT,I,0.671,T,0.10068527268376523
ACA,T,1.275,A,0.16704508114006597
ACC,T,-0.275,C,0.060388823751360406
ACG,T,-0.232,G,0.06560314134177817
ACT,T,1.202,T,0.152701315800716
AAC,N,-0.377,C,0.10734158926152593
AAT,N,0.377,T,0.10734158926152593
AAA,K,1.612,A,0.1109473877420032
AAG,K,-1.612,G,0.1109473877420032
AGC,S,-0.276,C,0.05953813383377643
AGT,S,0.85,T,0.145314708215764
TCA,S,1.412,A,0.24445818696814164
TCC,S,0.772,C,0.06663899348639483
TCG,S,-0.988,G,0.0667797534379637
TCT,S,1.148,T,0.20152730502620736
AGA,R,2.109,A,0.26036046694269177
AGG,R,1.407,G,0.19322033802662378
CGA,R,1.213,A,0.1431934864399818
CGC,R,-0.546,C,0.052158664482640296
CGG,R,-0.403,G,0.0701276030885132
CGT,R,0.672,T,0.07898240888325982
CTA,L,0.969,A,0.22240720789967208
CTC,L,0.321,C,0.0445913586382642
CTG,L,-0.706,G,0.04140792099335857
CTT,L,1.026,T,0.08462089145563105
TTA,L,0.927,A,0.34059678734710186
TTG,L,0.383,G,0.08007619700545074
CCA,P,0.898,A,0.1450700308757139
CCC,P,0.543,C,0.05748462779260138
CCG,P,-0.939,G,0.056524216556295734
CCT,P,1.054,T,0.12149133475414978
CAC,H,-0.304,C,0.09965719766737753
CAT,H,0.304,T,0.09965719766737753
CAA,Q,1.44,A,0.1030604946250941
CAG,Q,-1.44,G,0.1030604946250941
GTA,V,0.861,A,0.12717458757566774
GTC,V,0.411,C,0.053543169644165896
GTG,V,-0.825,G,0.053019459954847976
GTT,V,0.971,T,0.10164176400086049
GCA,A,0.758,A,0.07155964855832045
GCC,A,0.245,C,0.03922727792468483
GCG,A,-0.768,G,0.041791959390014476
GCT,A,1.026,T,0.08912746358045379
GAC,D,-0.515,C,0.07105605357761222
GAT,D,0.515,T,0.07105605357761222
GAA,E,0.989,A,0.06559302748811625
GAG,E,-0.989,G,0.06559302748811625
GGA,G,1.294,A,0.11344699817959604
GGC,G,-0.613,C,0.06148076257283984
GGG,G,-0.002,G,0.08590479250971884
GGT,G,0.481,T,0.08966114782736113
TTC,F,-0.492,C,0.09726990311000655
TTT,F,0.492,T,0.09726990311000656
TAC,Y,-0.065,C,0.11895635390284162
TAT,Y,0.065,T,0.11895635390284161
TGC,C,-0.408,C,0.19319391647321266
TGT,C,0.408,T,0.19319391647321266
