codon,amino_acid,Azotobacter,third_nucl,standard_error
ATA,I,0.684,A,0.13194361578940728
ATC,I,-0.872,C,0.07468156672496089
ATT,I,0.837,T,0.08503534660538138
ACA,T,1.202,A,0.14296940847165857
ACC,T,-0.58,C,0.06190437989712234
ACG,T,-0.089,G,0.07358535196136028
ACT,T,0.96,T,0.10931421056469509
AAC,N,-0.697,C,0.09134319836864932
AAT,N,0.697,T,0.09134319836864932
AAA,K,1.544,A,0.08492991690811286
AAG,K,-1.544,G,0.08492991690811286
AGC,S,-0.471,C,0.053096542993131705
AGT,S,0.542,T,0.09729717041127459
TCA,S,1.629,A,0.2115575133353468
TCC,S,0.374,C,0.058366983306410214
TCG,S,-0.522,G,0.06531379682889132
TCT,S,1.019,T,0.15018709337487807
AGA,R,1.694,A,0.16596981215417494
AGG,R,0.189,G,0.10541961920123329
CGA,R,1.105,A,0.10062931921323125
CGC,R,-0.445,C,0.04588976357868049
CGG,R,-0.656,G,0.06084625513368773
CGT,R,0.714,T,0.06640577167636799
CTA,L,1.04,A,0.15024193485470586
CTC,L,0.22,C,0.042868168353146635
CTG,L,-0.733,G,0.0371746637425999
CTT,L,1.349,T,0.0872487968335404
TTA,L,0.948,A,0.21233467458648095
TTG,L,0.446,G,0.06212817498141806
CCA,P,0.915,A,0.11508320138672519
CCC,P,0.562,C,0.05631246835497083
CCG,P,-1.056,G,0.055503620612121135
CCT,P,1.0,T,0.10649834067992403
CAC,H,-0.331,C,0.08548140614304865
CAT,H,0.331,T,0.08548140614304864
CAA,Q,1.203,A,0.07865937196532867
CAG,Q,-1.203,G,0.07865937196532867
GTA,V,0.718,A,0.10147510804308986
GTC,V,-0.091,C,0.052244982073617253
GTG,V,-0.525,G,0.052722793769829246
GTT,V,1.237,T,0.09549865313544405
GCA,A,1.055,A,0.07987526377373641
GCC,A,-0.199,C,0.04082317705306448
GCG,A,-0.552,G,0.0476965595204913
GCT,A,1.063,T,0.07749425278894777
GAC,D,-0.478,C,0.06191919371080414
GAT,D,0.478,T,0.06191919371080414
GAA,E,1.132,A,0.058746832790793596
GAG,E,-1.132,G,0.058746832790793596
GGA,G,0.848,A,0.09008120135148887
GGC,G,-0.548,C,0.05482101965032827
GGG,G,-0.017,G,0.0789910832471915
GGT,G,0.483,T,0.07575550906967009
TTC,F,-1.093,C,0.0985307014547052
TTT,F,1.093,T,0.0985307014547052
TAC,Y,-0.286,C,0.09437472941451995
TAT,Y,0.286,T,0.09437472941451995
TGC,C,-0.963,C,0.16703041322556297
TGT,C,0.963,T,0.16703041322556297
