codon,amino_acid,Bacillus,third_nucl,standard_error
ATA,I,0.332,A,0.044212309987517545
ATC,I,-0.085,C,0.052878971184334995
ATT,I,-0.214,T,0.03893220436791018
ACA,T,0.126,A,0.04841369989556941
ACC,T,0.051,C,0.10902889011974087
ACG,T,-0.147,G,0.060795369507221586
ACT,T,-0.057,T,0.05566056603722894
AAC,N,0.087,C,0.05714671750155781
AAT,N,-0.087,T,0.05714671750155781
AAA,K,0.067,A,0.043152619801314185
AAG,K,-0.067,G,0.043152619801314185
AGC,S,0.053,C,0.07797593094057388
AGT,S,0.261,T,0.05380676169236691
TCA,S,0.077,A,0.054195861965553545
TCC,S,-0.16,C,0.10580838565987756
TCG,S,-0.049,G,0.08868870625609918
TCT,S,-0.332,T,0.056743492503912994
AGA,R,0.462,A,0.05955139969503002
AGG,R,0.24,G,0.10284161118681884
CGA,R,0.092,A,0.07643042736919105
CGC,R,-0.339,C,0.09524508275723648
CGG,R,0.141,G,0.14744144679937696
CGT,R,-0.505,T,0.06064448079183025
CTA,L,0.022,A,0.05528453252109038
CTC,L,0.026,C,0.08877288109588781
CTG,L,-0.076,G,0.10125773544788227
CTT,L,-0.476,T,0.049210254856509164
TTA,L,-0.041,A,0.03562106778004535
TTG,L,0.625,G,0.05356744118466536
CCA,P,0.095,A,0.07006013772092565
CCC,P,0.157,C,0.16420816005434458
CCG,P,-0.251,G,0.09089798190241802
CCT,P,0.037,T,0.07732119868807098
CAC,H,-0.166,C,0.09860342370910667
CAT,H,0.166,T,0.09860342370910667
CAA,Q,0.175,A,0.07457607518444315
CAG,Q,-0.175,G,0.07457607518444315
GTA,V,-0.018,A,0.04282885545354951
GTC,V,-0.029,C,0.07789079923822419
GTG,V,0.497,G,0.05472154326250173
GTT,V,-0.309,T,0.04479253246877969
GCA,A,0.28,A,0.04980704542719928
GCC,A,0.197,C,0.10046019913449385
GCG,A,-0.29,G,0.06709129154808778
GCT,A,-0.191,T,0.05412457866783065
GAC,D,0.006,C,0.07192457845996107
GAT,D,-0.006,T,0.07192457845996107
GAA,E,0.186,A,0.05073934467849343
GAG,E,-0.186,G,0.05073934467849343
GGA,G,0.129,A,0.05125424149126845
GGC,G,-0.15,C,0.07770810298729254
GGG,G,0.227,G,0.06991328459184196
GGT,G,-0.19,T,0.05241367945966353
TTC,F,-0.526,C,0.06194440472488528
TTT,F,0.526,T,0.06194440472488528
TAC,Y,-0.007,C,0.0698195898140583
TAT,Y,0.007,T,0.0698195898140583
TGC,C,-0.229,C,0.13568487473327828
TGT,C,0.229,T,0.13568487473327828
