codon,amino_acid,Bacteroides,third_nucl,standard_error
ATA,I,0.558,A,0.04416031345068475
ATC,I,-0.582,C,0.04597267442495081
ATT,I,-0.041,T,0.04215953383126833
ACA,T,0.713,A,0.054266817062613264
ACC,T,-0.373,C,0.061065724771117214
ACG,T,-0.497,G,0.06996967456274368
ACT,T,-0.137,T,0.05675809323230599
AAC,N,-0.0,C,0.054120476033894124
AAT,N,0.0,T,0.054120476033894124
AAA,K,0.493,A,0.04183511739359979
AAG,K,-0.493,G,0.04183511739359979
AGC,S,-0.111,C,0.06850175415001904
AGT,S,0.22,T,0.059829342463947346
TCA,S,0.411,A,0.06757794759609527
TCC,S,-0.311,C,0.06904376478516779
TCG,S,-0.255,G,0.08681474264336768
TCT,S,-0.104,T,0.06232520897322655
AGA,R,1.89,A,0.0689016593051323
AGG,R,0.368,G,0.10391131199792625
CGA,R,0.688,A,0.09861013583380387
CGC,R,-1.203,C,0.0834906175567032
CGG,R,-0.805,G,0.09863180095954978
CGT,R,-1.249,T,0.06834497470670269
CTA,L,0.602,A,0.0699999186512877
CTC,L,-0.019,C,0.06541875725457996
CTG,L,-0.868,G,0.04454287242463693
CTT,L,-0.012,T,0.04863016593764757
TTA,L,1.043,A,0.047329166627670595
TTG,L,-0.383,G,0.04290918597621304
CCA,P,0.615,A,0.10243889626542695
CCC,P,-0.033,C,0.09037752383393398
CCG,P,-0.376,G,0.08562979503270081
CCT,P,0.007,T,0.07967385687475118
CAC,H,-0.012,C,0.09664389319126297
CAT,H,0.012,T,0.09664389319126299
CAA,Q,0.687,A,0.06830068311770912
CAG,Q,-0.687,G,0.06830068311770912
GTA,V,0.375,A,0.05044611546281363
GTC,V,-0.045,C,0.07447525989287734
GTG,V,-0.571,G,0.05920447447349651
GTT,V,0.103,T,0.057929963894958574
GCA,A,0.698,A,0.05252612730253835
GCC,A,-0.502,C,0.05885623610106821
GCG,A,-0.043,G,0.07718086009646169
GCT,A,-0.289,T,0.05584923729275849
GAC,D,0.024,C,0.06267537374604686
GAT,D,-0.024,T,0.06267537374604686
GAA,E,0.5,A,0.058205744450087964
GAG,E,-0.5,G,0.058205744450087964
GGA,G,0.495,A,0.058332465732336934
GGC,G,-0.149,C,0.07234741862289752
GGG,G,-0.069,G,0.09486604807160624
GGT,G,-0.398,T,0.062066094088750134
TTC,F,-0.705,C,0.05428518889141091
TTT,F,0.705,T,0.0542851888914109
TAC,Y,0.095,C,0.06396402881646203
TAT,Y,-0.095,T,0.06396402881646203
TGC,C,-0.145,C,0.10262667600611755
TGT,C,0.145,T,0.10262667600611754
