codon,amino_acid,Bacteriovorax,third_nucl,standard_error
ATA,I,0.934,A,0.10184210019345324
ATC,I,-0.458,C,0.05252518017837013
ATT,I,0.163,T,0.05099026680143199
ACA,T,0.29,A,0.06076136943476637
ACC,T,0.398,C,0.08932620073645142
ACG,T,-0.366,G,0.08383834064952246
ACT,T,-0.299,T,0.06200103769566632
AAC,N,-0.446,C,0.06274288415845564
AAT,N,0.446,T,0.06274288415845564
AAA,K,0.264,A,0.051369424673625035
AAG,K,-0.264,G,0.051369424673625035
AGC,S,0.005,C,0.0781697492011935
AGT,S,0.245,T,0.07018797212157635
TCA,S,-0.139,A,0.058674660254732
TCC,S,0.544,C,0.11620967830801174
TCG,S,-0.149,G,0.08900667880684615
TCT,S,-0.124,T,0.06079183048844031
AGA,R,0.309,A,0.07593656758907781
AGG,R,0.115,G,0.146169830995303
CGA,R,0.731,A,0.15178607743433925
CGC,R,-0.417,C,0.09232076891551824
CGG,R,-0.374,G,0.3712097091821742
CGT,R,-0.362,T,0.09911739230110819
CTA,L,0.352,A,0.06548936937792244
CTC,L,0.174,C,0.06838408560627021
CTG,L,-0.752,G,0.0609282176256753
CTT,L,-0.396,T,0.044672129260993426
TTA,L,0.456,A,0.04731562423494514
TTG,L,0.319,G,0.07140658764600241
CCA,P,0.06,A,0.08550438208285296
CCC,P,0.618,C,0.13862709556325534
CCG,P,-0.472,G,0.11406832002308664
CCT,P,-0.01,T,0.08974533693258974
CAC,H,-0.24,C,0.1059078693611345
CAT,H,0.24,T,0.1059078693611345
CAA,Q,0.459,A,0.08713460286609492
CAG,Q,-0.459,G,0.08713460286609492
GTA,V,0.254,A,0.07328585192956513
GTC,V,0.11,C,0.075250176791058
GTG,V,-0.038,G,0.06912323021274328
GTT,V,-0.199,T,0.058376538819388424
GCA,A,0.577,A,0.06331537222904646
GCC,A,-0.181,C,0.06520228056798512
GCG,A,-0.245,G,0.08441340740963389
GCT,A,-0.244,T,0.061250556192970936
GAC,D,0.088,C,0.07246049482761831
GAT,D,-0.088,T,0.07246049482761831
GAA,E,0.592,A,0.07417783363536949
GAG,E,-0.592,G,0.07417783363536949
GGA,G,0.05,A,0.07102112799823813
GGC,G,0.2,C,0.09118604720392734
GGG,G,-0.241,G,0.0974482906089038
GGT,G,-0.041,T,0.07667774084153976
TTC,F,-0.253,C,0.06395509896075549
TTT,F,0.253,T,0.06395509896075549
TAC,Y,-0.325,C,0.08533864522550037
TAT,Y,0.325,T,0.08533864522550039
TGC,C,0.146,C,0.14699575158800252
TGT,C,-0.146,T,0.14699575158800252
