codon,amino_acid,Baekduia,third_nucl,standard_error
ATA,I,0.513,A,0.6275698097628545
ATC,I,-0.811,C,0.2834848564778285
ATT,I,0.878,T,0.3177984840379065
ACA,T,1.285,A,0.22479109521591684
ACC,T,0.556,C,0.04907058650739056
ACG,T,-0.706,G,0.04957019502681473
ACT,T,1.268,T,0.2838942726497166
AAC,N,-0.923,C,0.2900845011429586
AAT,N,0.923,T,0.2900845011429586
AAA,K,1.015,A,0.39864807876949404
AAG,K,-1.015,G,0.398648078769494
AGC,S,0.446,C,0.05741554302975201
AGT,S,1.224,T,0.2693095625308093
TCA,S,0.92,A,0.20989238845399633
TCC,S,0.254,C,0.05901911461915799
TCG,S,-0.94,G,0.05789442533479528
TCT,S,1.85,T,0.35353171312951553
AGA,R,2.395,A,0.3959540738900661
AGG,R,1.179,G,0.12661523624983992
CGA,R,1.439,A,0.12329130763228889
CGC,R,-0.468,C,0.04184842721786462
CGG,R,-0.202,G,0.048246414810766546
CGT,R,0.738,T,0.08568868203499684
CTA,L,0.558,A,0.2856866823949148
CTC,L,0.264,C,0.03884057909390238
CTG,L,-0.455,G,0.03852175169753629
CTT,L,0.915,T,0.16457986379465137
TTA,L,2.485,A,1.4772215239133144
TTG,L,1.074,G,0.12043051137437981
CCA,P,0.763,A,0.1533730226671079
CCC,P,0.327,C,0.0467538173929273
CCG,P,-0.582,G,0.04675596968415851
CCT,P,1.549,T,0.17026976775055014
CAC,H,-0.732,C,0.12273230287425815
CAT,H,0.732,T,0.12273230287425815
CAA,Q,1.253,A,0.23347407593435032
CAG,Q,-1.253,G,0.23347407593435032
GTA,V,0.786,A,0.24908943278795856
GTC,V,-0.56,C,0.039703827444406585
GTG,V,0.49,G,0.03987285673404853
GTT,V,0.755,T,0.15589382539481164
GCA,A,1.208,A,0.09224567970866826
GCC,A,0.068,C,0.032758190822591945
GCG,A,-0.385,G,0.03382139339007463
GCT,A,1.228,T,0.11634888556972225
GAC,D,-1.05,C,0.08764193619204459
GAT,D,1.05,T,0.08764193619204459
GAA,E,1.552,A,0.13031067464742177
GAG,E,-1.552,G,0.13031067464742177
GGA,G,1.407,A,0.10162364753814535
GGC,G,-0.561,C,0.04635045475441363
GGG,G,0.008,G,0.05382545686963564
GGT,G,0.874,T,0.0938655773844565
TTC,F,-0.853,C,0.2539352866873627
TTT,F,0.853,T,0.2539352866873627
TAC,Y,-1.061,C,0.20723432744972672
TAT,Y,1.061,T,0.20723432744972672
TGC,C,-0.773,C,0.2728044735572221
TGT,C,0.773,T,0.2728044735572221
