codon,amino_acid,Basilea,third_nucl,standard_error
ATA,I,0.763,A,0.11565481516747071
ATC,I,-0.31,C,0.09035285132285341
ATT,I,-0.156,T,0.07960133414810718
ACA,T,0.735,A,0.09704492873685613
ACC,T,-0.308,C,0.11579184499583002
ACG,T,-0.651,G,0.1106349192964263
ACT,T,-0.032,T,0.10497505441877478
AAC,N,-0.372,C,0.11046733270715817
AAT,N,0.372,T,0.11046733270715817
AAA,K,0.175,A,0.09967534024600316
AAG,K,-0.175,G,0.09967534024600316
AGC,S,-0.211,C,0.1305125568438943
AGT,S,0.076,T,0.09717039352782955
TCA,S,0.404,A,0.0992554718620122
TCC,S,0.074,C,0.15804822222107787
TCG,S,-0.398,G,0.13959667993331654
TCT,S,-0.187,T,0.09671831788517724
AGA,R,0.421,A,0.11590151483695314
AGG,R,1.121,G,0.29286387259493174
CGA,R,-0.444,A,0.14923783674926813
CGC,R,-0.446,C,0.15418507829794673
CGG,R,-0.071,G,0.3356042410213043
CGT,R,-0.055,T,0.0998660692037832
CTA,L,0.071,A,0.10806615614514853
CTC,L,0.276,C,0.1660956201306107
CTG,L,-0.34,G,0.13767379625455187
CTT,L,0.385,T,0.0986845402100708
TTA,L,0.404,A,0.06621871498455639
TTG,L,-0.732,G,0.07568789863299244
CCA,P,0.079,A,0.12524472406383316
CCC,P,0.277,C,0.1439054088823119
CCG,P,-0.019,G,0.18710937931077462
CCT,P,-0.228,T,0.11338784351019376
CAC,H,0.092,C,0.15858968630889242
CAT,H,-0.092,T,0.15858968630889245
CAA,Q,0.328,A,0.12029627187333844
CAG,Q,-0.328,G,0.12029627187333844
GTA,V,0.179,A,0.09840780825104417
GTC,V,-0.033,C,0.12298756143333257
GTG,V,-0.428,G,0.0958878852850637
GTT,V,0.263,T,0.09145676059943732
GCA,A,0.478,A,0.08962684795406996
GCC,A,-0.255,C,0.11377574185168567
GCG,A,-0.405,G,0.11747577582557632
GCT,A,-0.071,T,0.09207750282434309
GAC,D,0.006,C,0.1285219981867074
GAT,D,-0.006,T,0.1285219981867074
GAA,E,0.451,A,0.11131690145603519
GAG,E,-0.451,G,0.11131690145603519
GGA,G,-0.048,A,0.1248595011308761
GGC,G,-0.14,C,0.1220545182985914
GGG,G,0.021,G,0.1550262213788892
GGT,G,0.124,T,0.10246640789414611
TTC,F,-0.426,C,0.13490495155143337
TTT,F,0.426,T,0.13490495155143337
TAC,Y,0.123,C,0.13400274775930182
TAT,Y,-0.123,T,0.13400274775930185
TGC,C,-0.015,C,0.23470425803872763
TGT,C,0.015,T,0.23470425803872763
