codon,amino_acid,Bathymodiolus,third_nucl,standard_error
ATA,I,0.563,A,0.07664161842099525
ATC,I,-0.182,C,0.08495346098775546
ATT,I,-0.313,T,0.06488275932967368
ACA,T,0.482,A,0.0767950229682629
ACC,T,-0.358,C,0.08271197517577515
ACG,T,-0.426,G,0.1299059430059687
ACT,T,-0.034,T,0.08160425711355243
AAC,N,-0.016,C,0.07851547666978578
AAT,N,0.016,T,0.07851547666978578
AAA,K,0.354,A,0.0821918469041837
AAG,K,-0.354,G,0.08219184690418369
AGC,S,0.049,C,0.10931113795130248
AGT,S,-0.057,T,0.08588819731791157
TCA,S,-0.142,A,0.08567738187154984
TCC,S,0.419,C,0.12104900262967494
TCG,S,-0.084,G,0.14449659331570266
TCT,S,-0.016,T,0.09293559293211306
AGA,R,0.658,A,0.10528505816256906
AGG,R,-0.367,G,0.18230274852253778
CGA,R,0.435,A,0.15641669454743734
CGC,R,-0.179,C,0.12613293842896262
CGG,R,-0.664,G,0.33280896538012134
CGT,R,-0.781,T,0.13252912471444883
CTA,L,0.3,A,0.09495110192919214
CTC,L,-0.03,C,0.12602878754036004
CTG,L,-0.242,G,0.12440080716329419
CTT,L,-0.042,T,0.08201380904362912
TTA,L,0.406,A,0.05992270467364725
TTG,L,-0.624,G,0.071520523933971
CCA,P,0.215,A,0.10591458054707752
CCC,P,-0.043,C,0.14241287701286998
CCG,P,-0.506,G,0.20881965682345457
CCT,P,-0.063,T,0.11644498876728705
CAC,H,0.232,C,0.12932591647801878
CAT,H,-0.232,T,0.12932591647801878
CAA,Q,0.406,A,0.1307050999259934
CAG,Q,-0.406,G,0.1307050999259934
GTA,V,0.389,A,0.09312263416407944
GTC,V,-0.592,C,0.1328440495687211
GTG,V,-0.502,G,0.09795604792791016
GTT,V,0.296,T,0.08071764359643975
GCA,A,0.414,A,0.08078392490502656
GCC,A,-0.483,C,0.10029891143977711
GCG,A,-0.071,G,0.12287875981579516
GCT,A,-0.075,T,0.09553709770653068
GAC,D,0.115,C,0.0963995093195332
GAT,D,-0.115,T,0.0963995093195332
GAA,E,0.592,A,0.10630931996265525
GAG,E,-0.592,G,0.10630931996265525
GGA,G,0.576,A,0.1216174390470028
GGC,G,-0.18,C,0.09932353533112254
GGG,G,-0.401,G,0.14111981573667862
GGT,G,0.023,T,0.09447454803059162
TTC,F,-0.007,C,0.11751766530309052
TTT,F,0.007,T,0.11751766530309052
TAC,Y,0.338,C,0.11803515545090096
TAT,Y,-0.338,T,0.11803515545090096
TGC,C,-0.57,C,0.20311846027421468
TGT,C,0.57,T,0.20311846027421468
