codon,amino_acid,Bdellovibrio,third_nucl,standard_error
ATA,I,1.24,A,0.14780885290015647
ATC,I,-0.701,C,0.05767273829060189
ATT,I,0.466,T,0.05790295851474332
ACA,T,0.926,A,0.07415923412258563
ACC,T,-0.662,C,0.06599021334025178
ACG,T,-0.238,G,0.07835584743162505
ACT,T,0.077,T,0.07070328892584159
AAC,N,-0.473,C,0.07231773429359967
AAT,N,0.473,T,0.07231773429359967
AAA,K,0.182,A,0.05347562384571552
AAG,K,-0.182,G,0.05347562384571552
AGC,S,-0.15,C,0.07011248009940955
AGT,S,0.201,T,0.07961347333209283
TCA,S,0.758,A,0.08659832678758496
TCC,S,-0.556,C,0.06378063530698186
TCG,S,-0.266,G,0.08876993056620058
TCT,S,0.276,T,0.06631891876363127
AGA,R,1.468,A,0.09413593228735043
AGG,R,0.962,G,0.19750778704596064
CGA,R,0.764,A,0.1228868547632664
CGC,R,-0.955,C,0.07586348890418547
CGG,R,-0.168,G,0.14011101741334261
CGT,R,-0.457,T,0.07625781196630547
CTA,L,1.327,A,0.13069679151288904
CTC,L,0.73,C,0.09655061873025425
CTG,L,-1.048,G,0.04504354851158596
CTT,L,0.496,T,0.05428504832208569
TTA,L,1.35,A,0.10614716562277657
TTG,L,-0.02,G,0.048857631268951277
CCA,P,0.438,A,0.09447752625560948
CCC,P,0.458,C,0.09400973359170896
CCG,P,-1.068,G,0.08824303549177716
CCT,P,0.418,T,0.08974335908004567
CAC,H,-0.353,C,0.10785159813067866
CAT,H,0.353,T,0.10785159813067867
CAA,Q,0.818,A,0.07953060216181196
CAG,Q,-0.818,G,0.07953060216181196
GTA,V,1.135,A,0.09510639161968217
GTC,V,0.01,C,0.06813349648537308
GTG,V,-0.732,G,0.05597517920599819
GTT,V,0.337,T,0.06019169169303163
GCA,A,1.127,A,0.06593978395697213
GCC,A,-0.534,C,0.05680755674515749
GCG,A,-0.728,G,0.06586011930094124
GCT,A,0.265,T,0.06146596563635242
GAC,D,-0.43,C,0.0764083147096349
GAT,D,0.43,T,0.0764083147096349
GAA,E,0.19,A,0.07377566532877886
GAG,E,-0.19,G,0.07377566532877886
GGA,G,0.857,A,0.08021488572683778
GGC,G,-0.502,C,0.07286609808585623
GGG,G,-0.27,G,0.0996964822604502
GGT,G,-0.005,T,0.0724182379755106
TTC,F,-0.717,C,0.0660677571123478
TTT,F,0.717,T,0.0660677571123478
TAC,Y,0.064,C,0.09551161650521009
TAT,Y,-0.064,T,0.0955116165052101
TGC,C,-0.225,C,0.16379842817012932
TGT,C,0.225,T,0.16379842817012932
