codon,amino_acid,Beggiatoa,third_nucl,standard_error
ATA,I,0.471,A,0.06930723243264404
ATC,I,-0.04,C,0.06770033633147057
ATT,I,-0.278,T,0.054992679536881486
ACA,T,0.043,A,0.05890236152615755
ACC,T,-0.076,C,0.06301682700507075
ACG,T,-0.383,G,0.07605805119764915
ACT,T,0.355,T,0.07045795389248792
AAC,N,0.106,C,0.0724031234084439
AAT,N,-0.106,T,0.0724031234084439
AAA,K,0.155,A,0.08348932987525906
AAG,K,-0.155,G,0.08348932987525905
AGC,S,-0.392,C,0.07598260748383943
AGT,S,-0.082,T,0.06707064628123872
TCA,S,0.3,A,0.07674509519196163
TCC,S,0.172,C,0.0885680677329668
TCG,S,-0.218,G,0.1269507425363171
TCT,S,0.129,T,0.07046837476187429
AGA,R,0.771,A,0.11124751229471234
AGG,R,0.484,G,0.23573359703394325
CGA,R,-0.041,A,0.10709984288816336
CGC,R,-0.097,C,0.07419090605389632
CGG,R,-0.881,G,0.12068078273046272
CGT,R,0.063,T,0.06640768456803713
CTA,L,0.231,A,0.06893597879609986
CTC,L,0.31,C,0.07974694670649729
CTG,L,-0.043,G,0.07526336593695822
CTT,L,0.483,T,0.06585490722587721
TTA,L,-0.283,A,0.04248566039224333
TTG,L,-0.175,G,0.05988017535589594
CCA,P,0.098,A,0.08063538584571288
CCC,P,0.125,C,0.07897093719719972
CCG,P,-0.098,G,0.10300994243679305
CCT,P,-0.141,T,0.07396678073639747
CAC,H,0.528,C,0.10271475250925992
CAT,H,-0.528,T,0.10271475250925992
CAA,Q,0.104,A,0.08853433453432417
CAG,Q,-0.104,G,0.08853433453432417
GTA,V,0.096,A,0.07228567035415699
GTC,V,0.097,C,0.0837119638144389
GTG,V,0.137,G,0.07113636875177028
GTT,V,-0.213,T,0.06008659687783564
GCA,A,-0.031,A,0.058963629466735265
GCC,A,0.111,C,0.0690070575585007
GCG,A,-0.425,G,0.07360564048229079
GCT,A,0.305,T,0.0667213065756445
GAC,D,-0.082,C,0.07475830496642626
GAT,D,0.082,T,0.07475830496642624
GAA,E,0.299,A,0.09031807411703538
GAG,E,-0.299,G,0.0903180741170354
GGA,G,-0.112,A,0.09262103435294942
GGC,G,-0.055,C,0.08208800966412685
GGG,G,-0.22,G,0.10208872072342468
GGT,G,0.236,T,0.0735964165009487
TTC,F,0.294,C,0.09119169911555051
TTT,F,-0.294,T,0.0911916991155505
TAC,Y,0.109,C,0.08940883225028685
TAT,Y,-0.109,T,0.08940883225028685
TGC,C,-0.046,C,0.15522352066194278
TGT,C,0.046,T,0.15522352066194278
