codon,amino_acid,Beijerinckia,third_nucl,standard_error
ATA,I,0.547,A,0.11035373010893955
ATC,I,-0.363,C,0.05972704306674519
ATT,I,0.222,T,0.06313042728573721
ACA,T,0.355,A,0.07843823240776308
ACC,T,-0.186,C,0.06060597416895479
ACG,T,-0.185,G,0.06197244155608786
ACT,T,0.318,T,0.09044579282790993
AAC,N,0.363,C,0.08540085252014744
AAT,N,-0.363,T,0.08540085252014744
AAA,K,0.604,A,0.06984668537522555
AAG,K,-0.604,G,0.06984668537522555
AGC,S,-0.283,C,0.06441555215254702
AGT,S,0.245,T,0.09798406121718495
TCA,S,0.284,A,0.09599255805551068
TCC,S,0.116,C,0.06380459432542993
TCG,S,-0.434,G,0.06633229641942572
TCT,S,0.622,T,0.0930793341810646
AGA,R,1.09,A,0.131897500912809
AGG,R,0.308,G,0.1144507126963665
CGA,R,0.525,A,0.10034138642180766
CGC,R,-0.335,C,0.055691851196587955
CGG,R,-0.269,G,0.06869374487655526
CGT,R,0.073,T,0.06746785439084815
CTA,L,0.492,A,0.1458264735800199
CTC,L,-0.29,C,0.04700025734229946
CTG,L,-0.333,G,0.04994748770761765
CTT,L,0.317,T,0.05613948724653439
TTA,L,0.519,A,0.12259172342721031
TTG,L,0.31,G,0.05433014386432565
CCA,P,0.142,A,0.08660007087608325
CCC,P,0.011,C,0.0637278836011723
CCG,P,-0.432,G,0.061741483600108005
CCT,P,0.563,T,0.07977291450063492
CAC,H,0.168,C,0.10085454914609042
CAT,H,-0.168,T,0.10085454914609042
CAA,Q,0.37,A,0.07876527983754575
CAG,Q,-0.37,G,0.07876527983754575
GTA,V,0.375,A,0.12328484215244878
GTC,V,-0.422,C,0.056201783776850305
GTG,V,0.146,G,0.05928954050091699
GTT,V,0.346,T,0.07113067373781631
GCA,A,0.645,A,0.06769912500441999
GCC,A,-0.246,C,0.04464930983187289
GCG,A,-0.274,G,0.04733650477026669
GCT,A,0.355,T,0.05839823718379372
GAC,D,0.161,C,0.06354638387180643
GAT,D,-0.161,T,0.06354638387180643
GAA,E,0.324,A,0.0630564260368051
GAG,E,-0.324,G,0.0630564260368051
GGA,G,0.61,A,0.07917173651562869
GGC,G,-0.425,C,0.057925597127275824
GGG,G,0.061,G,0.08324050067126852
GGT,G,0.119,T,0.07004397334475919
TTC,F,-0.447,C,0.07262197223894497
TTT,F,0.447,T,0.07262197223894498
TAC,Y,0.468,C,0.12035753145085118
TAT,Y,-0.468,T,0.12035753145085117
TGC,C,-0.366,C,0.16114848681852173
TGT,C,0.366,T,0.16114848681852176
