codon,amino_acid,Bermanella,third_nucl,standard_error
ATA,I,0.417,A,0.07365612153830228
ATC,I,-0.172,C,0.060003911949398456
ATT,I,-0.099,T,0.05583776543011165
ACA,T,0.346,A,0.07416223482240737
ACC,T,-0.102,C,0.07352310239774139
ACG,T,-0.15,G,0.08695785783879682
ACT,T,-0.139,T,0.074492932516449
AAC,N,0.051,C,0.07553788068611494
AAT,N,-0.051,T,0.07553788068611494
AAA,K,0.156,A,0.06438689643534079
AAG,K,-0.156,G,0.06438689643534079
AGC,S,-0.2,C,0.0687955984657096
AGT,S,-0.069,T,0.06728021346508903
TCA,S,0.217,A,0.0789360672646709
TCC,S,0.317,C,0.09736894805049094
TCG,S,-0.115,G,0.10301321791747307
TCT,S,-0.005,T,0.07313364093287568
AGA,R,0.799,A,0.11507194253202542
AGG,R,-0.356,G,0.1832965937557043
CGA,R,0.148,A,0.09334335183533195
CGC,R,-0.173,C,0.07795889566412018
CGG,R,0.101,G,0.17177624628696686
CGT,R,-0.268,T,0.07749287891027527
CTA,L,-0.007,A,0.06425313121030762
CTC,L,0.39,C,0.08383891796997908
CTG,L,-0.151,G,0.07057530064100366
CTT,L,0.014,T,0.06378265948309123
TTA,L,0.203,A,0.05131492307523196
TTG,L,-0.337,G,0.05646579554695488
CCA,P,-0.01,A,0.0840644758207413
CCC,P,0.223,C,0.10185938097332722
CCG,P,-0.116,G,0.10667993383391704
CCT,P,-0.07,T,0.0846665147766723
CAC,H,0.092,C,0.10359089225610481
CAT,H,-0.092,T,0.10359089225610481
CAA,Q,-0.024,A,0.0740188769432479
CAG,Q,0.024,G,0.0740188769432479
GTA,V,0.055,A,0.06968007096391891
GTC,V,0.025,C,0.08337485139674286
GTG,V,-0.01,G,0.06798724671377587
GTT,V,-0.051,T,0.06368456890142056
GCA,A,0.38,A,0.061174818789431505
GCC,A,0.043,C,0.0657514561580214
GCG,A,-0.303,G,0.07195901482304633
GCT,A,-0.203,T,0.06290447325586367
GAC,D,0.062,C,0.07261053324993588
GAT,D,-0.062,T,0.07261053324993588
GAA,E,0.441,A,0.07371111949145631
GAG,E,-0.441,G,0.07371111949145631
GGA,G,0.361,A,0.09636786513996788
GGC,G,-0.048,C,0.07707325911173736
GGG,G,-0.076,G,0.121068931254224
GGT,G,-0.127,T,0.07230942376454513
TTC,F,-0.071,C,0.07795852455164372
TTT,F,0.071,T,0.07795852455164372
TAC,Y,0.221,C,0.09334659112781611
TAT,Y,-0.221,T,0.09334659112781611
TGC,C,-0.079,C,0.1570751715781762
TGT,C,0.079,T,0.1570751715781762
