codon,amino_acid,Berryella,third_nucl,standard_error
ATA,I,0.572,A,0.15165329635697314
ATC,I,-0.989,C,0.1204666792459929
ATT,I,1.255,T,0.17800013413289156
ACA,T,1.382,A,0.2410439855026291
ACC,T,-0.403,C,0.09425368168458173
ACG,T,-0.216,G,0.09664149590160702
ACT,T,1.391,T,0.22682610264192096
AAC,N,-0.724,C,0.16617152548948283
AAT,N,0.724,T,0.16617152548948283
AAA,K,0.949,A,0.11962280041480497
AAG,K,-0.949,G,0.11962280041480497
AGC,S,0.318,C,0.09134907043900187
AGT,S,1.71,T,0.3289682170531323
TCA,S,1.635,A,0.2417349111246882
TCC,S,-0.444,C,0.09667141898435123
TCG,S,-0.609,G,0.08612882126035937
TCT,S,0.731,T,0.17272101344111265
AGA,R,1.914,A,0.24430636590110494
AGG,R,0.599,G,0.1218764786113998
CGA,R,0.971,A,0.16642305603189142
CGC,R,-0.911,C,0.08177113989682179
CGG,R,-0.155,G,0.11595778058313404
CGT,R,0.382,T,0.14437752529364475
CTA,L,0.977,A,0.2768362805532769
CTC,L,-0.204,C,0.07758086037046448
CTG,L,-0.675,G,0.07363531158618003
CTT,L,0.681,T,0.100203525463073
TTA,L,1.303,A,0.3832269259588636
TTG,L,0.852,G,0.11722511125367374
CCA,P,1.518,A,0.32779767696520823
CCC,P,-0.586,C,0.10544357918524473
CCG,P,0.068,G,0.10938902139532106
CCT,P,0.764,T,0.16705044127974458
CAC,H,-0.598,C,0.16645039303872836
CAT,H,0.598,T,0.16645039303872833
CAA,Q,1.171,A,0.17180625919966033
CAG,Q,-1.171,G,0.17180625919966033
GTA,V,1.05,A,0.16561885311005697
GTC,V,-0.387,C,0.07852692565298025
GTG,V,-0.223,G,0.0762705734386084
GTT,V,0.643,T,0.10503845649816212
GCA,A,1.575,A,0.11666739883320254
GCC,A,-0.785,C,0.06990096637033406
GCG,A,-0.201,G,0.06809483996162528
GCT,A,0.76,T,0.10812209745480386
GAC,D,-0.733,C,0.09359572863333515
GAT,D,0.733,T,0.09359572863333517
GAA,E,0.983,A,0.08927092105618992
GAG,E,-0.983,G,0.08927092105618992
GGA,G,0.787,A,0.10163421576008524
GGC,G,-0.569,C,0.08022508285847377
GGG,G,-0.219,G,0.09696936974385231
GGT,G,0.583,T,0.12780056665733283
TTC,F,-0.727,C,0.15242177392038286
TTT,F,0.727,T,0.15242177392038286
TAC,Y,-0.755,C,0.17144038762920066
TAT,Y,0.755,T,0.17144038762920064
TGC,C,-0.824,C,0.3555975456553217
TGT,C,0.824,T,0.3555975456553217
