codon,amino_acid,Beutenbergia,third_nucl,standard_error
ATA,I,0.492,A,0.5283547490601221
ATC,I,-1.44,C,0.3573707826644963
ATT,I,2.084,T,0.5346712853516603
ACA,T,1.192,A,0.15370748868532408
ACC,T,0.29,C,0.050103523610413786
ACG,T,-0.58,G,0.049795431221924
ACT,T,1.407,T,0.21064547298112388
AAC,N,-1.367,C,0.29956057529905245
AAT,N,1.367,T,0.29956057529905245
AAA,K,0.488,A,0.3991500330780254
AAG,K,-0.488,G,0.3991500330780254
AGC,S,0.383,C,0.06017663393637549
AGT,S,1.339,T,0.21846336258476542
TCA,S,1.131,A,0.19672468036442547
TCC,S,0.071,C,0.06216155560272864
TCG,S,-0.803,G,0.05926602157343292
TCT,S,1.015,T,0.2387121658093934
AGA,R,2.591,A,0.3662648462694295
AGG,R,1.032,G,0.119605360564585
CGA,R,1.201,A,0.09837933663507892
CGC,R,-0.232,C,0.04590071636465974
CGG,R,-0.557,G,0.0499137046404294
CGT,R,0.304,T,0.08117467116295035
CTA,L,1.079,A,0.3848624359319832
CTC,L,-0.154,C,0.04487085101072419
CTG,L,-0.018,G,0.04561784744357698
CTT,L,0.848,T,0.162611021945261
TTA,L,-0.36,A,1.2249481652492957
TTG,L,0.923,G,0.14924807946271115
CCA,P,1.322,A,0.16295772588274768
CCC,P,0.463,C,0.05438960264323413
CCG,P,-0.873,G,0.053106415557613085
CCT,P,1.427,T,0.15111845811005611
CAC,H,-0.827,C,0.1847274201694108
CAT,H,0.827,T,0.1847274201694108
CAA,Q,0.554,A,0.26318978093311957
CAG,Q,-0.554,G,0.26318978093311957
GTA,V,0.731,A,0.25361854207035495
GTC,V,-0.565,C,0.042017275111642244
GTG,V,0.486,G,0.04199194995587237
GTT,V,0.956,T,0.1823686215100246
GCA,A,1.202,A,0.08123919284128175
GCC,A,0.046,C,0.03642531630122384
GCG,A,-0.458,G,0.03684791003861469
GCT,A,0.664,T,0.08598684791218936
GAC,D,-0.848,C,0.10536912572955391
GAT,D,0.848,T,0.10536912572955391
GAA,E,0.847,A,0.10645645811772453
GAG,E,-0.847,G,0.10645645811772453
GGA,G,0.907,A,0.08532617743610273
GGC,G,-0.406,C,0.04903384416748757
GGG,G,-0.105,G,0.05597268528984385
GGT,G,0.475,T,0.07776594543881571
TTC,F,-0.982,C,0.36303850022324397
TTT,F,0.982,T,0.36303850022324397
TAC,Y,-0.542,C,0.2506347858192822
TAT,Y,0.542,T,0.2506347858192822
TGC,C,-1.198,C,0.37017400680440715
TGT,C,1.198,T,0.37017400680440715
