codon,amino_acid,Bibersteinia,third_nucl,standard_error
ATA,I,0.325,A,0.12551139731686178
ATC,I,0.057,C,0.08065080434494454
ATT,I,-0.163,T,0.07382640373851458
ACA,T,0.331,A,0.09013193494368318
ACC,T,-0.094,C,0.0918095916744201
ACG,T,-0.442,G,0.11499434200094205
ACT,T,0.027,T,0.08717012660647308
AAC,N,0.367,C,0.09276717088873772
AAT,N,-0.367,T,0.0927671708887377
AAA,K,0.398,A,0.11037277365743173
AAG,K,-0.398,G,0.11037277365743173
AGC,S,-0.181,C,0.09562263830934685
AGT,S,-0.211,T,0.09420499331067413
TCA,S,0.135,A,0.0952114569427022
TCC,S,0.388,C,0.1405555365488589
TCG,S,-0.431,G,0.1502026581197312
TCT,S,0.233,T,0.09179797009577657
AGA,R,0.897,A,0.14246460971113975
AGG,R,0.242,G,0.3808574616868059
CGA,R,0.293,A,0.13991557087567147
CGC,R,-0.301,C,0.1098955207019609
CGG,R,-0.494,G,0.22801886642639702
CGT,R,-0.242,T,0.09402324884483576
CTA,L,0.082,A,0.09647996156428015
CTC,L,0.316,C,0.09488237452432448
CTG,L,-0.35,G,0.10157905666358759
CTT,L,0.322,T,0.07207463726456081
TTA,L,0.019,A,0.05729536430950617
TTG,L,-0.511,G,0.0810888132001466
CCA,P,-0.348,A,0.10469035716630314
CCC,P,0.465,C,0.1717155376377061
CCG,P,-0.175,G,0.14185987558278076
CCT,P,0.303,T,0.11001856635588039
CAC,H,0.17,C,0.13556577499272646
CAT,H,-0.17,T,0.13556577499272646
CAA,Q,0.606,A,0.10426906994895965
CAG,Q,-0.606,G,0.10426906994895964
GTA,V,0.057,A,0.08919409281062789
GTC,V,-0.05,C,0.12453917433331281
GTG,V,-0.473,G,0.09198425515262769
GTT,V,0.405,T,0.08632221411071937
GCA,A,0.085,A,0.07169063552448099
GCC,A,0.396,C,0.09589225929818347
GCG,A,-0.453,G,0.09672502020300755
GCT,A,-0.055,T,0.08126661331292209
GAC,D,0.497,C,0.12319634340900504
GAT,D,-0.497,T,0.12319634340900504
GAA,E,0.543,A,0.10675056048917554
GAG,E,-0.543,G,0.10675056048917554
GGA,G,0.096,A,0.13054967214175778
GGC,G,0.254,C,0.0987518844589583
GGG,G,-0.396,G,0.1442868605855908
GGT,G,-0.095,T,0.09408570740672344
TTC,F,-0.08,C,0.09886666803970236
TTT,F,0.08,T,0.09886666803970236
TAC,Y,0.331,C,0.12131171480971824
TAT,Y,-0.331,T,0.12131171480971824
TGC,C,0.138,C,0.20162299970546513
TGT,C,-0.138,T,0.20162299970546513
