codon,amino_acid,Bifidobacterium,third_nucl,standard_error
ATA,I,0.798,A,0.1621545782319168
ATC,I,-1.152,C,0.10032149454196716
ATT,I,1.167,T,0.11903858731887024
ACA,T,1.845,A,0.17717760914647773
ACC,T,-0.492,C,0.06685290219502514
ACG,T,-0.309,G,0.07046652435525763
ACT,T,1.384,T,0.16725831897642737
AAC,N,-0.937,C,0.11070863965229194
AAT,N,0.937,T,0.11070863965229194
AAA,K,1.27,A,0.11500133867721618
AAG,K,-1.27,G,0.11500133867721617
AGC,S,0.11,C,0.07730840321955046
AGT,S,1.51,T,0.19632906636954817
TCA,S,1.522,A,0.17643597923163953
TCC,S,-0.41,C,0.07567177643533134
TCG,S,-0.609,G,0.07680268335896712
TCT,S,1.114,T,0.2128655087513446
AGA,R,1.512,A,0.2033651656902364
AGG,R,0.833,G,0.13064985594880127
CGA,R,1.021,A,0.14313123691095325
CGC,R,-0.835,C,0.07003059414643531
CGG,R,-0.176,G,0.08722700114613573
CGT,R,0.385,T,0.09942711853779132
CTA,L,1.077,A,0.2502628245048343
CTC,L,-0.453,C,0.07238375110578522
CTG,L,-0.494,G,0.06199328244620896
CTT,L,1.213,T,0.12757984201328496
TTA,L,1.65,A,0.35775060982021895
TTG,L,0.976,G,0.10157851390503649
CCA,P,1.747,A,0.19291792508221936
CCC,P,0.041,C,0.08945693424868169
CCG,P,-0.794,G,0.08296674741329099
CCT,P,1.242,T,0.18252460692215222
CAC,H,-0.618,C,0.11635088294752678
CAT,H,0.618,T,0.11635088294752678
CAA,Q,1.112,A,0.13163800460743894
CAG,Q,-1.112,G,0.13163800460743894
GTA,V,1.238,A,0.1487014436786373
GTC,V,-0.44,C,0.06701282521663783
GTG,V,-0.273,G,0.06466397819361312
GTT,V,1.486,T,0.13577583895315296
GCA,A,1.747,A,0.0923020921305951
GCC,A,-0.784,C,0.05450071602973033
GCG,A,-0.287,G,0.05533501874035541
GCT,A,1.071,T,0.11420479884418484
GAC,D,-0.885,C,0.07381783465875846
GAT,D,0.885,T,0.07381783465875846
GAA,E,1.231,A,0.08102344767141823
GAG,E,-1.231,G,0.08102344767141823
GGA,G,0.962,A,0.09773567881959319
GGC,G,-0.879,C,0.0688055971980791
GGG,G,-0.008,G,0.09534993313313084
GGT,G,0.936,T,0.10455785396141053
TTC,F,-1.373,C,0.15766142168258782
TTT,F,1.373,T,0.15766142168258782
TAC,Y,-0.774,C,0.12470014915307133
TAT,Y,0.774,T,0.12470014915307133
TGC,C,-0.994,C,0.29289405838766774
TGT,C,0.994,T,0.29289405838766774
