codon,amino_acid,Bisgaardia,third_nucl,standard_error
ATA,I,0.51,A,0.08153603111833528
ATC,I,-0.057,C,0.09817847566629513
ATT,I,-0.356,T,0.06992398972711897
ACA,T,0.349,A,0.08512411484380482
ACC,T,0.003,C,0.1179412802847012
ACG,T,-0.503,G,0.13854483942116905
ACT,T,-0.172,T,0.08862021330065092
AAC,N,0.198,C,0.11139222840746789
AAT,N,-0.198,T,0.11139222840746789
AAA,K,0.043,A,0.10378547168036727
AAG,K,-0.043,G,0.10378547168036728
AGC,S,-0.283,C,0.1455301917446732
AGT,S,0.086,T,0.0915997431628977
TCA,S,0.171,A,0.09015853260733565
TCC,S,0.077,C,0.18129211742208717
TCG,S,0.132,G,0.20127041072137644
TCT,S,-0.188,T,0.08935256781706644
AGA,R,0.427,A,0.11629337357267247
AGG,R,-0.283,G,0.28988738551004073
CGA,R,0.024,A,0.14440800833426304
CGC,R,-0.421,C,0.18318994157961033
CGG,R,-0.68,G,0.42469822613607056
CGT,R,-0.133,T,0.10502987238866905
CTA,L,0.08,A,0.09535657256546753
CTC,L,-0.122,C,0.15816169472361166
CTG,L,-0.154,G,0.19755756439650435
CTT,L,0.244,T,0.08317392876970811
TTA,L,-0.086,A,0.0601329538115927
TTG,L,-0.114,G,0.09837299186356184
CCA,P,-0.053,A,0.11522628856475936
CCC,P,0.344,C,0.2150573181669767
CCG,P,0.096,G,0.22814966166714573
CCT,P,-0.068,T,0.11518247682923603
CAC,H,-0.075,C,0.19365429744809892
CAT,H,0.075,T,0.19365429744809892
CAA,Q,0.268,A,0.1433875711848053
CAG,Q,-0.268,G,0.1433875711848053
GTA,V,0.006,A,0.08929304458338615
GTC,V,-0.154,C,0.1582175540349211
GTG,V,0.165,G,0.11964881499298727
GTT,V,-0.044,T,0.0864438635213082
GCA,A,0.261,A,0.08498349239871231
GCC,A,-0.282,C,0.1479636195397269
GCG,A,-0.039,G,0.13783662065822241
GCT,A,-0.162,T,0.08865039792163733
GAC,D,0.181,C,0.1536797639004553
GAT,D,-0.181,T,0.15367976390045526
GAA,E,0.316,A,0.12046041316864882
GAG,E,-0.316,G,0.12046041316864882
GGA,G,0.09,A,0.11043791826034369
GGC,G,0.038,C,0.13859483527977348
GGG,G,-0.137,G,0.15950737148885447
GGT,G,-0.038,T,0.09964948987341132
TTC,F,-0.23,C,0.1281102645349775
TTT,F,0.23,T,0.1281102645349775
TAC,Y,0.204,C,0.14631839264446475
TAT,Y,-0.204,T,0.14631839264446475
TGC,C,0.201,C,0.2615239921407558
TGT,C,-0.201,T,0.2615239921407558
