codon,amino_acid,Blastochloris,third_nucl,standard_error
ATA,I,0.663,A,0.2539572308678115
ATC,I,-0.844,C,0.09519924694366293
ATT,I,0.836,T,0.10063607700732656
ACA,T,1.195,A,0.15125165512627187
ACC,T,-0.436,C,0.05974811589228658
ACG,T,0.064,G,0.06270265812042858
ACT,T,0.81,T,0.15562372388880633
AAC,N,-0.012,C,0.10406616610369078
AAT,N,0.012,T,0.10406616610369078
AAA,K,1.391,A,0.13133050589046436
AAG,K,-1.391,G,0.13133050589046436
AGC,S,-0.115,C,0.06859707082129403
AGT,S,1.2,T,0.2079004684030596
TCA,S,0.801,A,0.17314883167221595
TCC,S,0.551,C,0.07348374311052142
TCG,S,-0.802,G,0.06582855679407454
TCT,S,0.935,T,0.1743286146662602
AGA,R,1.594,A,0.21410052336922508
AGG,R,0.533,G,0.12960202041943203
CGA,R,1.279,A,0.14418289934420372
CGC,R,-0.491,C,0.05191394893515336
CGG,R,-0.353,G,0.06041699508306688
CGT,R,1.072,T,0.09995534538573987
CTA,L,1.196,A,0.34529377311104176
CTC,L,-0.088,C,0.04906402097805343
CTG,L,-0.606,G,0.04693102290650943
CTT,L,1.235,T,0.08970410283868491
TTA,L,0.795,A,0.3820920872860723
TTG,L,0.966,G,0.09830060384746367
CCA,P,0.609,A,0.16375425258670465
CCC,P,0.462,C,0.06417192407361398
CCG,P,-0.714,G,0.06102800545638286
CCT,P,1.018,T,0.14511073255352885
CAC,H,-0.181,C,0.11039834427951117
CAT,H,0.181,T,0.11039834427951117
CAA,Q,1.11,A,0.1304674273540399
CAG,Q,-1.11,G,0.1304674273540399
GTA,V,0.707,A,0.2203563238644304
GTC,V,0.006,C,0.053645224743759226
GTG,V,-0.47,G,0.05333271709465101
GTT,V,1.308,T,0.10184411480551805
GCA,A,1.132,A,0.09113405353534892
GCC,A,-0.235,C,0.04056328749577831
GCG,A,-0.308,G,0.04238747185585466
GCT,A,1.26,T,0.09722208020534623
GAC,D,-0.303,C,0.06753016071645218
GAT,D,0.303,T,0.06753016071645218
GAA,E,1.146,A,0.07419591737325773
GAG,E,-1.146,G,0.07419591737325773
GGA,G,1.334,A,0.11313645034121912
GGC,G,-0.816,C,0.0609000552317212
GGG,G,0.101,G,0.07799132185940981
GGT,G,0.912,T,0.10050959846810627
TTC,F,-1.027,C,0.11968929471573896
TTT,F,1.027,T,0.11968929471573896
TAC,Y,0.195,C,0.11646734711023336
TAT,Y,-0.195,T,0.11646734711023336
TGC,C,-1.331,C,0.27316109630156166
TGT,C,1.331,T,0.27316109630156166
