codon,amino_acid,Blattabacterium,third_nucl,standard_error
ATA,I,0.138,A,0.10654073336629595
ATC,I,-0.048,C,0.1627584118415768
ATT,I,-0.113,T,0.10441447825981758
ACA,T,0.149,A,0.18103744212180423
ACC,T,0.117,C,0.31219011816910097
ACG,T,0.507,G,0.3411445943856517
ACT,T,-0.321,T,0.17802099570503108
AAC,N,0.213,C,0.22480455404686633
AAT,N,-0.213,T,0.22480455404686633
AAA,K,-0.235,A,0.1598063463529484
AAG,K,0.235,G,0.1598063463529484
AGC,S,0.27,C,0.3461600438983439
AGT,S,0.247,T,0.17710660275744322
TCA,S,0.49,A,0.16896609793287068
TCC,S,-0.161,C,0.22833516656229078
TCG,S,-0.057,G,0.38502480380875187
TCT,S,-0.44,T,0.13574672967147816
AGA,R,0.334,A,0.19187144963955474
AGG,R,-0.179,G,0.38038534120626627
CGA,R,-0.635,A,0.38126116799425064
CGC,R,-0.055,C,0.5640452615325966
CGG,R,0.622,G,0.736118262171476
CGT,R,-0.238,T,0.23709626294386085
CTA,L,0.056,A,0.20355058665357728
CTC,L,0.257,C,0.35036102526039775
CTG,L,0.191,G,0.3443676936249566
CTT,L,-0.291,T,0.16409984935955463
TTA,L,0.163,A,0.1161275811306574
TTG,L,-0.145,G,0.15176413700016878
CCA,P,0.081,A,0.23210890444482446
CCC,P,-0.386,C,0.4923724772423319
CCG,P,0.012,G,0.5203182305605308
CCT,P,0.009,T,0.22409504074734185
CAC,H,-0.465,C,0.3901034088187053
CAT,H,0.465,T,0.3901034088187053
CAA,Q,0.08,A,0.3176510416093698
CAG,Q,-0.08,G,0.3176510416093698
GTA,V,-0.068,A,0.17679756272166414
GTC,V,-0.461,C,0.30611643089254775
GTG,V,0.387,G,0.24297327486141734
GTT,V,0.027,T,0.17210411798290376
GCA,A,0.467,A,0.22676821943140782
GCC,A,0.278,C,0.3501335276819599
GCG,A,0.03,G,0.3729033411504382
GCT,A,-0.51,T,0.21305962452105764
GAC,D,0.107,C,0.29702193089670564
GAT,D,-0.107,T,0.2970219308967056
GAA,E,-0.048,A,0.25070393137963115
GAG,E,0.048,G,0.25070393137963115
GGA,G,-0.323,A,0.17734738059662658
GGC,G,-0.319,C,0.606652807230531
GGG,G,0.103,G,0.277424113736095
GGT,G,0.426,T,0.20715723313798748
TTC,F,0.238,C,0.208875124973458
TTT,F,-0.238,T,0.208875124973458
TAC,Y,0.317,C,0.2785458024067519
TAT,Y,-0.317,T,0.2785458024067519
TGC,C,-0.094,C,0.5354007151511478
TGT,C,0.094,T,0.5354007151511478
