codon,amino_acid,Blautia,third_nucl,standard_error
ATA,I,0.578,A,0.04789788816674991
ATC,I,-0.677,C,0.04514315743358699
ATT,I,0.15,T,0.04407148213293091
ACA,T,0.641,A,0.052637944997882775
ACC,T,-0.553,C,0.06135130630142523
ACG,T,-0.217,G,0.07310180989792339
ACT,T,-0.226,T,0.0723310406563225
AAC,N,-0.197,C,0.05708405623970887
AAT,N,0.197,T,0.057084056239708865
AAA,K,0.552,A,0.04107556385282478
AAG,K,-0.552,G,0.04107556385282478
AGC,S,-0.134,C,0.06017927629267059
AGT,S,0.682,T,0.06321403924109167
TCA,S,0.554,A,0.06934238780803104
TCC,S,-0.909,C,0.0676069895749426
TCG,S,0.316,G,0.12333754812919676
TCT,S,-0.279,T,0.0717854330928787
AGA,R,1.04,A,0.05438664985806593
AGG,R,-0.383,G,0.06582377207045034
CGA,R,0.351,A,0.12076171661274927
CGC,R,-0.937,C,0.09010911223922026
CGG,R,-0.567,G,0.07637213256922203
CGT,R,-0.479,T,0.07735136885700343
CTA,L,0.628,A,0.10924102303202261
CTC,L,-0.953,C,0.08080875976804787
CTG,L,-0.749,G,0.04064332458285958
CTT,L,-0.543,T,0.05195769119703564
TTA,L,1.393,A,0.05496762868174234
TTG,L,0.657,G,0.05316728704990838
CCA,P,0.926,A,0.08721079786346242
CCC,P,-0.425,C,0.09384391047024301
CCG,P,-0.26,G,0.07764014509329602
CCT,P,-0.195,T,0.08720278288565986
CAC,H,-0.212,C,0.09890681629585507
CAT,H,0.212,T,0.09890681629585507
CAA,Q,0.985,A,0.08078978615980892
CAG,Q,-0.985,G,0.0807897861598089
GTA,V,0.573,A,0.05104236145661211
GTC,V,-0.604,C,0.07261395276464835
GTG,V,-0.317,G,0.049033256992556305
GTT,V,0.107,T,0.05677928366349632
GCA,A,0.733,A,0.04886447286405201
GCC,A,-0.78,C,0.06222999164275564
GCG,A,-0.103,G,0.06380498892068166
GCT,A,-0.242,T,0.06203468579188384
GAC,D,-0.328,C,0.05552854732237654
GAT,D,0.328,T,0.05552854732237654
GAA,E,0.785,A,0.045129250291921004
GAG,E,-0.785,G,0.045129250291921004
GGA,G,0.368,A,0.0501825883902712
GGC,G,-0.298,C,0.06018343672467524
GGG,G,-0.405,G,0.06821062504369453
GGT,G,0.116,T,0.061170821346291
TTC,F,-0.657,C,0.06943079010206035
TTT,F,0.657,T,0.06943079010206035
TAC,Y,-0.103,C,0.06547574128251236
TAT,Y,0.103,T,0.06547574128251236
TGC,C,-0.492,C,0.10025152661657918
TGT,C,0.492,T,0.10025152661657917
