codon,amino_acid,Bordetella,third_nucl,standard_error
ATA,I,0.587,A,0.10318548885049297
ATC,I,-0.779,C,0.07208078054163844
ATT,I,0.779,T,0.09151585673701633
ACA,T,1.291,A,0.12957795175286174
ACC,T,-0.049,C,0.050086509116536865
ACG,T,-0.582,G,0.052216181805503685
ACT,T,1.714,T,0.1475322514671409
AAC,N,-0.249,C,0.07870963732225815
AAT,N,0.249,T,0.07870963732225815
AAA,K,1.566,A,0.0811004112888504
AAG,K,-1.566,G,0.0811004112888504
AGC,S,-0.477,C,0.05425016579274178
AGT,S,0.7,T,0.13917242741642372
TCA,S,1.426,A,0.18210124907574227
TCC,S,0.42,C,0.05256644763283388
TCG,S,-0.628,G,0.05673131454314364
TCT,S,1.533,T,0.15729369770717005
AGA,R,1.925,A,0.21666038308121457
AGG,R,0.688,G,0.11545739999004252
CGA,R,1.73,A,0.12873693484616777
CGC,R,-0.591,C,0.04477221522814675
CGG,R,-0.509,G,0.05624934482488726
CGT,R,0.969,T,0.07524418250385272
CTA,L,1.272,A,0.13250216734644835
CTC,L,0.821,C,0.05813526864489192
CTG,L,-1.335,G,0.040890246891325074
CTT,L,1.33,T,0.08088818181771226
TTA,L,1.636,A,0.24075519393104494
TTG,L,0.751,G,0.05903404626204305
CCA,P,1.349,A,0.13674597236071626
CCC,P,0.145,C,0.04946743259864108
CCG,P,-0.699,G,0.04979911650987306
CCT,P,1.118,T,0.10262941688795195
CAC,H,-0.163,C,0.07759625435721189
CAT,H,0.163,T,0.07759625435721189
CAA,Q,1.332,A,0.07638557301455423
CAG,Q,-1.332,G,0.07638557301455423
GTA,V,0.862,A,0.08980604512682525
GTC,V,0.113,C,0.04743821567775264
GTG,V,-0.744,G,0.04797270514779972
GTT,V,1.397,T,0.09857194469876901
GCA,A,1.283,A,0.07067779334459945
GCC,A,-0.197,C,0.03457260086398531
GCG,A,-0.475,G,0.03677033739982838
GCT,A,1.455,T,0.09108587258869168
GAC,D,-0.456,C,0.056209591313210704
GAT,D,0.456,T,0.05620959131321071
GAA,E,0.713,A,0.06102348345209675
GAG,E,-0.713,G,0.06102348345209675
GGA,G,0.916,A,0.08085200014765968
GGC,G,-0.619,C,0.052213951613521936
GGG,G,-0.054,G,0.07496362100571448
GGT,G,0.71,T,0.08407776315876887
TTC,F,-0.981,C,0.09333051026685094
TTT,F,0.981,T,0.09333051026685092
TAC,Y,-0.094,C,0.08764689372671408
TAT,Y,0.094,T,0.08764689372671408
TGC,C,-1.046,C,0.21371639074880447
TGT,C,1.046,T,0.21371639074880447
