codon,amino_acid,Bosea,third_nucl,standard_error
ATA,I,0.883,A,0.15196249317557567
ATC,I,-0.708,C,0.06873362633530543
ATT,I,0.619,T,0.07504865689331451
ACA,T,1.097,A,0.09269873199340227
ACC,T,-0.147,C,0.04534469331030602
ACG,T,-0.33,G,0.04695051012080732
ACT,T,0.605,T,0.10489052674914719
AAC,N,-0.012,C,0.07408844213078028
AAT,N,0.012,T,0.07408844213078028
AAA,K,0.965,A,0.07535922456844278
AAG,K,-0.965,G,0.07535922456844277
AGC,S,-0.055,C,0.04758738656019498
AGT,S,0.613,T,0.12001585236796036
TCA,S,0.913,A,0.11225299268709923
TCC,S,0.317,C,0.05410887618721745
TCG,S,-0.679,G,0.04874887327627102
TCT,S,0.843,T,0.1208090546548262
AGA,R,1.681,A,0.15751161464642446
AGG,R,0.335,G,0.08533484598512496
CGA,R,0.67,A,0.08646671469493694
CGC,R,-0.442,C,0.040716266708468715
CGG,R,-0.339,G,0.05217083648036051
CGT,R,0.653,T,0.06736696179593527
CTA,L,0.794,A,0.14836485185850656
CTC,L,-0.015,C,0.03483094111196683
CTG,L,-0.55,G,0.03421889106265981
CTT,L,0.83,T,0.06206656249267604
TTA,L,0.49,A,0.20670406720374151
TTG,L,0.614,G,0.05644411423719923
CCA,P,0.749,A,0.09463003674157412
CCC,P,0.171,C,0.049823537955534306
CCG,P,-0.677,G,0.04741599499794521
CCT,P,0.871,T,0.08135728638297741
CAC,H,0.242,C,0.08046927598273455
CAT,H,-0.242,T,0.08046927598273455
CAA,Q,0.918,A,0.07961594940021437
CAG,Q,-0.918,G,0.07961594940021437
GTA,V,0.691,A,0.1356962441830604
GTC,V,-0.508,C,0.042427979046899766
GTG,V,0.005,G,0.04499128982959591
GTT,V,1.16,T,0.0731834713254305
GCA,A,0.574,A,0.05659693551166105
GCC,A,-0.04,C,0.031580453581334086
GCG,A,-0.386,G,0.033269220450965024
GCT,A,0.615,T,0.05501859104816972
GAC,D,-0.093,C,0.049525046043234176
GAT,D,0.093,T,0.049525046043234176
GAA,E,0.913,A,0.05514948841759329
GAG,E,-0.913,G,0.05514948841759329
GGA,G,1.044,A,0.07595474802018436
GGC,G,-0.574,C,0.04619433747230408
GGG,G,-0.02,G,0.06414567936143822
GGT,G,0.443,T,0.06946963167613499
TTC,F,-0.671,C,0.07951878231005242
TTT,F,0.671,T,0.07951878231005242
TAC,Y,0.117,C,0.08864532132494554
TAT,Y,-0.117,T,0.08864532132494554
TGC,C,-0.717,C,0.19483599002714916
TGT,C,0.717,T,0.19483599002714916
