codon,amino_acid,Botrimarina,third_nucl,standard_error
ATA,I,0.552,A,0.17464857736985803
ATC,I,-0.646,C,0.07601598534763859
ATT,I,0.613,T,0.08106042272338765
ACA,T,0.416,A,0.09632184980881892
ACC,T,0.137,C,0.052696566126615156
ACG,T,-0.537,G,0.053348140509845536
ACT,T,0.758,T,0.09451500942121752
AAC,N,-0.393,C,0.09046495401844759
AAT,N,0.393,T,0.09046495401844759
AAA,K,1.016,A,0.08468181285352877
AAG,K,-1.016,G,0.08468181285352877
AGC,S,-0.44,C,0.056815475331307395
AGT,S,0.278,T,0.1125897308566554
TCA,S,0.524,A,0.09960215414324633
TCC,S,0.785,C,0.06982506040700327
TCG,S,-0.644,G,0.05391027825533453
TCT,S,1.039,T,0.10997861655130547
AGA,R,1.053,A,0.1561669456639529
AGG,R,-0.008,G,0.13247182008046846
CGA,R,1.015,A,0.0759567205593463
CGC,R,-0.208,C,0.04792990691626719
CGG,R,-0.88,G,0.06238124868193153
CGT,R,0.309,T,0.06255138889622076
CTA,L,0.475,A,0.08300070131717625
CTC,L,-0.086,C,0.040402633361686216
CTG,L,-0.453,G,0.0437170806701835
CTT,L,0.578,T,0.06870968782201439
TTA,L,0.484,A,0.12860763864754138
TTG,L,0.183,G,0.05620751892002049
CCA,P,0.403,A,0.08847807836748485
CCC,P,0.348,C,0.05500382564298196
CCG,P,-0.772,G,0.054307916720102586
CCT,P,0.737,T,0.09202582899101189
CAC,H,-0.208,C,0.10940542346246246
CAT,H,0.208,T,0.10940542346246246
CAA,Q,0.691,A,0.07436205030209854
CAG,Q,-0.691,G,0.07436205030209854
GTA,V,0.595,A,0.11291035691241075
GTC,V,-0.447,C,0.04775447394147694
GTG,V,-0.007,G,0.0503586406401095
GTT,V,0.637,T,0.0654907965761496
GCA,A,0.712,A,0.07437566788941286
GCC,A,0.112,C,0.03887455512923587
GCG,A,-0.718,G,0.04177696729210562
GCT,A,0.711,T,0.05892130664966605
GAC,D,-0.268,C,0.06483264578143877
GAT,D,0.268,T,0.06483264578143877
GAA,E,0.888,A,0.06069587755069022
GAG,E,-0.888,G,0.06069587755069022
GGA,G,0.622,A,0.08772084685005282
GGC,G,-0.275,C,0.056997435193534604
GGG,G,-0.232,G,0.08037269525451934
GGT,G,0.3,T,0.08088833750126312
TTC,F,-0.621,C,0.08434694265537201
TTT,F,0.621,T,0.08434694265537201
TAC,Y,-0.227,C,0.11635603882646801
TAT,Y,0.227,T,0.11635603882646801
TGC,C,-0.431,C,0.15055275195971668
TGT,C,0.431,T,0.15055275195971668
