codon,amino_acid,Bradymonas,third_nucl,standard_error
ATA,I,1.556,A,0.14979267521112935
ATC,I,-1.243,C,0.06639425224226732
ATT,I,0.926,T,0.06910222592171332
ACA,T,1.769,A,0.12100933457785962
ACC,T,-1.057,C,0.06195824367140692
ACG,T,-0.002,G,0.06636421772632363
ACT,T,1.348,T,0.1321448036854635
AAC,N,-0.713,C,0.07564365554077401
AAT,N,0.713,T,0.07564365554077401
AAA,K,0.986,A,0.06666130803566321
AAG,K,-0.986,G,0.06666130803566321
AGC,S,-0.683,C,0.05782032197692856
AGT,S,1.026,T,0.11033586737788663
TCA,S,1.275,A,0.1157151986185343
TCC,S,-0.117,C,0.07097203276924592
TCG,S,-0.44,G,0.06169504431304158
TCT,S,1.265,T,0.12386673584166459
AGA,R,2.196,A,0.18704496285015948
AGG,R,0.611,G,0.168645847785872
CGA,R,1.11,A,0.08281886077264634
CGC,R,-1.092,C,0.05770760406198244
CGG,R,-0.663,G,0.0927316304161954
CGT,R,0.784,T,0.0890379692837214
CTA,L,1.177,A,0.11610477962699645
CTC,L,-0.361,C,0.05063217275402835
CTG,L,-1.03,G,0.053214956209150434
CTT,L,0.565,T,0.06676886837439934
TTA,L,1.686,A,0.11783219941698292
TTG,L,0.414,G,0.060038676564080566
CCA,P,1.523,A,0.11371959216118674
CCC,P,-0.047,C,0.06673079997604933
CCG,P,-0.96,G,0.06822047363335618
CCT,P,1.068,T,0.12594021313167691
CAC,H,-0.632,C,0.10170454937687985
CAT,H,0.632,T,0.10170454937687985
CAA,Q,1.147,A,0.07761434922374719
CAG,Q,-1.147,G,0.07761434922374719
GTA,V,1.515,A,0.13236385417931407
GTC,V,-0.835,C,0.062144949518936954
GTG,V,-0.097,G,0.06201887649051613
GTT,V,1.003,T,0.0835821232118841
GCA,A,1.447,A,0.07795940944442792
GCC,A,-0.482,C,0.04948656954097215
GCG,A,-0.601,G,0.05115364067864398
GCT,A,1.161,T,0.08519261879216264
GAC,D,-0.675,C,0.06369834070550093
GAT,D,0.675,T,0.06369834070550093
GAA,E,1.459,A,0.06328320858639276
GAG,E,-1.459,G,0.06328320858639276
GGA,G,1.354,A,0.089763141403299
GGC,G,-0.848,C,0.0645184326431595
GGG,G,-0.373,G,0.08191083956248114
GGT,G,0.827,T,0.0882871663644606
TTC,F,-0.697,C,0.07289613053167837
TTT,F,0.697,T,0.07289613053167837
TAC,Y,-0.459,C,0.09885164973220315
TAT,Y,0.459,T,0.09885164973220315
TGC,C,-0.886,C,0.15672261973050056
TGT,C,0.886,T,0.15672261973050058
