codon,amino_acid,Brasilonema,third_nucl,standard_error
ATA,I,0.183,A,0.050455694830945086
ATC,I,-0.007,C,0.046817600006351684
ATT,I,-0.114,T,0.040707450659145154
ACA,T,0.111,A,0.044828740103307084
ACC,T,-0.076,C,0.05455996470728858
ACG,T,-0.145,G,0.06689603392995137
ACT,T,0.005,T,0.04391687008248015
AAC,N,0.087,C,0.050060058549289625
AAT,N,-0.087,T,0.050060058549289625
AAA,K,0.316,A,0.04814330773025774
AAG,K,-0.316,G,0.04814330773025774
AGC,S,-0.104,C,0.05604809162280879
AGT,S,-0.12,T,0.04876492566936894
TCA,S,0.082,A,0.05166835605933086
TCC,S,0.246,C,0.06533090662297175
TCG,S,-0.288,G,0.07661292059914901
TCT,S,0.09,T,0.04596866676668133
AGA,R,0.386,A,0.0616708575116555
AGG,R,0.203,G,0.08942059498450317
CGA,R,0.029,A,0.06401654229061471
CGC,R,-0.16,C,0.05708251477335257
CGG,R,-0.344,G,0.07522212367445695
CGT,R,-0.067,T,0.05430585567546248
CTA,L,0.21,A,0.04875168230806617
CTC,L,0.051,C,0.05369052306552092
CTG,L,-0.168,G,0.04727036393236102
CTT,L,0.254,T,0.04559698074598637
TTA,L,0.059,A,0.036833023907849635
TTG,L,-0.311,G,0.0399334681369596
CCA,P,0.04,A,0.051774425024637756
CCC,P,-0.044,C,0.0631712111434335
CCG,P,-0.128,G,0.07710412748076216
CCT,P,0.049,T,0.05278396788051102
CAC,H,0.175,C,0.07893686420362407
CAT,H,-0.175,T,0.07893686420362407
CAA,Q,0.228,A,0.05140202559413673
CAG,Q,-0.228,G,0.05140202559413673
GTA,V,0.037,A,0.05060065239931889
GTC,V,-0.208,C,0.054608662098019824
GTG,V,0.163,G,0.04854700981628699
GTT,V,-0.025,T,0.04356385045572804
GCA,A,0.044,A,0.043500490359254726
GCC,A,-0.036,C,0.05740376120036569
GCG,A,-0.094,G,0.059833736457033944
GCT,A,0.027,T,0.04341651769885148
GAC,D,0.279,C,0.05517607621317034
GAT,D,-0.279,T,0.05517607621317033
GAA,E,0.229,A,0.05264281686600847
GAG,E,-0.229,G,0.05264281686600847
GGA,G,0.143,A,0.05375729041197913
GGC,G,-0.012,C,0.06522324316971066
GGG,G,-0.114,G,0.07447595804087452
GGT,G,-0.067,T,0.05140486028480836
TTC,F,-0.03,C,0.06084827074334041
TTT,F,0.03,T,0.06084827074334041
TAC,Y,0.225,C,0.06505000808966932
TAT,Y,-0.225,T,0.06505000808966932
TGC,C,0.225,C,0.11419897928917135
TGT,C,-0.225,T,0.11419897928917135
