codon,amino_acid,Bremerella,third_nucl,standard_error
ATA,I,0.866,A,0.12492430023874562
ATC,I,-0.564,C,0.051557386212905336
ATT,I,0.422,T,0.052742020389065274
ACA,T,0.635,A,0.0830655066330443
ACC,T,-0.213,C,0.05073594254391153
ACG,T,-0.405,G,0.05220259390085963
ACT,T,0.684,T,0.07500404102349434
AAC,N,-0.401,C,0.06773862319828834
AAT,N,0.401,T,0.06773862319828834
AAA,K,0.82,A,0.058419248884548206
AAG,K,-0.82,G,0.058419248884548206
AGC,S,-0.574,C,0.05422430181804021
AGT,S,-0.027,T,0.07036746130804908
TCA,S,0.511,A,0.08071032182623344
TCC,S,0.542,C,0.0639590348184656
TCG,S,-0.424,G,0.04974070962749088
TCT,S,0.901,T,0.08456126332378724
AGA,R,0.845,A,0.1190325540204889
AGG,R,0.154,G,0.13945804303751502
CGA,R,0.44,A,0.058240516766797465
CGC,R,-0.387,C,0.050651864153616756
CGG,R,-0.636,G,0.0714737138699727
CGT,R,0.245,T,0.058101690946888086
CTA,L,0.566,A,0.07726255686177416
CTC,L,0.03,C,0.04716841925496376
CTG,L,-0.74,G,0.04049558748061543
CTT,L,0.502,T,0.05316255489588121
TTA,L,0.704,A,0.09326043299931402
TTG,L,0.15,G,0.045829995975198545
CCA,P,0.376,A,0.06865683209723086
CCC,P,0.143,C,0.060870532256897
CCG,P,-0.739,G,0.0578167052060429
CCT,P,0.458,T,0.0656518179312774
CAC,H,-0.429,C,0.07963848788331289
CAT,H,0.429,T,0.07963848788331289
CAA,Q,0.859,A,0.061070057094363944
CAG,Q,-0.859,G,0.061070057094363944
GTA,V,0.723,A,0.08332100037565456
GTC,V,-0.486,C,0.047920045942161434
GTG,V,-0.08,G,0.049708893506781544
GTT,V,0.407,T,0.05468275521591041
GCA,A,0.632,A,0.05667027699878591
GCC,A,-0.453,C,0.04318750968762655
GCG,A,-0.229,G,0.04935730995455411
GCT,A,0.435,T,0.05556249755387645
GAC,D,-0.307,C,0.05433574363844381
GAT,D,0.307,T,0.05433574363844381
GAA,E,0.387,A,0.0561106705565231
GAG,E,-0.387,G,0.0561106705565231
GGA,G,0.619,A,0.06247932422608228
GGC,G,-0.405,C,0.05492378990374111
GGG,G,-0.329,G,0.0736947923740911
GGT,G,0.188,T,0.062362930578417325
TTC,F,-0.49,C,0.06170258757932186
TTT,F,0.49,T,0.061702587579321864
TAC,Y,-0.351,C,0.08524300415999518
TAT,Y,0.351,T,0.08524300415999518
TGC,C,-0.307,C,0.11645655635452476
TGT,C,0.307,T,0.11645655635452476
