codon,amino_acid,Brenneria,third_nucl,standard_error
ATA,I,0.862,A,0.07598795142202718
ATC,I,-0.622,C,0.05073069579806314
ATT,I,0.192,T,0.04980277220838178
ACA,T,1.196,A,0.0814618016338666
ACC,T,-0.594,C,0.056257568481614166
ACG,T,-0.53,G,0.059239136353444945
ACT,T,0.744,T,0.08032943270921176
AAC,N,-0.42,C,0.06450926721152134
AAT,N,0.42,T,0.06450926721152134
AAA,K,0.344,A,0.06182380473553265
AAG,K,-0.344,G,0.06182380473553265
AGC,S,-0.497,C,0.05784150882466491
AGT,S,0.616,T,0.07264283593672695
TCA,S,0.678,A,0.07416943462064725
TCC,S,-0.377,C,0.06479741596603604
TCG,S,-0.653,G,0.07162831157363284
TCT,S,0.626,T,0.07719676019097839
AGA,R,1.168,A,0.10142497415197657
AGG,R,0.516,G,0.14022951560633062
CGA,R,0.693,A,0.10266493198037895
CGC,R,-0.506,C,0.05692087103038766
CGG,R,-0.648,G,0.07452060359696913
CGT,R,0.194,T,0.0589172163313572
CTA,L,0.659,A,0.08274938588470873
CTC,L,0.372,C,0.07079907429029048
CTG,L,-0.931,G,0.04026616623419965
CTT,L,0.375,T,0.06239584334900893
TTA,L,0.91,A,0.05642975499949787
TTG,L,0.031,G,0.04912702977491227
CCA,P,1.088,A,0.09388052069500068
CCC,P,-0.033,C,0.07582822881024634
CCG,P,-0.838,G,0.06383786128571733
CCT,P,0.554,T,0.08139046872574772
CAC,H,0.002,C,0.08975963284827221
CAT,H,-0.002,T,0.08975963284827221
CAA,Q,0.838,A,0.06354380891514265
CAG,Q,-0.838,G,0.06354380891514264
GTA,V,0.518,A,0.06848874458031692
GTC,V,-0.29,C,0.06089835933943431
GTG,V,-0.325,G,0.05427665784499543
GTT,V,0.261,T,0.057304794993571315
GCA,A,1.004,A,0.06249934725680529
GCC,A,-0.456,C,0.048183157716765686
GCG,A,-0.707,G,0.0492545173107132
GCT,A,0.947,T,0.06397569329630527
GAC,D,-0.184,C,0.0625078006550589
GAT,D,0.184,T,0.0625078006550589
GAA,E,0.412,A,0.06409915930805624
GAG,E,-0.412,G,0.06409915930805624
GGA,G,0.571,A,0.07518553507672578
GGC,G,-0.509,C,0.05912667152897077
GGG,G,-0.286,G,0.08159221115564297
GGT,G,0.423,T,0.06564249542350487
TTC,F,-0.471,C,0.06711499873150936
TTT,F,0.471,T,0.06711499873150936
TAC,Y,-0.253,C,0.08311008246567979
TAT,Y,0.253,T,0.08311008246567979
TGC,C,-0.522,C,0.13034292412107604
TGT,C,0.522,T,0.13034292412107604
