codon,amino_acid,Brevibacillus,third_nucl,standard_error
ATA,I,0.747,A,0.06451564086840922
ATC,I,-0.294,C,0.041836534111699755
ATT,I,-0.043,T,0.041404834151655065
ACA,T,0.334,A,0.050212798196756656
ACC,T,-0.114,C,0.055530207421117715
ACG,T,-0.234,G,0.05095845847019732
ACT,T,-0.024,T,0.062232920969192786
AAC,N,-0.065,C,0.05555490200605235
AAT,N,0.065,T,0.05555490200605234
AAA,K,0.423,A,0.04323571108848303
AAG,K,-0.423,G,0.04323571108848303
AGC,S,0.043,C,0.0555801619607091
AGT,S,0.399,T,0.06050561285569747
TCA,S,0.335,A,0.06407963320384051
TCC,S,-0.398,C,0.059554707264447095
TCG,S,-0.341,G,0.06656385497467147
TCT,S,-0.053,T,0.06017692469703994
AGA,R,0.579,A,0.0635925188179681
AGG,R,0.176,G,0.09126917022902253
CGA,R,0.329,A,0.06254723464687734
CGC,R,-0.468,C,0.05722535776844198
CGG,R,-0.269,G,0.07040431588532182
CGT,R,-0.175,T,0.056016685624703515
CTA,L,0.446,A,0.06400605787858549
CTC,L,-0.387,C,0.04983836743602333
CTG,L,-0.428,G,0.040912562242734
CTT,L,-0.033,T,0.04930720547691966
TTA,L,0.515,A,0.052690450556147746
TTG,L,0.172,G,0.03720323798551813
CCA,P,0.281,A,0.06480966722246216
CCC,P,0.076,C,0.08680863233725596
CCG,P,-0.411,G,0.06739818464317925
CCT,P,0.079,T,0.06821271359865885
CAC,H,-0.15,C,0.07920257852988846
CAT,H,0.15,T,0.07920257852988845
CAA,Q,0.481,A,0.05379605038170362
CAG,Q,-0.481,G,0.05379605038170362
GTA,V,0.115,A,0.04504999756459428
GTC,V,-0.479,C,0.04914398924760588
GTG,V,0.363,G,0.04390845308554937
GTT,V,-0.103,T,0.04829664513087416
GCA,A,0.405,A,0.045150136347916654
GCC,A,-0.196,C,0.05413821304444947
GCG,A,-0.262,G,0.051219812696901686
GCT,A,-0.072,T,0.0502447982194809
GAC,D,-0.018,C,0.05284428852664738
GAT,D,0.018,T,0.05284428852664738
GAA,E,0.384,A,0.04540096972272738
GAG,E,-0.384,G,0.04540096972272737
GGA,G,0.283,A,0.05117808429106766
GGC,G,-0.256,C,0.05429645620598351
GGG,G,-0.036,G,0.06104619868951443
GGT,G,-0.028,T,0.055509445558561674
TTC,F,-0.507,C,0.05639440853215537
TTT,F,0.507,T,0.05639440853215537
TAC,Y,-0.192,C,0.06462380239974151
TAT,Y,0.192,T,0.06462380239974151
TGC,C,-0.198,C,0.12824490854704504
TGT,C,0.198,T,0.128244908547045
