codon,amino_acid,Brevefilum,third_nucl,standard_error
ATA,I,0.693,A,0.10860286026619494
ATC,I,-0.351,C,0.06583530478890902
ATT,I,0.072,T,0.06579374902527955
ACA,T,0.692,A,0.09010202762490856
ACC,T,-0.441,C,0.0796902397416056
ACG,T,-0.368,G,0.10377243663077916
ACT,T,0.161,T,0.10160398311782622
AAC,N,-0.205,C,0.08783604443682017
AAT,N,0.205,T,0.08783604443682017
AAA,K,0.487,A,0.08634465471370235
AAG,K,-0.487,G,0.08634465471370235
AGC,S,-0.432,C,0.0949021980283858
AGT,S,0.308,T,0.11668051873299885
TCA,S,0.421,A,0.0965202074420493
TCC,S,-0.093,C,0.10441578877167323
TCG,S,-0.305,G,0.11963504046771835
TCT,S,0.107,T,0.10384009376827752
AGA,R,1.204,A,0.13068726108900733
AGG,R,-0.053,G,0.14800250172748078
CGA,R,0.634,A,0.1096681562138804
CGC,R,-0.484,C,0.0874482758072614
CGG,R,-0.862,G,0.11838719226796295
CGT,R,0.01,T,0.10429613492568894
CTA,L,0.556,A,0.1333957075634989
CTC,L,0.001,C,0.0930736776733408
CTG,L,-0.764,G,0.06551053715063328
CTT,L,0.223,T,0.08156117190542576
TTA,L,0.787,A,0.07437815427836898
TTG,L,-0.143,G,0.06870963311827978
CCA,P,0.471,A,0.10517205908078851
CCC,P,-0.067,C,0.09254011826939625
CCG,P,-0.555,G,0.10286896468737287
CCT,P,0.211,T,0.10374250262761948
CAC,H,0.095,C,0.13010648309044257
CAT,H,-0.095,T,0.13010648309044257
CAA,Q,1.011,A,0.09565279971860499
CAG,Q,-1.011,G,0.09565279971860499
GTA,V,0.663,A,0.10793092861263524
GTC,V,-0.124,C,0.09079855753549143
GTG,V,-0.467,G,0.0838714554475795
GTT,V,0.171,T,0.08037088916420856
GCA,A,0.439,A,0.08171829698238033
GCC,A,-0.337,C,0.0851096688016575
GCG,A,-0.264,G,0.10017355951204628
GCT,A,0.075,T,0.08540318408669503
GAC,D,-0.225,C,0.09030422252961279
GAT,D,0.225,T,0.09030422252961279
GAA,E,0.703,A,0.08810987319897463
GAG,E,-0.703,G,0.08810987319897463
GGA,G,0.718,A,0.09921645747572654
GGC,G,-0.312,C,0.0897592616455059
GGG,G,-0.294,G,0.11227446257945171
GGT,G,-0.059,T,0.09334394573285192
TTC,F,-0.205,C,0.09777502098595077
TTT,F,0.205,T,0.09777502098595077
TAC,Y,0.007,C,0.11105365021615522
TAT,Y,-0.007,T,0.11105365021615522
TGC,C,-0.0,C,0.20672692968966339
TGT,C,0.0,T,0.20672692968966339
