codon,amino_acid,Brevibacterium,third_nucl,standard_error
ATA,I,0.953,A,0.1746390103919678
ATC,I,-0.97,C,0.08348595383142886
ATT,I,0.893,T,0.09135935919013273
ACA,T,1.058,A,0.08176677314245628
ACC,T,-0.433,C,0.05068842347216591
ACG,T,-0.408,G,0.0575969395651859
ACT,T,0.551,T,0.07810714450863836
AAC,N,-0.514,C,0.09060931743368973
AAT,N,0.514,T,0.09060931743368973
AAA,K,0.944,A,0.09583555655891085
AAG,K,-0.944,G,0.09583555655891085
AGC,S,0.254,C,0.060440185468209014
AGT,S,0.816,T,0.10192189276818793
TCA,S,0.529,A,0.080346079633423
TCC,S,-0.435,C,0.056489219456617515
TCG,S,-0.552,G,0.05789045234867733
TCT,S,0.525,T,0.10254904587889294
AGA,R,1.232,A,0.11730201843436472
AGG,R,0.247,G,0.105141494810608
CGA,R,0.405,A,0.07745410422332616
CGC,R,-0.394,C,0.05623799664593547
CGG,R,-0.377,G,0.07106579905639741
CGT,R,0.01,T,0.07458867853870856
CTA,L,0.733,A,0.1873398838713197
CTC,L,-0.194,C,0.04687775942476387
CTG,L,-0.377,G,0.047383903681218024
CTT,L,0.683,T,0.08724137893871448
TTA,L,0.916,A,0.25551405503296226
TTG,L,0.8,G,0.08095584955726019
CCA,P,0.791,A,0.09121118968434264
CCC,P,-0.119,C,0.0606404004795907
CCG,P,-0.388,G,0.06030246815771508
CCT,P,0.303,T,0.09294865016789006
CAC,H,-0.184,C,0.10107920247976007
CAT,H,0.184,T,0.10107920247976007
CAA,Q,0.678,A,0.1051726161734154
CAG,Q,-0.678,G,0.10517261617341539
GTA,V,0.817,A,0.12821833469642524
GTC,V,-0.732,C,0.049450792755361676
GTG,V,0.457,G,0.050720098370506846
GTT,V,0.502,T,0.0830521589379577
GCA,A,0.793,A,0.05514770429939619
GCC,A,-0.375,C,0.043831296365027646
GCG,A,-0.341,G,0.05010626631035354
GCT,A,0.287,T,0.06408469755623608
GAC,D,-0.185,C,0.05819871722336113
GAT,D,0.185,T,0.058198717223361125
GAA,E,0.643,A,0.05901678577186736
GAG,E,-0.643,G,0.059016785771867364
GGA,G,0.434,A,0.06500846268270932
GGC,G,-0.239,C,0.056417412096756665
GGG,G,-0.146,G,0.07770554888763762
GGT,G,-0.001,T,0.071319810201722
TTC,F,-1.071,C,0.14152874004922966
TTT,F,1.071,T,0.14152874004922966
TAC,Y,-0.362,C,0.12158013908707525
TAT,Y,0.362,T,0.12158013908707524
TGC,C,-0.358,C,0.23835487347933712
TGT,C,0.358,T,0.2383548734793371
