codon,amino_acid,Brochothrix,third_nucl,standard_error
ATA,I,0.636,A,0.0769386239174562
ATC,I,-0.448,C,0.07564851437266033
ATT,I,-0.129,T,0.06141583492559475
ACA,T,0.205,A,0.07062571707536491
ACC,T,-0.247,C,0.13471596754580284
ACG,T,-0.109,G,0.09534633598746663
ACT,T,-0.107,T,0.0830719495025324
AAC,N,-0.096,C,0.08985041829156062
AAT,N,0.096,T,0.08985041829156062
AAA,K,-0.024,A,0.08286530520600868
AAG,K,0.024,G,0.08286530520600868
AGC,S,-0.161,C,0.12284510277722271
AGT,S,0.362,T,0.08187124293864749
TCA,S,0.048,A,0.08281351641898935
TCC,S,0.012,C,0.1918890660148556
TCG,S,-0.109,G,0.13490632020003562
TCT,S,-0.423,T,0.09882081374311054
AGA,R,1.159,A,0.12063300442694544
AGG,R,0.46,G,0.2572007088920873
CGA,R,0.407,A,0.12608131588479637
CGC,R,-0.254,C,0.13153015669700174
CGG,R,0.008,G,0.2560369404584565
CGT,R,-0.875,T,0.09176160239509491
CTA,L,0.32,A,0.10122800559575028
CTC,L,-0.314,C,0.1341771403736982
CTG,L,-0.252,G,0.13405374340214468
CTT,L,-0.386,T,0.08273065581874395
TTA,L,0.106,A,0.05569850492803187
TTG,L,0.119,G,0.07210248368222257
CCA,P,0.276,A,0.11292436995316148
CCC,P,0.02,C,0.2001494665487035
CCG,P,-0.013,G,0.16200477632557922
CCT,P,-0.328,T,0.12459636381119545
CAC,H,0.125,C,0.15257181617609292
CAT,H,-0.125,T,0.15257181617609292
CAA,Q,-0.021,A,0.12306964340475417
CAG,Q,0.021,G,0.12306964340475417
GTA,V,0.398,A,0.07292138828779439
GTC,V,-0.189,C,0.10937081470072582
GTG,V,0.347,G,0.08249286644682169
GTT,V,-0.535,T,0.0701409004193724
GCA,A,0.424,A,0.07358471836501156
GCC,A,-0.151,C,0.12867999658436075
GCG,A,-0.249,G,0.10276374558656741
GCT,A,-0.288,T,0.08051256522373643
GAC,D,-0.006,C,0.114043950944354
GAT,D,0.006,T,0.114043950944354
GAA,E,0.056,A,0.09350131622215226
GAG,E,-0.056,G,0.09350131622215224
GGA,G,0.499,A,0.08986081657122484
GGC,G,-0.007,C,0.11006501247061569
GGG,G,-0.047,G,0.12255699186999064
GGT,G,-0.369,T,0.08061508317054362
TTC,F,-0.351,C,0.10562615299324067
TTT,F,0.351,T,0.10562615299324069
TAC,Y,-0.117,C,0.11455312435290851
TAT,Y,0.117,T,0.11455312435290851
TGC,C,-0.474,C,0.31998663555983314
TGT,C,0.474,T,0.31998663555983314
