codon,amino_acid,Brucella,third_nucl,standard_error
ATA,I,0.739,A,0.09070213724005563
ATC,I,-0.521,C,0.05261033369644631
ATT,I,0.285,T,0.05520778649890629
ACA,T,0.491,A,0.07025918446175487
ACC,T,-0.218,C,0.05505445628252859
ACG,T,-0.337,G,0.057479690896513815
ACT,T,0.467,T,0.08388428164801623
AAC,N,0.065,C,0.06974774285431208
AAT,N,-0.065,T,0.06974774285431208
AAA,K,1.015,A,0.06245045019950877
AAG,K,-1.015,G,0.06245045019950877
AGC,S,-0.007,C,0.058368299962417575
AGT,S,0.353,T,0.09330306185340087
TCA,S,0.261,A,0.08290461031425894
TCC,S,0.086,C,0.06162637870867145
TCG,S,-0.639,G,0.05949348113411136
TCT,S,0.581,T,0.08833352788592828
AGA,R,1.512,A,0.12090277255533971
AGG,R,0.625,G,0.12356978928792899
CGA,R,0.611,A,0.10093308270868002
CGC,R,-0.488,C,0.05188687635525725
CGG,R,-0.166,G,0.07385982918555592
CGT,R,-0.097,T,0.060569833128003875
CTA,L,0.641,A,0.1226918141178598
CTC,L,-0.12,C,0.04973203630545092
CTG,L,-0.572,G,0.04386465374036564
CTT,L,0.201,T,0.049709555768758136
TTA,L,0.945,A,0.14635840352173718
TTG,L,0.573,G,0.05819537920026062
CCA,P,0.371,A,0.08045095461342396
CCC,P,0.263,C,0.07221611937042192
CCG,P,-0.665,G,0.06155549828375072
CCT,P,0.488,T,0.08298403318035973
CAC,H,0.068,C,0.09436360049945237
CAT,H,-0.068,T,0.09436360049945239
CAA,Q,0.858,A,0.0817590827619956
CAG,Q,-0.858,G,0.0817590827619956
GTA,V,0.708,A,0.08866099222290058
GTC,V,-0.317,C,0.053649756772864265
GTG,V,-0.2,G,0.05623902554765264
GTT,V,0.263,T,0.05682254737870089
GCA,A,0.408,A,0.048120630231777484
GCC,A,-0.201,C,0.04430042057581375
GCG,A,-0.297,G,0.04821459561237963
GCT,A,0.155,T,0.052473225555153526
GAC,D,-0.081,C,0.057081031610663815
GAT,D,0.081,T,0.057081031610663815
GAA,E,0.351,A,0.0616407387808533
GAG,E,-0.351,G,0.061640738780853306
GGA,G,0.744,A,0.0719019136559252
GGC,G,-0.403,C,0.05343449640053568
GGG,G,0.156,G,0.08188639131380099
GGT,G,-0.083,T,0.06227338245658288
TTC,F,-0.609,C,0.06684526441298894
TTT,F,0.609,T,0.06684526441298894
TAC,Y,0.139,C,0.09672296235387115
TAT,Y,-0.139,T,0.09672296235387115
TGC,C,-0.332,C,0.18082515756945522
TGT,C,0.332,T,0.18082515756945522
