codon,amino_acid,Buchnera,third_nucl,standard_error
ATA,I,0.075,A,0.10658984107781436
ATC,I,-0.067,C,0.19475806383071356
ATT,I,-0.052,T,0.10324032451956791
ACA,T,0.018,A,0.16880510700193624
ACC,T,-0.197,C,0.41858553465282505
ACG,T,-0.373,G,0.4228606843046645
ACT,T,0.075,T,0.16873543897355903
AAC,N,-0.198,C,0.1802941114961432
AAT,N,0.198,T,0.1802941114961432
AAA,K,0.309,A,0.20446930885963585
AAG,K,-0.309,G,0.20446930885963585
AGC,S,0.17,C,0.37169697321772416
AGT,S,0.011,T,0.16804047812105688
TCA,S,-0.108,A,0.1590938487613061
TCC,S,0.099,C,0.37803929646459133
TCG,S,0.022,G,0.3852290432653982
TCT,S,0.035,T,0.13724461242974498
AGA,R,-0.485,A,0.1926388781722423
AGG,R,-2.067,G,1.4936317863541608
CGA,R,-0.009,A,0.24900765377889225
CGC,R,0.815,C,0.4481250319498205
CGG,R,-0.078,G,0.6773755953299682
CGT,R,0.418,T,0.1946949361143092
CTA,L,0.042,A,0.20342998976365728
CTC,L,0.174,C,0.5207931652125091
CTG,L,0.243,G,0.4532140188432259
CTT,L,-0.091,T,0.1733342697791086
TTA,L,-0.024,A,0.12015303897945626
TTG,L,0.06,G,0.18038786025145168
CCA,P,0.263,A,0.2178311757552118
CCC,P,-0.03,C,0.4698263291476
CCG,P,0.393,G,0.5458384964086562
CCT,P,-0.317,T,0.21822184916035361
CAC,H,-0.389,C,0.4543304106092364
CAT,H,0.389,T,0.4543304106092364
CAA,Q,0.283,A,0.32121716592741617
CAG,Q,-0.283,G,0.32121716592741617
GTA,V,-0.179,A,0.17172588621660798
GTC,V,-0.482,C,0.3383343444928385
GTG,V,1.494,G,0.33101807171347153
GTT,V,-0.169,T,0.1659458770257865
GCA,A,-0.221,A,0.18679236455982967
GCC,A,1.395,C,0.4843966608783686
GCG,A,0.001,G,0.3936883336536976
GCT,A,-0.028,T,0.18741789272196072
GAC,D,0.14,C,0.3340043718720235
GAT,D,-0.14,T,0.3340043718720235
GAA,E,-0.486,A,0.3135949054316108
GAG,E,0.486,G,0.3135949054316108
GGA,G,-0.034,A,0.1771344953648447
GGC,G,0.906,C,0.30726941819499637
GGG,G,-0.398,G,0.4310062356690596
GGT,G,-0.204,T,0.18024445818663715
TTC,F,0.717,C,0.28910848205427064
TTT,F,-0.717,T,0.28910848205427064
TAC,Y,0.55,C,0.29596846794138976
TAT,Y,-0.55,T,0.2959684679413897
TGC,C,-0.551,C,0.5066370360300727
TGT,C,0.551,T,0.5066370360300727
