codon,amino_acid,Buttiauxella,third_nucl,standard_error
ATA,I,0.767,A,0.08043744339934188
ATC,I,-0.252,C,0.051711213762140947
ATT,I,-0.09,T,0.04987430045779244
ACA,T,0.636,A,0.06900458067417166
ACC,T,-0.419,C,0.0553733563503534
ACG,T,-0.293,G,0.06462849049168033
ACT,T,0.262,T,0.06337834311846821
AAC,N,-0.411,C,0.062480910073016295
AAT,N,0.411,T,0.0624809100730163
AAA,K,-0.081,A,0.06353516557673737
AAG,K,0.081,G,0.06353516557673737
AGC,S,-0.359,C,0.05789760851425706
AGT,S,0.247,T,0.06819068978933365
TCA,S,0.302,A,0.06933959904931782
TCC,S,0.118,C,0.07588656796347687
TCG,S,-0.464,G,0.07663208545002692
TCT,S,0.24,T,0.0702653744893285
AGA,R,1.25,A,0.12032789990433725
AGG,R,0.67,G,0.1589445532795229
CGA,R,0.752,A,0.10668894366677588
CGC,R,-0.364,C,0.05760696346001958
CGG,R,-0.156,G,0.10404164471021944
CGT,R,-0.253,T,0.05743051730507673
CTA,L,0.596,A,0.08489235800174022
CTC,L,0.258,C,0.06100624932689323
CTG,L,-0.703,G,0.04043889569081426
CTT,L,0.184,T,0.056535056302852424
TTA,L,0.707,A,0.052075925947747674
TTG,L,-0.135,G,0.05077138745256924
CCA,P,-0.033,A,0.06996387182053922
CCC,P,0.701,C,0.08919523342468187
CCG,P,-0.598,G,0.06622186178910355
CCT,P,0.318,T,0.07546180178037311
CAC,H,-0.086,C,0.08782182060486883
CAT,H,0.086,T,0.08782182060486883
CAA,Q,0.475,A,0.06134867881531898
CAG,Q,-0.475,G,0.06134867881531898
GTA,V,0.514,A,0.0663020818109463
GTC,V,-0.016,C,0.060918672733403886
GTG,V,-0.471,G,0.05158702745888332
GTT,V,0.196,T,0.05457128141220823
GCA,A,0.421,A,0.05114729787708084
GCC,A,-0.126,C,0.05121821224935733
GCG,A,-0.512,G,0.051155180194628364
GCT,A,0.261,T,0.0538944323357197
GAC,D,-0.078,C,0.06305093021674861
GAT,D,0.078,T,0.06305093021674861
GAA,E,0.352,A,0.0672763503126625
GAG,E,-0.352,G,0.0672763503126625
GGA,G,0.749,A,0.08424589070128181
GGC,G,-0.314,C,0.05995439238041384
GGG,G,-0.097,G,0.07953519634939636
GGT,G,0.008,T,0.06023122440485909
TTC,F,-0.504,C,0.06632949137668652
TTT,F,0.504,T,0.06632949137668652
TAC,Y,-0.121,C,0.08312435034292065
TAT,Y,0.121,T,0.08312435034292066
TGC,C,-0.393,C,0.12867230595197562
TGT,C,0.393,T,0.12867230595197565
