codon,amino_acid,Butyricimonas,third_nucl,standard_error
ATA,I,0.942,A,0.05356121815536254
ATC,I,-0.903,C,0.050604927823951595
ATT,I,-0.015,T,0.0479390900194417
ACA,T,1.028,A,0.06443243394042104
ACC,T,-0.679,C,0.0726321464924269
ACG,T,-0.541,G,0.06567133425275866
ACT,T,0.012,T,0.07694082535018487
AAC,N,-0.318,C,0.06073592974622299
AAT,N,0.318,T,0.06073592974622299
AAA,K,0.408,A,0.04957751051334518
AAG,K,-0.408,G,0.04957751051334518
AGC,S,-0.005,C,0.0809901069798463
AGT,S,0.521,T,0.07114539234862806
TCA,S,0.615,A,0.07751094400481226
TCC,S,-0.774,C,0.08957329968679342
TCG,S,-0.256,G,0.08579552437424094
TCT,S,-0.381,T,0.0798732113216228
AGA,R,1.687,A,0.07669993303055796
AGG,R,0.441,G,0.09954391569794853
CGA,R,0.075,A,0.09818254822633457
CGC,R,-0.836,C,0.10453664578713145
CGG,R,-0.99,G,0.0883825297454444
CGT,R,-1.076,T,0.08491931720921303
CTA,L,0.395,A,0.07887321169308184
CTC,L,-0.386,C,0.07790047062720692
CTG,L,-0.698,G,0.061162360588164655
CTT,L,-0.108,T,0.06289444383301412
TTA,L,1.016,A,0.05081266804471144
TTG,L,-0.446,G,0.04586472259927171
CCA,P,0.939,A,0.11718969027938536
CCC,P,-0.301,C,0.10651241591040142
CCG,P,-0.383,G,0.09020349425542391
CCT,P,0.096,T,0.10080808473886409
CAC,H,-0.519,C,0.1130009226852227
CAT,H,0.519,T,0.1130009226852227
CAA,Q,0.135,A,0.08091624702492023
CAG,Q,-0.135,G,0.08091624702492023
GTA,V,0.763,A,0.06150386775340124
GTC,V,-0.306,C,0.08028483503755911
GTG,V,-0.74,G,0.059454302534576745
GTT,V,0.229,T,0.06121803377320738
GCA,A,0.896,A,0.063515418663327
GCC,A,-0.666,C,0.07003392021273751
GCG,A,-0.095,G,0.07694298548589405
GCT,A,-0.294,T,0.07003422585944787
GAC,D,-0.181,C,0.06731219601074308
GAT,D,0.181,T,0.06731219601074308
GAA,E,0.61,A,0.05750301620295919
GAG,E,-0.61,G,0.05750301620295919
GGA,G,0.373,A,0.06429544144708625
GGC,G,-0.214,C,0.08894260736357901
GGG,G,-0.323,G,0.07761360846051057
GGT,G,-0.035,T,0.07379241998879595
TTC,F,-0.715,C,0.06279461293178894
TTT,F,0.715,T,0.06279461293178894
TAC,Y,-0.301,C,0.06851916108364105
TAT,Y,0.301,T,0.06851916108364105
TGC,C,-0.446,C,0.12063058514029736
TGT,C,0.446,T,0.12063058514029736
