codon,amino_acid,Butyrivibrio,third_nucl,standard_error
ATA,I,0.368,A,0.05125537300017539
ATC,I,-0.668,C,0.056653055253179076
ATT,I,0.174,T,0.04946792907710347
ACA,T,0.249,A,0.06226105088859674
ACC,T,-0.409,C,0.09145838734373012
ACG,T,0.295,G,0.11233221777541245
ACT,T,-0.175,T,0.06809782536268048
AAC,N,-0.055,C,0.06379048265434734
AAT,N,0.055,T,0.06379048265434732
AAA,K,0.806,A,0.04798235926277928
AAG,K,-0.806,G,0.04798235926277928
AGC,S,-0.084,C,0.07672244022895786
AGT,S,0.794,T,0.07086888950263028
TCA,S,-0.018,A,0.0658513408884583
TCC,S,-0.543,C,0.1033697350264419
TCG,S,-0.032,G,0.13769105717156954
TCT,S,-0.465,T,0.07225067631308675
AGA,R,0.362,A,0.06719041974594178
AGG,R,-0.441,G,0.08469792283518884
CGA,R,0.436,A,0.14778699503859974
CGC,R,-0.448,C,0.1444376277172673
CGG,R,0.311,G,0.25008990980668716
CGT,R,-0.268,T,0.10937900288375371
CTA,L,0.427,A,0.09145415057490809
CTC,L,-0.998,C,0.09677590969329142
CTG,L,-0.194,G,0.07046633318185005
CTT,L,-0.913,T,0.051032055871962995
TTA,L,1.317,A,0.06665032874782362
TTG,L,0.681,G,0.07415358953932201
CCA,P,0.555,A,0.10132109375728643
CCC,P,0.011,C,0.15391657887043453
CCG,P,-0.036,G,0.1146633461267096
CCT,P,-0.489,T,0.09942271927714538
CAC,H,-0.084,C,0.12291552810829022
CAT,H,0.084,T,0.12291552810829022
CAA,Q,1.236,A,0.10630306683138627
CAG,Q,-1.236,G,0.10630306683138627
GTA,V,0.417,A,0.05818754160564135
GTC,V,-0.519,C,0.09817854550412097
GTG,V,0.077,G,0.0804171984495363
GTT,V,-0.253,T,0.05675427823808151
GCA,A,0.507,A,0.0586609850632425
GCC,A,-0.513,C,0.08835981787761825
GCG,A,0.043,G,0.09437567167670849
GCT,A,-0.313,T,0.06191908909379077
GAC,D,-0.238,C,0.06855640454927764
GAT,D,0.238,T,0.06855640454927762
GAA,E,0.779,A,0.058348677533948394
GAG,E,-0.779,G,0.0583486775339484
GGA,G,0.25,A,0.06036403602214348
GGC,G,-0.475,C,0.07481709616126032
GGG,G,0.448,G,0.10234866698784262
GGT,G,-0.104,T,0.06955107546100897
TTC,F,-0.654,C,0.08052287128971959
TTT,F,0.654,T,0.08052287128971958
TAC,Y,0.121,C,0.07537785636065222
TAT,Y,-0.121,T,0.07537785636065221
TGC,C,-0.297,C,0.1258602480664797
TGT,C,0.297,T,0.1258602480664797
