codon,amino_acid,Bythopirellula,third_nucl,standard_error
ATA,I,0.333,A,0.08128898371021034
ATC,I,-0.368,C,0.051604913509331544
ATT,I,0.241,T,0.05259252025814924
ACA,T,0.3,A,0.061492885075717305
ACC,T,-0.161,C,0.05356252477226576
ACG,T,-0.484,G,0.05909500898016455
ACT,T,0.376,T,0.05780914312481562
AAC,N,-0.133,C,0.06412688631917518
AAT,N,0.133,T,0.06412688631917517
AAA,K,0.695,A,0.0587947168365216
AAG,K,-0.695,G,0.0587947168365216
AGC,S,-0.339,C,0.05930553916589839
AGT,S,-0.112,T,0.06129517535034469
TCA,S,0.306,A,0.06426246949661295
TCC,S,0.077,C,0.059469686726736457
TCG,S,-0.338,G,0.0576150312558042
TCT,S,0.478,T,0.06226538784221916
AGA,R,0.798,A,0.08390912135607095
AGG,R,-0.001,G,0.1130619483299423
CGA,R,0.403,A,0.05756537929412119
CGC,R,-0.332,C,0.0541448699812094
CGG,R,-0.704,G,0.07415580436176929
CGT,R,0.01,T,0.062457151502303604
CTA,L,0.392,A,0.06374771862407194
CTC,L,-0.207,C,0.04528473695649664
CTG,L,-0.283,G,0.04703793666332136
CTT,L,0.167,T,0.050366522249933536
TTA,L,0.569,A,0.07167627474723037
TTG,L,-0.102,G,0.044316695987522685
CCA,P,0.229,A,0.06488715701672056
CCC,P,-0.067,C,0.06031895661482374
CCG,P,-0.382,G,0.0667316396029533
CCT,P,0.205,T,0.0637051847383035
CAC,H,0.05,C,0.08103430021535456
CAT,H,-0.05,T,0.08103430021535456
CAA,Q,0.626,A,0.06318809180052258
CAG,Q,-0.626,G,0.06318809180052258
GTA,V,0.214,A,0.06629312732722939
GTC,V,-0.308,C,0.052533307367897276
GTG,V,-0.073,G,0.05110955335990579
GTT,V,0.283,T,0.055413573410739894
GCA,A,0.354,A,0.050096143030564734
GCC,A,-0.163,C,0.045870735046636586
GCG,A,-0.337,G,0.0543490777215351
GCT,A,0.144,T,0.05149832714307047
GAC,D,0.022,C,0.055886440626938746
GAT,D,-0.022,T,0.055886440626938746
GAA,E,0.746,A,0.057584149449772006
GAG,E,-0.746,G,0.057584149449772006
GGA,G,0.263,A,0.06077709824359903
GGC,G,-0.157,C,0.059340602256472294
GGG,G,-0.415,G,0.08110481486505394
GGT,G,0.171,T,0.062278054864098736
TTC,F,-0.158,C,0.061416454753593655
TTT,F,0.158,T,0.061416454753593655
TAC,Y,-0.026,C,0.08025457944113532
TAT,Y,0.026,T,0.08025457944113532
TGC,C,-0.357,C,0.10591832792180854
TGT,C,0.357,T,0.10591832792180854
