codon,amino_acid,Caballeronia,third_nucl,standard_error
ATA,I,0.737,A,0.12381230526608021
ATC,I,-0.433,C,0.05382590882102625
ATT,I,0.32,T,0.05714389277383368
ACA,T,1.339,A,0.09401744967828803
ACC,T,0.318,C,0.04705282103056936
ACG,T,-1.049,G,0.04501297673286344
ACT,T,1.321,T,0.09597267909828407
AAC,N,-0.107,C,0.06332299749863471
AAT,N,0.107,T,0.06332299749863471
AAA,K,1.27,A,0.05992275937612633
AAG,K,-1.27,G,0.05992275937612633
AGC,S,-0.202,C,0.04626412358393132
AGT,S,0.494,T,0.09452054693271895
TCA,S,1.351,A,0.11083175701295284
TCC,S,0.881,C,0.056988187217978326
TCG,S,-0.995,G,0.043781475319977656
TCT,S,1.189,T,0.11615653773869362
AGA,R,1.537,A,0.12014414532439252
AGG,R,0.511,G,0.11234977410220483
CGA,R,1.086,A,0.07757683842592845
CGC,R,-0.653,C,0.040855046087089265
CGG,R,-0.198,G,0.06069076345537222
CGT,R,0.196,T,0.05705902532599122
CTA,L,0.877,A,0.11628292806446626
CTC,L,-0.34,C,0.035015970454835295
CTG,L,-0.297,G,0.03570901229310475
CTT,L,0.765,T,0.0595179712359951
TTA,L,0.955,A,0.15461812265788866
TTG,L,0.41,G,0.050607831376385096
CCA,P,1.101,A,0.10227458454785539
CCC,P,0.471,C,0.0537483126803214
CCG,P,-1.007,G,0.04919150935148232
CCT,P,1.007,T,0.0883629596734867
CAC,H,0.083,C,0.06860788899124545
CAT,H,-0.083,T,0.06860788899124545
CAA,Q,0.981,A,0.05999727745280019
CAG,Q,-0.981,G,0.05999727745280019
GTA,V,1.101,A,0.09157985209694322
GTC,V,-0.176,C,0.04055209424728065
GTG,V,-0.5,G,0.04147450558489135
GTT,V,1.033,T,0.06564237270905861
GCA,A,1.048,A,0.0492212270377753
GCC,A,0.365,C,0.035621203880849196
GCG,A,-1.111,G,0.033304254901688896
GCT,A,1.103,T,0.06364091706661552
GAC,D,-0.008,C,0.04667622424381366
GAT,D,0.008,T,0.04667622424381366
GAA,E,0.71,A,0.052264646505338117
GAG,E,-0.71,G,0.05226464650533812
GGA,G,0.87,A,0.0683897339618046
GGC,G,-0.64,C,0.04836017235540216
GGG,G,-0.019,G,0.07850405616576592
GGT,G,0.472,T,0.06975006751121733
TTC,F,-0.565,C,0.0675134301545115
TTT,F,0.565,T,0.0675134301545115
TAC,Y,0.078,C,0.07660621241570321
TAT,Y,-0.078,T,0.07660621241570321
TGC,C,-0.638,C,0.15148971071023445
TGT,C,0.638,T,0.15148971071023448
