codon,amino_acid,Caenibius,third_nucl,standard_error
ATA,I,0.618,A,0.11885632795207887
ATC,I,-0.527,C,0.06174693990321229
ATT,I,0.4,T,0.0656812935492244
ACA,T,0.505,A,0.08080935740910221
ACC,T,-0.102,C,0.0563730399012497
ACG,T,-0.51,G,0.06014029823379329
ACT,T,0.898,T,0.10599524966510956
AAC,N,0.048,C,0.08270592024221893
AAT,N,-0.048,T,0.08270592024221893
AAA,K,0.621,A,0.07623581264970897
AAG,K,-0.621,G,0.07623581264970897
AGC,S,-0.126,C,0.062007843955855964
AGT,S,0.299,T,0.10753403774935585
TCA,S,0.598,A,0.12563336753049045
TCC,S,0.157,C,0.06901946796245789
TCG,S,-0.531,G,0.06436550031201042
TCT,S,0.786,T,0.1187644196122023
AGA,R,1.455,A,0.17205198661822113
AGG,R,0.805,G,0.121556610825237
CGA,R,0.708,A,0.1122690690387483
CGC,R,-0.377,C,0.05104910775195657
CGG,R,-0.377,G,0.0613385032377522
CGT,R,0.271,T,0.06716751195676413
CTA,L,0.324,A,0.15163081830728883
CTC,L,0.122,C,0.05247193663770287
CTG,L,-0.697,G,0.04433365749980626
CTT,L,0.642,T,0.06296087309826641
TTA,L,0.678,A,0.1829029180104099
TTG,L,0.425,G,0.061942216952620456
CCA,P,0.491,A,0.10188763010024669
CCC,P,0.215,C,0.06157263315513815
CCG,P,-0.604,G,0.05923597671744774
CCT,P,0.514,T,0.08751515379775927
CAC,H,0.226,C,0.09395682562721475
CAT,H,-0.226,T,0.09395682562721475
CAA,Q,0.742,A,0.08702004906458562
CAG,Q,-0.742,G,0.08702004906458562
GTA,V,0.498,A,0.10182752674233315
GTC,V,-0.255,C,0.05627091502984421
GTG,V,-0.225,G,0.05429906038449331
GTT,V,0.511,T,0.0688972998318352
GCA,A,0.558,A,0.05507300127348094
GCC,A,-0.116,C,0.041414096184788425
GCG,A,-0.449,G,0.04305209090764777
GCT,A,0.565,T,0.06744645275167992
GAC,D,0.064,C,0.05742869287462777
GAT,D,-0.064,T,0.05742869287462777
GAA,E,0.07,A,0.06883436532204112
GAG,E,-0.07,G,0.06883436532204112
GGA,G,0.666,A,0.08358717700633476
GGC,G,-0.346,C,0.05243847182635589
GGG,G,-0.085,G,0.06521369985590406
GGT,G,0.235,T,0.06663450014879531
TTC,F,-0.58,C,0.07810415829398058
TTT,F,0.58,T,0.07810415829398058
TAC,Y,0.23,C,0.10156253023882225
TAT,Y,-0.23,T,0.10156253023882224
TGC,C,-0.576,C,0.16905066457312434
TGT,C,0.576,T,0.16905066457312432
