codon,amino_acid,Caldimicrobium,third_nucl,standard_error
ATA,I,0.091,A,0.07976534498608519
ATC,I,-0.231,C,0.09471984235995853
ATT,I,0.059,T,0.0716957723191678
ACA,T,0.086,A,0.12182170352714553
ACC,T,-0.126,C,0.11295810168613651
ACG,T,0.443,G,0.25799166326255996
ACT,T,-0.035,T,0.11520480548817853
AAC,N,0.469,C,0.1391469588475762
AAT,N,-0.469,T,0.1391469588475762
AAA,K,0.056,A,0.06722748338600745
AAG,K,-0.056,G,0.06722748338600745
AGC,S,0.25,C,0.14101393890773592
AGT,S,0.39,T,0.1073301133176581
TCA,S,0.185,A,0.1157675511588053
TCC,S,-0.319,C,0.11662224317261258
TCG,S,-0.207,G,0.3384085311379077
TCT,S,-0.348,T,0.09991138753482658
AGA,R,0.112,A,0.09234261782315735
AGG,R,-0.161,G,0.10250228784904004
CGA,R,0.402,A,0.23003032089553452
CGC,R,-0.436,C,0.19590645944016347
CGG,R,0.089,G,0.22455907731867733
CGT,R,0.191,T,0.2058962440778466
CTA,L,-0.012,A,0.12580199657900334
CTC,L,-0.137,C,0.09430966752450583
CTG,L,-0.106,G,0.1248898949806595
CTT,L,-0.4,T,0.05884006763911402
TTA,L,0.241,A,0.06653688997084639
TTG,L,0.814,G,0.10283086704216608
CCA,P,0.106,A,0.12185061874385392
CCC,P,0.164,C,0.11100907523518708
CCG,P,-0.009,G,0.2588037802773627
CCT,P,-0.213,T,0.10274146311959073
CAC,H,0.181,C,0.20592525992589308
CAT,H,-0.181,T,0.20592525992589308
CAA,Q,0.267,A,0.13335794935389922
CAG,Q,-0.267,G,0.13335794935389922
GTA,V,-0.066,A,0.10365783031258011
GTC,V,-0.275,C,0.12911433749896814
GTG,V,0.105,G,0.1009213812595245
GTT,V,0.091,T,0.0848709503252991
GCA,A,0.239,A,0.10512817914584738
GCC,A,-0.225,C,0.09872243723932424
GCG,A,0.245,G,0.250168867840153
GCT,A,-0.018,T,0.09596168370089803
GAC,D,0.124,C,0.13519143173353823
GAT,D,-0.124,T,0.13519143173353823
GAA,E,0.246,A,0.07408846330946879
GAG,E,-0.246,G,0.07408846330946879
GGA,G,0.035,A,0.08832408245980862
GGC,G,-0.025,C,0.1334323950663875
GGG,G,0.008,G,0.10800191521875853
GGT,G,-0.039,T,0.10207379915555805
TTC,F,0.308,C,0.12541527832152302
TTT,F,-0.308,T,0.125415278321523
TAC,Y,0.12,C,0.14291594436295438
TAT,Y,-0.12,T,0.14291594436295438
TGC,C,0.155,C,0.23671831330429302
TGT,C,-0.155,T,0.23671831330429305
