codon,amino_acid,Caldicellulosiruptor,third_nucl,standard_error
ATA,I,0.067,A,0.053420775554493545
ATC,I,-0.254,C,0.08523266083654564
ATT,I,0.033,T,0.05295281480965406
ACA,T,0.007,A,0.08269003792365627
ACC,T,0.368,C,0.12790201303199597
ACG,T,0.063,G,0.1753743158139657
ACT,T,-0.239,T,0.09661122789486591
AAC,N,-0.226,C,0.07905552267034013
AAT,N,0.226,T,0.07905552267034013
AAA,K,0.106,A,0.05339157619268369
AAG,K,-0.106,G,0.05339157619268369
AGC,S,0.054,C,0.09418333985206241
AGT,S,0.383,T,0.08525744028666503
TCA,S,-0.053,A,0.07718045439071704
TCC,S,-0.444,C,0.16824933596596017
TCG,S,-0.128,G,0.16233116169890358
TCT,S,-0.232,T,0.09059236906254112
AGA,R,0.16,A,0.07883395295716548
AGG,R,0.035,G,0.08997092192529017
CGA,R,-0.209,A,0.1572912560361192
CGC,R,-0.223,C,0.23008877631378044
CGG,R,-0.548,G,0.31430696583486184
CGT,R,-0.441,T,0.19607555060663776
CTA,L,0.069,A,0.09239469539422857
CTC,L,-0.23,C,0.11373550471265205
CTG,L,-0.084,G,0.09983286837108339
CTT,L,-0.505,T,0.05694899428952231
TTA,L,0.093,A,0.05975586520361152
TTG,L,0.571,G,0.06294050638904886
CCA,P,0.357,A,0.10295038635765004
CCC,P,-0.251,C,0.20470955614383413
CCG,P,-0.009,G,0.163248088731208
CCT,P,-0.325,T,0.10982812080915189
CAC,H,0.402,C,0.15357384121088927
CAT,H,-0.402,T,0.15357384121088927
CAA,Q,0.371,A,0.10393046778311539
CAG,Q,-0.371,G,0.1039304677831154
GTA,V,-0.102,A,0.06760011773017244
GTC,V,-0.2,C,0.10548574740709857
GTG,V,0.58,G,0.07816830098664898
GTT,V,-0.225,T,0.06268712153785104
GCA,A,-0.053,A,0.07482758078830146
GCC,A,-0.358,C,0.13401791968428925
GCG,A,0.272,G,0.1332860399973175
GCT,A,0.101,T,0.08135874346241095
GAC,D,-0.105,C,0.08504073950120944
GAT,D,0.105,T,0.08504073950120944
GAA,E,0.201,A,0.06528130062256103
GAG,E,-0.201,G,0.06528130062256103
GGA,G,0.172,A,0.08051798230152649
GGC,G,-0.234,C,0.10171575905630528
GGG,G,-0.006,G,0.1053219372914822
GGT,G,-0.018,T,0.07997357257137117
TTC,F,-0.082,C,0.09448674819910423
TTT,F,0.082,T,0.09448674819910423
TAC,Y,0.125,C,0.08925777049930661
TAT,Y,-0.125,T,0.08925777049930661
TGC,C,-0.052,C,0.16865647299990882
TGT,C,0.052,T,0.16865647299990882
