codon,amino_acid,Calditerrivibrio,third_nucl,standard_error
ATA,I,0.03,A,0.05832541211565532
ATC,I,-0.353,C,0.07517663811757773
ATT,I,0.198,T,0.060949485717021856
ACA,T,0.064,A,0.09143446051330732
ACC,T,-0.291,C,0.11429063642677113
ACG,T,-0.167,G,0.14198187635920387
ACT,T,0.233,T,0.10001888199506742
AAC,N,-0.061,C,0.09463748056259809
AAT,N,0.061,T,0.09463748056259809
AAA,K,0.112,A,0.06520701236871042
AAG,K,-0.112,G,0.06520701236871042
AGC,S,0.363,C,0.12462799509442361
AGT,S,0.636,T,0.09349258864565856
TCA,S,0.06,A,0.09180681774967413
TCC,S,-0.693,C,0.1253148631641835
TCG,S,-0.553,G,0.1676761184019404
TCT,S,-0.327,T,0.09573650974158962
AGA,R,0.48,A,0.09585536737964158
AGG,R,-0.538,G,0.10454822690795763
CGA,R,0.206,A,0.23948220999153624
CGC,R,0.16,C,0.31259069531083294
CGG,R,-0.644,G,0.372303202513414
CGT,R,-0.137,T,0.22442688733104096
CTA,L,-0.13,A,0.09843083343815782
CTC,L,-0.486,C,0.12025993818337993
CTG,L,-0.268,G,0.10011122764249261
CTT,L,-0.444,T,0.06705778330666502
TTA,L,0.409,A,0.06435352958117638
TTG,L,0.396,G,0.0743554815144481
CCA,P,0.217,A,0.12165735280457043
CCC,P,-0.494,C,0.18020320169731102
CCG,P,0.209,G,0.18370302771511945
CCT,P,-0.072,T,0.12961730022661258
CAC,H,0.032,C,0.1857448422003876
CAT,H,-0.032,T,0.1857448422003876
CAA,Q,0.477,A,0.13337525765715558
CAG,Q,-0.477,G,0.13337525765715555
GTA,V,0.25,A,0.07774227878071635
GTC,V,-0.161,C,0.14237434083482486
GTG,V,-0.129,G,0.08324663713230822
GTT,V,-0.085,T,0.07577689529758072
GCA,A,0.246,A,0.09062239918838479
GCC,A,-0.514,C,0.1197307404564017
GCG,A,-0.248,G,0.15955215160608377
GCT,A,0.153,T,0.09236019806408663
GAC,D,0.196,C,0.11321731426135777
GAT,D,-0.196,T,0.11321731426135777
GAA,E,0.347,A,0.08174368024384412
GAG,E,-0.347,G,0.08174368024384412
GGA,G,0.296,A,0.09307189593257323
GGC,G,-0.02,C,0.1417400976295561
GGG,G,-0.288,G,0.1031038725696292
GGT,G,-0.036,T,0.08302816654385642
TTC,F,-0.338,C,0.10314301156830387
TTT,F,0.338,T,0.10314301156830387
TAC,Y,0.036,C,0.10397232988717642
TAT,Y,-0.036,T,0.1039723298871764
TGC,C,-0.428,C,0.22253731130572635
TGT,C,0.428,T,0.22253731130572635
