codon,amino_acid,Caldinitratiruptor,third_nucl,standard_error
ATA,I,0.991,A,0.3137490060602092
ATC,I,-0.895,C,0.14449687192789828
ATT,I,0.837,T,0.16043823399691484
ACA,T,1.114,A,0.18242686882467984
ACC,T,-0.272,C,0.06780871148001746
ACG,T,0.019,G,0.06904054402683207
ACT,T,0.607,T,0.21032999338260874
AAC,N,-0.517,C,0.21877610381738216
AAT,N,0.517,T,0.21877610381738216
AAA,K,0.886,A,0.18074201372216628
AAG,K,-0.886,G,0.18074201372216628
AGC,S,0.082,C,0.07551287043165719
AGT,S,0.712,T,0.1865853104037375
TCA,S,0.835,A,0.229472451085501
TCC,S,-0.236,C,0.07988791651535543
TCG,S,-0.317,G,0.08335285754668109
TCT,S,0.964,T,0.20214548559177561
AGA,R,1.571,A,0.25794385362948735
AGG,R,1.033,G,0.1058169734943271
CGA,R,0.929,A,0.12410980569938172
CGC,R,-0.158,C,0.04959822750334311
CGG,R,-0.489,G,0.04763274462261796
CGT,R,0.553,T,0.09345777811911585
CTA,L,0.514,A,0.195005562929488
CTC,L,-0.283,C,0.04559309377893781
CTG,L,-0.322,G,0.04396164706718564
CTT,L,0.609,T,0.0967102698372876
TTA,L,0.072,A,0.3211119120396343
TTG,L,1.707,G,0.10543285816832264
CCA,P,0.971,A,0.16378791467030057
CCC,P,-0.011,C,0.06175415204662803
CCG,P,-0.264,G,0.06048908236848193
CCT,P,0.595,T,0.1339586493995991
CAC,H,-0.819,C,0.16656453191678028
CAT,H,0.819,T,0.16656453191678028
CAA,Q,0.829,A,0.16644941276883826
CAG,Q,-0.829,G,0.16644941276883826
GTA,V,0.355,A,0.13614629802995665
GTC,V,-0.602,C,0.04818666443207436
GTG,V,0.434,G,0.0463559032566002
GTT,V,0.473,T,0.11392220563099782
GCA,A,1.036,A,0.08876025551714965
GCC,A,-0.413,C,0.04423203649899667
GCG,A,0.007,G,0.04541952534859748
GCT,A,0.63,T,0.10068956230300774
GAC,D,-0.688,C,0.0998160427069479
GAT,D,0.688,T,0.0998160427069479
GAA,E,0.625,A,0.07514769217659992
GAG,E,-0.625,G,0.07514769217659992
GGA,G,0.496,A,0.08800399609276342
GGC,G,-0.345,C,0.05213932639116279
GGG,G,-0.001,G,0.05541940784217875
GGT,G,0.502,T,0.08864488502606724
TTC,F,-1.032,C,0.15225063836693548
TTT,F,1.032,T,0.15225063836693548
TAC,Y,-0.634,C,0.1896913513135808
TAT,Y,0.634,T,0.18969135131358078
TGC,C,-0.679,C,0.2722824558546953
TGT,C,0.679,T,0.2722824558546953
