codon,amino_acid,Caldimonas,third_nucl,standard_error
ATA,I,0.987,A,0.21110887535858863
ATC,I,-0.982,C,0.09551408255893173
ATT,I,0.925,T,0.10449647098491237
ACA,T,0.92,A,0.10446101592363889
ACC,T,0.03,C,0.049268431868875404
ACG,T,-0.598,G,0.05338606727862314
ACT,T,1.304,T,0.1355403946732177
AAC,N,-0.379,C,0.10478707992450301
AAT,N,0.379,T,0.10478707992450301
AAA,K,1.29,A,0.08347550989233161
AAG,K,-1.29,G,0.08347550989233161
AGC,S,-0.51,C,0.05052337656091276
AGT,S,0.293,T,0.10268207046977389
TCA,S,0.986,A,0.12598306895210587
TCC,S,0.797,C,0.061910930977463835
TCG,S,-0.754,G,0.05259213820636639
TCT,S,1.651,T,0.13797238788782035
AGA,R,1.918,A,0.18947498020271503
AGG,R,0.842,G,0.12520810076125027
CGA,R,1.158,A,0.0864292135334296
CGC,R,-0.436,C,0.043022520459611954
CGG,R,-0.743,G,0.05695891193902693
CGT,R,0.605,T,0.06316369768141916
CTA,L,1.138,A,0.16663664236733708
CTC,L,0.359,C,0.04099326943110731
CTG,L,-0.745,G,0.03569694160169473
CTT,L,1.512,T,0.09894422422347356
TTA,L,0.907,A,0.2716131066111278
TTG,L,0.239,G,0.04793604761589471
CCA,P,0.651,A,0.10239797644322556
CCC,P,0.503,C,0.049078940077352334
CCG,P,-1.024,G,0.04885673868238538
CCT,P,1.134,T,0.09252821433399384
CAC,H,-0.021,C,0.0824250794938336
CAT,H,0.021,T,0.0824250794938336
CAA,Q,1.287,A,0.06768841344722214
CAG,Q,-1.287,G,0.06768841344722214
GTA,V,0.929,A,0.14235664899144432
GTC,V,0.042,C,0.04451982775496738
GTG,V,-0.527,G,0.043773145591245226
GTT,V,1.581,T,0.09911215644422434
GCA,A,0.785,A,0.058385699948276165
GCC,A,-0.017,C,0.03488629253489887
GCG,A,-0.662,G,0.03849151927469744
GCT,A,1.048,T,0.07011037832250219
GAC,D,-0.555,C,0.06673955570721257
GAT,D,0.555,T,0.06673955570721257
GAA,E,0.736,A,0.05755740024032373
GAG,E,-0.736,G,0.05755740024032372
GGA,G,1.23,A,0.10392104636559349
GGC,G,-0.484,C,0.05187979605043556
GGG,G,-0.001,G,0.06914628328338371
GGT,G,0.347,T,0.07329469560608147
TTC,F,-0.76,C,0.08544725314170264
TTT,F,0.76,T,0.08544725314170264
TAC,Y,0.038,C,0.09733193613889131
TAT,Y,-0.038,T,0.09733193613889131
TGC,C,-0.451,C,0.15605719004984328
TGT,C,0.451,T,0.15605719004984325
