codon,amino_acid,Caldilinea,third_nucl,standard_error
ATA,I,0.597,A,0.14065474103217906
ATC,I,-0.647,C,0.0580561247587413
ATT,I,0.563,T,0.0592232420981788
ACA,T,0.815,A,0.07394351860448145
ACC,T,-0.445,C,0.05839660847093497
ACG,T,-0.388,G,0.05832657590533799
ACT,T,0.596,T,0.09008290632238374
AAC,N,-0.374,C,0.07820529671942872
AAT,N,0.374,T,0.07820529671942872
AAA,K,0.877,A,0.07799904473529688
AAG,K,-0.877,G,0.07799904473529688
AGC,S,-0.812,C,0.061959583745333065
AGT,S,0.467,T,0.1025432706166286
TCA,S,0.971,A,0.10240091664443321
TCC,S,-0.104,C,0.07496318307661111
TCG,S,-0.294,G,0.07348512485302022
TCT,S,0.929,T,0.09216996184496498
AGA,R,1.39,A,0.13702784309760535
AGG,R,0.467,G,0.12492610690850654
CGA,R,0.917,A,0.07527805322628846
CGC,R,-0.74,C,0.05177561024889434
CGG,R,-0.399,G,0.07625195886855593
CGT,R,0.211,T,0.06574153293673538
CTA,L,0.596,A,0.12152393154559316
CTC,L,-0.229,C,0.052855476880511225
CTG,L,-0.708,G,0.0429382982823042
CTT,L,0.574,T,0.06131099837923825
TTA,L,0.861,A,0.09805177876094458
TTG,L,0.466,G,0.05117343223225979
CCA,P,0.465,A,0.07345797920883537
CCC,P,-0.182,C,0.06908237639229525
CCG,P,-0.545,G,0.0613197465800483
CCT,P,0.517,T,0.07232588222821963
CAC,H,-0.284,C,0.0922156655004963
CAT,H,0.284,T,0.0922156655004963
CAA,Q,1.007,A,0.07024007506466662
CAG,Q,-1.007,G,0.07024007506466662
GTA,V,0.595,A,0.08990274096789681
GTC,V,-0.334,C,0.054916076422585926
GTG,V,-0.334,G,0.05208418132858921
GTT,V,0.704,T,0.06700365964912897
GCA,A,0.641,A,0.054994590046808095
GCC,A,-0.396,C,0.04872577968533903
GCG,A,-0.42,G,0.05053189831396279
GCT,A,0.478,T,0.06105241483775832
GAC,D,-0.44,C,0.06748431054112423
GAT,D,0.44,T,0.06748431054112423
GAA,E,0.862,A,0.060957813089212616
GAG,E,-0.862,G,0.060957813089212616
GGA,G,0.819,A,0.07771595846962262
GGC,G,-0.524,C,0.05841462518160265
GGG,G,-0.093,G,0.07898688877445725
GGT,G,0.235,T,0.07858588693420714
TTC,F,-0.481,C,0.07030559094566736
TTT,F,0.481,T,0.07030559094566736
TAC,Y,0.125,C,0.0868293716336489
TAT,Y,-0.125,T,0.0868293716336489
TGC,C,-0.271,C,0.16628481417572688
TGT,C,0.271,T,0.16628481417572688
