codon,amino_acid,Caldanaerobacter,third_nucl,standard_error
ATA,I,-0.329,A,0.055532312877391216
ATC,I,0.109,C,0.10016718018898974
ATT,I,0.311,T,0.05694261473365229
ACA,T,0.135,A,0.08636665059500284
ACC,T,0.031,C,0.12659005195575326
ACG,T,-0.046,G,0.13284211606526497
ACT,T,-0.134,T,0.08769868824199473
AAC,N,0.013,C,0.09154771740223061
AAT,N,-0.013,T,0.09154771740223061
AAA,K,0.04,A,0.057665015858943056
AAG,K,-0.04,G,0.057665015858943056
AGC,S,0.202,C,0.09640571032069181
AGT,S,0.194,T,0.0958821860925179
TCA,S,0.054,A,0.09934466710949466
TCC,S,-0.134,C,0.1431798215280788
TCG,S,-0.052,G,0.17596007796063487
TCT,S,-0.302,T,0.08752549749912923
AGA,R,0.15,A,0.07888775360220605
AGG,R,-0.037,G,0.0831888226643834
CGA,R,0.208,A,0.19506745733984618
CGC,R,-0.101,C,0.17812505102419876
CGG,R,-0.619,G,0.2749832979016535
CGT,R,-0.616,T,0.22614653266164111
CTA,L,0.381,A,0.09972655020577131
CTC,L,-0.356,C,0.10508392932747085
CTG,L,-0.073,G,0.09403809214666353
CTT,L,-0.439,T,0.061695862133437855
TTA,L,-0.043,A,0.05923748637190053
TTG,L,0.496,G,0.06276617699125014
CCA,P,-0.107,A,0.1151912813618647
CCC,P,-0.257,C,0.15448279967824316
CCG,P,0.324,G,0.15207348125416226
CCT,P,0.063,T,0.10502986400695938
CAC,H,-0.023,C,0.15872971727670082
CAT,H,0.023,T,0.15872971727670082
CAA,Q,0.224,A,0.11432100918730384
CAG,Q,-0.224,G,0.11432100918730384
GTA,V,-0.097,A,0.06363815115156647
GTC,V,-0.357,C,0.10496868705708182
GTG,V,0.348,G,0.06682853076051294
GTT,V,-0.101,T,0.06806777605976015
GCA,A,-0.0,A,0.07694904532881001
GCC,A,-0.202,C,0.11268076267444184
GCG,A,0.24,G,0.10604029856340957
GCT,A,-0.029,T,0.07633721022863808
GAC,D,-0.181,C,0.08485812810365899
GAT,D,0.181,T,0.08485812810365899
GAA,E,0.031,A,0.0665661585103596
GAG,E,-0.031,G,0.0665661585103596
GGA,G,-0.001,A,0.07377617121873309
GGC,G,-0.232,C,0.09921759274471147
GGG,G,0.003,G,0.08839951379739742
GGT,G,0.18,T,0.08663708334008648
TTC,F,-0.274,C,0.11236306207160825
TTT,F,0.274,T,0.11236306207160825
TAC,Y,-0.119,C,0.09083497197485897
TAT,Y,0.119,T,0.09083497197485897
TGC,C,0.014,C,0.20231736258322966
TGT,C,-0.014,T,0.20231736258322966
