codon,amino_acid,Caldichromatium,third_nucl,standard_error
ATA,I,0.206,A,0.17596022343331857
ATC,I,-0.52,C,0.09342773163031044
ATT,I,0.581,T,0.1053806453362445
ACA,T,0.695,A,0.12355105692403225
ACC,T,-0.314,C,0.0750234377389724
ACG,T,-0.299,G,0.0932298771536799
ACT,T,0.631,T,0.12773780823340358
AAC,N,0.194,C,0.10245337077376974
AAT,N,-0.194,T,0.10245337077376973
AAA,K,0.655,A,0.09707748017711494
AAG,K,-0.655,G,0.09707748017711494
AGC,S,-0.227,C,0.0750778207663178
AGT,S,0.031,T,0.12422777538071841
TCA,S,0.691,A,0.12815126373359664
TCC,S,0.09,C,0.08986245449290468
TCG,S,-0.53,G,0.08553418817104658
TCT,S,0.791,T,0.13147593700073637
AGA,R,1.453,A,0.16848011607504804
AGG,R,0.262,G,0.1274473213876831
CGA,R,0.837,A,0.1231574910236571
CGC,R,-0.258,C,0.05976648464897907
CGG,R,-0.602,G,0.08013543599962476
CGT,R,0.201,T,0.08128282439739815
CTA,L,0.387,A,0.10604833882387799
CTC,L,-0.134,C,0.052471334938558586
CTG,L,-0.362,G,0.050322757504718714
CTT,L,0.388,T,0.07609747499340785
TTA,L,0.298,A,0.12574345543172114
TTG,L,0.269,G,0.0619896148480801
CCA,P,0.481,A,0.09530386915573073
CCC,P,0.102,C,0.07084907057780812
CCG,P,-0.667,G,0.07341475270909828
CCT,P,0.443,T,0.09448129446066401
CAC,H,0.125,C,0.11035154200657683
CAT,H,-0.125,T,0.11035154200657683
CAA,Q,0.695,A,0.08757511274907838
CAG,Q,-0.695,G,0.08757511274907838
GTA,V,0.034,A,0.13079712133909893
GTC,V,-0.133,C,0.06662271231568132
GTG,V,-0.119,G,0.0704204943637548
GTT,V,0.566,T,0.10500161680183441
GCA,A,0.253,A,0.07925828280981784
GCC,A,-0.173,C,0.05303509528658632
GCG,A,-0.137,G,0.05979261191996824
GCT,A,0.41,T,0.08243832214264339
GAC,D,0.084,C,0.0746362055821535
GAT,D,-0.084,T,0.0746362055821535
GAA,E,0.832,A,0.07430972662473792
GAG,E,-0.832,G,0.07430972662473792
GGA,G,0.515,A,0.11058117066627753
GGC,G,0.03,C,0.06844895268265103
GGG,G,-0.562,G,0.0816620477928021
GGT,G,0.287,T,0.08266383048527678
TTC,F,-0.067,C,0.09267475490345811
TTT,F,0.067,T,0.09267475490345811
TAC,Y,0.438,C,0.13015781735858054
TAT,Y,-0.438,T,0.13015781735858054
TGC,C,0.053,C,0.16188815498997497
TGT,C,-0.053,T,0.16188815498997497
