codon,amino_acid,Caldithrix,third_nucl,standard_error
ATA,I,0.859,A,0.06991634154051092
ATC,I,-0.413,C,0.05233564644758077
ATT,I,-0.113,T,0.04813551613380529
ACA,T,0.934,A,0.08491692368341026
ACC,T,-0.554,C,0.0695588103252668
ACG,T,-0.399,G,0.07650735319435485
ACT,T,0.429,T,0.09601275397536752
AAC,N,-0.161,C,0.06811270461756071
AAT,N,0.161,T,0.06811270461756071
AAA,K,0.283,A,0.05599096051913001
AAG,K,-0.283,G,0.055990960519130016
AGC,S,-0.405,C,0.07065891727306756
AGT,S,0.643,T,0.08586295361246027
TCA,S,0.841,A,0.09710519340322378
TCC,S,-0.268,C,0.08275984765377789
TCG,S,-0.527,G,0.08776690434354611
TCT,S,0.055,T,0.08453610428124203
AGA,R,0.984,A,0.08154389536561328
AGG,R,0.057,G,0.11569282676169716
CGA,R,0.37,A,0.09731995555798648
CGC,R,-0.817,C,0.06933723642738238
CGG,R,-0.484,G,0.09553765512562654
CGT,R,0.158,T,0.0751408205041971
CTA,L,0.429,A,0.09551235195958606
CTC,L,-0.234,C,0.08987354121807921
CTG,L,-0.983,G,0.05053889658130065
CTT,L,0.182,T,0.061482578063708396
TTA,L,0.566,A,0.04665964237128713
TTG,L,0.186,G,0.0520995694056185
CCA,P,0.999,A,0.10408185474769732
CCC,P,-0.481,C,0.09338825735812366
CCG,P,-0.546,G,0.08797038772321066
CCT,P,0.378,T,0.09730105145940886
CAC,H,-0.459,C,0.11333385829096881
CAT,H,0.459,T,0.11333385829096881
CAA,Q,0.718,A,0.07414537083492266
CAG,Q,-0.718,G,0.07414537083492266
GTA,V,0.484,A,0.06989527558662365
GTC,V,-0.025,C,0.07922784583739269
GTG,V,-0.684,G,0.06406738852440837
GTT,V,0.27,T,0.05938299434841515
GCA,A,1.213,A,0.07857968080709839
GCC,A,-0.794,C,0.06382755481787042
GCG,A,-0.203,G,0.07287356247781566
GCT,A,0.241,T,0.07629494811010588
GAC,D,-0.295,C,0.07480664905417572
GAT,D,0.295,T,0.07480664905417572
GAA,E,0.481,A,0.07167213873439972
GAG,E,-0.481,G,0.07167213873439972
GGA,G,0.735,A,0.07569382134446886
GGC,G,-0.774,C,0.06867135730173822
GGG,G,0.108,G,0.09981614519047484
GGT,G,0.245,T,0.08090997828669494
TTC,F,-0.155,C,0.07144033457402003
TTT,F,0.155,T,0.07144033457402003
TAC,Y,-0.364,C,0.08079489975881013
TAT,Y,0.364,T,0.08079489975881012
TGC,C,-0.652,C,0.17059223968647322
TGT,C,0.652,T,0.17059223968647322
