codon,amino_acid,Calothrix,third_nucl,standard_error
ATA,I,0.108,A,0.042042609335154815
ATC,I,0.221,C,0.04877424281041395
ATT,I,-0.214,T,0.03720043718575646
ACA,T,0.292,A,0.04640850892163957
ACC,T,-0.078,C,0.05437040778087677
ACG,T,-0.044,G,0.0781876118509116
ACT,T,-0.197,T,0.04366555936860882
AAC,N,0.12,C,0.047197593653837806
AAT,N,-0.12,T,0.047197593653837806
AAA,K,0.233,A,0.04774832885766093
AAG,K,-0.233,G,0.04774832885766093
AGC,S,-0.241,C,0.05477914095451212
AGT,S,-0.139,T,0.04671130762169854
TCA,S,0.233,A,0.047307833737450906
TCC,S,0.144,C,0.06156343050456208
TCG,S,-0.273,G,0.0696584039133752
TCT,S,0.105,T,0.04315692680741786
AGA,R,0.147,A,0.05426139209409681
AGG,R,-0.022,G,0.10101740552920796
CGA,R,0.061,A,0.0689227568604508
CGC,R,0.046,C,0.067515432859333
CGG,R,-0.316,G,0.09674611620052281
CGT,R,-0.108,T,0.054764118506499225
CTA,L,0.373,A,0.04943721432736162
CTC,L,0.319,C,0.06597893769070685
CTG,L,0.164,G,0.06424241729617505
CTT,L,0.147,T,0.04519444745122745
TTA,L,-0.207,A,0.03215768454473778
TTG,L,-0.248,G,0.04227188893297366
CCA,P,0.287,A,0.05368909502291393
CCC,P,-0.024,C,0.06276952181669707
CCG,P,-0.257,G,0.07769783899355087
CCT,P,-0.154,T,0.05527753777661762
CAC,H,0.159,C,0.08875440903216879
CAT,H,-0.159,T,0.08875440903216879
CAA,Q,0.113,A,0.05423732312098819
CAG,Q,-0.113,G,0.05423732312098819
GTA,V,-0.079,A,0.04510657557445717
GTC,V,-0.16,C,0.06664889203796485
GTG,V,0.584,G,0.06066138156007814
GTT,V,-0.159,T,0.042942375933731666
GCA,A,0.072,A,0.04431482996095382
GCC,A,0.178,C,0.07178655821688128
GCG,A,-0.03,G,0.06795974557161788
GCT,A,-0.118,T,0.042800374008453795
GAC,D,0.145,C,0.05604749953832685
GAT,D,-0.145,T,0.05604749953832685
GAA,E,0.009,A,0.05637107915356121
GAG,E,-0.009,G,0.05637107915356121
GGA,G,-0.037,A,0.05208462675347635
GGC,G,0.472,C,0.08202270732070163
GGG,G,0.18,G,0.08000731303657752
GGT,G,-0.203,T,0.05006572234199628
TTC,F,0.099,C,0.05852065828107419
TTT,F,-0.099,T,0.05852065828107419
TAC,Y,0.236,C,0.06172537841406817
TAT,Y,-0.236,T,0.06172537841406817
TGC,C,0.26,C,0.11103799541762815
TGT,C,-0.26,T,0.11103799541762815
