codon,amino_acid,Calycomorphotria,third_nucl,standard_error
ATA,I,0.843,A,0.1247440241065915
ATC,I,-0.349,C,0.05713387548149413
ATT,I,0.156,T,0.05754479267920025
ACA,T,0.447,A,0.06737738150721787
ACC,T,-0.27,C,0.057309107633010156
ACG,T,-0.293,G,0.06259488293207503
ACT,T,0.253,T,0.06814120584951726
AAC,N,-0.365,C,0.0711677649322728
AAT,N,0.365,T,0.07116776493227281
AAA,K,0.427,A,0.06682712772374509
AAG,K,-0.427,G,0.06682712772374509
AGC,S,-0.446,C,0.06600224152927
AGT,S,0.102,T,0.07250459748446667
TCA,S,0.22,A,0.06683989878624993
TCC,S,0.13,C,0.06248017099178142
TCG,S,-0.256,G,0.059904303778500145
TCT,S,0.449,T,0.0823951908028101
AGA,R,0.654,A,0.11504063133992636
AGG,R,0.165,G,0.13867099112444894
CGA,R,0.404,A,0.06463227566712856
CGC,R,-0.226,C,0.05819873125375776
CGG,R,-0.416,G,0.06928081231540421
CGT,R,-0.013,T,0.06170747014468183
CTA,L,-0.017,A,0.10077236392739179
CTC,L,-0.159,C,0.05098403528584757
CTG,L,-0.363,G,0.046765228263570595
CTT,L,0.246,T,0.06204998811296018
TTA,L,0.569,A,0.0760850615623582
TTG,L,0.158,G,0.05096503462878303
CCA,P,0.425,A,0.074348716952073
CCC,P,0.074,C,0.06652361899412446
CCG,P,-0.641,G,0.06504333238529633
CCT,P,0.367,T,0.0786070048075382
CAC,H,-0.129,C,0.08808923607820068
CAT,H,0.129,T,0.08808923607820068
CAA,Q,0.649,A,0.06898373682614937
CAG,Q,-0.649,G,0.06898373682614937
GTA,V,0.206,A,0.08998295919734141
GTC,V,-0.437,C,0.05642883098754151
GTG,V,0.061,G,0.054150595018482524
GTT,V,0.353,T,0.061540801466129634
GCA,A,0.229,A,0.05789290668617977
GCC,A,-0.178,C,0.0512573757024171
GCG,A,-0.176,G,0.05249198756013412
GCT,A,0.226,T,0.05941400363278619
GAC,D,0.04,C,0.059643882546253364
GAT,D,-0.04,T,0.059643882546253364
GAA,E,0.307,A,0.05987811249019368
GAG,E,-0.307,G,0.05987811249019369
GGA,G,0.469,A,0.06735693959530438
GGC,G,-0.305,C,0.061768881470318615
GGG,G,-0.119,G,0.0819170184277771
GGT,G,-0.004,T,0.067396006559764
TTC,F,-0.448,C,0.0683718133650577
TTT,F,0.448,T,0.0683718133650577
TAC,Y,-0.357,C,0.09190446268957153
TAT,Y,0.357,T,0.09190446268957154
TGC,C,-0.162,C,0.12313147111773767
TGT,C,0.162,T,0.12313147111773767
