codon,amino_acid,Caminibacter,third_nucl,standard_error
ATA,I,0.16,A,0.06294479629267702
ATC,I,-0.342,C,0.07504704804581913
ATT,I,0.077,T,0.06167169732480188
ACA,T,0.274,A,0.1046746381140024
ACC,T,-0.09,C,0.13204250115839922
ACG,T,-0.188,G,0.11306482079573099
ACT,T,-0.053,T,0.1009858587940619
AAC,N,-0.295,C,0.08680418568365197
AAT,N,0.295,T,0.08680418568365197
AAA,K,-0.589,A,0.09444186307192035
AAG,K,0.589,G,0.09444186307192035
AGC,S,-0.191,C,0.10719766403579208
AGT,S,0.428,T,0.09898704766666615
TCA,S,0.143,A,0.11545427546704085
TCC,S,-0.139,C,0.19952718126089752
TCG,S,-0.134,G,0.1440670133449119
TCT,S,-0.369,T,0.11561285934423714
AGA,R,-0.034,A,0.13128590180241026
AGG,R,-0.143,G,0.17446287984380518
CGA,R,0.153,A,0.35236973062812915
CGC,R,0.05,C,0.2907574767407556
CGG,R,2.292,G,1.4916448194889311
CGT,R,0.202,T,0.27066776258718694
CTA,L,-0.093,A,0.1019649721167877
CTC,L,-0.06,C,0.12733230139789767
CTG,L,0.398,G,0.17285658061990378
CTT,L,-0.519,T,0.06577321316755409
TTA,L,0.342,A,0.06350920818194902
TTG,L,0.19,G,0.07578618854641889
CCA,P,0.818,A,0.1619211137774317
CCC,P,0.178,C,0.19983647753105538
CCG,P,-0.176,G,0.13523706069754457
CCT,P,-0.395,T,0.12468682779411203
CAC,H,-0.307,C,0.17889640541462645
CAT,H,0.307,T,0.17889640541462645
CAA,Q,0.074,A,0.1849663312311881
CAG,Q,-0.074,G,0.18496633123118814
GTA,V,-0.085,A,0.07916665809172836
GTC,V,0.089,C,0.13130354440192943
GTG,V,0.041,G,0.10759531788990952
GTT,V,0.033,T,0.08211018366971296
GCA,A,0.349,A,0.09022176045488786
GCC,A,-0.202,C,0.12302672507658857
GCG,A,0.09,G,0.09967122569737195
GCT,A,-0.338,T,0.09448103694288401
GAC,D,-0.28,C,0.10197779628127118
GAT,D,0.28,T,0.10197779628127118
GAA,E,0.113,A,0.08770441978379964
GAG,E,-0.113,G,0.08770441978379963
GGA,G,0.148,A,0.09192342392197032
GGC,G,-0.162,C,0.1463571302014268
GGG,G,0.269,G,0.12824839606103938
GGT,G,-0.27,T,0.10254910598105169
TTC,F,-0.524,C,0.0929590450183214
TTT,F,0.524,T,0.09295904501832142
TAC,Y,-0.058,C,0.11509612049526838
TAT,Y,0.058,T,0.11509612049526838
TGC,C,-0.145,C,0.23053522006830593
TGT,C,0.145,T,0.2305352200683059
