codon,amino_acid,Campylobacter,third_nucl,standard_error
ATA,I,0.163,A,0.06587921007135507
ATC,I,-0.643,C,0.06369759221622366
ATT,I,0.644,T,0.07454855720419673
ACA,T,0.523,A,0.13327645573661998
ACC,T,-0.184,C,0.0980481888480816
ACG,T,-0.332,G,0.08851830528356731
ACT,T,0.38,T,0.11037380424025454
AAC,N,-0.464,C,0.0771682484253758
AAT,N,0.464,T,0.0771682484253758
AAA,K,0.608,A,0.06894744382944179
AAG,K,-0.608,G,0.06894744382944179
AGC,S,-0.475,C,0.07337884649366129
AGT,S,0.432,T,0.11099855993640907
TCA,S,0.652,A,0.11277841502493356
TCC,S,0.094,C,0.14078531862131816
TCG,S,-0.146,G,0.09604269559172589
TCT,S,0.163,T,0.11550945013157952
AGA,R,0.917,A,0.09358649263000908
AGG,R,-0.13,G,0.13026649502433837
CGA,R,0.272,A,0.13387212243187754
CGC,R,-1.077,C,0.10289820824637518
CGG,R,-0.245,G,0.18026783221205203
CGT,R,0.082,T,0.16484361633532443
CTA,L,-0.497,A,0.06877070060372158
CTC,L,-0.42,C,0.09057075762710932
CTG,L,-0.694,G,0.08566031389310746
CTT,L,-0.269,T,0.07133919626168861
TTA,L,0.841,A,0.0677698310817708
TTG,L,0.535,G,0.07132333050594362
CCA,P,0.138,A,0.16068421877101938
CCC,P,0.129,C,0.1388489914730519
CCG,P,-0.3,G,0.11878130877838153
CCT,P,0.174,T,0.1342979026267186
CAC,H,-0.706,C,0.16726518813610597
CAT,H,0.706,T,0.16726518813610597
CAA,Q,0.642,A,0.1185967536113969
CAG,Q,-0.642,G,0.1185967536113969
GTA,V,0.017,A,0.08289252918286888
GTC,V,-0.444,C,0.08683945074108798
GTG,V,-0.169,G,0.08158763634712239
GTT,V,0.58,T,0.0843075382138524
GCA,A,0.387,A,0.08160401206329432
GCC,A,-0.216,C,0.07597723333665889
GCG,A,-0.201,G,0.06472745310130776
GCT,A,0.173,T,0.07826152837253594
GAC,D,-0.341,C,0.08229072360077162
GAT,D,0.341,T,0.08229072360077162
GAA,E,0.706,A,0.0744016172507424
GAG,E,-0.706,G,0.0744016172507424
GGA,G,0.399,A,0.1022790666832411
GGC,G,-0.446,C,0.08071069730794769
GGG,G,0.134,G,0.126046423740637
GGT,G,0.267,T,0.10665328755820007
TTC,F,-0.114,C,0.09564432909968837
TTT,F,0.114,T,0.09564432909968837
TAC,Y,-0.313,C,0.10098616955242322
TAT,Y,0.313,T,0.10098616955242322
TGC,C,-0.508,C,0.18312380112564897
TGT,C,0.508,T,0.18312380112564897
