codon,amino_acid,Capnocytophaga,third_nucl,standard_error
ATA,I,0.452,A,0.05483671390899561
ATC,I,-0.398,C,0.05991265259748265
ATT,I,-0.125,T,0.05334244897078574
ACA,T,0.898,A,0.07088676172217964
ACC,T,-0.331,C,0.07276261879528999
ACG,T,-0.211,G,0.13101902776566862
ACT,T,-0.517,T,0.06756987157637427
AAC,N,0.051,C,0.06711118416494596
AAT,N,-0.051,T,0.06711118416494596
AAA,K,0.33,A,0.0662714990071372
AAG,K,-0.33,G,0.0662714990071372
AGC,S,-0.13,C,0.0998601161797441
AGT,S,-0.099,T,0.07948223952962931
TCA,S,0.564,A,0.08395275135591511
TCC,S,0.02,C,0.12691226241979212
TCG,S,-0.7,G,0.13427082845944338
TCT,S,-0.066,T,0.07954698865284487
AGA,R,1.365,A,0.09395055655535814
AGG,R,-0.54,G,0.20430171107884829
CGA,R,0.112,A,0.13645992006517793
CGC,R,-0.89,C,0.1068451321489187
CGG,R,-0.075,G,0.35480542238273144
CGT,R,-0.739,T,0.10408268774046636
CTA,L,0.374,A,0.07359634115062541
CTC,L,-0.556,C,0.06486779712130472
CTG,L,-0.609,G,0.10933443607308638
CTT,L,-0.049,T,0.06147965815858453
TTA,L,0.698,A,0.0500801337225379
TTG,L,-0.689,G,0.06486912989235247
CCA,P,0.509,A,0.11860038440062504
CCC,P,0.248,C,0.1188096450747606
CCG,P,0.165,G,0.2191505904316032
CCT,P,-0.535,T,0.0978557498100716
CAC,H,-0.483,C,0.1193014720673121
CAT,H,0.483,T,0.1193014720673121
CAA,Q,0.397,A,0.1101315694458654
CAG,Q,-0.397,G,0.1101315694458654
GTA,V,0.147,A,0.06977295460328545
GTC,V,0.097,C,0.13202817892912505
GTG,V,-0.526,G,0.09037913841566654
GTT,V,0.234,T,0.08506853604843163
GCA,A,0.957,A,0.07410702948452223
GCC,A,-0.283,C,0.08360216760437758
GCG,A,-0.005,G,0.13131888718981163
GCT,A,-0.655,T,0.07050586194248269
GAC,D,0.308,C,0.08740952214166385
GAT,D,-0.308,T,0.08740952214166385
GAA,E,0.776,A,0.08740002049703038
GAG,E,-0.776,G,0.08740002049703038
GGA,G,0.602,A,0.0850483212765872
GGC,G,-0.206,C,0.10709024879699239
GGG,G,-0.194,G,0.1270173519563445
GGT,G,-0.424,T,0.09308688284220927
TTC,F,-0.309,C,0.07311183485870824
TTT,F,0.309,T,0.07311183485870824
TAC,Y,0.247,C,0.0792566606815129
TAT,Y,-0.247,T,0.0792566606815129
TGC,C,-0.112,C,0.1709825729244952
TGT,C,0.112,T,0.1709825729244952
