codon,amino_acid,Caproicibacter,third_nucl,standard_error
ATA,I,0.573,A,0.08337491282210015
ATC,I,-0.358,C,0.05455118211511141
ATT,I,0.099,T,0.05417682404162434
ACA,T,0.705,A,0.07612347984637093
ACC,T,-0.432,C,0.06735519620655735
ACG,T,-0.307,G,0.06703705625080812
ACT,T,0.393,T,0.10127080810874528
AAC,N,-0.363,C,0.06788455192909562
AAT,N,0.363,T,0.06788455192909562
AAA,K,0.54,A,0.05449260666339088
AAG,K,-0.54,G,0.05449260666339088
AGC,S,-0.097,C,0.06605300696596639
AGT,S,0.572,T,0.09491205900009178
TCA,S,0.765,A,0.09660282854406575
TCC,S,-0.557,C,0.0664231952549493
TCG,S,-0.244,G,0.08245884910180792
TCT,S,0.312,T,0.09125612150273493
AGA,R,1.044,A,0.08434643248672548
AGG,R,0.455,G,0.09160635831359636
CGA,R,0.618,A,0.11027968424471225
CGC,R,-0.797,C,0.07081049078520157
CGG,R,-0.383,G,0.06949066797197817
CGT,R,-0.205,T,0.09510825320621265
CTA,L,0.42,A,0.13472310248950087
CTC,L,-0.498,C,0.07175324224276096
CTG,L,-0.571,G,0.04569448538539092
CTT,L,-0.21,T,0.05535302584319063
TTA,L,0.91,A,0.08211152406749192
TTG,L,0.947,G,0.061870936561004654
CCA,P,0.78,A,0.12056453800597067
CCC,P,-0.323,C,0.09306569595404103
CCG,P,-0.289,G,0.0773137718515422
CCT,P,0.391,T,0.10882661856757243
CAC,H,-0.274,C,0.1160429843223208
CAT,H,0.274,T,0.1160429843223208
CAA,Q,0.783,A,0.08682426333877266
CAG,Q,-0.783,G,0.08682426333877266
GTA,V,0.655,A,0.07775874393107458
GTC,V,-0.562,C,0.06437555908964529
GTG,V,0.099,G,0.060126688322293974
GTT,V,0.008,T,0.06269324438746343
GCA,A,0.899,A,0.06659514623757447
GCC,A,-0.43,C,0.06107204365589155
GCG,A,-0.407,G,0.05590511178982488
GCT,A,0.267,T,0.07678232637063852
GAC,D,-0.513,C,0.06517804639830405
GAT,D,0.513,T,0.06517804639830405
GAA,E,0.506,A,0.06075709126759697
GAG,E,-0.506,G,0.06075709126759698
GGA,G,0.495,A,0.06427527629625422
GGC,G,-0.418,C,0.06117306600391458
GGG,G,-0.211,G,0.07647335787971304
GGT,G,0.247,T,0.08673433795164219
TTC,F,-0.546,C,0.07384264863028438
TTT,F,0.546,T,0.07384264863028438
TAC,Y,-0.375,C,0.07927477613293821
TAT,Y,0.375,T,0.07927477613293821
TGC,C,-0.761,C,0.1305237379501194
TGT,C,0.761,T,0.1305237379501194
