codon,amino_acid,Cardinium,third_nucl,standard_error
ATA,I,0.29,A,0.11432227813714899
ATC,I,-0.213,C,0.13829453153766058
ATT,I,-0.126,T,0.10611219897394956
ACA,T,0.814,A,0.14322029310602225
ACC,T,-0.276,C,0.14935968931423443
ACG,T,-0.902,G,0.19575607858669358
ACT,T,-0.049,T,0.16035587988598426
AAC,N,-0.1,C,0.1620449603147382
AAT,N,0.1,T,0.16204496031473822
AAA,K,0.745,A,0.11128009547613961
AAG,K,-0.745,G,0.11128009547613961
AGC,S,0.075,C,0.17805349588390015
AGT,S,0.174,T,0.1444059861928204
TCA,S,0.149,A,0.1496747035339082
TCC,S,0.134,C,0.19874926965094628
TCG,S,-0.065,G,0.2544346311909887
TCT,S,-0.306,T,0.12514919176365746
AGA,R,0.876,A,0.15552740853738622
AGG,R,0.025,G,0.2097721631775687
CGA,R,-0.08,A,0.22093041925577392
CGC,R,-0.913,C,0.23251569614979128
CGG,R,-0.691,G,0.32488378528372036
CGT,R,-0.307,T,0.18219862866792666
CTA,L,-0.007,A,0.12728956568080857
CTC,L,0.11,C,0.221549424384152
CTG,L,-0.22,G,0.18195445323616125
CTT,L,-0.307,T,0.11539920709434306
TTA,L,0.502,A,0.09789362748843826
TTG,L,-0.315,G,0.11183210546546604
CCA,P,0.382,A,0.1597010470436671
CCC,P,0.127,C,0.1766214476157851
CCG,P,-1.114,G,0.3281534839476657
CCT,P,-0.179,T,0.15385477917269308
CAC,H,-0.125,C,0.22965131275067183
CAT,H,0.125,T,0.22965131275067183
CAA,Q,0.007,A,0.1686317027306941
CAG,Q,-0.007,G,0.16863170273069408
GTA,V,-0.278,A,0.128759039385352
GTC,V,-0.12,C,0.19791119242690175
GTG,V,0.178,G,0.16701181309300092
GTT,V,0.242,T,0.13408011140771142
GCA,A,0.39,A,0.1298300030735091
GCC,A,0.034,C,0.15445447371452722
GCG,A,-0.564,G,0.1999064717547094
GCT,A,-0.158,T,0.13183748632252518
GAC,D,0.134,C,0.19409844682077743
GAT,D,-0.134,T,0.19409844682077743
GAA,E,-0.305,A,0.1505069785301351
GAG,E,0.305,G,0.1505069785301351
GGA,G,0.503,A,0.15959525046197395
GGC,G,-0.601,C,0.18985493942459333
GGG,G,0.238,G,0.1992332415708426
GGT,G,-0.174,T,0.1495384757394062
TTC,F,-0.326,C,0.2048062857955562
TTT,F,0.326,T,0.20480628579555618
TAC,Y,-0.012,C,0.18611009107649454
TAT,Y,0.012,T,0.1861100910764945
TGC,C,0.412,C,0.2760999016764708
TGT,C,-0.412,T,0.2760999016764708
