codon,amino_acid,Carnobacterium,third_nucl,standard_error
ATA,I,0.74,A,0.08745491670892182
ATC,I,0.01,C,0.07577830961302148
ATT,I,-0.424,T,0.06354789665851944
ACA,T,0.454,A,0.07222163233598432
ACC,T,-0.233,C,0.10681737880792311
ACG,T,-0.383,G,0.09887249712794824
ACT,T,-0.185,T,0.0822378954557106
AAC,N,0.019,C,0.09062782642489042
AAT,N,-0.019,T,0.09062782642489042
AAA,K,0.003,A,0.08116593092518035
AAG,K,-0.003,G,0.08116593092518035
AGC,S,-0.133,C,0.11232520123382186
AGT,S,0.322,T,0.08023337558000591
TCA,S,0.219,A,0.0815710962182837
TCC,S,-0.325,C,0.16231632158707238
TCG,S,-0.035,G,0.1653678754591951
TCT,S,-0.553,T,0.0994391275654995
AGA,R,0.847,A,0.10388113718505403
AGG,R,0.586,G,0.24815055938330474
CGA,R,-0.086,A,0.1255441096263033
CGC,R,-0.448,C,0.1541101004007111
CGG,R,-0.427,G,0.24195614779321958
CGT,R,-0.615,T,0.10334651729451616
CTA,L,-0.113,A,0.08779716238428024
CTC,L,-0.14,C,0.1895769570247754
CTG,L,-0.319,G,0.1490627493322623
CTT,L,-0.264,T,0.08532404844582084
TTA,L,0.168,A,0.05453178134219173
TTG,L,0.064,G,0.07008811963123043
CCA,P,0.299,A,0.1099193897730675
CCC,P,0.313,C,0.19808245481853465
CCG,P,-0.055,G,0.19849368883238394
CCT,P,-0.447,T,0.1218833765871994
CAC,H,0.208,C,0.16471297265170562
CAT,H,-0.208,T,0.16471297265170562
CAA,Q,0.034,A,0.1316466809682086
CAG,Q,-0.034,G,0.1316466809682086
GTA,V,0.383,A,0.0744936407633174
GTC,V,-0.035,C,0.10765908240635846
GTG,V,0.212,G,0.08629232504195553
GTT,V,-0.462,T,0.07026007294196641
GCA,A,0.475,A,0.07647848222901166
GCC,A,-0.129,C,0.12219482926666494
GCG,A,-0.533,G,0.12263065780239864
GCT,A,-0.235,T,0.08319027715086934
GAC,D,-0.097,C,0.10400725443131434
GAT,D,0.097,T,0.10400725443131434
GAA,E,0.164,A,0.08892860338347368
GAG,E,-0.164,G,0.08892860338347368
GGA,G,0.31,A,0.08053753686025877
GGC,G,-0.306,C,0.10686472815753496
GGG,G,-0.274,G,0.12732853131916766
GGT,G,-0.018,T,0.08555854640903601
TTC,F,-0.429,C,0.11712048309042987
TTT,F,0.429,T,0.11712048309042987
TAC,Y,-0.214,C,0.11078899181549239
TAT,Y,0.214,T,0.1107889918154924
TGC,C,-0.232,C,0.2843444783426917
TGT,C,0.232,T,0.2843444783426918
