codon,amino_acid,Castellaniella,third_nucl,standard_error
ATA,I,1.374,A,0.28685432744181805
ATC,I,-1.327,C,0.11820333666562337
ATT,I,1.26,T,0.1277414946445464
ACA,T,1.563,A,0.17501976965112181
ACC,T,-0.109,C,0.062640711154988
ACG,T,-0.514,G,0.06640232980014775
ACT,T,1.367,T,0.1730106690144903
AAC,N,-0.647,C,0.10777477452119683
AAT,N,0.647,T,0.10777477452119683
AAA,K,1.853,A,0.10836394727978818
AAG,K,-1.853,G,0.10836394727978818
AGC,S,-0.429,C,0.06522462377248481
AGT,S,0.795,T,0.19758308529180776
TCA,S,1.094,A,0.2187822125753228
TCC,S,0.578,C,0.06417866617622137
TCG,S,-0.833,G,0.0720527932498824
TCT,S,1.642,T,0.21083834984536748
AGA,R,2.012,A,0.2632894667041717
AGG,R,0.334,G,0.13624371678516428
CGA,R,1.786,A,0.15684111956567837
CGC,R,-0.604,C,0.05390196553375322
CGG,R,-0.365,G,0.06611140192000012
CGT,R,1.266,T,0.109095316905576
CTA,L,0.918,A,0.21316172507847878
CTC,L,0.78,C,0.05851069163740261
CTG,L,-1.277,G,0.05099084602190829
CTT,L,1.838,T,0.14979075355053065
TTA,L,1.186,A,0.385529782728129
TTG,L,1.31,G,0.10753920368900508
CCA,P,1.26,A,0.18258200355818524
CCC,P,0.069,C,0.05862113824446811
CCG,P,-0.51,G,0.05927256935807214
CCT,P,1.093,T,0.13337017849807428
CAC,H,-0.526,C,0.10417425985344038
CAT,H,0.526,T,0.10417425985344039
CAA,Q,1.649,A,0.10566129864921134
CAG,Q,-1.649,G,0.10566129864921134
GTA,V,1.251,A,0.166208993646828
GTC,V,0.221,C,0.059185809293501326
GTG,V,-0.722,G,0.060604755740440365
GTT,V,1.648,T,0.15327152872772384
GCA,A,1.408,A,0.09712112947950192
GCC,A,-0.298,C,0.04310004288054242
GCG,A,-0.319,G,0.046133451201982284
GCT,A,1.561,T,0.12523926970248772
GAC,D,-0.936,C,0.07439765577085099
GAT,D,0.936,T,0.07439765577085099
GAA,E,1.171,A,0.07462420016244696
GAG,E,-1.171,G,0.07462420016244696
GGA,G,1.114,A,0.11444392003211948
GGC,G,-0.708,C,0.06488825270996468
GGG,G,0.021,G,0.08376363088107126
GGT,G,1.081,T,0.11897307792955335
TTC,F,-1.117,C,0.1155461189790927
TTT,F,1.117,T,0.1155461189790927
TAC,Y,-0.436,C,0.12583752649918448
TAT,Y,0.436,T,0.12583752649918448
TGC,C,-1.028,C,0.24916912713858072
TGT,C,1.028,T,0.24916912713858072
