codon,amino_acid,Catenovulum,third_nucl,standard_error
ATA,I,0.399,A,0.057816361664872605
ATC,I,-0.175,C,0.06203150042219096
ATT,I,-0.199,T,0.05097935880832392
ACA,T,0.413,A,0.062219029189862454
ACC,T,-0.432,C,0.06861453149388944
ACG,T,-0.23,G,0.08017434978854511
ACT,T,0.091,T,0.0667263020378187
AAC,N,-0.083,C,0.0630462909073568
AAT,N,0.083,T,0.06304629090735679
AAA,K,0.08,A,0.06500230563929048
AAG,K,-0.08,G,0.06500230563929048
AGC,S,-0.039,C,0.06906405727011604
AGT,S,0.046,T,0.060769304239265624
TCA,S,0.049,A,0.06228730852988304
TCC,S,0.009,C,0.11741614672859013
TCG,S,-0.034,G,0.08965770724432982
TCT,S,-0.057,T,0.06558024189492476
AGA,R,0.464,A,0.08200937616864548
AGG,R,0.059,G,0.14710215065849933
CGA,R,0.161,A,0.09087560348146462
CGC,R,-0.017,C,0.08373092986949027
CGG,R,-0.524,G,0.14763319111893075
CGT,R,-0.358,T,0.07518139927651593
CTA,L,0.199,A,0.06631642049235045
CTC,L,0.043,C,0.09270578822600935
CTG,L,-0.263,G,0.06814742727738003
CTT,L,0.194,T,0.06689589938491546
TTA,L,0.036,A,0.04185445939966581
TTG,L,-0.15,G,0.05056772850040374
CCA,P,0.208,A,0.07966014806954937
CCC,P,0.077,C,0.10618166336645876
CCG,P,-0.512,G,0.10000716133720859
CCT,P,0.102,T,0.08408473902386243
CAC,H,-0.052,C,0.1013336577641826
CAT,H,0.052,T,0.1013336577641826
CAA,Q,0.19,A,0.06853290441656683
CAG,Q,-0.19,G,0.06853290441656683
GTA,V,0.07,A,0.06335049121410766
GTC,V,-0.341,C,0.07700765175957643
GTG,V,0.236,G,0.0644103715506751
GTT,V,-0.05,T,0.05671330244970042
GCA,A,0.209,A,0.05400476799589485
GCC,A,-0.154,C,0.06776690194183335
GCG,A,-0.239,G,0.06485004227197658
GCT,A,0.069,T,0.05835379999392027
GAC,D,0.01,C,0.07195338610410207
GAT,D,-0.01,T,0.07195338610410207
GAA,E,0.328,A,0.07526432630018957
GAG,E,-0.328,G,0.07526432630018957
GGA,G,0.401,A,0.09460163500517102
GGC,G,0.032,C,0.07441252283296679
GGG,G,-0.171,G,0.10655808364676822
GGT,G,-0.159,T,0.06888960536400339
TTC,F,-0.027,C,0.08707038263456045
TTT,F,0.027,T,0.08707038263456046
TAC,Y,-0.024,C,0.08500101836695165
TAT,Y,0.024,T,0.08500101836695165
TGC,C,0.014,C,0.14178276267288753
TGT,C,-0.014,T,0.14178276267288753
