codon,amino_acid,Catenulispora,third_nucl,standard_error
ATA,I,1.362,A,0.1251060075254109
ATC,I,-1.189,C,0.08421996368887766
ATT,I,0.921,T,0.11006822288686981
ACA,T,0.819,A,0.07545906843275565
ACC,T,-0.293,C,0.03443432141679054
ACG,T,-0.214,G,0.03726815964418973
ACT,T,1.306,T,0.08771613443915184
AAC,N,-1.016,C,0.11002811665902965
AAT,N,1.016,T,0.11002811665902965
AAA,K,0.966,A,0.09432339248812095
AAG,K,-0.966,G,0.09432339248812095
AGC,S,0.115,C,0.039787151518413895
AGT,S,0.97,T,0.09050489671760942
TCA,S,0.912,A,0.1016221628492479
TCC,S,-0.121,C,0.03894868112110395
TCG,S,-0.655,G,0.041892130122567886
TCT,S,1.262,T,0.11305316250006127
AGA,R,2.027,A,0.14291560085111926
AGG,R,1.072,G,0.08608467140943432
CGA,R,1.213,A,0.07606803785540951
CGC,R,-0.582,C,0.033563121648856525
CGG,R,-0.409,G,0.03728700615317509
CGT,R,0.716,T,0.06117938605458023
CTA,L,0.506,A,0.13465602313114988
CTC,L,0.276,C,0.03362457890604019
CTG,L,-0.717,G,0.031138396652077318
CTT,L,1.077,T,0.08353617069839848
TTA,L,1.085,A,0.298411109934359
TTG,L,0.827,G,0.05440592990461527
CCA,P,0.981,A,0.09258718931921375
CCC,P,0.359,C,0.038951844007044954
CCG,P,-0.745,G,0.0372320662811645
CCT,P,1.032,T,0.08340423386951581
CAC,H,-0.812,C,0.0872328760661042
CAT,H,0.812,T,0.0872328760661042
CAA,Q,0.731,A,0.08243607323071057
CAG,Q,-0.731,G,0.08243607323071057
GTA,V,0.546,A,0.09276053833885886
GTC,V,-0.637,C,0.03134258296585717
GTG,V,0.451,G,0.031066253865624113
GTT,V,0.716,T,0.08014278369845171
GCA,A,0.933,A,0.05115723342324528
GCC,A,-0.23,C,0.02585239059894625
GCG,A,-0.263,G,0.02662936973698825
GCT,A,0.843,T,0.051817682291790665
GAC,D,-0.828,C,0.05395918821601425
GAT,D,0.828,T,0.05395918821601426
GAA,E,0.872,A,0.0472152612848979
GAG,E,-0.872,G,0.04721526128489789
GGA,G,0.718,A,0.05217945498565218
GGC,G,-0.596,C,0.03429700791211501
GGG,G,0.097,G,0.042651146076061526
GGT,G,0.554,T,0.05335250985329199
TTC,F,-1.053,C,0.13782634681144995
TTT,F,1.053,T,0.13782634681144995
TAC,Y,-0.458,C,0.10127421602556012
TAT,Y,0.458,T,0.10127421602556012
TGC,C,-0.721,C,0.17065351656245206
TGT,C,0.721,T,0.17065351656245206
