codon,amino_acid,Caulifigura,third_nucl,standard_error
ATA,I,0.515,A,0.2846711908654383
ATC,I,-0.785,C,0.06215103862084312
ATT,I,0.778,T,0.06287205693250529
ACA,T,0.472,A,0.08417012601032875
ACC,T,-0.033,C,0.05091514719926261
ACG,T,-0.531,G,0.049854742809417735
ACT,T,0.915,T,0.08083667457734454
AAC,N,-0.539,C,0.08007895887496422
AAT,N,0.539,T,0.08007895887496422
AAA,K,0.845,A,0.06798847459378453
AAG,K,-0.845,G,0.06798847459378453
AGC,S,-0.625,C,0.055536403989802995
AGT,S,0.231,T,0.08950343355620981
TCA,S,0.567,A,0.0834532098697754
TCC,S,0.359,C,0.052642392308901664
TCG,S,-0.488,G,0.04750849374803234
TCT,S,1.17,T,0.09424536916287687
AGA,R,1.051,A,0.13554496179050626
AGG,R,-0.035,G,0.09188885416560037
CGA,R,0.852,A,0.060846665365798615
CGC,R,-0.249,C,0.042933568695239406
CGG,R,-0.775,G,0.0483989273020984
CGT,R,0.536,T,0.05973997169401896
CTA,L,0.389,A,0.20732065725695684
CTC,L,-0.273,C,0.03816890988321666
CTG,L,-0.321,G,0.036570442897732106
CTT,L,0.635,T,0.06022347922600388
TTA,L,0.866,A,0.22516690744479076
TTG,L,0.846,G,0.06696867485228059
CCA,P,0.59,A,0.08545657143936071
CCC,P,0.177,C,0.053124189328480405
CCG,P,-0.707,G,0.05002988615184434
CCT,P,0.726,T,0.07451933412150628
CAC,H,-0.07,C,0.08340163278555944
CAT,H,0.07,T,0.08340163278555944
CAA,Q,1.171,A,0.08561919708499188
CAG,Q,-1.171,G,0.08561919708499187
GTA,V,0.669,A,0.1483013734508812
GTC,V,-0.5,C,0.04387487110201275
GTG,V,0.134,G,0.04529113425518102
GTT,V,0.595,T,0.06078095010475197
GCA,A,0.58,A,0.059414792613934925
GCC,A,-0.274,C,0.03764498350539534
GCG,A,-0.413,G,0.03970897426006427
GCT,A,0.936,T,0.058950893293239735
GAC,D,-0.259,C,0.055771487953363556
GAT,D,0.259,T,0.05577148795336356
GAA,E,0.535,A,0.055068187519066086
GAG,E,-0.535,G,0.05506818751906609
GGA,G,0.278,A,0.0575843084445125
GGC,G,-0.258,C,0.048841459696407054
GGG,G,-0.381,G,0.06329578342513591
GGT,G,0.663,T,0.07143098215628611
TTC,F,-0.807,C,0.07057841957817779
TTT,F,0.807,T,0.07057841957817779
TAC,Y,0.017,C,0.1044000799852484
TAT,Y,-0.017,T,0.1044000799852484
TGC,C,-0.762,C,0.12241327330292774
TGT,C,0.762,T,0.12241327330292774
