codon,amino_acid,Caulobacter,third_nucl,standard_error
ATA,I,0.769,A,0.21778253265056688
ATC,I,-0.992,C,0.09999724255624355
ATT,I,1.008,T,0.11061623026076725
ACA,T,0.928,A,0.1465909589730371
ACC,T,-0.283,C,0.05092201090414816
ACG,T,0.009,G,0.05410490966294657
ACT,T,0.923,T,0.1423209326701143
AAC,N,-0.401,C,0.10245318482216693
AAT,N,0.401,T,0.10245318482216693
AAA,K,1.49,A,0.10205704649110847
AAG,K,-1.49,G,0.10205704649110849
AGC,S,-0.267,C,0.05280793571090065
AGT,S,0.626,T,0.15389153831607807
TCA,S,0.85,A,0.15334661653456888
TCC,S,0.719,C,0.05987436139518084
TCG,S,-0.736,G,0.052753646286175244
TCT,S,1.327,T,0.1544654449234893
AGA,R,2.336,A,0.2414220525832164
AGG,R,0.623,G,0.10786387569160334
CGA,R,1.037,A,0.09745971066627744
CGC,R,-0.347,C,0.043245706609995625
CGG,R,-0.731,G,0.05379167134492549
CGT,R,0.927,T,0.07559893019338507
CTA,L,0.467,A,0.16012640841101894
CTC,L,0.94,C,0.04821740929818484
CTG,L,-1.318,G,0.039915349413180916
CTT,L,1.234,T,0.08387279611932716
TTA,L,1.107,A,0.36273960807963795
TTG,L,0.881,G,0.06707224281545512
CCA,P,0.814,A,0.12777097768220752
CCC,P,0.526,C,0.05042971741245562
CCG,P,-0.909,G,0.05027098290201711
CCT,P,0.966,T,0.1023750759367608
CAC,H,-0.362,C,0.09486832389038825
CAT,H,0.362,T,0.09486832389038825
CAA,Q,1.414,A,0.09124525922835625
CAG,Q,-1.414,G,0.09124525922835625
GTA,V,0.881,A,0.18229987518677182
GTC,V,-0.115,C,0.044587734827346064
GTG,V,-0.275,G,0.045935980857850146
GTT,V,1.238,T,0.09490017738480024
GCA,A,1.368,A,0.1252376280638044
GCC,A,-0.358,C,0.033888267891446354
GCG,A,0.018,G,0.03616173082953477
GCT,A,0.969,T,0.07556148872281557
GAC,D,-0.798,C,0.06419739197265757
GAT,D,0.798,T,0.06419739197265756
GAA,E,1.183,A,0.06147680426197895
GAG,E,-1.183,G,0.06147680426197895
GGA,G,1.117,A,0.08826315119991847
GGC,G,-0.68,C,0.05039851412374187
GGG,G,-0.027,G,0.06869263102426783
GGT,G,0.813,T,0.08047597058158794
TTC,F,-1.206,C,0.10746165597218836
TTT,F,1.206,T,0.10746165597218836
TAC,Y,-0.069,C,0.09957954088694512
TAT,Y,0.069,T,0.09957954088694512
TGC,C,-0.961,C,0.22862992524141337
TGT,C,0.961,T,0.2286299252414134
