codon,amino_acid,Celerinatantimonas,third_nucl,standard_error
ATA,I,0.56,A,0.081944567705333
ATC,I,-0.14,C,0.061004060785067274
ATT,I,-0.156,T,0.05562020482213056
ACA,T,0.45,A,0.0735740499332615
ACC,T,-0.415,C,0.07116414520928808
ACG,T,-0.202,G,0.08229990211429691
ACT,T,0.143,T,0.07312852721301749
AAC,N,0.035,C,0.07573422488245213
AAT,N,-0.035,T,0.07573422488245213
AAA,K,-0.125,A,0.07271500956629809
AAG,K,0.125,G,0.07271500956629809
AGC,S,-0.177,C,0.07391379434420257
AGT,S,-0.118,T,0.06346797304608971
TCA,S,0.134,A,0.06887063763511204
TCC,S,0.111,C,0.10661077261358136
TCG,S,-0.139,G,0.08416659720437615
TCT,S,0.225,T,0.0725363974705986
AGA,R,1.053,A,0.11278392104854303
AGG,R,0.39,G,0.18137173256840966
CGA,R,-0.017,A,0.08264517206178429
CGC,R,-0.269,C,0.07941133591456423
CGG,R,-0.433,G,0.10912955321160145
CGT,R,-0.108,T,0.0724962023683117
CTA,L,0.092,A,0.06975210100126313
CTC,L,-0.195,C,0.07564424978975688
CTG,L,-0.267,G,0.06049376177312952
CTT,L,0.12,T,0.0634568296212833
TTA,L,0.181,A,0.04723075790183179
TTG,L,-0.071,G,0.05627860758041604
CCA,P,0.177,A,0.07907306903410058
CCC,P,-0.257,C,0.10389770551064685
CCG,P,-0.162,G,0.09450063277669829
CCT,P,0.094,T,0.0816289578628156
CAC,H,0.141,C,0.101022249965558
CAT,H,-0.141,T,0.101022249965558
CAA,Q,0.419,A,0.06433625695312298
CAG,Q,-0.419,G,0.06433625695312299
GTA,V,0.499,A,0.07739941564308159
GTC,V,-0.258,C,0.06998823179408378
GTG,V,-0.004,G,0.06440953597065988
GTT,V,-0.111,T,0.060744222754772904
GCA,A,0.324,A,0.060035954063780705
GCC,A,-0.148,C,0.06442371435447801
GCG,A,-0.346,G,0.06935135499667787
GCT,A,0.071,T,0.05914574661087769
GAC,D,0.077,C,0.08120958863379812
GAT,D,-0.077,T,0.08120958863379812
GAA,E,0.223,A,0.07409949286942125
GAG,E,-0.223,G,0.07409949286942125
GGA,G,0.352,A,0.0817869326253466
GGC,G,-0.077,C,0.07564616316728046
GGG,G,-0.343,G,0.08813550291943377
GGT,G,0.041,T,0.0712319178759416
TTC,F,-0.136,C,0.08571791297455655
TTT,F,0.136,T,0.08571791297455655
TAC,Y,0.146,C,0.1012551373178072
TAT,Y,-0.146,T,0.1012551373178072
TGC,C,0.174,C,0.14440232549448168
TGT,C,-0.174,T,0.14440232549448168
