codon,amino_acid,Cellvibrio,third_nucl,standard_error
ATA,I,0.397,A,0.0831731503796048
ATC,I,-0.303,C,0.05916393645559621
ATT,I,0.09,T,0.05729412418997623
ACA,T,0.34,A,0.0753450276059977
ACC,T,-0.345,C,0.06064412346723569
ACG,T,-0.359,G,0.08896734460071014
ACT,T,0.517,T,0.0825214216707172
AAC,N,0.059,C,0.07087754719176519
AAT,N,-0.059,T,0.07087754719176519
AAA,K,0.539,A,0.06856370527727265
AAG,K,-0.539,G,0.06856370527727265
AGC,S,-0.455,C,0.06384446707924422
AGT,S,-0.127,T,0.07166190743474382
TCA,S,0.27,A,0.08203957099957457
TCC,S,0.259,C,0.0684578436885233
TCG,S,-0.351,G,0.08801064317593928
TCT,S,0.579,T,0.0858861466307384
AGA,R,1.674,A,0.16031355255284965
AGG,R,0.078,G,0.14423017103214378
CGA,R,0.738,A,0.116032809927145
CGC,R,-0.615,C,0.06210189445411024
CGG,R,-0.445,G,0.11068105205831404
CGT,R,0.241,T,0.07073409131803865
CTA,L,0.649,A,0.10169260123339055
CTC,L,0.214,C,0.06318109417498474
CTG,L,-0.67,G,0.04450247372418999
CTT,L,0.625,T,0.07228076820787331
TTA,L,0.56,A,0.06516355532579479
TTG,L,-0.111,G,0.05082694347175894
CCA,P,0.414,A,0.08805126543718093
CCC,P,0.082,C,0.0679553210477647
CCG,P,-0.765,G,0.07745129055137445
CCT,P,0.398,T,0.08112409364401825
CAC,H,-0.145,C,0.09404472504295538
CAT,H,0.145,T,0.09404472504295538
CAA,Q,0.838,A,0.07041670541288406
CAG,Q,-0.838,G,0.07041670541288406
GTA,V,-0.056,A,0.07160763906485454
GTC,V,-0.047,C,0.07261270737816955
GTG,V,-0.2,G,0.059192373289777174
GTT,V,0.318,T,0.06418542533247157
GCA,A,0.281,A,0.059607291349537586
GCC,A,-0.17,C,0.0516116522627096
GCG,A,-0.522,G,0.06453715592701834
GCT,A,0.49,T,0.06468124708805145
GAC,D,0.137,C,0.07015880237434804
GAT,D,-0.137,T,0.07015880237434804
GAA,E,0.62,A,0.07414220806380593
GAG,E,-0.62,G,0.07414220806380593
GGA,G,0.353,A,0.09643510265827991
GGC,G,-0.117,C,0.06798578151076283
GGG,G,-0.435,G,0.10486494443508125
GGT,G,0.155,T,0.06998864196709156
TTC,F,-0.222,C,0.07593914957020702
TTT,F,0.222,T,0.07593914957020702
TAC,Y,-0.089,C,0.08897815650178227
TAT,Y,0.089,T,0.08897815650178227
TGC,C,-0.116,C,0.1513766018549718
TGT,C,0.116,T,0.1513766018549718
