codon,amino_acid,Cellulosilyticum,third_nucl,standard_error
ATA,I,0.515,A,0.04723143938747736
ATC,I,-0.281,C,0.06804321044559689
ATT,I,-0.341,T,0.044327532414452066
ACA,T,0.273,A,0.05821030749774883
ACC,T,-0.185,C,0.08599399815264851
ACG,T,0.195,G,0.10124375402924761
ACT,T,-0.296,T,0.06332522216443628
AAC,N,-0.058,C,0.07122417101946904
AAT,N,0.058,T,0.07122417101946904
AAA,K,0.265,A,0.04696804624580969
AAG,K,-0.265,G,0.04696804624580969
AGC,S,-0.015,C,0.08332083939797164
AGT,S,0.276,T,0.05830794641789613
TCA,S,0.116,A,0.06833065631012054
TCC,S,0.035,C,0.13502192965534787
TCG,S,0.009,G,0.1752008149520896
TCT,S,-0.538,T,0.0722572061448189
AGA,R,0.536,A,0.06725233177741959
AGG,R,-0.095,G,0.09649132600686022
CGA,R,-0.179,A,0.1379457926782782
CGC,R,-0.362,C,0.15384519685969775
CGG,R,0.062,G,0.25446988716576124
CGT,R,-0.641,T,0.0880173035036726
CTA,L,-0.062,A,0.06277307447708272
CTC,L,-0.366,C,0.10918944118843799
CTG,L,-0.392,G,0.12876753816417383
CTT,L,-0.534,T,0.05469138899102095
TTA,L,0.306,A,0.04295228418475824
TTG,L,0.457,G,0.0739215585364879
CCA,P,0.203,A,0.09015334601476363
CCC,P,0.261,C,0.17335935711719436
CCG,P,0.131,G,0.18424537251320008
CCT,P,-0.307,T,0.09127983543173433
CAC,H,-0.064,C,0.13272766426047197
CAT,H,0.064,T,0.13272766426047197
CAA,Q,0.203,A,0.08268814937603944
CAG,Q,-0.203,G,0.08268814937603942
GTA,V,-0.001,A,0.05295151077804899
GTC,V,-0.06,C,0.10688439514574317
GTG,V,0.34,G,0.06777260491270853
GTT,V,-0.229,T,0.05780846657904039
GCA,A,0.466,A,0.05856444206089696
GCC,A,-0.24,C,0.09836767003087826
GCG,A,0.265,G,0.1161959388761644
GCT,A,-0.48,T,0.061460379909898985
GAC,D,0.096,C,0.08259425307665506
GAT,D,-0.096,T,0.08259425307665506
GAA,E,0.163,A,0.05834320268206157
GAG,E,-0.163,G,0.05834320268206157
GGA,G,0.249,A,0.06163233632655643
GGC,G,-0.163,C,0.08811744997430579
GGG,G,0.128,G,0.08497202524815956
GGT,G,-0.236,T,0.062314625762796685
TTC,F,-0.527,C,0.09487038795658989
TTT,F,0.527,T,0.0948703879565899
TAC,Y,-0.09,C,0.08750274127275716
TAT,Y,0.09,T,0.08750274127275716
TGC,C,-0.324,C,0.143119463383657
TGT,C,0.324,T,0.143119463383657
