codon,amino_acid,Cellulomonas,third_nucl,standard_error
ATA,I,1.992,A,1.5125532566855897
ATC,I,-1.927,C,0.7609474898587351
ATT,I,1.661,T,0.7759603500281997
ACA,T,1.317,A,0.21274157051892711
ACC,T,0.511,C,0.049959126776001284
ACG,T,-0.689,G,0.0501691828859926
ACT,T,1.546,T,0.3073735694218452
AAC,N,-2.374,C,0.7555871011106178
AAT,N,2.374,T,0.7555871011106178
AAA,K,1.488,A,1.119745620332042
AAG,K,-1.488,G,1.119745620332042
AGC,S,0.788,C,0.06786223099944
AGT,S,2.542,T,0.5165288883013541
TCA,S,1.331,A,0.33327002335877026
TCC,S,0.074,C,0.06716864496598682
TCG,S,-1.052,G,0.06514170885285564
TCT,S,1.465,T,0.3456119822005216
AGA,R,3.284,A,0.7200267623161599
AGG,R,1.747,G,0.179655561307496
CGA,R,1.528,A,0.13708289889676034
CGC,R,-0.24,C,0.04814796586823087
CGG,R,-0.581,G,0.05367806047415289
CGT,R,0.562,T,0.08381209536345799
CTA,L,0.7,A,0.4840393373614916
CTC,L,-0.172,C,0.045937330311777436
CTG,L,0.021,G,0.04603408014729834
CTT,L,1.288,T,0.26151423676917573
TTA,L,0.246,A,2.000131605212927
TTG,L,1.741,G,0.23241127696537725
CCA,P,0.785,A,0.22158415264364045
CCC,P,0.449,C,0.053437605700887895
CCG,P,-0.681,G,0.05324006678739965
CCT,P,1.304,T,0.16653199447080758
CAC,H,-1.282,C,0.2995917030181069
CAT,H,1.282,T,0.2995917030181069
CAA,Q,0.865,A,0.3934502542002368
CAG,Q,-0.865,G,0.3934502542002368
GTA,V,0.497,A,0.33692877930795867
GTC,V,-0.697,C,0.0419012917086681
GTG,V,0.666,G,0.041927934296533534
GTT,V,0.797,T,0.2505466882603673
GCA,A,1.289,A,0.09000390916000206
GCC,A,0.31,C,0.038857520923057595
GCG,A,-0.721,G,0.03931766367789918
GCT,A,1.07,T,0.12233641903110641
GAC,D,-0.989,C,0.19545429114005503
GAT,D,0.989,T,0.19545429114005503
GAA,E,1.396,A,0.1890810674802749
GAG,E,-1.396,G,0.1890810674802749
GGA,G,1.295,A,0.11221518672178574
GGC,G,-0.525,C,0.05250351671765761
GGG,G,0.006,G,0.05958820273237637
GGT,G,0.551,T,0.08463262897709338
TTC,F,-0.955,C,0.91434670769568
TTT,F,0.955,T,0.91434670769568
TAC,Y,-1.659,C,0.47906038985405636
TAT,Y,1.659,T,0.47906038985405636
TGC,C,-2.062,C,0.6557596577201856
TGT,C,2.062,T,0.6557596577201856
