codon,amino_acid,Cellulosimicrobium,third_nucl,standard_error
ATA,I,1.335,A,0.8028693437034984
ATC,I,-1.077,C,0.34110619622233596
ATT,I,1.008,T,0.3765138800620273
ACA,T,1.356,A,0.1993314293298332
ACC,T,0.601,C,0.04821805089035346
ACG,T,-0.825,G,0.04846377751427559
ACT,T,1.742,T,0.28024517842839136
AAC,N,-1.36,C,0.5120636041958315
AAT,N,1.36,T,0.5120636041958315
AAA,K,1.724,A,0.6388607215366907
AAG,K,-1.724,G,0.6388607215366907
AGC,S,0.73,C,0.06355157747282923
AGT,S,2.246,T,0.46422423358000786
TCA,S,1.463,A,0.24277085257865638
TCC,S,0.054,C,0.06208695134669831
TCG,S,-1.078,G,0.06065147840125618
TCT,S,1.639,T,0.28625401728066946
AGA,R,3.417,A,0.5871637344968419
AGG,R,1.464,G,0.15744312527016843
CGA,R,1.527,A,0.11208312625900801
CGC,R,-0.489,C,0.047407521869550176
CGG,R,-0.399,G,0.05441345074173762
CGT,R,0.438,T,0.08297190836600726
CTA,L,-0.019,A,0.397614898904116
CTC,L,-0.375,C,0.04670608088319671
CTG,L,0.197,G,0.04759248548402057
CTT,L,1.827,T,0.23156949011226305
TTA,L,1.39,A,1.6331524159843553
TTG,L,1.046,G,0.1807954165472606
CCA,P,1.24,A,0.20374452451674716
CCC,P,0.426,C,0.051556853498620346
CCG,P,-0.777,G,0.05170683756474056
CCT,P,1.449,T,0.15420783174063252
CAC,H,-1.186,C,0.2868637004564778
CAT,H,1.186,T,0.2868637004564778
CAA,Q,0.274,A,0.2540876257862166
CAG,Q,-0.274,G,0.2540876257862166
GTA,V,0.77,A,0.24501539668978917
GTC,V,-0.804,C,0.04198575008510005
GTG,V,0.732,G,0.04200425714149706
GTT,V,1.211,T,0.2218742059600516
GCA,A,1.39,A,0.08354364074230824
GCC,A,0.244,C,0.0380483007770738
GCG,A,-0.749,G,0.03837916281955377
GCT,A,1.143,T,0.10996854044694604
GAC,D,-1.213,C,0.1584273060486961
GAT,D,1.213,T,0.1584273060486961
GAA,E,1.613,A,0.1382178228664688
GAG,E,-1.613,G,0.1382178228664688
GGA,G,1.298,A,0.09852654749193557
GGC,G,-0.455,C,0.05012510831488478
GGG,G,-0.112,G,0.055954158488808456
GGT,G,0.467,T,0.08030078476529286
TTC,F,-1.306,C,0.41124425360628897
TTT,F,1.306,T,0.41124425360628897
TAC,Y,-1.613,C,0.3790647016700748
TAT,Y,1.613,T,0.3790647016700748
TGC,C,-1.409,C,0.5081230492597567
TGT,C,1.409,T,0.5081230492597567
