codon,amino_acid,Cereibacter,third_nucl,standard_error
ATA,I,1.079,A,0.23498889676775309
ATC,I,-1.15,C,0.11117364385618111
ATT,I,1.119,T,0.12391237134949798
ACA,T,1.284,A,0.15505485659643897
ACC,T,0.062,C,0.05426783797849571
ACG,T,-0.46,G,0.05627672454754422
ACT,T,1.201,T,0.17711881097860532
AAC,N,-0.129,C,0.11595895631888846
AAT,N,0.129,T,0.11595895631888846
AAA,K,1.398,A,0.11476827381838871
AAG,K,-1.398,G,0.1147682738183887
AGC,S,0.166,C,0.061560970527623306
AGT,S,0.872,T,0.1869166844913282
TCA,S,1.736,A,0.29747155708227346
TCC,S,0.712,C,0.06986192304066223
TCG,S,-1.125,G,0.060667774580420976
TCT,S,1.35,T,0.18075172622217003
AGA,R,2.457,A,0.2238944952852567
AGG,R,1.084,G,0.11353895260149954
CGA,R,1.481,A,0.1371142534638669
CGC,R,-0.349,C,0.04590521412383882
CGG,R,-0.618,G,0.05135461319794511
CGT,R,0.736,T,0.09347776362174326
CTA,L,0.974,A,0.26745528878565333
CTC,L,-0.145,C,0.03965286343511461
CTG,L,-0.379,G,0.03944394592578703
CTT,L,0.855,T,0.06839170653017747
TTA,L,1.311,A,0.5593571006987418
TTG,L,1.251,G,0.11825221688412454
CCA,P,1.209,A,0.19268202529799866
CCC,P,0.225,C,0.05437672047247582
CCG,P,-0.533,G,0.05426295552319386
CCT,P,0.784,T,0.1157402148410487
CAC,H,0.116,C,0.09425648159899269
CAT,H,-0.116,T,0.09425648159899269
CAA,Q,1.23,A,0.1342261285685908
CAG,Q,-1.23,G,0.1342261285685908
GTA,V,0.842,A,0.20310796856802038
GTC,V,0.211,C,0.05278400742106895
GTG,V,-0.54,G,0.0523519033161363
GTT,V,1.163,T,0.11267704067767237
GCA,A,1.157,A,0.0831882529657498
GCC,A,0.054,C,0.037389495567226816
GCG,A,-0.557,G,0.038867682646778194
GCT,A,1.076,T,0.08962360214374644
GAC,D,0.001,C,0.06126275485414132
GAT,D,-0.001,T,0.06126275485414132
GAA,E,0.984,A,0.0662330720750526
GAG,E,-0.984,G,0.0662330720750526
GGA,G,1.498,A,0.0925397982495869
GGC,G,-0.592,C,0.05227144887854612
GGG,G,-0.207,G,0.06281607907591012
GGT,G,0.723,T,0.09826151025020599
TTC,F,-0.835,C,0.11457968049848892
TTT,F,0.835,T,0.11457968049848892
TAC,Y,0.007,C,0.10507940708017977
TAT,Y,-0.007,T,0.10507940708017977
TGC,C,-0.68,C,0.22415388375268688
TGT,C,0.68,T,0.22415388375268688
