codon,amino_acid,Chamaesiphon,third_nucl,standard_error
ATA,I,0.441,A,0.06585511488951105
ATC,I,-0.195,C,0.04033960756245351
ATT,I,0.023,T,0.039703921974054916
ACA,T,0.328,A,0.050116984049795525
ACC,T,-0.004,C,0.048910249273531166
ACG,T,-0.62,G,0.059179825924440425
ACT,T,0.099,T,0.04530673131242249
AAC,N,0.226,C,0.05492864889894129
AAT,N,-0.226,T,0.05492864889894129
AAA,K,0.177,A,0.05337659637721519
AAG,K,-0.177,G,0.05337659637721519
AGC,S,-0.287,C,0.05577194390673488
AGT,S,-0.247,T,0.04952217104730336
TCA,S,0.484,A,0.05844757548589171
TCC,S,0.305,C,0.0650814206470221
TCG,S,-0.468,G,0.05487864736038085
TCT,S,0.324,T,0.05141367956795901
AGA,R,0.554,A,0.06375089647125122
AGG,R,0.081,G,0.12318900682408233
CGA,R,0.12,A,0.05469160741330209
CGC,R,-0.292,C,0.0529124073643338
CGG,R,-0.638,G,0.06988534420942827
CGT,R,0.237,T,0.06278819220997109
CTA,L,0.183,A,0.04569309556509015
CTC,L,-0.107,C,0.043693861956926906
CTG,L,-0.272,G,0.04886861490366876
CTT,L,0.306,T,0.060433638484278324
TTA,L,0.03,A,0.037123531453730346
TTG,L,-0.043,G,0.04259716812477377
CCA,P,0.213,A,0.053237739074130604
CCC,P,-0.193,C,0.057067110424777585
CCG,P,-0.401,G,0.06489153905479354
CCT,P,0.29,T,0.060115767308047074
CAC,H,-0.084,C,0.08042792950895296
CAT,H,0.084,T,0.08042792950895296
CAA,Q,0.156,A,0.05366707458157112
CAG,Q,-0.156,G,0.05366707458157112
GTA,V,-0.02,A,0.05221899382048781
GTC,V,-0.54,C,0.05112103933937251
GTG,V,0.291,G,0.051790316275138255
GTT,V,0.273,T,0.04955912125560524
GCA,A,0.466,A,0.04544490521188998
GCC,A,-0.356,C,0.04914442278500164
GCG,A,-0.392,G,0.05346469926064377
GCT,A,0.141,T,0.04486957116759964
GAC,D,0.299,C,0.055003129727943044
GAT,D,-0.299,T,0.055003129727943044
GAA,E,0.265,A,0.054098403754866124
GAG,E,-0.265,G,0.054098403754866124
GGA,G,0.388,A,0.059142890509916925
GGC,G,-0.284,C,0.05875357210508533
GGG,G,-0.269,G,0.07739650166211302
GGT,G,0.067,T,0.05396788460644726
TTC,F,0.062,C,0.06161663982428041
TTT,F,-0.062,T,0.06161663982428041
TAC,Y,0.086,C,0.07033984123027223
TAT,Y,-0.086,T,0.07033984123027223
TGC,C,0.044,C,0.10902846201772395
TGT,C,-0.044,T,0.10902846201772395
