codon,amino_acid,Changchengzhania,third_nucl,standard_error
ATA,I,0.593,A,0.05013392806611557
ATC,I,-0.181,C,0.06634008821710179
ATT,I,-0.439,T,0.04669635650275985
ACA,T,0.583,A,0.0634334431791695
ACC,T,-0.373,C,0.07157323415931632
ACG,T,-0.472,G,0.09448169179322509
ACT,T,-0.104,T,0.0701026179868675
AAC,N,0.227,C,0.06413507002130878
AAT,N,-0.227,T,0.06413507002130878
AAA,K,0.182,A,0.0575181797049992
AAG,K,-0.182,G,0.0575181797049992
AGC,S,-0.033,C,0.08797464426190585
AGT,S,-0.074,T,0.06947886657730107
TCA,S,0.488,A,0.068446336550931
TCC,S,-0.096,C,0.10477518926484258
TCG,S,-0.222,G,0.11672486954030951
TCT,S,-0.289,T,0.06974329345075875
AGA,R,0.665,A,0.08134457347950547
AGG,R,-0.385,G,0.13900848125357995
CGA,R,0.174,A,0.1187445830362581
CGC,R,-0.326,C,0.13452322231229147
CGG,R,-0.63,G,0.22098791845612223
CGT,R,-0.633,T,0.10416627577211654
CTA,L,0.337,A,0.06994239712015007
CTC,L,0.273,C,0.1049481649442327
CTG,L,-0.307,G,0.10891523715348024
CTT,L,0.125,T,0.06285693598672358
TTA,L,0.124,A,0.04482129629362932
TTG,L,-0.612,G,0.06146475750240565
CCA,P,0.276,A,0.08943820957670053
CCC,P,0.205,C,0.12209777569781195
CCG,P,-0.339,G,0.14533449708322785
CCT,P,-0.283,T,0.09605646513906596
CAC,H,0.225,C,0.11542050376988035
CAT,H,-0.225,T,0.11542050376988035
CAA,Q,0.322,A,0.10352728147366132
CAG,Q,-0.322,G,0.10352728147366132
GTA,V,0.411,A,0.06393849480938746
GTC,V,-0.024,C,0.10638753737523972
GTG,V,-0.397,G,0.08513363277592886
GTT,V,-0.172,T,0.0641448591086873
GCA,A,0.705,A,0.06778732242282479
GCC,A,-0.143,C,0.0827358471544496
GCG,A,-0.524,G,0.11348067769810292
GCT,A,-0.459,T,0.07290717384007445
GAC,D,0.36,C,0.08023377681790385
GAT,D,-0.36,T,0.08023377681790385
GAA,E,0.372,A,0.08272729505430904
GAG,E,-0.372,G,0.08272729505430904
GGA,G,0.641,A,0.07395955015890435
GGC,G,-0.286,C,0.09201513773454974
GGG,G,-0.219,G,0.1145353500769232
GGT,G,-0.352,T,0.0755651945720816
TTC,F,0.144,C,0.07558764151614966
TTT,F,-0.144,T,0.07558764151614966
TAC,Y,0.348,C,0.08302692629599298
TAT,Y,-0.348,T,0.08302692629599298
TGC,C,-0.012,C,0.17048545054068506
TGT,C,0.012,T,0.17048545054068506
