codon,amino_acid,Chenggangzhangella,third_nucl,standard_error
ATA,I,0.712,A,0.20316822605078852
ATC,I,-0.667,C,0.09515956008816197
ATT,I,0.623,T,0.10528549571141028
ACA,T,0.706,A,0.130521548681098
ACC,T,-0.064,C,0.052153058422392894
ACG,T,-0.163,G,0.05302460677735347
ACT,T,0.622,T,0.13825898838201375
AAC,N,-0.203,C,0.11217961538289296
AAT,N,0.203,T,0.11217961538289296
AAA,K,0.771,A,0.09066285182159724
AAG,K,-0.771,G,0.09066285182159722
AGC,S,0.174,C,0.056632784732151206
AGT,S,0.829,T,0.18636839886560103
TCA,S,0.56,A,0.13282756511954621
TCC,S,0.177,C,0.058744878212128995
TCG,S,-0.549,G,0.05216295326338492
TCT,S,0.493,T,0.12107140528100223
AGA,R,1.069,A,0.14812935780739206
AGG,R,0.279,G,0.09234913904296783
CGA,R,0.548,A,0.08635656642409888
CGC,R,-0.308,C,0.04360959544946133
CGG,R,-0.269,G,0.05321814306243461
CGT,R,0.562,T,0.08026413271219392
CTA,L,-0.028,A,0.1828977318046353
CTC,L,-0.185,C,0.03953686787910918
CTG,L,-0.331,G,0.041421871402930244
CTT,L,0.58,T,0.06494640607275393
TTA,L,0.806,A,0.3092358855118404
TTG,L,1.027,G,0.08635555878561213
CCA,P,0.305,A,0.12431902346497324
CCC,P,0.306,C,0.05645614611192014
CCG,P,-0.497,G,0.053470732253314834
CCT,P,0.546,T,0.098403559942443
CAC,H,0.077,C,0.09690621230183236
CAT,H,-0.077,T,0.09690621230183236
CAA,Q,0.887,A,0.1130043004066893
CAG,Q,-0.887,G,0.1130043004066893
GTA,V,0.543,A,0.17708774823554335
GTC,V,-0.259,C,0.04454126719554807
GTG,V,0.138,G,0.04582228515368995
GTT,V,0.31,T,0.08187953513488419
GCA,A,0.705,A,0.07729251398019149
GCC,A,0.01,C,0.03356276169313896
GCG,A,-0.329,G,0.03375636079192043
GCT,A,0.71,T,0.06978136864055816
GAC,D,-0.416,C,0.06534892737218465
GAT,D,0.416,T,0.06534892737218465
GAA,E,0.895,A,0.06059587265663818
GAG,E,-0.895,G,0.06059587265663818
GGA,G,0.56,A,0.07590642844172443
GGC,G,-0.419,C,0.04975861383171725
GGG,G,0.006,G,0.0645694937566109
GGT,G,0.66,T,0.09629356671425984
TTC,F,-0.41,C,0.09534022096022665
TTT,F,0.41,T,0.09534022096022664
TAC,Y,-0.084,C,0.10237742423774245
TAT,Y,0.084,T,0.10237742423774245
TGC,C,-0.746,C,0.2324199725871928
TGT,C,0.746,T,0.2324199725871928
