codon,amino_acid,Chitinimonas,third_nucl,standard_error
ATA,I,0.313,A,0.09424920280237489
ATC,I,-0.477,C,0.06007009104292607
ATT,I,0.438,T,0.06745822897350782
ACA,T,0.674,A,0.09729894863009407
ACC,T,-0.222,C,0.05535184269672963
ACG,T,-0.44,G,0.06554704625094715
ACT,T,0.939,T,0.10531918027176407
AAC,N,-0.064,C,0.07026366214988287
AAT,N,0.064,T,0.07026366214988287
AAA,K,1.272,A,0.06627945065130125
AAG,K,-1.272,G,0.06627945065130125
AGC,S,-0.475,C,0.05246705139022011
AGT,S,0.444,T,0.09099545152985244
TCA,S,0.728,A,0.12031362319814079
TCC,S,0.541,C,0.060625922709776764
TCG,S,-0.688,G,0.0647434050169935
TCT,S,0.92,T,0.1205144793024772
AGA,R,1.142,A,0.13041002257366635
AGG,R,0.096,G,0.11690246186867483
CGA,R,0.682,A,0.10062758213672102
CGC,R,-0.234,C,0.04931869161950592
CGG,R,-0.876,G,0.07168665226395719
CGT,R,0.539,T,0.06557496604891075
CTA,L,0.743,A,0.08231423308649297
CTC,L,0.566,C,0.05285687808867023
CTG,L,-0.898,G,0.03766091774759371
CTT,L,1.039,T,0.06961290125683747
TTA,L,0.8,A,0.11770036594597963
TTG,L,0.011,G,0.047078931623212056
CCA,P,0.66,A,0.08861527522584679
CCC,P,0.234,C,0.05712303403488064
CCG,P,-0.802,G,0.05728876980117851
CCT,P,0.6,T,0.08536844949586829
CAC,H,0.136,C,0.08393638209678685
CAT,H,-0.136,T,0.08393638209678686
CAA,Q,1.033,A,0.06448052709727924
CAG,Q,-1.033,G,0.06448052709727924
GTA,V,0.432,A,0.0757724497335345
GTC,V,0.021,C,0.05449519196402118
GTG,V,-0.587,G,0.053580002603562195
GTT,V,0.734,T,0.07642041840568976
GCA,A,0.708,A,0.058370510882129155
GCC,A,-0.127,C,0.039199010879089044
GCG,A,-0.548,G,0.047460631030376864
GCT,A,0.524,T,0.0651060359859339
GAC,D,-0.128,C,0.057357427393431706
GAT,D,0.128,T,0.057357427393431706
GAA,E,0.868,A,0.06596370322003643
GAG,E,-0.868,G,0.06596370322003645
GGA,G,0.669,A,0.096196127463337
GGC,G,-0.374,C,0.0574350292511052
GGG,G,0.091,G,0.09260363777787321
GGT,G,0.169,T,0.07120211248320753
TTC,F,-0.626,C,0.06930397436456322
TTT,F,0.626,T,0.0693039743645632
TAC,Y,0.224,C,0.08509969124728956
TAT,Y,-0.224,T,0.08509969124728956
TGC,C,-0.502,C,0.15662740598400968
TGT,C,0.502,T,0.15662740598400968
