codon,amino_acid,Chlorobaculum,third_nucl,standard_error
ATA,I,1.119,A,0.11079795693071305
ATC,I,-0.85,C,0.06806190886466665
ATT,I,0.431,T,0.07329777158329645
ACA,T,1.088,A,0.11533578545323749
ACC,T,-0.209,C,0.07343712169458648
ACG,T,-0.609,G,0.08055573167870514
ACT,T,0.533,T,0.12297340710079828
AAC,N,-0.467,C,0.09387112086968788
AAT,N,0.467,T,0.0938711208696879
AAA,K,0.959,A,0.07050326031582596
AAG,K,-0.959,G,0.07050326031582596
AGC,S,-0.103,C,0.07360722650121192
AGT,S,0.806,T,0.12465118264220529
TCA,S,0.754,A,0.10328569824531986
TCC,S,0.328,C,0.09047647514574587
TCG,S,-0.984,G,0.07594436153386419
TCT,S,0.396,T,0.1270592052029589
AGA,R,1.086,A,0.11090819060551424
AGG,R,0.324,G,0.11012753873509698
CGA,R,0.915,A,0.12714120586575964
CGC,R,-0.841,C,0.07705334499284613
CGG,R,-0.385,G,0.0918000835415166
CGT,R,0.121,T,0.10843579067460292
CTA,L,0.693,A,0.24104270115700804
CTC,L,-0.457,C,0.058351624149419364
CTG,L,-0.357,G,0.060044741138354105
CTT,L,0.492,T,0.07650922880382766
TTA,L,1.262,A,0.14489689298428443
TTG,L,0.46,G,0.08833700825852205
CCA,P,0.821,A,0.11614260478594843
CCC,P,-0.217,C,0.09816334384441347
CCG,P,-0.528,G,0.08283794594926153
CCT,P,0.476,T,0.11587971732982798
CAC,H,-0.757,C,0.11956373684373693
CAT,H,0.757,T,0.11956373684373693
CAA,Q,0.515,A,0.106462211227617
CAG,Q,-0.515,G,0.106462211227617
GTA,V,0.82,A,0.11638116479611935
GTC,V,-0.217,C,0.07057053587403134
GTG,V,-0.565,G,0.07307300897771613
GTT,V,0.63,T,0.08411394788523392
GCA,A,0.949,A,0.08388414655920588
GCC,A,-0.263,C,0.06423313961226519
GCG,A,-0.508,G,0.06847229937880338
GCT,A,0.282,T,0.08580284990464762
GAC,D,-0.529,C,0.07994817063914172
GAT,D,0.529,T,0.07994817063914172
GAA,E,0.765,A,0.071967258231158
GAG,E,-0.765,G,0.071967258231158
GGA,G,0.815,A,0.0895367848609269
GGC,G,-0.707,C,0.07310000971855142
GGG,G,0.05,G,0.10674501888063223
GGT,G,0.306,T,0.10048261695613192
TTC,F,-0.717,C,0.08683856922528319
TTT,F,0.717,T,0.08683856922528319
TAC,Y,-0.34,C,0.10570636424691192
TAT,Y,0.34,T,0.10570636424691192
TGC,C,-0.251,C,0.21646790789932685
TGT,C,0.251,T,0.21646790789932685
