codon,amino_acid,Chloracidobacterium,third_nucl,standard_error
ATA,I,0.687,A,0.1584788121775348
ATC,I,-0.27,C,0.07264121760348453
ATT,I,0.12,T,0.0733989879496009
ACA,T,0.571,A,0.08689927260853277
ACC,T,-0.134,C,0.06204623377084767
ACG,T,-0.421,G,0.0635653091292581
ACT,T,0.684,T,0.11279664617330908
AAC,N,-0.371,C,0.10830097761821347
AAT,N,0.371,T,0.10830097761821346
AAA,K,0.537,A,0.08460821642669555
AAG,K,-0.537,G,0.08460821642669555
AGC,S,-0.67,C,0.08099132007871304
AGT,S,-0.042,T,0.10423767909021651
TCA,S,0.766,A,0.11130396771888179
TCC,S,0.102,C,0.0804812538369934
TCG,S,-0.432,G,0.08529499218538864
TCT,S,1.092,T,0.13260804630616735
AGA,R,1.32,A,0.17544802289560893
AGG,R,0.787,G,0.14785975466867737
CGA,R,1.348,A,0.13187739214725774
CGC,R,-0.308,C,0.05969235457020013
CGG,R,-0.838,G,0.06657381392371908
CGT,R,0.54,T,0.0738601236158545
CTA,L,0.78,A,0.18035474189786926
CTC,L,-0.093,C,0.05797627314824488
CTG,L,-0.552,G,0.048554090899897664
CTT,L,0.551,T,0.06802531566825386
TTA,L,0.638,A,0.18070221631538178
TTG,L,0.468,G,0.07078033995985256
CCA,P,0.563,A,0.08600974961512509
CCC,P,-0.122,C,0.07022352412080725
CCG,P,-0.712,G,0.06433520643701392
CCT,P,1.085,T,0.10247191582860463
CAC,H,-0.273,C,0.11031124362824161
CAT,H,0.273,T,0.11031124362824161
CAA,Q,1.174,A,0.0974702878726956
CAG,Q,-1.174,G,0.0974702878726956
GTA,V,0.263,A,0.11512236492772795
GTC,V,-0.266,C,0.06182554402227799
GTG,V,-0.216,G,0.05992171450699777
GTT,V,0.583,T,0.07328287385906601
GCA,A,0.764,A,0.07590074616732549
GCC,A,-0.516,C,0.051842490856193156
GCG,A,-0.29,G,0.0588544550475258
GCT,A,0.729,T,0.0723091562902833
GAC,D,-0.113,C,0.07777336475550167
GAT,D,0.113,T,0.07777336475550167
GAA,E,0.488,A,0.07493254025322019
GAG,E,-0.488,G,0.07493254025322019
GGA,G,0.514,A,0.08745078247264922
GGC,G,-0.417,C,0.06747734743657326
GGG,G,-0.348,G,0.08185147875901451
GGT,G,0.567,T,0.08303629665867512
TTC,F,-0.148,C,0.08229515501233109
TTT,F,0.148,T,0.08229515501233109
TAC,Y,-0.013,C,0.11404059565360049
TAT,Y,0.013,T,0.11404059565360049
TGC,C,-0.589,C,0.1537623974188877
TGT,C,0.589,T,0.1537623974188877
