codon,amino_acid,Chloroflexus,third_nucl,standard_error
ATA,I,0.659,A,0.10330816099735758
ATC,I,-0.15,C,0.052860133859465024
ATT,I,-0.038,T,0.053260640217060715
ACA,T,0.791,A,0.06841162023560005
ACC,T,-0.422,C,0.05460355208687285
ACG,T,-0.301,G,0.061609706089207884
ACT,T,0.213,T,0.07760462332399622
AAC,N,0.149,C,0.08353837642297214
AAT,N,-0.149,T,0.08353837642297214
AAA,K,0.492,A,0.09274710169288608
AAG,K,-0.492,G,0.09274710169288607
AGC,S,-0.478,C,0.06857578038702047
AGT,S,-0.25,T,0.07352420590640235
TCA,S,0.534,A,0.08134318235057972
TCC,S,0.211,C,0.10988534274642872
TCG,S,-0.213,G,0.07392769827313254
TCT,S,0.895,T,0.11044054116437234
AGA,R,0.798,A,0.15088662654438115
AGG,R,0.385,G,0.1711845670446395
CGA,R,0.737,A,0.07281904681738695
CGC,R,-0.184,C,0.050491407379326406
CGG,R,-0.597,G,0.06111696394360603
CGT,R,0.121,T,0.0547898750055139
CTA,L,0.557,A,0.08739843626542254
CTC,L,0.16,C,0.04949387504783378
CTG,L,-0.622,G,0.04312738456296598
CTT,L,0.501,T,0.06353283698356887
TTA,L,0.452,A,0.0761339131358235
TTG,L,-0.018,G,0.05420865947435743
CCA,P,0.587,A,0.0633476846480953
CCC,P,-0.135,C,0.07091496610720882
CCG,P,-0.63,G,0.05981836192425094
CCT,P,0.36,T,0.07810276588981441
CAC,H,-0.141,C,0.08712557256710958
CAT,H,0.141,T,0.0871255725671096
CAA,Q,0.738,A,0.06853619285847934
CAG,Q,-0.738,G,0.06853619285847934
GTA,V,0.138,A,0.07278034021972951
GTC,V,-0.203,C,0.05926025230233632
GTG,V,-0.141,G,0.052335841797560345
GTT,V,0.278,T,0.05768576960448639
GCA,A,0.366,A,0.05181065231841202
GCC,A,-0.357,C,0.04793776009014255
GCG,A,-0.235,G,0.054359760016195885
GCT,A,0.342,T,0.05709381792482497
GAC,D,0.057,C,0.0680696960807437
GAT,D,-0.057,T,0.0680696960807437
GAA,E,0.442,A,0.06292005703548127
GAG,E,-0.442,G,0.06292005703548127
GGA,G,0.575,A,0.08157828976395984
GGC,G,0.021,C,0.06179213597502187
GGG,G,-0.418,G,0.07947827690307724
GGT,G,-0.074,T,0.06216012187720722
TTC,F,-0.173,C,0.07692291017850385
TTT,F,0.173,T,0.07692291017850385
TAC,Y,-0.167,C,0.08844561762551272
TAT,Y,0.167,T,0.08844561762551272
TGC,C,-0.085,C,0.1627446533197455
TGT,C,0.085,T,0.1627446533197455
