codon,amino_acid,Chlorobium,third_nucl,standard_error
ATA,I,0.433,A,0.07726709619973511
ATC,I,-0.432,C,0.06359324686004228
ATT,I,0.132,T,0.06341144246887508
ACA,T,0.566,A,0.08101501642941335
ACC,T,-0.341,C,0.07343624975328981
ACG,T,-0.397,G,0.08527128853303051
ACT,T,0.278,T,0.09863004675708946
AAC,N,-0.061,C,0.08310002123787857
AAT,N,0.061,T,0.08310002123787857
AAA,K,0.45,A,0.070854053279907
AAG,K,-0.45,G,0.070854053279907
AGC,S,0.012,C,0.07817112687922986
AGT,S,0.199,T,0.09229143667206634
TCA,S,0.209,A,0.08027424285827134
TCC,S,-0.191,C,0.08914790034105449
TCG,S,-0.374,G,0.0854514305029992
TCT,S,0.166,T,0.09763667613116302
AGA,R,0.627,A,0.08466226685501829
AGG,R,0.061,G,0.09963620410986784
CGA,R,0.218,A,0.10496190888998731
CGC,R,-0.418,C,0.09517370765088737
CGG,R,-0.49,G,0.09631165285407986
CGT,R,-0.121,T,0.09444262673440537
CTA,L,0.596,A,0.17218422401720787
CTC,L,-0.25,C,0.0680442053615037
CTG,L,-0.229,G,0.06093287218656597
CTT,L,-0.281,T,0.05698126798706527
TTA,L,0.866,A,0.10113617624746021
TTG,L,0.537,G,0.07825756834515082
CCA,P,0.39,A,0.10565216332844223
CCC,P,-0.204,C,0.10190866823389338
CCG,P,-0.093,G,0.08564825652886969
CCT,P,-0.023,T,0.0913376294820468
CAC,H,-0.097,C,0.11848735788725986
CAT,H,0.097,T,0.11848735788725986
CAA,Q,0.759,A,0.09888071078307256
CAG,Q,-0.759,G,0.09888071078307258
GTA,V,0.36,A,0.08808408873805794
GTC,V,-0.201,C,0.07879184536335408
GTG,V,0.021,G,0.08001332988626317
GTT,V,-0.079,T,0.06804576054166418
GCA,A,0.301,A,0.06906988290356542
GCC,A,-0.368,C,0.0717164614952424
GCG,A,-0.283,G,0.08384630924571038
GCT,A,0.296,T,0.075014281506529
GAC,D,-0.129,C,0.0795042839332903
GAT,D,0.129,T,0.0795042839332903
GAA,E,0.447,A,0.07310060625195669
GAG,E,-0.447,G,0.07310060625195669
GGA,G,0.321,A,0.07509338736972229
GGC,G,-0.318,C,0.07997241239782785
GGG,G,-0.098,G,0.0963657623064467
GGT,G,0.036,T,0.08315569903545698
TTC,F,-0.463,C,0.08453544134469322
TTT,F,0.463,T,0.08453544134469322
TAC,Y,0.207,C,0.10241587823108733
TAT,Y,-0.207,T,0.10241587823108732
TGC,C,-0.361,C,0.16243465733001977
TGT,C,0.361,T,0.16243465733001977
