codon,amino_acid,Chondromyces,third_nucl,standard_error
ATA,I,1.019,A,0.24012438874913125
ATC,I,-0.915,C,0.08628760462643496
ATT,I,0.874,T,0.09141244391859223
ACA,T,0.93,A,0.09786443187611493
ACC,T,-0.122,C,0.04013427426706821
ACG,T,-0.236,G,0.040170388129544446
ACT,T,1.223,T,0.1193103065250572
AAC,N,-0.726,C,0.09297634472942663
AAT,N,0.726,T,0.09297634472942665
AAA,K,0.929,A,0.08755359606427561
AAG,K,-0.929,G,0.08755359606427561
AGC,S,-0.146,C,0.04002750683660502
AGT,S,0.631,T,0.09724552889417205
TCA,S,0.308,A,0.09362537839802362
TCC,S,0.24,C,0.043998622478253334
TCG,S,-0.466,G,0.04041366803254982
TCT,S,0.853,T,0.08491520059985906
AGA,R,1.396,A,0.1170645548954707
AGG,R,0.485,G,0.06704101107672591
CGA,R,0.854,A,0.05535269801863662
CGC,R,-0.4,C,0.033182545357026194
CGG,R,-0.598,G,0.03915813077988109
CGT,R,0.502,T,0.051599019818362866
CTA,L,0.656,A,0.1358013674825659
CTC,L,-0.124,C,0.02955491831837479
CTG,L,-0.392,G,0.03109059869397835
CTT,L,1.099,T,0.06690401687268863
TTA,L,2.453,A,0.4660128195994437
TTG,L,0.623,G,0.057916733140323425
CCA,P,-0.141,A,0.07282295254819969
CCC,P,0.018,C,0.03860031974593763
CCG,P,-0.327,G,0.038690268644142996
CCT,P,0.655,T,0.05434006109445436
CAC,H,-0.652,C,0.07579910587208177
CAT,H,0.652,T,0.07579910587208177
CAA,Q,0.75,A,0.07822029152765603
CAG,Q,-0.75,G,0.07822029152765603
GTA,V,0.66,A,0.11395239124000325
GTC,V,-0.34,C,0.034632695694871304
GTG,V,0.067,G,0.03397355164639775
GTT,V,0.995,T,0.08107358547036125
GCA,A,0.61,A,0.04722037701234517
GCC,A,-0.181,C,0.02942642564218163
GCG,A,-0.355,G,0.02923726165789657
GCT,A,0.798,T,0.04909397337384753
GAC,D,-0.317,C,0.04622491251390828
GAT,D,0.317,T,0.04622491251390828
GAA,E,0.743,A,0.04902912113687983
GAG,E,-0.743,G,0.04902912113687983
GGA,G,0.758,A,0.05294886502375086
GGC,G,-0.365,C,0.03637626727116697
GGG,G,-0.306,G,0.040771999134764474
GGT,G,0.508,T,0.05060828251895437
TTC,F,-0.853,C,0.08852423466795332
TTT,F,0.853,T,0.08852423466795332
TAC,Y,-0.341,C,0.10758616646137337
TAT,Y,0.341,T,0.10758616646137337
TGC,C,-0.554,C,0.11215911701553061
TGT,C,0.554,T,0.11215911701553061
