codon,amino_acid,Chordicoccus,third_nucl,standard_error
ATA,I,1.031,A,0.12175284820142748
ATC,I,-0.719,C,0.06672049031661087
ATT,I,0.423,T,0.07118153640219385
ACA,T,0.774,A,0.0799609605421188
ACC,T,-0.392,C,0.07826572758039663
ACG,T,-0.401,G,0.070133442531157
ACT,T,0.288,T,0.12306637992294868
AAC,N,-0.476,C,0.08405341781945272
AAT,N,0.476,T,0.08405341781945272
AAA,K,0.859,A,0.0681820241357046
AAG,K,-0.859,G,0.0681820241357046
AGC,S,0.161,C,0.0789217689541524
AGT,S,0.809,T,0.11477248456098102
TCA,S,0.754,A,0.11382378670068058
TCC,S,-0.853,C,0.08665022785230218
TCG,S,-0.371,G,0.09335929941178513
TCT,S,0.199,T,0.11768965463002057
AGA,R,1.447,A,0.08160990166263203
AGG,R,0.256,G,0.09269570144471859
CGA,R,0.725,A,0.13476298092374558
CGC,R,-0.832,C,0.08582494886694254
CGG,R,-0.806,G,0.07026300785033178
CGT,R,-0.404,T,0.10101906273917165
CTA,L,0.51,A,0.2153776447860466
CTC,L,-0.677,C,0.07293533398253935
CTG,L,-0.104,G,0.05450897903026373
CTT,L,-0.073,T,0.06702409283952766
TTA,L,1.089,A,0.1480099628156948
TTG,L,1.34,G,0.11998163200981371
CCA,P,1.355,A,0.17766294834979363
CCC,P,-0.001,C,0.12751760936898265
CCG,P,-0.663,G,0.09788557474154787
CCT,P,0.466,T,0.14283053315330432
CAC,H,-0.376,C,0.12597841438926344
CAT,H,0.376,T,0.12597841438926344
CAA,Q,1.0,A,0.16759863294495636
CAG,Q,-1.0,G,0.16759863294495636
GTA,V,0.857,A,0.1008635166187785
GTC,V,-0.609,C,0.06990829735299167
GTG,V,-0.02,G,0.06646406454021143
GTT,V,0.347,T,0.08734840196659897
GCA,A,1.297,A,0.07511080909214954
GCC,A,-0.643,C,0.07035801628389071
GCG,A,-0.569,G,0.060776264928672774
GCT,A,0.342,T,0.08662102339349055
GAC,D,-0.309,C,0.06980635907723375
GAT,D,0.309,T,0.06980635907723375
GAA,E,0.777,A,0.062443154186694716
GAG,E,-0.777,G,0.062443154186694716
GGA,G,0.675,A,0.07110261885193783
GGC,G,-0.513,C,0.06944721266690213
GGG,G,-0.235,G,0.09053147451580411
GGT,G,0.055,T,0.10011536751508837
TTC,F,-0.973,C,0.08939288972283685
TTT,F,0.973,T,0.08939288972283685
TAC,Y,-0.576,C,0.09049653384651586
TAT,Y,0.576,T,0.09049653384651586
TGC,C,-0.524,C,0.15863638791612827
TGT,C,0.524,T,0.15863638791612827
