codon,amino_acid,Christiangramia,third_nucl,standard_error
ATA,I,0.729,A,0.0549075785917133
ATC,I,-0.442,C,0.05255745384671352
ATT,I,-0.216,T,0.04703527068582961
ACA,T,0.756,A,0.07499711736432699
ACC,T,-0.53,C,0.06833103967751618
ACG,T,0.041,G,0.1032329408880204
ACT,T,-0.153,T,0.0737028288037716
AAC,N,0.08,C,0.06562344003808929
AAT,N,-0.08,T,0.06562344003808929
AAA,K,0.117,A,0.05246784966522201
AAG,K,-0.117,G,0.05246784966522201
AGC,S,-0.146,C,0.07589783114518227
AGT,S,0.052,T,0.07209889305997327
TCA,S,0.51,A,0.07240417679524398
TCC,S,-0.229,C,0.08157313870834311
TCG,S,-0.322,G,0.10364151104026524
TCT,S,-0.092,T,0.07145067542962921
AGA,R,0.902,A,0.07409611591465497
AGG,R,-0.347,G,0.09178434930670101
CGA,R,0.135,A,0.1052662034889463
CGC,R,-0.554,C,0.1141884406546975
CGG,R,-0.723,G,0.12552042632198895
CGT,R,-0.542,T,0.10845406321583881
CTA,L,0.37,A,0.07954251704858893
CTC,L,-0.051,C,0.0752801839724192
CTG,L,-0.65,G,0.0566949620928728
CTT,L,-0.355,T,0.049328915718618076
TTA,L,0.746,A,0.05153021978846874
TTG,L,-0.002,G,0.06436029403880623
CCA,P,0.438,A,0.0947312342341076
CCC,P,-0.131,C,0.10229941473624703
CCG,P,-0.23,G,0.10692932009213048
CCT,P,-0.116,T,0.08840101002352475
CAC,H,0.222,C,0.11634739691447685
CAT,H,-0.222,T,0.11634739691447686
CAA,Q,0.659,A,0.08203452719986275
CAG,Q,-0.659,G,0.08203452719986275
GTA,V,0.374,A,0.06478684779499137
GTC,V,0.128,C,0.09651765961640113
GTG,V,-0.649,G,0.07536503431394469
GTT,V,0.076,T,0.06439196188562178
GCA,A,0.796,A,0.06823695072831291
GCC,A,-0.426,C,0.07049534369095191
GCG,A,-0.319,G,0.08877363498498826
GCT,A,-0.197,T,0.06938028831154637
GAC,D,0.198,C,0.0784441550227718
GAT,D,-0.198,T,0.0784441550227718
GAA,E,0.344,A,0.07134364751064805
GAG,E,-0.344,G,0.07134364751064803
GGA,G,0.252,A,0.06794200274718341
GGC,G,0.121,C,0.08316808745723425
GGG,G,-0.195,G,0.106312943928315
GGT,G,-0.343,T,0.08118794525066339
TTC,F,-0.151,C,0.06370955983442017
TTT,F,0.151,T,0.06370955983442017
TAC,Y,0.194,C,0.08017688428185207
TAT,Y,-0.194,T,0.08017688428185207
TGC,C,-0.07,C,0.166059403305101
TGT,C,0.07,T,0.166059403305101
