codon,amino_acid,Christensenella,third_nucl,standard_error
ATA,I,0.646,A,0.08129707545009168
ATC,I,-0.724,C,0.06081202768871681
ATT,I,0.362,T,0.06192914483036066
ACA,T,1.138,A,0.08442308341783379
ACC,T,-0.684,C,0.0887833059692426
ACG,T,-0.478,G,0.07303693643293194
ACT,T,0.091,T,0.12041746562883099
AAC,N,-0.341,C,0.08068718965702246
AAT,N,0.341,T,0.08068718965702246
AAA,K,0.651,A,0.060110621880854434
AAG,K,-0.651,G,0.060110621880854434
AGC,S,0.007,C,0.08109713219114624
AGT,S,1.055,T,0.1197715435718785
TCA,S,0.719,A,0.12155635813826882
TCC,S,-0.903,C,0.10031433073754266
TCG,S,-0.273,G,0.09989226141966738
TCT,S,-0.074,T,0.12395290081093045
AGA,R,1.645,A,0.10731715740350196
AGG,R,0.356,G,0.09286612731915793
CGA,R,0.265,A,0.16143395996604457
CGC,R,-0.963,C,0.08700116289025614
CGG,R,-0.481,G,0.0871714410915394
CGT,R,-0.347,T,0.10884077295245662
CTA,L,0.636,A,0.15107694010233766
CTC,L,-0.845,C,0.08501842790813166
CTG,L,-0.425,G,0.060089914049266696
CTT,L,-0.717,T,0.0682987651667202
TTA,L,1.325,A,0.0973353912599326
TTG,L,1.146,G,0.07957914980971635
CCA,P,0.972,A,0.14234640804194254
CCC,P,-0.304,C,0.11944156187938881
CCG,P,-0.406,G,0.09815461131580101
CCT,P,0.308,T,0.13597150281566525
CAC,H,-0.376,C,0.13680070968361577
CAT,H,0.376,T,0.13680070968361577
CAA,Q,0.796,A,0.09819572886602725
CAG,Q,-0.796,G,0.09819572886602725
GTA,V,0.738,A,0.06984332998110479
GTC,V,-0.522,C,0.08432087432798856
GTG,V,-0.552,G,0.06887213718172293
GTT,V,0.248,T,0.07714033986234978
GCA,A,0.882,A,0.06720356685297878
GCC,A,-0.429,C,0.07793528102922734
GCG,A,-0.661,G,0.06269472123143634
GCT,A,0.431,T,0.09368939990688888
GAC,D,-0.43,C,0.07608488680495655
GAT,D,0.43,T,0.07608488680495655
GAA,E,0.812,A,0.06984664281065639
GAG,E,-0.812,G,0.0698466428106564
GGA,G,0.549,A,0.07144339999137506
GGC,G,-0.496,C,0.06825228538871099
GGG,G,-0.199,G,0.08001081538408045
GGT,G,0.329,T,0.09704393247343333
TTC,F,-0.717,C,0.09111547953248511
TTT,F,0.717,T,0.09111547953248511
TAC,Y,-0.258,C,0.09493140443840486
TAT,Y,0.258,T,0.09493140443840486
TGC,C,-0.754,C,0.14812912934793487
TGT,C,0.754,T,0.14812912934793487
