codon,amino_acid,Chroococcidiopsis,third_nucl,standard_error
ATA,I,0.328,A,0.06054705574309059
ATC,I,-0.075,C,0.04727266321966946
ATT,I,-0.107,T,0.04318181424052673
ACA,T,0.204,A,0.047964329685057386
ACC,T,-0.043,C,0.05479094399320019
ACG,T,-0.48,G,0.060587753547725075
ACT,T,0.125,T,0.046846218895141324
AAC,N,0.014,C,0.05552818145703603
AAT,N,-0.014,T,0.05552818145703603
AAA,K,0.19,A,0.05261897312148326
AAG,K,-0.19,G,0.05261897312148326
AGC,S,-0.149,C,0.054856726714806806
AGT,S,-0.071,T,0.05230563383525098
TCA,S,0.29,A,0.058197333565125395
TCC,S,0.146,C,0.06738886681987062
TCG,S,-0.226,G,0.06413661474104611
TCT,S,0.023,T,0.04860052668174092
AGA,R,0.456,A,0.06038779560396678
AGG,R,0.248,G,0.07587095702527952
CGA,R,0.144,A,0.05896957599611911
CGC,R,-0.374,C,0.051488703382606096
CGG,R,-0.376,G,0.07312287567339157
CGT,R,0.014,T,0.06006289253586584
CTA,L,0.114,A,0.045876951063944835
CTC,L,0.02,C,0.05181456218595749
CTG,L,-0.127,G,0.04835045117180399
CTT,L,0.345,T,0.05594669902793722
TTA,L,-0.094,A,0.03738427317642251
TTG,L,-0.091,G,0.04199379228378987
CCA,P,0.055,A,0.05516667847716352
CCC,P,-0.23,C,0.06376420926589275
CCG,P,-0.165,G,0.07656261034815684
CCT,P,0.223,T,0.05754371739421235
CAC,H,-0.1,C,0.08382814611517714
CAT,H,0.1,T,0.08382814611517714
CAA,Q,0.1,A,0.052113461518950986
CAG,Q,-0.1,G,0.052113461518950986
GTA,V,-0.197,A,0.05086711138384156
GTC,V,-0.415,C,0.05404039132275949
GTG,V,0.447,G,0.05115647359852233
GTT,V,0.104,T,0.046345273439178894
GCA,A,0.111,A,0.044231962447216326
GCC,A,-0.14,C,0.05466431465750326
GCG,A,-0.153,G,0.05657439150726706
GCT,A,0.074,T,0.04325142167369823
GAC,D,0.194,C,0.056835181380129884
GAT,D,-0.194,T,0.056835181380129884
GAA,E,-0.032,A,0.05257620369805772
GAG,E,0.032,G,0.05257620369805772
GGA,G,0.047,A,0.054468380520756865
GGC,G,-0.105,C,0.06283021728524575
GGG,G,0.212,G,0.06502671964594295
GGT,G,-0.111,T,0.054060586242898334
TTC,F,0.093,C,0.06358330407026413
TTT,F,-0.093,T,0.06358330407026413
TAC,Y,0.142,C,0.0679113338417664
TAT,Y,-0.142,T,0.0679113338417664
TGC,C,-0.063,C,0.11623279200361653
TGT,C,0.063,T,0.11623279200361653
