codon,amino_acid,Chromohalobacter,third_nucl,standard_error
ATA,I,0.56,A,0.1567167401405509
ATC,I,-0.643,C,0.07989604254035293
ATT,I,0.584,T,0.08686053555907261
ACA,T,1.394,A,0.13401054499680778
ACC,T,-0.558,C,0.06252428924234138
ACG,T,-0.118,G,0.06516866525637706
ACT,T,0.875,T,0.1282056856439505
AAC,N,-0.316,C,0.10018104560799927
AAT,N,0.316,T,0.10018104560799929
AAA,K,1.437,A,0.10597905482383921
AAG,K,-1.437,G,0.10597905482383921
AGC,S,-0.465,C,0.06611678467940552
AGT,S,0.276,T,0.10430661080354042
TCA,S,1.204,A,0.14330256951279863
TCC,S,0.312,C,0.07302503483460258
TCG,S,-0.578,G,0.06987167981756807
TCT,S,1.103,T,0.15023923514417678
AGA,R,1.633,A,0.21059330842482588
AGG,R,0.525,G,0.18024313027435723
CGA,R,0.901,A,0.10475123349287507
CGC,R,-0.493,C,0.054748160164950266
CGG,R,-0.513,G,0.08135205900206831
CGT,R,0.369,T,0.06509703046618949
CTA,L,1.25,A,0.14131319201186693
CTC,L,0.127,C,0.05175297410579498
CTG,L,-0.777,G,0.045604519343255476
CTT,L,0.866,T,0.09428462489809367
TTA,L,1.39,A,0.19379413244875543
TTG,L,0.421,G,0.06511046704795831
CCA,P,0.932,A,0.12721567852128723
CCC,P,0.035,C,0.06706321485873758
CCG,P,-0.629,G,0.0674140408914832
CCT,P,0.846,T,0.1165807810043938
CAC,H,0.011,C,0.09020640083965419
CAT,H,-0.011,T,0.09020640083965419
CAA,Q,1.321,A,0.09303619569630844
CAG,Q,-1.321,G,0.09303619569630844
GTA,V,0.815,A,0.11037728571415058
GTC,V,-0.259,C,0.060649524510757086
GTG,V,-0.367,G,0.0602743502613664
GTT,V,1.286,T,0.11999969806465897
GCA,A,0.678,A,0.07452675487254132
GCC,A,-0.281,C,0.047677804485993326
GCG,A,-0.389,G,0.05250151286934419
GCT,A,1.136,T,0.09437485815622625
GAC,D,-0.328,C,0.06537403302272529
GAT,D,0.328,T,0.06537403302272529
GAA,E,0.827,A,0.06904911908728399
GAG,E,-0.827,G,0.06904911908728399
GGA,G,0.807,A,0.09819100446779948
GGC,G,-0.51,C,0.06348493799169219
GGG,G,-0.158,G,0.08373213118035379
GGT,G,0.491,T,0.0834515072480709
TTC,F,-0.733,C,0.09902504648604536
TTT,F,0.733,T,0.09902504648604536
TAC,Y,-0.27,C,0.10708924586578682
TAT,Y,0.27,T,0.10708924586578682
TGC,C,-0.448,C,0.1866075751400147
TGT,C,0.448,T,0.1866075751400147
