codon,amino_acid,Chryseobacterium,third_nucl,standard_error
ATA,I,0.87,A,0.04904544572372441
ATC,I,-0.421,C,0.046062384233236366
ATT,I,-0.324,T,0.04050940875616823
ACA,T,0.6,A,0.054615127643999485
ACC,T,-0.339,C,0.06465859293878634
ACG,T,-0.21,G,0.08175332273690794
ACT,T,-0.325,T,0.06017941220567843
AAC,N,0.115,C,0.05268402184571378
AAT,N,-0.115,T,0.05268402184571378
AAA,K,0.321,A,0.04799207022460494
AAG,K,-0.321,G,0.04799207022460494
AGC,S,-0.033,C,0.0703339012883002
AGT,S,0.023,T,0.06195603491232544
TCA,S,0.473,A,0.05665635510823448
TCC,S,-0.11,C,0.07612389664108091
TCG,S,0.042,G,0.09807587918543072
TCT,S,-0.459,T,0.05951082641908251
AGA,R,0.421,A,0.0696497620752069
AGG,R,-0.314,G,0.10847175163288236
CGA,R,0.216,A,0.1293452633456235
CGC,R,-0.051,C,0.16136008059305285
CGG,R,-0.619,G,0.17664634123092066
CGT,R,-0.524,T,0.10419184865573186
CTA,L,0.622,A,0.07321598458853146
CTC,L,0.004,C,0.08233830663609862
CTG,L,-0.662,G,0.05477101426691362
CTT,L,-0.352,T,0.045773794146152756
TTA,L,0.667,A,0.04158015909406721
TTG,L,-0.414,G,0.05399670325542732
CCA,P,0.592,A,0.08554088761737913
CCC,P,0.363,C,0.10881688813494539
CCG,P,-0.328,G,0.09363451278598178
CCT,P,-0.462,T,0.08161204271428309
CAC,H,0.163,C,0.10482375343036213
CAT,H,-0.163,T,0.10482375343036213
CAA,Q,0.804,A,0.0707938467638323
CAG,Q,-0.804,G,0.0707938467638323
GTA,V,0.202,A,0.05558311892828802
GTC,V,0.203,C,0.08942051862862042
GTG,V,-0.333,G,0.07911245139125796
GTT,V,-0.117,T,0.05769397924913629
GCA,A,0.521,A,0.0557435746133382
GCC,A,-0.285,C,0.07112689041602702
GCG,A,0.094,G,0.0920954084254914
GCT,A,-0.438,T,0.06085003928505028
GAC,D,0.367,C,0.06766705502395665
GAT,D,-0.367,T,0.06766705502395665
GAA,E,0.268,A,0.06716951941373678
GAG,E,-0.268,G,0.06716951941373678
GGA,G,0.032,A,0.0619571240449548
GGC,G,0.177,C,0.0908906763994704
GGG,G,-0.07,G,0.10056226531419858
GGT,G,-0.117,T,0.072955959766503
TTC,F,-0.174,C,0.05624992305862242
TTT,F,0.174,T,0.05624992305862243
TAC,Y,0.307,C,0.07032922954472394
TAT,Y,-0.307,T,0.07032922954472394
TGC,C,-0.079,C,0.14122919385348254
TGT,C,0.079,T,0.14122919385348254
