codon,amino_acid,Chthonomonas,third_nucl,standard_error
ATA,I,0.47,A,0.08933458283341408
ATC,I,-0.367,C,0.06893151082714925
ATT,I,0.089,T,0.07153429163542029
ACA,T,0.582,A,0.0838185467085932
ACC,T,-0.532,C,0.06920734414028858
ACG,T,-0.022,G,0.07610939707069712
ACT,T,0.294,T,0.1008708128485385
AAC,N,-0.105,C,0.09364456763659629
AAT,N,0.105,T,0.09364456763659629
AAA,K,0.368,A,0.08139072545129979
AAG,K,-0.368,G,0.08139072545129979
AGC,S,-0.319,C,0.07708290598421935
AGT,S,0.378,T,0.10958561127333409
TCA,S,0.624,A,0.11859903724204701
TCC,S,-0.486,C,0.0855689536864166
TCG,S,-0.06,G,0.08691311547065948
TCT,S,0.37,T,0.08966283969873579
AGA,R,1.23,A,0.11707880946873286
AGG,R,0.437,G,0.1275872323916707
CGA,R,0.414,A,0.08320798761700181
CGC,R,-0.608,C,0.06531117688747695
CGG,R,-0.336,G,0.09385003888524757
CGT,R,-0.102,T,0.07152127635829207
CTA,L,0.265,A,0.0773615786501112
CTC,L,-0.479,C,0.06160051031796088
CTG,L,-0.281,G,0.0604229449012327
CTT,L,-0.06,T,0.058343352722827736
TTA,L,0.475,A,0.08559620287349352
TTG,L,0.47,G,0.06501926341300969
CCA,P,0.234,A,0.08338853861486396
CCC,P,-0.332,C,0.07605194302876138
CCG,P,-0.039,G,0.07878189766465882
CCT,P,0.185,T,0.07750411638773841
CAC,H,-0.182,C,0.10827223412054097
CAT,H,0.182,T,0.10827223412054097
CAA,Q,0.628,A,0.07859044228140144
CAG,Q,-0.628,G,0.07859044228140144
GTA,V,-0.01,A,0.08096940181072336
GTC,V,-0.057,C,0.08391888326403618
GTG,V,-0.173,G,0.06185409023192066
GTT,V,0.277,T,0.07118801610620115
GCA,A,0.529,A,0.07034646808362441
GCC,A,-0.429,C,0.05951252705164124
GCG,A,-0.078,G,0.06591246022839575
GCT,A,0.162,T,0.06787957080523324
GAC,D,0.141,C,0.08379547643592151
GAT,D,-0.141,T,0.08379547643592153
GAA,E,0.547,A,0.06771133626678633
GAG,E,-0.547,G,0.06771133626678633
GGA,G,0.305,A,0.0781871477968057
GGC,G,-0.418,C,0.07004772220938589
GGG,G,-0.043,G,0.07850514928308593
GGT,G,0.293,T,0.08007285976252036
TTC,F,-0.31,C,0.08615255420056253
TTT,F,0.31,T,0.08615255420056253
TAC,Y,-0.233,C,0.10302005287906112
TAT,Y,0.233,T,0.10302005287906112
TGC,C,-0.331,C,0.15086854999566546
TGT,C,0.331,T,0.15086854999566546
