codon,amino_acid,Citrifermentans,third_nucl,standard_error
ATA,I,1.034,A,0.07493887694700499
ATC,I,-1.264,C,0.06235560225474522
ATT,I,0.963,T,0.08524635772791596
ACA,T,1.396,A,0.10295753314649979
ACC,T,-0.999,C,0.06172069037779236
ACG,T,0.087,G,0.07386769692328524
ACT,T,0.867,T,0.10269166828754074
AAC,N,-0.99,C,0.09905850664661935
AAT,N,0.99,T,0.09905850664661935
AAA,K,1.138,A,0.05982819184343845
AAG,K,-1.138,G,0.05982819184343845
AGC,S,0.04,C,0.06121251626490605
AGT,S,0.754,T,0.11815187031451727
TCA,S,1.157,A,0.12157023640489738
TCC,S,-0.582,C,0.0643241410929985
TCG,S,-0.365,G,0.07517496739012901
TCT,S,0.642,T,0.11869801013069828
AGA,R,1.759,A,0.09641264558282439
AGG,R,0.011,G,0.07154225053904156
CGA,R,0.942,A,0.12485347930512002
CGC,R,-0.85,C,0.06246374948880812
CGG,R,-0.664,G,0.07733865383917884
CGT,R,0.265,T,0.09681369693908229
CTA,L,0.926,A,0.11359551801643197
CTC,L,-0.512,C,0.04875630843568148
CTG,L,-0.33,G,0.04281750130694577
CTT,L,0.13,T,0.05743181799980749
TTA,L,1.327,A,0.13124947286227054
TTG,L,0.625,G,0.06098008246384169
CCA,P,1.124,A,0.11838092513389241
CCC,P,-0.199,C,0.0722500673893082
CCG,P,-0.49,G,0.0692213411376037
CCT,P,0.515,T,0.09755619545519656
CAC,H,-0.706,C,0.10724572507184067
CAT,H,0.706,T,0.10724572507184066
CAA,Q,1.119,A,0.0908160839296312
CAG,Q,-1.119,G,0.0908160839296312
GTA,V,1.098,A,0.07861841127928755
GTC,V,-0.545,C,0.054728547096891074
GTG,V,-0.403,G,0.052516073508318814
GTT,V,0.745,T,0.07575620340091906
GCA,A,1.249,A,0.06314809811057946
GCC,A,-0.744,C,0.04940955678032279
GCG,A,-0.384,G,0.05255429315803439
GCT,A,0.613,T,0.07210210653629655
GAC,D,-0.799,C,0.07102502388532621
GAT,D,0.799,T,0.07102502388532621
GAA,E,1.022,A,0.05752588379212278
GAG,E,-1.022,G,0.05752588379212278
GGA,G,0.849,A,0.07444786483813809
GGC,G,-0.435,C,0.05915005759022851
GGG,G,-0.473,G,0.06423721983847583
GGT,G,0.662,T,0.0821674209126579
TTC,F,-0.957,C,0.08123520088997874
TTT,F,0.957,T,0.08123520088997874
TAC,Y,-0.664,C,0.10218826975583135
TAT,Y,0.664,T,0.10218826975583135
TGC,C,-1.02,C,0.1609174189486005
TGT,C,1.02,T,0.1609174189486005
