codon,amino_acid,Clavibacter,third_nucl,standard_error
ATA,I,0.812,A,0.43464631301486667
ATC,I,-0.784,C,0.2495533468739897
ATT,I,0.757,T,0.30249644401670817
ACA,T,1.178,A,0.1918526216441271
ACC,T,0.612,C,0.05724335819321926
ACG,T,-0.891,G,0.05869438712332691
ACT,T,1.34,T,0.2624781250148004
AAC,N,-0.992,C,0.28075762572431934
AAT,N,0.992,T,0.2807576257243194
AAA,K,0.999,A,0.35002264896999763
AAG,K,-0.999,G,0.35002264896999763
AGC,S,0.363,C,0.06762750168878104
AGT,S,1.406,T,0.3451542287407927
TCA,S,1.017,A,0.21164255162467438
TCC,S,0.282,C,0.06369479452399589
TCG,S,-1.055,G,0.0718502279367561
TCT,S,0.92,T,0.2700036924428224
AGA,R,2.7,A,0.4215513427526461
AGG,R,1.359,G,0.16649945314520737
CGA,R,1.021,A,0.12783641172096596
CGC,R,-0.456,C,0.05570254317216315
CGG,R,-0.438,G,0.0677732875786956
CGT,R,0.793,T,0.11809395000898561
CTA,L,0.867,A,0.32527627837653256
CTC,L,-0.127,C,0.053961953792298054
CTG,L,-0.074,G,0.056011434996312205
CTT,L,0.853,T,0.2210039495471132
TTA,L,0.446,A,0.5181990045762294
TTG,L,1.352,G,0.20489065539705198
CCA,P,1.23,A,0.24528432374545156
CCC,P,0.657,C,0.06030125021258048
CCG,P,-0.922,G,0.06145539588520055
CCT,P,1.012,T,0.1874710044916749
CAC,H,-0.818,C,0.21040130051238062
CAT,H,0.818,T,0.21040130051238062
CAA,Q,1.066,A,0.27343981870133294
CAG,Q,-1.066,G,0.27343981870133294
GTA,V,1.605,A,0.2694988100228687
GTC,V,-0.388,C,0.0507869910353361
GTG,V,0.273,G,0.050836291102273265
GTT,V,0.907,T,0.26993908758099827
GCA,A,1.529,A,0.097419385151021
GCC,A,0.102,C,0.042735895078116495
GCG,A,-0.718,G,0.04451703556369635
GCT,A,1.328,T,0.12467089327456911
GAC,D,-0.742,C,0.1015456288240996
GAT,D,0.742,T,0.1015456288240996
GAA,E,2.011,A,0.16243423077070818
GAG,E,-2.011,G,0.16243423077070818
GGA,G,1.233,A,0.09421626179521381
GGC,G,-0.735,C,0.060595536122361175
GGG,G,0.03,G,0.07508825551248857
GGT,G,0.707,T,0.11963530932593835
TTC,F,-1.357,C,0.408187497604215
TTT,F,1.357,T,0.408187497604215
TAC,Y,-0.961,C,0.3467747189573251
TAT,Y,0.961,T,0.3467747189573251
TGC,C,-1.823,C,0.6806156342736325
TGT,C,1.823,T,0.6806156342736325
