codon,amino_acid,Cloacibacillus,third_nucl,standard_error
ATA,I,0.402,A,0.05933152262740559
ATC,I,-0.801,C,0.05828159488599024
ATT,I,0.673,T,0.07595253590428183
ACA,T,1.166,A,0.08961638165836215
ACC,T,-0.678,C,0.07889327044917875
ACG,T,-0.484,G,0.07336458568934899
ACT,T,0.482,T,0.11077382960493688
AAC,N,-0.64,C,0.08203118670161089
AAT,N,0.64,T,0.08203118670161089
AAA,K,0.979,A,0.06073505695735436
AAG,K,-0.979,G,0.06073505695735436
AGC,S,-0.111,C,0.07172316985639382
AGT,S,1.037,T,0.1200733834405965
TCA,S,0.75,A,0.09508735943274751
TCC,S,-0.727,C,0.0846820619295311
TCG,S,-0.647,G,0.0850877371694432
TCT,S,0.578,T,0.10441884384354683
AGA,R,1.549,A,0.08663471142574729
AGG,R,0.236,G,0.08814971481470979
CGA,R,0.865,A,0.17517306216292905
CGC,R,-1.18,C,0.07169834820855626
CGG,R,-0.576,G,0.09982117435507619
CGT,R,-0.002,T,0.08642809144672246
CTA,L,0.893,A,0.1396162843845101
CTC,L,-1.072,C,0.06134952739428185
CTG,L,-0.454,G,0.05406814814394674
CTT,L,0.112,T,0.059414980873422785
TTA,L,1.284,A,0.10828036569580747
TTG,L,1.62,G,0.09568870640252047
CCA,P,0.691,A,0.1285324978752235
CCC,P,-0.338,C,0.09626807354297309
CCG,P,-0.252,G,0.08721900635154273
CCT,P,0.44,T,0.12208803911319918
CAC,H,-0.463,C,0.12975686487638577
CAT,H,0.463,T,0.12975686487638577
CAA,Q,1.065,A,0.14134627372859399
CAG,Q,-1.065,G,0.14134627372859399
GTA,V,0.806,A,0.07336819706513872
GTC,V,-0.87,C,0.06749414266834823
GTG,V,-0.076,G,0.06673106642611412
GTT,V,0.427,T,0.0797354506976655
GCA,A,1.33,A,0.08318121048098973
GCC,A,-0.713,C,0.06180305301099891
GCG,A,-0.427,G,0.057368175614784835
GCT,A,0.885,T,0.08778754843750006
GAC,D,-0.886,C,0.07405518956011137
GAT,D,0.886,T,0.07405518956011135
GAA,E,0.998,A,0.06159949889245431
GAG,E,-0.998,G,0.061599498892454314
GGA,G,0.703,A,0.0714726255816357
GGC,G,-0.72,C,0.06551646897098397
GGG,G,-0.146,G,0.0897241576461256
GGT,G,0.486,T,0.09207432184737613
TTC,F,-0.959,C,0.07854418130898522
TTT,F,0.959,T,0.07854418130898522
TAC,Y,-0.367,C,0.09010254034459562
TAT,Y,0.367,T,0.09010254034459562
TGC,C,-0.514,C,0.14424153010483992
TGT,C,0.514,T,0.14424153010483992
