codon,amino_acid,Clostridium,third_nucl,standard_error
ATA,I,0.078,A,0.03515199487925184
ATC,I,-0.124,C,0.07716719839792548
ATT,I,-0.052,T,0.035141270606123445
ACA,T,0.292,A,0.05419688512129248
ACC,T,-0.268,C,0.11029411340632786
ACG,T,0.409,G,0.12318345156966606
ACT,T,-0.317,T,0.055414774994065594
AAC,N,0.074,C,0.060144444336920365
AAT,N,-0.074,T,0.060144444336920365
AAA,K,0.298,A,0.040360508001712196
AAG,K,-0.298,G,0.040360508001712196
AGC,S,0.01,C,0.0803195757098784
AGT,S,0.436,T,0.05027286060513426
TCA,S,-0.098,A,0.050967715691171034
TCC,S,-0.468,C,0.13690304591735802
TCG,S,0.286,G,0.12970465478414328
TCT,S,-0.429,T,0.05862134346864396
AGA,R,0.208,A,0.06874795721248593
AGG,R,-0.062,G,0.09039615833309973
CGA,R,0.097,A,0.14019278779026506
CGC,R,-0.778,C,0.28269294529315725
CGG,R,-0.397,G,0.3300269605388126
CGT,R,-0.389,T,0.12042671138365234
CTA,L,-0.083,A,0.0631448727171386
CTC,L,-0.644,C,0.1759042777157121
CTG,L,-0.272,G,0.12854430254486496
CTT,L,-0.699,T,0.05157890106826224
TTA,L,0.2,A,0.03720348040720272
TTG,L,0.499,G,0.05226885520569969
CCA,P,0.279,A,0.0840086991910162
CCC,P,0.005,C,0.2380428636944248
CCG,P,-0.008,G,0.1967314395443683
CCT,P,-0.298,T,0.08735610731774031
CAC,H,0.049,C,0.1460765566808169
CAT,H,-0.049,T,0.1460765566808169
CAA,Q,0.154,A,0.09842719728382059
CAG,Q,-0.154,G,0.09842719728382057
GTA,V,0.237,A,0.04778543854301487
GTC,V,-0.145,C,0.12391151577299228
GTG,V,0.647,G,0.07038508451339003
GTT,V,-0.516,T,0.04783183821091257
GCA,A,0.31,A,0.05488513512987573
GCC,A,-0.128,C,0.12271785929690307
GCG,A,0.019,G,0.1262273992315341
GCT,A,-0.305,T,0.05677883635379774
GAC,D,0.118,C,0.07731353142923575
GAT,D,-0.118,T,0.07731353142923575
GAA,E,0.133,A,0.05829299088128144
GAG,E,-0.133,G,0.05829299088128144
GGA,G,0.118,A,0.05217376897286684
GGC,G,-0.27,C,0.09440595271956645
GGG,G,0.143,G,0.08639309064097864
GGT,G,-0.1,T,0.05691016184160926
TTC,F,-0.581,C,0.0827512924651826
TTT,F,0.581,T,0.08275129246518262
TAC,Y,0.041,C,0.08273009454302219
TAT,Y,-0.041,T,0.08273009454302219
TGC,C,-0.078,C,0.12549448120947254
TGT,C,0.078,T,0.12549448120947254
