codon,amino_acid,Cnuibacter,third_nucl,standard_error
ATA,I,1.297,A,0.4640441082628604
ATC,I,-1.475,C,0.22579064146227007
ATT,I,1.508,T,0.25730108526455947
ACA,T,1.338,A,0.1469675485207621
ACC,T,-0.024,C,0.05038622985978903
ACG,T,-0.369,G,0.05208194895642815
ACT,T,1.133,T,0.1657638052365791
AAC,N,-0.942,C,0.2168661672478312
AAT,N,0.942,T,0.2168661672478312
AAA,K,1.122,A,0.2781119932493509
AAG,K,-1.122,G,0.2781119932493509
AGC,S,0.297,C,0.056756325399580136
AGT,S,1.256,T,0.1976656547852849
TCA,S,0.963,A,0.1563782592557837
TCC,S,0.109,C,0.05774491591185833
TCG,S,-0.774,G,0.055368164457499154
TCT,S,1.017,T,0.1771632320927985
AGA,R,1.792,A,0.18575903167243923
AGG,R,0.804,G,0.10017356211167947
CGA,R,0.842,A,0.08658938333317473
CGC,R,-0.369,C,0.04816423205867202
CGG,R,-0.495,G,0.055944371842904655
CGT,R,0.128,T,0.08064059143074584
CTA,L,0.616,A,0.2834868820770497
CTC,L,-0.129,C,0.04464820475558811
CTG,L,-0.081,G,0.04603942400947383
CTT,L,0.837,T,0.14654081341439407
TTA,L,0.222,A,1.000242318763517
TTG,L,1.009,G,0.14450562662511265
CCA,P,1.214,A,0.1792931632951871
CCC,P,0.233,C,0.05549276299283454
CCG,P,-0.573,G,0.0554347180961147
CCT,P,0.783,T,0.1172177206083701
CAC,H,-0.422,C,0.13677738736334136
CAT,H,0.422,T,0.13677738736334136
CAA,Q,1.134,A,0.22989702563922015
CAG,Q,-1.134,G,0.22989702563922018
GTA,V,1.145,A,0.23555535519002996
GTC,V,-0.484,C,0.04417881379508319
GTG,V,0.364,G,0.04405109110838599
GTT,V,1.065,T,0.18724055914314877
GCA,A,1.403,A,0.08041260983365135
GCC,A,-0.22,C,0.03947159236897723
GCG,A,-0.385,G,0.040236966756923516
GCT,A,0.738,T,0.08091733592482066
GAC,D,-0.498,C,0.07460889855540914
GAT,D,0.498,T,0.07460889855540913
GAA,E,1.502,A,0.11059918964177538
GAG,E,-1.502,G,0.11059918964177538
GGA,G,0.786,A,0.07060363868591989
GGC,G,-0.481,C,0.050567908338953055
GGG,G,-0.054,G,0.059923925303252044
GGT,G,0.311,T,0.08046932673686205
TTC,F,-0.829,C,0.35542545257908376
TTT,F,0.829,T,0.35542545257908376
TAC,Y,-0.671,C,0.202483157397865
TAT,Y,0.671,T,0.202483157397865
TGC,C,-0.474,C,0.3544555572305725
TGT,C,0.474,T,0.3544555572305725
