codon,amino_acid,Cognaticolwellia,third_nucl,standard_error
ATA,I,0.422,A,0.05638610890256894
ATC,I,0.02,C,0.06478246116223091
ATT,I,-0.348,T,0.049871324125405556
ACA,T,0.487,A,0.06230263112736977
ACC,T,-0.262,C,0.06745217203868237
ACG,T,-0.352,G,0.08495171596087311
ACT,T,-0.084,T,0.06175343217839181
AAC,N,-0.022,C,0.06290795463727797
AAT,N,0.022,T,0.06290795463727797
AAA,K,0.277,A,0.06432012321955545
AAG,K,-0.277,G,0.06432012321955545
AGC,S,-0.118,C,0.06961463029785141
AGT,S,-0.05,T,0.05917920305580817
TCA,S,0.126,A,0.059174421647375776
TCC,S,0.581,C,0.13607970170827216
TCG,S,-0.132,G,0.09300971218777662
TCT,S,-0.068,T,0.06507979131140465
AGA,R,0.712,A,0.09122523367194892
AGG,R,-0.014,G,0.17786018553613828
CGA,R,-0.051,A,0.09832870927912912
CGC,R,-0.074,C,0.0889378585520208
CGG,R,0.117,G,0.1843193218784892
CGT,R,-0.434,T,0.07638707605481398
CTA,L,0.057,A,0.06606978997077761
CTC,L,0.108,C,0.09863279885367095
CTG,L,-0.212,G,0.08647264334442466
CTT,L,-0.034,T,0.06095566301868382
TTA,L,0.0,A,0.04224933060019012
TTG,L,0.046,G,0.05883439913178654
CCA,P,0.182,A,0.07934629312270772
CCC,P,0.266,C,0.1136848692216201
CCG,P,-0.26,G,0.1071120221451888
CCT,P,-0.168,T,0.08028363698561002
CAC,H,0.199,C,0.10437605303143561
CAT,H,-0.199,T,0.10437605303143563
CAA,Q,0.153,A,0.08382840052375098
CAG,Q,-0.153,G,0.08382840052375098
GTA,V,0.167,A,0.0626834763807166
GTC,V,-0.039,C,0.08913383917575442
GTG,V,0.098,G,0.07098731781545402
GTT,V,-0.189,T,0.057811716116777524
GCA,A,0.354,A,0.05678540303204027
GCC,A,-0.156,C,0.06982696832120834
GCG,A,-0.309,G,0.07525532147412982
GCT,A,-0.066,T,0.056823884531116725
GAC,D,-0.134,C,0.07411818550942555
GAT,D,0.134,T,0.07411818550942555
GAA,E,0.412,A,0.07771225463174579
GAG,E,-0.412,G,0.07771225463174579
GGA,G,0.342,A,0.10393905257712409
GGC,G,0.039,C,0.07653914607489602
GGG,G,0.233,G,0.1269136841457641
GGT,G,-0.261,T,0.07162604002023186
TTC,F,-0.255,C,0.08473765401841625
TTT,F,0.255,T,0.08473765401841625
TAC,Y,0.089,C,0.09399529242309045
TAT,Y,-0.089,T,0.09399529242309045
TGC,C,0.092,C,0.15551138147567137
TGT,C,-0.092,T,0.15551138147567137
