codon,amino_acid,Cohnella,third_nucl,standard_error
ATA,I,0.758,A,0.056449595551095834
ATC,I,-0.44,C,0.03893591552161059
ATT,I,0.061,T,0.04030815602303361
ACA,T,0.915,A,0.06923727185407927
ACC,T,-0.215,C,0.05408266034574164
ACG,T,-0.415,G,0.0451427849817565
ACT,T,0.27,T,0.06342683842239352
AAC,N,-0.249,C,0.05017636482311563
AAT,N,0.249,T,0.05017636482311563
AAA,K,0.548,A,0.04171015962218371
AAG,K,-0.548,G,0.04171015962218371
AGC,S,-0.091,C,0.04653627636798323
AGT,S,0.631,T,0.06929801073605528
TCA,S,0.734,A,0.08015695470378874
TCC,S,-0.388,C,0.04983723652982967
TCG,S,-0.141,G,0.04708881199499514
TCT,S,0.007,T,0.06540492464063273
AGA,R,0.725,A,0.05589659332037745
AGG,R,0.122,G,0.07102539855621957
CGA,R,0.228,A,0.06059376524371092
CGC,R,-0.504,C,0.0516085182777425
CGG,R,-0.405,G,0.055279375243201895
CGT,R,-0.049,T,0.06040811940212394
CTA,L,0.276,A,0.056607037439809105
CTC,L,-0.56,C,0.049424053770415616
CTG,L,-0.472,G,0.04088909501456525
CTT,L,-0.207,T,0.04538897136190989
TTA,L,0.611,A,0.04474061893372937
TTG,L,0.284,G,0.03589773024120729
CCA,P,0.789,A,0.08748568133340894
CCC,P,-0.003,C,0.07079833365665623
CCG,P,-0.376,G,0.056098948508641625
CCT,P,0.073,T,0.06759687931484046
CAC,H,-0.07,C,0.0799461282153425
CAT,H,0.07,T,0.0799461282153425
CAA,Q,0.436,A,0.057262895795603584
CAG,Q,-0.436,G,0.05726289579560358
GTA,V,0.246,A,0.047458199654527904
GTC,V,-0.413,C,0.044264411246315694
GTG,V,0.255,G,0.04340867844609485
GTT,V,-0.065,T,0.04596256417090707
GCA,A,0.76,A,0.05160385840464153
GCC,A,-0.242,C,0.04683577268017421
GCG,A,-0.352,G,0.041082125741062334
GCT,A,0.085,T,0.05007866072984017
GAC,D,-0.112,C,0.04911547536874045
GAT,D,0.112,T,0.04911547536874045
GAA,E,0.429,A,0.04493608647414694
GAG,E,-0.429,G,0.04493608647414694
GGA,G,0.335,A,0.04622108655851326
GGC,G,-0.418,C,0.04688553044174803
GGG,G,-0.062,G,0.05727116511997804
GGT,G,0.186,T,0.05594940396973249
TTC,F,-0.788,C,0.05405995356456647
TTT,F,0.788,T,0.05405995356456647
TAC,Y,-0.117,C,0.059937811924622796
TAT,Y,0.117,T,0.059937811924622796
TGC,C,-0.312,C,0.13627130510361457
TGT,C,0.312,T,0.13627130510361457
