codon,amino_acid,Collimonas,third_nucl,standard_error
ATA,I,0.457,A,0.08292003460094066
ATC,I,-0.758,C,0.05480210019244678
ATT,I,0.695,T,0.061592028397184063
ACA,T,1.222,A,0.0835678907085284
ACC,T,-0.61,C,0.052138832480587045
ACG,T,-0.432,G,0.06393746618633017
ACT,T,0.587,T,0.07373592883665175
AAC,N,-0.573,C,0.06505420249167022
AAT,N,0.573,T,0.06505420249167022
AAA,K,1.251,A,0.05793843885484504
AAG,K,-1.251,G,0.05793843885484504
AGC,S,-0.399,C,0.050576389696316094
AGT,S,0.515,T,0.09015430264569921
TCA,S,1.019,A,0.0909295794675952
TCC,S,0.354,C,0.06082300913652623
TCG,S,-0.941,G,0.05841912145445517
TCT,S,1.003,T,0.09666879200931133
AGA,R,1.62,A,0.13642312771277101
AGG,R,-0.03,G,0.11847323523345459
CGA,R,1.184,A,0.1195490323976268
CGC,R,-0.74,C,0.05347507113682688
CGG,R,-0.397,G,0.07693896657246142
CGT,R,0.611,T,0.07159195116184376
CTA,L,1.098,A,0.10698126518684646
CTC,L,0.478,C,0.057545943202936344
CTG,L,-1.159,G,0.03931999832196728
CTT,L,1.045,T,0.07378796151659232
TTA,L,1.601,A,0.10916041012995338
TTG,L,0.271,G,0.04852116173648384
CCA,P,1.07,A,0.08243273908045523
CCC,P,0.36,C,0.06870765273925807
CCG,P,-1.192,G,0.05821593287601525
CCT,P,0.72,T,0.07977559473128373
CAC,H,-0.232,C,0.08506298687330274
CAT,H,0.232,T,0.08506298687330274
CAA,Q,1.331,A,0.0641092555976639
CAG,Q,-1.331,G,0.0641092555976639
GTA,V,0.713,A,0.07285439572328477
GTC,V,-0.151,C,0.05271219981273796
GTG,V,-0.737,G,0.053434936858562584
GTT,V,0.929,T,0.07194230237427045
GCA,A,1.056,A,0.052159973849576706
GCC,A,-0.255,C,0.040389587489954706
GCG,A,-0.778,G,0.046293912406888654
GCT,A,0.504,T,0.060351840348322444
GAC,D,-0.399,C,0.05984584283715354
GAT,D,0.399,T,0.059845842837153544
GAA,E,0.682,A,0.0701578691873307
GAG,E,-0.682,G,0.0701578691873307
GGA,G,0.865,A,0.08289560682842653
GGC,G,-0.813,C,0.05685486608716145
GGG,G,0.194,G,0.09496799528989722
GGT,G,0.606,T,0.0731313643433095
TTC,F,-0.804,C,0.06645853550518765
TTT,F,0.804,T,0.06645853550518765
TAC,Y,-0.241,C,0.08493907963368606
TAT,Y,0.241,T,0.08493907963368606
TGC,C,-0.967,C,0.16653674873752106
TGT,C,0.967,T,0.16653674873752106
