codon,amino_acid,Collinsella,third_nucl,standard_error
ATA,I,0.627,A,0.17945460843665498
ATC,I,-0.549,C,0.09669411587232404
ATT,I,0.435,T,0.10626280227344147
ACA,T,1.467,A,0.19651045313215426
ACC,T,-0.179,C,0.08139788247753939
ACG,T,-0.415,G,0.08432107076538982
ACT,T,0.826,T,0.1676644665041594
AAC,N,-0.698,C,0.14227520594247975
AAT,N,0.698,T,0.14227520594247975
AAA,K,0.741,A,0.1269337329743672
AAG,K,-0.741,G,0.1269337329743672
AGC,S,-0.031,C,0.0882974336485553
AGT,S,0.582,T,0.188280030982687
TCA,S,0.802,A,0.17549349390052804
TCC,S,-0.326,C,0.08527507515307779
TCG,S,-0.249,G,0.09270602258397465
TCT,S,0.645,T,0.14958125931738997
AGA,R,1.356,A,0.2288010155832903
AGG,R,0.793,G,0.14263952892542292
CGA,R,0.701,A,0.1536107349033743
CGC,R,-0.725,C,0.07696719897786067
CGG,R,-0.163,G,0.12086993766701075
CGT,R,0.337,T,0.10878760916991298
CTA,L,0.984,A,0.2065242481406898
CTC,L,-0.362,C,0.0673653056422526
CTG,L,-0.364,G,0.07182093157524044
CTT,L,0.423,T,0.09494994804896864
TTA,L,0.844,A,0.29189371435689104
TTG,L,0.634,G,0.09735227848928064
CCA,P,0.842,A,0.20609197067562188
CCC,P,-0.283,C,0.09633399948756162
CCG,P,-0.28,G,0.1014774611916948
CCT,P,0.764,T,0.1476286075822765
CAC,H,-0.309,C,0.13941008554367285
CAT,H,0.309,T,0.13941008554367285
CAA,Q,1.062,A,0.14507750688177654
CAG,Q,-1.062,G,0.14507750688177654
GTA,V,1.227,A,0.17618008032968022
GTC,V,-0.395,C,0.07354596159997066
GTG,V,-0.164,G,0.0707056050420239
GTT,V,0.586,T,0.0995529314085457
GCA,A,1.201,A,0.09140050895216108
GCC,A,-0.529,C,0.061063576904472124
GCG,A,-0.356,G,0.06342540814530194
GCT,A,0.727,T,0.10012960016995577
GAC,D,-0.45,C,0.0835310151391664
GAT,D,0.45,T,0.08353101513916641
GAA,E,1.252,A,0.10086507090958674
GAG,E,-1.252,G,0.10086507090958673
GGA,G,0.889,A,0.11159809808728897
GGC,G,-0.771,C,0.07641229727934808
GGG,G,0.129,G,0.10018273064830706
GGT,G,0.479,T,0.09896290813859432
TTC,F,-0.598,C,0.11207810361091361
TTT,F,0.598,T,0.11207810361091361
TAC,Y,-0.427,C,0.13120409684382148
TAT,Y,0.427,T,0.13120409684382148
TGC,C,-0.629,C,0.24398461536582888
TGT,C,0.629,T,0.24398461536582888
