codon,amino_acid,Colwellia,third_nucl,standard_error
ATA,I,0.409,A,0.052797279854177724
ATC,I,-0.023,C,0.05843202812091493
ATT,I,-0.309,T,0.0465484015305688
ACA,T,0.437,A,0.056820467465753914
ACC,T,-0.187,C,0.06175977012516688
ACG,T,-0.496,G,0.08135652756858054
ACT,T,-0.04,T,0.05456606459898698
AAC,N,0.089,C,0.05868929678961026
AAT,N,-0.089,T,0.05868929678961026
AAA,K,0.376,A,0.059629725578572865
AAG,K,-0.376,G,0.05962972557857286
AGC,S,-0.083,C,0.06428961243496749
AGT,S,-0.103,T,0.05368619655460845
TCA,S,0.108,A,0.05363666220613825
TCC,S,0.377,C,0.10703050300261943
TCG,S,-0.065,G,0.09543845608198359
TCT,S,-0.03,T,0.059399055653619554
AGA,R,0.575,A,0.08085607325086126
AGG,R,-0.051,G,0.17030437478668561
CGA,R,-0.118,A,0.09526052428329188
CGC,R,0.155,C,0.09171659062095275
CGG,R,0.073,G,0.18997665937982458
CGT,R,-0.495,T,0.07354433612704862
CTA,L,0.327,A,0.06046362975418924
CTC,L,0.094,C,0.08493858172346802
CTG,L,-0.121,G,0.08291248997354857
CTT,L,0.01,T,0.053893941598706384
TTA,L,-0.048,A,0.039468309027613516
TTG,L,-0.192,G,0.057146353993085174
CCA,P,0.247,A,0.07491521128463798
CCC,P,0.308,C,0.10941293500622722
CCG,P,-0.366,G,0.11657645186794299
CCT,P,-0.229,T,0.07433963106172284
CAC,H,0.326,C,0.09872987137499896
CAT,H,-0.326,T,0.09872987137499896
CAA,Q,0.217,A,0.07833628630302138
CAG,Q,-0.217,G,0.07833628630302138
GTA,V,0.267,A,0.05696786242024901
GTC,V,-0.114,C,0.08282643253030103
GTG,V,0.183,G,0.06808249609614876
GTT,V,-0.305,T,0.054055990114822414
GCA,A,0.345,A,0.054187182831271524
GCC,A,0.081,C,0.06704629593394963
GCG,A,-0.287,G,0.0750201224072196
GCT,A,-0.24,T,0.05432935771962426
GAC,D,0.025,C,0.0729466691605237
GAT,D,-0.025,T,0.0729466691605237
GAA,E,0.464,A,0.07198456602909911
GAG,E,-0.464,G,0.07198456602909911
GGA,G,0.41,A,0.0931138036672193
GGC,G,0.151,C,0.0745735392457156
GGG,G,-0.146,G,0.13306408520711924
GGT,G,-0.293,T,0.06807593292274644
TTC,F,-0.158,C,0.07699080549008967
TTT,F,0.158,T,0.07699080549008967
TAC,Y,0.126,C,0.08487486157043803
TAT,Y,-0.126,T,0.08487486157043803
TGC,C,0.023,C,0.15128504297986248
TGT,C,-0.023,T,0.15128504297986248
