codon,amino_acid,Comamonas,third_nucl,standard_error
ATA,I,0.17,A,0.10827320812620404
ATC,I,-0.508,C,0.05783628085012108
ATT,I,0.509,T,0.06099740695158727
ACA,T,0.877,A,0.08169258101698688
ACC,T,-0.086,C,0.05030156394983098
ACG,T,-0.922,G,0.060241928242064625
ACT,T,0.772,T,0.07800315217348923
AAC,N,-0.165,C,0.07014194916875262
AAT,N,0.165,T,0.07014194916875262
AAA,K,1.434,A,0.06909883159523725
AAG,K,-1.434,G,0.06909883159523725
AGC,S,-0.648,C,0.049227953146985096
AGT,S,0.362,T,0.09481987370621724
TCA,S,0.936,A,0.10018761870922431
TCC,S,0.374,C,0.0542583716787323
TCG,S,-0.79,G,0.061644968495897574
TCT,S,1.146,T,0.08726903270533855
AGA,R,1.081,A,0.1278567749914336
AGG,R,-0.134,G,0.11963995319237607
CGA,R,0.782,A,0.09708596675846369
CGC,R,-0.494,C,0.05071797376818832
CGG,R,-0.189,G,0.09064787781194135
CGT,R,0.261,T,0.0635991941338997
CTA,L,0.81,A,0.12530780905870484
CTC,L,0.357,C,0.05211311550291478
CTG,L,-0.981,G,0.038850166611231786
CTT,L,1.078,T,0.07366766152755994
TTA,L,1.021,A,0.16253608559263272
TTG,L,0.586,G,0.05307618498152329
CCA,P,0.613,A,0.08734708114991224
CCC,P,-0.051,C,0.053750458913369055
CCG,P,-0.618,G,0.06282567428718426
CCT,P,0.441,T,0.06984543261324107
CAC,H,0.029,C,0.07675406241951649
CAT,H,-0.029,T,0.07675406241951649
CAA,Q,1.459,A,0.06433484213678906
CAG,Q,-1.459,G,0.06433484213678906
GTA,V,0.754,A,0.09813299287721063
GTC,V,0.194,C,0.05421920559742577
GTG,V,-1.012,G,0.050999858160400195
GTT,V,1.374,T,0.07720326456547066
GCA,A,0.581,A,0.04950128009786115
GCC,A,-0.345,C,0.03765342582588367
GCG,A,-0.443,G,0.04853051637259682
GCT,A,0.553,T,0.052974808665164734
GAC,D,-0.235,C,0.059367505264702525
GAT,D,0.235,T,0.059367505264702525
GAA,E,1.058,A,0.05975673276043378
GAG,E,-1.058,G,0.05975673276043378
GGA,G,0.769,A,0.08708972074356816
GGC,G,-0.556,C,0.05678223843831674
GGG,G,0.022,G,0.09604038633870896
GGT,G,0.375,T,0.07063637316117778
TTC,F,-0.428,C,0.0660467870670641
TTT,F,0.428,T,0.0660467870670641
TAC,Y,0.152,C,0.09402808575758516
TAT,Y,-0.152,T,0.09402808575758516
TGC,C,-0.694,C,0.16283067565819342
TGT,C,0.694,T,0.16283067565819342
