codon,amino_acid,Conchiformibius,third_nucl,standard_error
ATA,I,0.264,A,0.14266807340115115
ATC,I,0.027,C,0.08474650138745897
ATT,I,-0.109,T,0.07999073643145369
ACA,T,0.077,A,0.12124828657368411
ACC,T,0.103,C,0.08116082086277186
ACG,T,-0.75,G,0.11361400770807356
ACT,T,0.474,T,0.1133069908538255
AAC,N,0.079,C,0.08989462680216856
AAT,N,-0.079,T,0.08989462680216856
AAA,K,0.172,A,0.12113193096427143
AAG,K,-0.172,G,0.12113193096427143
AGC,S,-0.47,C,0.08728388359449536
AGT,S,0.023,T,0.12338477849893051
TCA,S,-0.006,A,0.14959433424997695
TCC,S,0.76,C,0.10628322012599305
TCG,S,-0.907,G,0.11807539507287747
TCT,S,0.759,T,0.11930526868607035
AGA,R,1.016,A,0.20277151494641701
AGG,R,-0.35,G,0.3612830757606592
CGA,R,1.445,A,0.23407886814291542
CGC,R,-0.226,C,0.08296972385128508
CGG,R,-0.421,G,0.18848360408969933
CGT,R,-0.091,T,0.08934325524511162
CTA,L,0.554,A,0.16010973393682595
CTC,L,0.564,C,0.14392822677597922
CTG,L,-0.137,G,0.06233177057805574
CTT,L,1.072,T,0.11286859867097034
TTA,L,0.328,A,0.07394895248517304
TTG,L,-0.638,G,0.06040387570068658
CCA,P,0.427,A,0.15613848335442404
CCC,P,0.182,C,0.08855600823010126
CCG,P,-0.292,G,0.1011294607714808
CCT,P,-0.15,T,0.11056017613433583
CAC,H,-0.029,C,0.11644858079254164
CAT,H,0.029,T,0.11644858079254164
CAA,Q,0.665,A,0.09852705768826601
CAG,Q,-0.665,G,0.09852705768826601
GTA,V,0.001,A,0.09383274441034462
GTC,V,0.497,C,0.1232681135581046
GTG,V,-0.966,G,0.08124253281883974
GTT,V,0.958,T,0.08985671457866234
GCA,A,0.15,A,0.07427882675836149
GCC,A,0.13,C,0.06364870182259685
GCG,A,-0.573,G,0.078200406733243
GCT,A,0.303,T,0.08659529276647127
GAC,D,-0.119,C,0.09157252979315322
GAT,D,0.119,T,0.09157252979315322
GAA,E,0.269,A,0.14084298641934906
GAG,E,-0.269,G,0.14084298641934906
GGA,G,0.328,A,0.1370264386586736
GGC,G,-0.176,C,0.08978942477658462
GGG,G,-0.22,G,0.1535953987648631
GGT,G,0.142,T,0.09774353908335078
TTC,F,0.117,C,0.11499749513635557
TTT,F,-0.117,T,0.11499749513635557
TAC,Y,0.14,C,0.1150659604851174
TAT,Y,-0.14,T,0.11506596048511741
TGC,C,0.37,C,0.1824489710711773
TGT,C,-0.37,T,0.1824489710711773
