codon,amino_acid,Conexibacter,third_nucl,standard_error
ATA,I,-0.015,A,0.21272804615925553
ATC,I,-0.824,C,0.14871273321117082
ATT,I,1.557,T,0.23160194620684713
ACA,T,1.597,A,0.15574382905217096
ACC,T,0.258,C,0.0453054788931464
ACG,T,-0.654,G,0.04519671765631837
ACT,T,1.727,T,0.1804323225286364
AAC,N,-1.32,C,0.20557214546028835
AAT,N,1.32,T,0.20557214546028835
AAA,K,1.793,A,0.3138401574219512
AAG,K,-1.793,G,0.3138401574219512
AGC,S,0.33,C,0.049711723178157155
AGT,S,1.428,T,0.20486347190086396
TCA,S,1.695,A,0.1861202775520572
TCC,S,0.306,C,0.059097944138695464
TCG,S,-1.105,G,0.05145744277701263
TCT,S,1.692,T,0.20922575760920414
AGA,R,0.005,A,0.06745004659983322
AGG,R,1.251,G,0.1306372226812797
CGA,R,1.454,A,0.09837736085367832
CGC,R,-0.477,C,0.03739236950554426
CGG,R,-0.213,G,0.046094851472890844
CGT,R,0.755,T,0.07568309945711615
CTA,L,-0.51,A,0.37261884065007755
CTC,L,0.097,C,0.035695588435089624
CTG,L,-0.434,G,0.03584359466841423
CTT,L,1.42,T,0.11975686689262405
TTA,L,2.336,A,1.4908179645484296
TTG,L,1.325,G,0.1081895453280486
CCA,P,1.427,A,0.12059294759971309
CCC,P,0.477,C,0.049331898522538505
CCG,P,-0.982,G,0.046858049450249205
CCT,P,1.597,T,0.13210855403482732
CAC,H,-0.635,C,0.11291613059092033
CAT,H,0.635,T,0.11291613059092033
CAA,Q,1.435,A,0.14348750089517068
CAG,Q,-1.435,G,0.14348750089517068
GTA,V,1.474,A,0.21433093871426728
GTC,V,-0.836,C,0.03878307995651043
GTG,V,0.677,G,0.03910957105160208
GTT,V,1.279,T,0.14629598764055657
GCA,A,1.505,A,0.0715367476951475
GCC,A,0.035,C,0.03132994978942203
GCG,A,-0.607,G,0.030882036690017007
GCT,A,1.323,T,0.08382378893600027
GAC,D,-1.039,C,0.0819051418137564
GAT,D,1.039,T,0.0819051418137564
GAA,E,1.587,A,0.08500259250052533
GAG,E,-1.587,G,0.08500259250052533
GGA,G,1.41,A,0.08167771892043257
GGC,G,-0.819,C,0.04448785810707929
GGG,G,0.237,G,0.05349293590773118
GGT,G,0.68,T,0.08121933683082702
TTC,F,-1.369,C,0.20658148543181254
TTT,F,1.369,T,0.20658148543181254
TAC,Y,-1.096,C,0.18802867534451034
TAT,Y,1.096,T,0.18802867534451034
TGC,C,-0.669,C,0.23691044243285436
TGT,C,0.669,T,0.23691044243285436
