codon,amino_acid,Congregibacter,third_nucl,standard_error
ATA,I,0.5,A,0.10006599163155519
ATC,I,-0.379,C,0.061894111992598304
ATT,I,0.194,T,0.06377229642019788
ACA,T,0.894,A,0.0816850579419502
ACC,T,-0.395,C,0.05961644386527693
ACG,T,-0.495,G,0.06532073571852175
ACT,T,0.608,T,0.09100152014320113
AAC,N,-0.105,C,0.07865343518603009
AAT,N,0.105,T,0.07865343518603009
AAA,K,0.56,A,0.07023290304282116
AAG,K,-0.56,G,0.07023290304282116
AGC,S,0.008,C,0.05726007195767878
AGT,S,0.2,T,0.07306221385355831
TCA,S,0.629,A,0.0929971928295589
TCC,S,-0.387,C,0.06467608763754659
TCG,S,-0.366,G,0.07740416409239982
TCT,S,0.263,T,0.08932873263127056
AGA,R,1.077,A,0.11529983520352349
AGG,R,0.177,G,0.11572287544514574
CGA,R,0.536,A,0.07841585615082546
CGC,R,-0.268,C,0.05599456886455198
CGG,R,-0.566,G,0.07281543688691969
CGT,R,0.016,T,0.06892844829941526
CTA,L,0.67,A,0.09780780667700806
CTC,L,-0.237,C,0.05043524054534968
CTG,L,-0.464,G,0.044275403246272015
CTT,L,0.208,T,0.057441934091222155
TTA,L,0.945,A,0.09403776779194514
TTG,L,0.261,G,0.06042882581966253
CCA,P,0.623,A,0.10286388263524408
CCC,P,-0.323,C,0.06515162482458957
CCG,P,-0.214,G,0.07262099270589555
CCT,P,0.41,T,0.0866823971098889
CAC,H,-0.035,C,0.09932228431188228
CAT,H,0.035,T,0.09932228431188228
CAA,Q,0.887,A,0.08109696667945962
CAG,Q,-0.887,G,0.08109696667945962
GTA,V,0.41,A,0.0747867555994692
GTC,V,-0.272,C,0.06125822667958395
GTG,V,-0.112,G,0.05311680366897497
GTT,V,0.169,T,0.06638704930064486
GCA,A,0.541,A,0.058735002644263096
GCC,A,-0.333,C,0.04767471956710458
GCG,A,-0.265,G,0.05133950070247103
GCT,A,0.359,T,0.062291605901845355
GAC,D,0.055,C,0.06109901556839103
GAT,D,-0.055,T,0.061099015568391035
GAA,E,0.804,A,0.06180870336885548
GAG,E,-0.804,G,0.06180870336885548
GGA,G,0.411,A,0.07942365497251593
GGC,G,-0.203,C,0.059599486498231206
GGG,G,-0.105,G,0.08195903339159405
GGT,G,0.042,T,0.06671618191041732
TTC,F,-0.196,C,0.07376473177556948
TTT,F,0.196,T,0.07376473177556948
TAC,Y,0.264,C,0.09506036099479317
TAT,Y,-0.264,T,0.09506036099479317
TGC,C,-0.179,C,0.1561874753079016
TGT,C,0.179,T,0.1561874753079016
