codon,amino_acid,Constantimarinum,third_nucl,standard_error
ATA,I,0.478,A,0.0625848938374085
ATC,I,-0.412,C,0.06304768566491
ATT,I,-0.074,T,0.0569433063288715
ACA,T,0.734,A,0.08004202701048307
ACC,T,-0.469,C,0.07411338253315916
ACG,T,-0.301,G,0.10440034271696058
ACT,T,-0.029,T,0.08160461385020233
AAC,N,0.156,C,0.07693672436350535
AAT,N,-0.156,T,0.07693672436350536
AAA,K,0.68,A,0.06212938439131236
AAG,K,-0.68,G,0.06212938439131236
AGC,S,0.061,C,0.0966587453437356
AGT,S,-0.125,T,0.08005440534301649
TCA,S,0.438,A,0.08294218973250621
TCC,S,0.081,C,0.10126205575875605
TCG,S,-0.23,G,0.10260389072854588
TCT,S,-0.284,T,0.08827825504014591
AGA,R,0.888,A,0.08897319767590012
AGG,R,-0.158,G,0.1452802323259736
CGA,R,-0.207,A,0.11051119378531021
CGC,R,-0.241,C,0.1330800881827184
CGG,R,-0.892,G,0.16395783144916373
CGT,R,-0.566,T,0.12138885642476836
CTA,L,0.524,A,0.08267489462783495
CTC,L,-0.076,C,0.08741144310329085
CTG,L,-0.536,G,0.07473680743104577
CTT,L,-0.063,T,0.060305299700798135
TTA,L,0.455,A,0.05772099840310421
TTG,L,-0.456,G,0.06718480503977571
CCA,P,0.63,A,0.11855704085458711
CCC,P,-0.033,C,0.1120504633021338
CCG,P,-0.43,G,0.12589093815223087
CCT,P,-0.158,T,0.10859379625643578
CAC,H,0.11,C,0.12564348213941168
CAT,H,-0.11,T,0.1256434821394117
CAA,Q,0.801,A,0.09847611701422912
CAG,Q,-0.801,G,0.09847611701422912
GTA,V,0.285,A,0.07100932787634476
GTC,V,0.16,C,0.11144380080378626
GTG,V,-0.485,G,0.08631144800400058
GTT,V,-0.008,T,0.07364971085924069
GCA,A,0.602,A,0.07498027857253398
GCC,A,-0.244,C,0.07999336186378785
GCG,A,-0.338,G,0.10833001274844373
GCT,A,-0.28,T,0.085658905660755
GAC,D,0.226,C,0.09073777989357973
GAT,D,-0.226,T,0.09073777989357973
GAA,E,0.456,A,0.08857126024761576
GAG,E,-0.456,G,0.08857126024761576
GGA,G,0.135,A,0.08087571673535535
GGC,G,0.009,C,0.10944090597300932
GGG,G,-0.207,G,0.12140312023275547
GGT,G,-0.058,T,0.09287684028970793
TTC,F,-0.027,C,0.07922552550735533
TTT,F,0.027,T,0.07922552550735532
TAC,Y,0.342,C,0.09402433955294995
TAT,Y,-0.342,T,0.09402433955294995
TGC,C,-0.113,C,0.2020392525694811
TGT,C,0.113,T,0.2020392525694811
