codon,amino_acid,Coprothermobacter,third_nucl,standard_error
ATA,I,-0.076,A,0.09273291693980164
ATC,I,-0.123,C,0.10792718000188786
ATT,I,0.156,T,0.08978289146437271
ACA,T,0.349,A,0.11392018091678383
ACC,T,-0.437,C,0.12460186064629568
ACG,T,0.222,G,0.13467181589009192
ACT,T,-0.139,T,0.11533103759549145
AAC,N,-0.129,C,0.11961792339987314
AAT,N,0.129,T,0.11961792339987314
AAA,K,0.243,A,0.08608951886008168
AAG,K,-0.243,G,0.08608951886008168
AGC,S,0.007,C,0.11195596346317391
AGT,S,0.459,T,0.11151211569495566
TCA,S,-0.075,A,0.12800280964192645
TCC,S,-0.529,C,0.15050657557578387
TCG,S,-0.157,G,0.17309714113699354
TCT,S,-0.053,T,0.1210001721092928
AGA,R,0.591,A,0.10779788106886125
AGG,R,0.0,G,0.12094386248722507
CGA,R,-0.148,A,0.17837006496269955
CGC,R,-0.532,C,0.16341087035763524
CGG,R,-0.026,G,0.21639465287986415
CGT,R,-0.528,T,0.14217295395384313
CTA,L,-0.277,A,0.11025849130361522
CTC,L,-0.121,C,0.11888699419614973
CTG,L,-0.232,G,0.0980178973952804
CTT,L,-0.131,T,0.08485436248213428
TTA,L,0.328,A,0.09317271021331339
TTG,L,0.225,G,0.0794313294708952
CCA,P,0.015,A,0.1343002396611788
CCC,P,-0.181,C,0.15355809653779487
CCG,P,0.565,G,0.17189714660687022
CCT,P,-0.202,T,0.13115420561051447
CAC,H,-0.232,C,0.18486191598632037
CAT,H,0.232,T,0.18486191598632037
CAA,Q,0.375,A,0.1344036706912415
CAG,Q,-0.375,G,0.1344036706912415
GTA,V,-0.066,A,0.08627908897314426
GTC,V,-0.043,C,0.12371930476820796
GTG,V,0.167,G,0.07740610970940841
GTT,V,-0.113,T,0.08346914063799808
GCA,A,0.228,A,0.09722443280446909
GCC,A,-0.332,C,0.12361786267247603
GCG,A,0.213,G,0.14037928380790707
GCT,A,-0.113,T,0.09615726718673456
GAC,D,-0.059,C,0.11056517011473416
GAT,D,0.059,T,0.11056517011473416
GAA,E,0.09,A,0.09156360401118674
GAG,E,-0.09,G,0.09156360401118674
GGA,G,0.196,A,0.10468620616317836
GGC,G,-0.242,C,0.10750721444626171
GGG,G,-0.093,G,0.1317244367632942
GGT,G,0.082,T,0.09650918089863171
TTC,F,-0.258,C,0.11470070201423532
TTT,F,0.258,T,0.11470070201423532
TAC,Y,-0.141,C,0.13426798602658213
TAT,Y,0.141,T,0.13426798602658213
TGC,C,-0.055,C,0.2684987651267624
TGT,C,0.055,T,0.2684987651267624
