codon,amino_acid,Coriobacterium,third_nucl,standard_error
ATA,I,0.468,A,0.1255814489857537
ATC,I,-0.497,C,0.0921608203863283
ATT,I,0.39,T,0.11671616011066772
ACA,T,0.845,A,0.1259832941401252
ACC,T,-0.279,C,0.0920246245358474
ACG,T,-0.301,G,0.09243339817259287
ACT,T,0.285,T,0.1620353001467209
AAC,N,-0.366,C,0.13283112951455725
AAT,N,0.366,T,0.13283112951455725
AAA,K,0.742,A,0.11764538441058761
AAG,K,-0.742,G,0.11764538441058761
AGC,S,0.06,C,0.08747541208895375
AGT,S,0.609,T,0.16356631668727623
TCA,S,0.608,A,0.1211166003289972
TCC,S,-0.291,C,0.09950532693835082
TCG,S,-0.432,G,0.08914000446241284
TCT,S,0.142,T,0.13483595523283912
AGA,R,1.293,A,0.12782168698772114
AGG,R,0.642,G,0.12533517262198995
CGA,R,0.197,A,0.11572715284731162
CGC,R,-0.725,C,0.07582639182911306
CGG,R,-0.45,G,0.10578336685370282
CGT,R,0.181,T,0.11637624413783883
CTA,L,0.836,A,0.20573958659939703
CTC,L,-0.443,C,0.0722763964301678
CTG,L,-0.184,G,0.07367946432932394
CTT,L,0.309,T,0.09796632111508558
TTA,L,0.602,A,0.26437154478821645
TTG,L,0.628,G,0.10560963597334723
CCA,P,0.91,A,0.16277666770970078
CCC,P,-0.219,C,0.10959519758066391
CCG,P,-0.36,G,0.10408549403781363
CCT,P,0.363,T,0.153568492029916
CAC,H,0.079,C,0.1408044206215165
CAT,H,-0.079,T,0.14080442062151652
CAA,Q,0.465,A,0.13800516093446577
CAG,Q,-0.465,G,0.13800516093446577
GTA,V,1.006,A,0.1477230022784911
GTC,V,-0.651,C,0.07883746980208227
GTG,V,0.087,G,0.08085291949198815
GTT,V,0.452,T,0.1038466865371274
GCA,A,0.962,A,0.08507505749227269
GCC,A,-0.497,C,0.07345741330753891
GCG,A,-0.26,G,0.06740977983321003
GCT,A,0.134,T,0.09323197846231668
GAC,D,-0.223,C,0.08395416049351032
GAT,D,0.223,T,0.08395416049351033
GAA,E,0.92,A,0.09877951702500411
GAG,E,-0.92,G,0.09877951702500411
GGA,G,0.452,A,0.09842975390007612
GGC,G,-0.334,C,0.08309118032076014
GGG,G,-0.063,G,0.11411341812887096
GGT,G,0.072,T,0.09842025640853745
TTC,F,-0.415,C,0.1214015300021235
TTT,F,0.415,T,0.12140153000212349
TAC,Y,-0.238,C,0.13635689253851835
TAT,Y,0.238,T,0.13635689253851835
TGC,C,-0.448,C,0.22700889243555736
TGT,C,0.448,T,0.22700889243555736
