codon,amino_acid,Corynebacterium,third_nucl,standard_error
ATA,I,0.353,A,0.30629020345506425
ATC,I,-1.105,C,0.13357004764931896
ATT,I,1.232,T,0.14803509941117832
ACA,T,1.089,A,0.12550540765216825
ACC,T,0.038,C,0.05252429401633226
ACG,T,-0.668,G,0.05553427783413431
ACT,T,1.271,T,0.1253803109066204
AAC,N,-0.601,C,0.15167936388622683
AAT,N,0.601,T,0.15167936388622683
AAA,K,1.621,A,0.24522942530844896
AAG,K,-1.621,G,0.24522942530844896
AGC,S,0.529,C,0.06161699990742556
AGT,S,1.096,T,0.17816447321754814
TCA,S,0.84,A,0.1436149789571828
TCC,S,-0.259,C,0.0590366777283747
TCG,S,-0.879,G,0.06504502525165437
TCT,S,1.05,T,0.16723376165498846
AGA,R,2.047,A,0.27659977981379785
AGG,R,0.428,G,0.09607669276280087
CGA,R,1.01,A,0.1194333647605317
CGC,R,-0.252,C,0.051195383996116
CGG,R,-0.489,G,0.05943576509145408
CGT,R,0.477,T,0.08950486555189417
CTA,L,0.554,A,0.23561538487013292
CTC,L,-0.43,C,0.04627164316239201
CTG,L,0.06,G,0.048320297180438496
CTT,L,0.883,T,0.10502190218508463
TTA,L,0.487,A,0.5405474142852723
TTG,L,1.281,G,0.140018442475861
CCA,P,0.969,A,0.1266450394442073
CCC,P,0.272,C,0.05471175741554452
CCG,P,-0.692,G,0.0554096946050759
CCT,P,0.695,T,0.10949205721038997
CAC,H,-0.602,C,0.12063761818705623
CAT,H,0.602,T,0.12063761818705623
CAA,Q,0.872,A,0.1683882370574832
CAG,Q,-0.872,G,0.1683882370574832
GTA,V,0.943,A,0.1890696596069172
GTC,V,-0.606,C,0.04694105213322851
GTG,V,0.381,G,0.0464260262813155
GTT,V,0.855,T,0.11499989324726023
GCA,A,1.055,A,0.06339351806973867
GCC,A,-0.172,C,0.03802822401647411
GCG,A,-0.514,G,0.040500929935268534
GCT,A,0.945,T,0.08263861975784377
GAC,D,-0.606,C,0.08152177989121946
GAT,D,0.606,T,0.08152177989121946
GAA,E,1.285,A,0.08196136947167794
GAG,E,-1.285,G,0.08196136947167794
GGA,G,0.918,A,0.08054935754370748
GGC,G,-0.379,C,0.050970768530573314
GGG,G,-0.184,G,0.06052033126727093
GGT,G,0.453,T,0.09206614034611527
TTC,F,-1.027,C,0.23588839090595543
TTT,F,1.027,T,0.23588839090595543
TAC,Y,-0.595,C,0.19475872235087696
TAT,Y,0.595,T,0.194758722350877
TGC,C,-1.331,C,0.363010281098119
TGT,C,1.331,T,0.36301028109811895
