codon,amino_acid,Costertonia,third_nucl,standard_error
ATA,I,0.298,A,0.051025497618798786
ATC,I,-0.258,C,0.05825863804385559
ATT,I,-0.099,T,0.04983002039734888
ACA,T,0.85,A,0.06834368511829206
ACC,T,-0.474,C,0.06532007307994572
ACG,T,-0.415,G,0.07994391743789908
ACT,T,-0.073,T,0.07723569343787479
AAC,N,0.006,C,0.06320277808229556
AAT,N,-0.006,T,0.06320277808229556
AAA,K,0.362,A,0.0543499280546026
AAG,K,-0.362,G,0.054349928054602606
AGC,S,0.033,C,0.08501124984603937
AGT,S,-0.013,T,0.07214057970180357
TCA,S,0.485,A,0.07477887576992026
TCC,S,-0.124,C,0.07991322133181314
TCG,S,-0.497,G,0.09460188824897992
TCT,S,-0.079,T,0.08092612282009046
AGA,R,0.896,A,0.07949141139360856
AGG,R,-0.37,G,0.10127844326036654
CGA,R,0.183,A,0.11097613258962537
CGC,R,-0.672,C,0.13363327686785997
CGG,R,-0.677,G,0.16522950973501022
CGT,R,-0.58,T,0.10290243541197461
CTA,L,0.386,A,0.07071836658439799
CTC,L,0.004,C,0.09037042747651014
CTG,L,-0.316,G,0.07804399781318076
CTT,L,0.148,T,0.05880170056486616
TTA,L,0.474,A,0.05195579864050611
TTG,L,-0.599,G,0.04899240754534184
CCA,P,0.416,A,0.09802244251263188
CCC,P,-0.188,C,0.0974758182177202
CCG,P,-0.194,G,0.11945103563427124
CCT,P,-0.088,T,0.0989012077062449
CAC,H,0.233,C,0.11742994571840658
CAT,H,-0.233,T,0.11742994571840658
CAA,Q,0.152,A,0.09276772060374648
CAG,Q,-0.152,G,0.09276772060374648
GTA,V,0.332,A,0.06240578903716367
GTC,V,-0.296,C,0.0921347354728957
GTG,V,-0.359,G,0.0843037137974972
GTT,V,0.009,T,0.06465345648975743
GCA,A,0.675,A,0.06705218391364111
GCC,A,-0.514,C,0.06956359662191973
GCG,A,-0.238,G,0.09195483063251833
GCT,A,-0.076,T,0.07777126320885237
GAC,D,0.003,C,0.0767231879732848
GAT,D,-0.003,T,0.0767231879732848
GAA,E,0.396,A,0.07461692027942372
GAG,E,-0.396,G,0.07461692027942372
GGA,G,0.641,A,0.074990809123784
GGC,G,-0.349,C,0.08617938347985052
GGG,G,-0.415,G,0.1060840083411659
GGT,G,-0.124,T,0.0737537607759655
TTC,F,-0.082,C,0.0702187791163785
TTT,F,0.082,T,0.0702187791163785
TAC,Y,0.007,C,0.08028867539339088
TAT,Y,-0.007,T,0.08028867539339088
TGC,C,-0.099,C,0.16805933895020386
TGT,C,0.099,T,0.16805933895020383
