codon,amino_acid,Crassaminicella,third_nucl,standard_error
ATA,I,0.337,A,0.04401506515342941
ATC,I,-0.157,C,0.06333596451833869
ATT,I,-0.245,T,0.042432818275709924
ACA,T,0.123,A,0.0648663632729561
ACC,T,-0.065,C,0.09962044001716376
ACG,T,0.015,G,0.11079686575234741
ACT,T,-0.127,T,0.07291572345917066
AAC,N,0.216,C,0.07778849598428499
AAT,N,-0.216,T,0.077788495984285
AAA,K,0.21,A,0.0481174248950584
AAG,K,-0.21,G,0.0481174248950584
AGC,S,0.031,C,0.10072683368668503
AGT,S,0.282,T,0.06432427617613674
TCA,S,0.034,A,0.06920421499999277
TCC,S,-0.264,C,0.13889021078023492
TCG,S,0.432,G,0.20023675070253275
TCT,S,-0.36,T,0.06968555585225035
AGA,R,-0.035,A,0.07575757727134237
AGG,R,0.154,G,0.1049240121291719
CGA,R,0.094,A,0.13984754758009207
CGC,R,-0.047,C,0.27704225375537167
CGG,R,-0.086,G,0.2908354105366978
CGT,R,-0.18,T,0.12658301525656587
CTA,L,-0.049,A,0.0674133905048913
CTC,L,-0.133,C,0.13212855221895034
CTG,L,-0.051,G,0.15160304185131795
CTT,L,-0.565,T,0.059311046408350346
TTA,L,0.085,A,0.04427062085964246
TTG,L,0.506,G,0.060806047452847484
CCA,P,0.226,A,0.09470604260970826
CCC,P,-0.007,C,0.16997959925594738
CCG,P,0.372,G,0.22397205243165347
CCT,P,-0.285,T,0.09464739817717797
CAC,H,0.241,C,0.15738018241691362
CAT,H,-0.241,T,0.15738018241691362
CAA,Q,0.18,A,0.10525995190850261
CAG,Q,-0.18,G,0.10525995190850261
GTA,V,-0.157,A,0.054217673962554266
GTC,V,-0.336,C,0.12789658391787728
GTG,V,0.618,G,0.07440575534152447
GTT,V,-0.139,T,0.058670690477808284
GCA,A,0.251,A,0.0654890062294436
GCC,A,-0.447,C,0.1254210001742276
GCG,A,0.355,G,0.15157754402468748
GCT,A,-0.199,T,0.06824474777542885
GAC,D,0.18,C,0.09884657550888071
GAT,D,-0.18,T,0.09884657550888071
GAA,E,0.094,A,0.06744893947672012
GAG,E,-0.094,G,0.06744893947672012
GGA,G,0.055,A,0.060717814222682236
GGC,G,0.044,C,0.12002722551600428
GGG,G,-0.237,G,0.09096284912637512
GGT,G,0.053,T,0.0674934956735015
TTC,F,-0.255,C,0.09605883577755296
TTT,F,0.255,T,0.09605883577755296
TAC,Y,0.152,C,0.10738479474793877
TAT,Y,-0.152,T,0.10738479474793877
TGC,C,-0.083,C,0.16792619455475166
TGT,C,0.083,T,0.16792619455475166
