codon,amino_acid,Crinalium,third_nucl,standard_error
ATA,I,0.125,A,0.05762215043950212
ATC,I,0.066,C,0.05645684140974896
ATT,I,-0.128,T,0.046722415587138764
ACA,T,0.048,A,0.05309423338372581
ACC,T,0.143,C,0.06397608944801594
ACG,T,-0.163,G,0.08330649664819964
ACT,T,-0.074,T,0.050832324377126946
AAC,N,-0.001,C,0.058145052498751314
AAT,N,0.001,T,0.05814505249875131
AAA,K,0.185,A,0.056991657914469106
AAG,K,-0.185,G,0.056991657914469106
AGC,S,-0.101,C,0.06381814752345012
AGT,S,-0.253,T,0.05490837408864425
TCA,S,0.128,A,0.06015368475048954
TCC,S,0.346,C,0.08217697250994063
TCG,S,-0.103,G,0.09430936887452293
TCT,S,0.082,T,0.051347792657062415
AGA,R,0.284,A,0.07015167816648586
AGG,R,-0.043,G,0.10511793958756147
CGA,R,0.094,A,0.07824131407157871
CGC,R,-0.089,C,0.06593464943803107
CGG,R,-0.254,G,0.09719903199099593
CGT,R,-0.09,T,0.0648425598721757
CTA,L,0.11,A,0.05295559519194083
CTC,L,0.148,C,0.07154935782990156
CTG,L,0.161,G,0.06040371871190211
CTT,L,0.303,T,0.0553254444511713
TTA,L,-0.266,A,0.03901280249689699
TTG,L,-0.086,G,0.04844733512878905
CCA,P,-0.023,A,0.05982885421297042
CCC,P,0.09,C,0.07434993751718744
CCG,P,-0.118,G,0.09624798749434292
CCT,P,0.01,T,0.059239829067562394
CAC,H,0.419,C,0.09892436966718621
CAT,H,-0.419,T,0.09892436966718621
CAA,Q,0.178,A,0.059394890108855077
CAG,Q,-0.178,G,0.05939489010885507
GTA,V,-0.328,A,0.05436894794965788
GTC,V,-0.077,C,0.07605350857517608
GTG,V,0.441,G,0.06011457568173228
GTT,V,0.005,T,0.05021514152537621
GCA,A,0.149,A,0.050177898260134995
GCC,A,0.15,C,0.06759239934733813
GCG,A,-0.273,G,0.0727405761906762
GCT,A,-0.093,T,0.049180503946370774
GAC,D,0.29,C,0.06868439419140215
GAT,D,-0.29,T,0.06868439419140215
GAA,E,0.122,A,0.06271262307301215
GAG,E,-0.122,G,0.06271262307301215
GGA,G,0.185,A,0.06505833652249393
GGC,G,0.026,C,0.0735869838114013
GGG,G,-0.111,G,0.08601555508264741
GGT,G,-0.121,T,0.060749705659734005
TTC,F,0.04,C,0.07650436062935002
TTT,F,-0.04,T,0.07650436062935002
TAC,Y,0.359,C,0.07694664388749095
TAT,Y,-0.359,T,0.07694664388749095
TGC,C,0.187,C,0.13601612939687022
TGT,C,-0.187,T,0.13601612939687022
