codon,amino_acid,Croceibacter,third_nucl,standard_error
ATA,I,0.294,A,0.057148021618839674
ATC,I,0.367,C,0.09032271707345897
ATT,I,-0.425,T,0.05578036092461769
ACA,T,0.232,A,0.06782905330219566
ACC,T,0.258,C,0.09355965710780953
ACG,T,-0.259,G,0.1281617726162257
ACT,T,-0.346,T,0.07317971639067745
AAC,N,0.218,C,0.07358032072372037
AAT,N,-0.218,T,0.07358032072372037
AAA,K,0.376,A,0.06450206579125854
AAG,K,-0.376,G,0.06450206579125854
AGC,S,0.13,C,0.09839711205533563
AGT,S,-0.252,T,0.07823048120961268
TCA,S,0.387,A,0.08181101514228396
TCC,S,0.674,C,0.17394544565287193
TCG,S,0.363,G,0.17731513482737335
TCT,S,-0.325,T,0.07140435207618896
AGA,R,0.328,A,0.09129622549298996
AGG,R,-0.463,G,0.17212909465912316
CGA,R,0.299,A,0.16072221515734508
CGC,R,0.293,C,0.15078035461806746
CGG,R,0.909,G,0.39000572854978866
CGT,R,-0.649,T,0.1123689618432188
CTA,L,0.177,A,0.07484001188283983
CTC,L,0.717,C,0.14277230112430714
CTG,L,-0.005,G,0.1579158057694892
CTT,L,0.07,T,0.06281197626348264
TTA,L,-0.158,A,0.05031468436823804
TTG,L,-0.183,G,0.08179645744031407
CCA,P,0.002,A,0.10075471686482272
CCC,P,0.782,C,0.21223211152667773
CCG,P,-0.12,G,0.19696936815293098
CCT,P,-0.153,T,0.10313912730161595
CAC,H,0.167,C,0.12654093266464506
CAT,H,-0.167,T,0.12654093266464506
CAA,Q,0.192,A,0.1150822197506671
CAG,Q,-0.192,G,0.1150822197506671
GTA,V,0.026,A,0.07084698030226484
GTC,V,0.959,C,0.1463032414220345
GTG,V,0.01,G,0.10802450982017237
GTT,V,-0.283,T,0.07340744294211943
GCA,A,0.276,A,0.0712043961144789
GCC,A,0.269,C,0.11122215638837345
GCG,A,0.228,G,0.1365526594900899
GCT,A,-0.498,T,0.0760384962921806
GAC,D,0.559,C,0.08992436000072133
GAT,D,-0.559,T,0.08992436000072133
GAA,E,0.474,A,0.09102227400302339
GAG,E,-0.474,G,0.09102227400302339
GGA,G,0.605,A,0.0868124357595944
GGC,G,0.145,C,0.10822134820592787
GGG,G,0.055,G,0.17822712933115792
GGT,G,-0.693,T,0.08833217232114539
TTC,F,0.471,C,0.0980675096825795
TTT,F,-0.471,T,0.09806750968257952
TAC,Y,0.459,C,0.09389620233827291
TAT,Y,-0.459,T,0.09389620233827291
TGC,C,0.335,C,0.1991167945112945
TGT,C,-0.335,T,0.1991167945112945
