codon,amino_acid,Crocosphaera,third_nucl,standard_error
ATA,I,0.424,A,0.06159031957332247
ATC,I,-0.026,C,0.05328330927121832
ATT,I,-0.216,T,0.04527079936429205
ACA,T,0.322,A,0.056168250213817134
ACC,T,-0.253,C,0.05171908018062523
ACG,T,-0.539,G,0.08532613124608611
ACT,T,0.174,T,0.05194281684579943
AAC,N,0.285,C,0.057523760666070005
AAT,N,-0.285,T,0.05752376066607
AAA,K,0.051,A,0.06388754493442289
AAG,K,-0.051,G,0.0638875449344229
AGC,S,0.049,C,0.08367244728814527
AGT,S,-0.449,T,0.05362982490905105
TCA,S,0.386,A,0.061710471193584415
TCC,S,0.078,C,0.07358013906561627
TCG,S,-0.067,G,0.10931040249510897
TCT,S,0.09,T,0.05015034080197296
AGA,R,0.29,A,0.0687172477239532
AGG,R,-0.186,G,0.1255122262065257
CGA,R,0.005,A,0.07861912181777644
CGC,R,0.026,C,0.08773719470751451
CGG,R,-0.765,G,0.12044232487711976
CGT,R,0.023,T,0.06532843930434766
CTA,L,0.289,A,0.05997791484900501
CTC,L,0.22,C,0.06770571130780738
CTG,L,0.066,G,0.07931010922831672
CTT,L,0.434,T,0.05539385809119269
TTA,L,-0.381,A,0.03727533799126583
TTG,L,-0.028,G,0.05715619031264324
CCA,P,0.378,A,0.07452089313413726
CCC,P,0.087,C,0.06569211456148669
CCG,P,-0.421,G,0.10350943005612585
CCT,P,-0.174,T,0.05971623860260663
CAC,H,0.424,C,0.10054759778876915
CAT,H,-0.424,T,0.10054759778876915
CAA,Q,0.124,A,0.07342895563996601
CAG,Q,-0.124,G,0.07342895563996601
GTA,V,0.136,A,0.0639329491029666
GTC,V,-0.107,C,0.06992128475888656
GTG,V,-0.03,G,0.06477143271033795
GTT,V,-0.011,T,0.05227638842181738
GCA,A,0.398,A,0.059551726260566415
GCC,A,-0.392,C,0.06647524993157149
GCG,A,-0.318,G,0.09565746347546111
GCT,A,0.051,T,0.05479357052529711
GAC,D,0.295,C,0.06738257608387174
GAT,D,-0.295,T,0.06738257608387174
GAA,E,0.177,A,0.07262680702339556
GAG,E,-0.177,G,0.07262680702339555
GGA,G,0.025,A,0.06271598145801081
GGC,G,0.083,C,0.08892725211804478
GGG,G,-0.452,G,0.08302104579953797
GGT,G,0.232,T,0.06514591451211288
TTC,F,0.258,C,0.07773424774011901
TTT,F,-0.258,T,0.07773424774011901
TAC,Y,0.207,C,0.08439443670544874
TAT,Y,-0.207,T,0.08439443670544874
TGC,C,0.064,C,0.16519076770204555
TGT,C,-0.064,T,0.16519076770204555
