codon,amino_acid,Cronobacter,third_nucl,standard_error
ATA,I,0.596,A,0.097181792253603
ATC,I,-0.536,C,0.05590138408372118
ATT,I,0.331,T,0.05609536162533712
ACA,T,1.49,A,0.10700858386948238
ACC,T,-0.462,C,0.05602190397653883
ACG,T,-0.493,G,0.05884845175466286
ACT,T,0.812,T,0.089726198753624
AAC,N,-0.625,C,0.07145666653628353
AAT,N,0.625,T,0.07145666653628353
AAA,K,0.232,A,0.06627408270492792
AAG,K,-0.232,G,0.06627408270492792
AGC,S,-0.642,C,0.058634554066458046
AGT,S,0.674,T,0.09184792406779968
TCA,S,0.744,A,0.09217373898238003
TCC,S,0.06,C,0.07175426784145844
TCG,S,-0.599,G,0.07343698336003131
TCT,S,0.784,T,0.08931095523636044
AGA,R,1.51,A,0.13994842338125335
AGG,R,0.866,G,0.15408096213057745
CGA,R,1.273,A,0.12950210064044299
CGC,R,-0.879,C,0.05559118452566371
CGG,R,-0.261,G,0.09216029842752838
CGT,R,0.342,T,0.0616762755499958
CTA,L,0.684,A,0.13312910435786082
CTC,L,-0.286,C,0.054490145876896746
CTG,L,-0.748,G,0.0403537973632593
CTT,L,0.36,T,0.05812849092032831
TTA,L,1.284,A,0.07207241069318471
TTG,L,0.609,G,0.0762598680959353
CCA,P,0.799,A,0.10805449470030816
CCC,P,0.82,C,0.08414334588059469
CCG,P,-1.288,G,0.06683272010804407
CCT,P,0.865,T,0.08819464147638538
CAC,H,-0.196,C,0.08838115954939749
CAT,H,0.196,T,0.08838115954939749
CAA,Q,1.391,A,0.07889747407975155
CAG,Q,-1.391,G,0.07889747407975153
GTA,V,0.934,A,0.07922096165584637
GTC,V,-0.287,C,0.060881433522932675
GTG,V,-0.66,G,0.052662951976172
GTT,V,0.674,T,0.06512094875113798
GCA,A,1.153,A,0.06838103549598679
GCC,A,-0.097,C,0.04823014265217901
GCG,A,-0.881,G,0.04658576053699336
GCT,A,0.911,T,0.06960770087584615
GAC,D,-0.396,C,0.06353915009321327
GAT,D,0.396,T,0.06353915009321327
GAA,E,0.773,A,0.06546357116186503
GAG,E,-0.773,G,0.06546357116186503
GGA,G,1.336,A,0.10844091691645097
GGC,G,-0.847,C,0.060451322649299345
GGG,G,0.118,G,0.082729990737546
GGT,G,0.55,T,0.07323678060528502
TTC,F,-0.735,C,0.06948209011844751
TTT,F,0.735,T,0.06948209011844751
TAC,Y,-0.083,C,0.08538008945632754
TAT,Y,0.083,T,0.08538008945632754
TGC,C,-0.878,C,0.14496886689776967
TGT,C,0.878,T,0.14496886689776967
