codon,amino_acid,Cruoricaptor,third_nucl,standard_error
ATA,I,0.387,A,0.08049190706647541
ATC,I,-0.339,C,0.06875580916694686
ATT,I,0.046,T,0.06681584628348648
ACA,T,0.748,A,0.10013926385518836
ACC,T,-0.22,C,0.09788144676707475
ACG,T,-0.475,G,0.0996823680711361
ACT,T,-0.066,T,0.10668562504048561
AAC,N,-0.098,C,0.08446957661306634
AAT,N,0.098,T,0.08446957661306634
AAA,K,0.548,A,0.07094263833258313
AAG,K,-0.548,G,0.07094263833258313
AGC,S,-0.003,C,0.09278142203065833
AGT,S,0.386,T,0.12874180103359245
TCA,S,0.577,A,0.11432026743989777
TCC,S,-0.268,C,0.09847608509869225
TCG,S,-0.321,G,0.11466627979476152
TCT,S,-0.179,T,0.1082420979933149
AGA,R,0.783,A,0.10192153026289277
AGG,R,-0.32,G,0.11615027262338662
CGA,R,0.289,A,0.1597742801012757
CGC,R,-0.401,C,0.10956147009507844
CGG,R,-0.45,G,0.13736323740146453
CGT,R,-0.201,T,0.1672986645412829
CTA,L,0.411,A,0.12274177486842631
CTC,L,-0.047,C,0.09244248452195816
CTG,L,-0.637,G,0.06715817323441423
CTT,L,-0.047,T,0.07371968961833036
TTA,L,0.793,A,0.08843405448105657
TTG,L,0.133,G,0.08622027775230834
CCA,P,0.406,A,0.131131463023316
CCC,P,0.028,C,0.15922930973057428
CCG,P,-0.509,G,0.11610204054193064
CCT,P,0.253,T,0.1346065376043889
CAC,H,-0.395,C,0.15205555384209019
CAT,H,0.395,T,0.15205555384209019
CAA,Q,0.618,A,0.10516939018728648
CAG,Q,-0.618,G,0.10516939018728648
GTA,V,0.491,A,0.09294573697896756
GTC,V,0.261,C,0.15474306181067862
GTG,V,-0.794,G,0.09137447624944363
GTT,V,0.287,T,0.0934035415464402
GCA,A,0.382,A,0.08128526885437068
GCC,A,0.048,C,0.09038103916477025
GCG,A,-0.418,G,0.08555002746098347
GCT,A,-0.05,T,0.0945543588200049
GAC,D,0.264,C,0.1007088879065401
GAT,D,-0.264,T,0.10070888790654009
GAA,E,0.535,A,0.08740720816345078
GAG,E,-0.535,G,0.08740720816345078
GGA,G,0.384,A,0.1006662956282706
GGC,G,-0.337,C,0.09229266358862002
GGG,G,-0.207,G,0.12404941923066003
GGT,G,0.207,T,0.10949283208029409
TTC,F,-0.577,C,0.08147521300340506
TTT,F,0.577,T,0.08147521300340506
TAC,Y,0.169,C,0.10834490770006279
TAT,Y,-0.169,T,0.10834490770006279
TGC,C,-0.286,C,0.25310769236820163
TGT,C,0.286,T,0.25310769236820163
