codon,amino_acid,Cryobacterium,third_nucl,standard_error
ATA,I,1.226,A,0.22229741134343406
ATC,I,-1.469,C,0.10829070235713623
ATT,I,1.454,T,0.12103413433940813
ACA,T,1.228,A,0.1074522079911694
ACC,T,-0.432,C,0.05005199990614856
ACG,T,-0.3,G,0.056358976842723806
ACT,T,1.243,T,0.1160944776134029
AAC,N,-0.893,C,0.12812256152621074
AAT,N,0.893,T,0.12812256152621074
AAA,K,1.356,A,0.1328149843373331
AAG,K,-1.356,G,0.13281498433733313
AGC,S,-0.036,C,0.05628837420235675
AGT,S,0.858,T,0.13133725816576008
TCA,S,1.086,A,0.1284167543188978
TCC,S,-0.065,C,0.057422820957441154
TCG,S,-0.699,G,0.06218966278478674
TCT,S,1.234,T,0.15152484298690694
AGA,R,2.301,A,0.2362727238274788
AGG,R,0.419,G,0.12856608565287336
CGA,R,1.115,A,0.10563839169836223
CGC,R,-0.318,C,0.05218040669512724
CGG,R,-0.701,G,0.06043961989771334
CGT,R,0.564,T,0.08282445373903885
CTA,L,0.913,A,0.18920996730621767
CTC,L,0.006,C,0.04468952379098319
CTG,L,-0.502,G,0.0451945397634111
CTT,L,1.173,T,0.10469212974034277
TTA,L,1.067,A,0.36249074211209903
TTG,L,0.662,G,0.08763869677837687
CCA,P,1.085,A,0.1273102858145673
CCC,P,0.149,C,0.05585284249152183
CCG,P,-0.655,G,0.05619141835864007
CCT,P,1.034,T,0.12937013993718482
CAC,H,-0.658,C,0.14050286893977237
CAT,H,0.658,T,0.14050286893977237
CAA,Q,0.802,A,0.1301673962948736
CAG,Q,-0.802,G,0.13016739629487362
GTA,V,1.143,A,0.13138260241431796
GTC,V,-0.341,C,0.04775732071268732
GTG,V,-0.087,G,0.04586922087460779
GTT,V,0.828,T,0.08889739918085368
GCA,A,1.186,A,0.06812114802141364
GCC,A,-0.433,C,0.04047635768006199
GCG,A,-0.324,G,0.04534961476783527
GCT,A,0.84,T,0.08019146365573247
GAC,D,-0.625,C,0.07158721895404711
GAT,D,0.625,T,0.07158721895404711
GAA,E,0.951,A,0.06987621403919873
GAG,E,-0.951,G,0.06987621403919872
GGA,G,0.863,A,0.07913794061898173
GGC,G,-0.593,C,0.05317329570042165
GGG,G,0.059,G,0.07123722574159765
GGT,G,0.359,T,0.07584474128655479
TTC,F,-1.333,C,0.16916030581599908
TTT,F,1.333,T,0.16916030581599908
TAC,Y,-0.806,C,0.14070118499468987
TAT,Y,0.806,T,0.14070118499468987
TGC,C,-0.678,C,0.29710749514353063
TGT,C,0.678,T,0.29710749514353063
