codon,amino_acid,Cryptobacterium,third_nucl,standard_error
ATA,I,0.498,A,0.13691750187321158
ATC,I,0.065,C,0.09865323041952029
ATT,I,-0.308,T,0.09492519007227897
ACA,T,0.345,A,0.1138685913506241
ACC,T,-0.293,C,0.10396165930907973
ACG,T,-0.279,G,0.10809919384484916
ACT,T,0.347,T,0.12165497448103925
AAC,N,0.089,C,0.13065383168363415
AAT,N,-0.089,T,0.13065383168363415
AAA,K,0.459,A,0.10924029375374877
AAG,K,-0.459,G,0.10924029375374877
AGC,S,0.072,C,0.10884909576580026
AGT,S,0.126,T,0.1258568533931162
TCA,S,0.005,A,0.10988654515655111
TCC,S,0.408,C,0.13988218687666393
TCG,S,-0.496,G,0.11162983870376432
TCT,S,0.059,T,0.11448537546632653
AGA,R,1.845,A,0.2608476097205793
AGG,R,0.956,G,0.23393213323427178
CGA,R,0.41,A,0.16416674511916546
CGC,R,-0.432,C,0.10290884829892027
CGG,R,-0.073,G,0.14708691929640427
CGT,R,-0.382,T,0.10879627781142466
CTA,L,0.283,A,0.15963100839857222
CTC,L,0.189,C,0.10763595570703353
CTG,L,-0.081,G,0.09831863326374496
CTT,L,-0.261,T,0.09033782651937317
TTA,L,-0.017,A,0.14349044292871707
TTG,L,0.169,G,0.10900964114245802
CCA,P,-0.04,A,0.1435074001501154
CCC,P,-0.088,C,0.14016753112595423
CCG,P,-0.244,G,0.13321356447797986
CCT,P,0.368,T,0.13516717576979403
CAC,H,0.164,C,0.16267826819141223
CAT,H,-0.164,T,0.16267826819141226
CAA,Q,0.539,A,0.12822875976884401
CAG,Q,-0.539,G,0.12822875976884401
GTA,V,0.203,A,0.10872992936820508
GTC,V,0.126,C,0.1165526867376022
GTG,V,0.102,G,0.09460937534787929
GTT,V,-0.344,T,0.09633273897631574
GCA,A,0.501,A,0.08509479125427648
GCC,A,-0.322,C,0.09615347442077173
GCG,A,-0.263,G,0.09108890091960041
GCT,A,-0.007,T,0.0856649886181594
GAC,D,-0.013,C,0.10291255620357773
GAT,D,0.013,T,0.10291255620357773
GAA,E,-0.048,A,0.10111340989222337
GAG,E,0.048,G,0.10111340989222337
GGA,G,0.676,A,0.12764088848563288
GGC,G,-0.09,C,0.10404013543795639
GGG,G,-0.306,G,0.1483768396421399
GGT,G,-0.202,T,0.10669704589229849
TTC,F,0.196,C,0.12843823675772914
TTT,F,-0.196,T,0.12843823675772914
TAC,Y,0.27,C,0.14770655390210483
TAT,Y,-0.27,T,0.14770655390210483
TGC,C,0.011,C,0.21325249954264852
TGT,C,-0.011,T,0.21325249954264852
