codon,amino_acid,Cupriavidus,third_nucl,standard_error
ATA,I,0.888,A,0.13283487504565897
ATC,I,-0.715,C,0.055819628896894305
ATT,I,0.616,T,0.0592625386075904
ACA,T,1.056,A,0.07756422933578945
ACC,T,-0.082,C,0.03987153358903074
ACG,T,-0.592,G,0.0434891046093132
ACT,T,0.878,T,0.08237827809846854
AAC,N,-0.433,C,0.06466281760200454
AAT,N,0.433,T,0.06466281760200454
AAA,K,1.464,A,0.06621251571793471
AAG,K,-1.464,G,0.06621251571793471
AGC,S,-0.328,C,0.04160558703602551
AGT,S,0.353,T,0.08885565438605238
TCA,S,0.963,A,0.09681555412890434
TCC,S,0.585,C,0.047338980372298986
TCG,S,-0.766,G,0.045480128820333844
TCT,S,0.947,T,0.09697151596802413
AGA,R,1.938,A,0.14279517606533126
AGG,R,0.476,G,0.0917212388486263
CGA,R,1.167,A,0.0849292599104775
CGC,R,-0.563,C,0.03771535056546024
CGG,R,-0.404,G,0.05171466593789575
CGT,R,0.457,T,0.055892399571856106
CTA,L,0.937,A,0.0916352146721314
CTC,L,0.453,C,0.037425059797958134
CTG,L,-0.94,G,0.030726715720097678
CTT,L,0.845,T,0.05383427359803131
TTA,L,1.085,A,0.1542503885692265
TTG,L,0.432,G,0.04647791923819167
CCA,P,0.777,A,0.06858846606285847
CCC,P,0.385,C,0.04348225401978337
CCG,P,-0.983,G,0.042401944883895114
CCT,P,0.831,T,0.07139235801624579
CAC,H,-0.141,C,0.06431540218117623
CAT,H,0.141,T,0.06431540218117625
CAA,Q,1.217,A,0.05617211641174573
CAG,Q,-1.217,G,0.05617211641174573
GTA,V,0.942,A,0.0748778789276206
GTC,V,0.309,C,0.04068206641339942
GTG,V,-0.951,G,0.03975147837615585
GTT,V,1.038,T,0.0642950511440405
GCA,A,0.835,A,0.04295053596360606
GCC,A,-0.028,C,0.028665718784983737
GCG,A,-0.675,G,0.031690844458645055
GCT,A,0.685,T,0.05209857771439535
GAC,D,-0.208,C,0.04756769593530406
GAT,D,0.208,T,0.04756769593530406
GAA,E,1.04,A,0.048583151262608974
GAG,E,-1.04,G,0.048583151262608974
GGA,G,0.935,A,0.0732232516125865
GGC,G,-0.54,C,0.04370355090033839
GGG,G,-0.129,G,0.06285696105123673
GGT,G,0.604,T,0.06365659653516202
TTC,F,-0.477,C,0.05969485566674751
TTT,F,0.477,T,0.05969485566674751
TAC,Y,-0.089,C,0.07529678504240012
TAT,Y,0.089,T,0.07529678504240012
TGC,C,-1.216,C,0.16119602449708
TGT,C,1.216,T,0.16119602449708
