codon,amino_acid,Curtobacterium,third_nucl,standard_error
ATA,I,2.089,A,0.7508238825635523
ATC,I,-1.079,C,0.2837021785226501
ATT,I,0.8,T,0.3133971773240726
ACA,T,1.352,A,0.18355790972990216
ACC,T,0.169,C,0.050793165680185125
ACG,T,-0.476,G,0.052583866001202934
ACT,T,1.127,T,0.1838992395546278
AAC,N,-0.921,C,0.35627192625133974
AAT,N,0.921,T,0.35627192625133974
AAA,K,1.865,A,0.38723938444825573
AAG,K,-1.865,G,0.38723938444825573
AGC,S,0.446,C,0.06376691221361058
AGT,S,0.602,T,0.14981252067798173
TCA,S,0.751,A,0.16534119668397437
TCC,S,0.334,C,0.06325328419131848
TCG,S,-1.09,G,0.06316663889267035
TCT,S,1.334,T,0.24330220138199293
AGA,R,1.609,A,0.32984536634485173
AGG,R,1.381,G,0.19870358410000694
CGA,R,0.978,A,0.09311674302358769
CGC,R,-0.12,C,0.05086423592156458
CGG,R,-0.679,G,0.058000315939618935
CGT,R,0.298,T,0.07391488171634386
CTA,L,0.292,A,0.3724129495659627
CTC,L,0.187,C,0.04895900722851141
CTG,L,-0.427,G,0.050176699298282036
CTT,L,0.975,T,0.21964885822380434
TTA,L,0.221,A,1.4144234616618723
TTG,L,1.146,G,0.13778207141355722
CCA,P,1.176,A,0.16300055596651677
CCC,P,0.454,C,0.06031108108468395
CCG,P,-0.829,G,0.059483974425188636
CCT,P,1.4,T,0.18907918591698647
CAC,H,-1.307,C,0.2564328795683791
CAT,H,1.307,T,0.25643287956837907
CAA,Q,1.142,A,0.19769134507308664
CAG,Q,-1.142,G,0.1976913450730866
GTA,V,0.965,A,0.24744261117047808
GTC,V,-0.596,C,0.04549761599693184
GTG,V,0.502,G,0.0456959122888931
GTT,V,0.757,T,0.16195815885871384
GCA,A,1.3,A,0.06903591389782997
GCC,A,-0.284,C,0.04155792193935152
GCG,A,-0.467,G,0.04398020441972627
GCT,A,0.753,T,0.09025090125917419
GAC,D,-0.685,C,0.10967725098588722
GAT,D,0.685,T,0.10967725098588722
GAA,E,1.136,A,0.08347226025183464
GAG,E,-1.136,G,0.08347226025183464
GGA,G,1.086,A,0.09075094557188851
GGC,G,-0.354,C,0.05483627099188519
GGG,G,-0.14,G,0.06848177833982359
GGT,G,0.076,T,0.07624649176438686
TTC,F,-1.149,C,0.4651356993826177
TTT,F,1.149,T,0.4651356993826177
TAC,Y,-1.65,C,0.5299803037917268
TAT,Y,1.65,T,0.5299803037917268
TGC,C,-1.009,C,0.3896120104700213
TGT,C,1.009,T,0.3896120104700213
