codon,amino_acid,Cutibacterium,third_nucl,standard_error
ATA,I,0.588,A,0.1753773996878934
ATC,I,-0.177,C,0.08511993527130159
ATT,I,0.034,T,0.09008813429177498
ACA,T,0.516,A,0.11506004974195493
ACC,T,-0.19,C,0.06767545684737598
ACG,T,-0.005,G,0.08066471255124777
ACT,T,0.006,T,0.08787543270760349
AAC,N,-0.316,C,0.11959477357215553
AAT,N,0.316,T,0.11959477357215552
AAA,K,0.126,A,0.11404980159623433
AAG,K,-0.126,G,0.11404980159623433
AGC,S,0.442,C,0.0900915105230571
AGT,S,0.581,T,0.11951187400355442
TCA,S,0.2,A,0.11325757177333297
TCC,S,-0.332,C,0.08147530798479186
TCG,S,-0.355,G,0.08559443824396072
TCT,S,-0.204,T,0.10963720597100694
AGA,R,0.874,A,0.16884884743516793
AGG,R,0.799,G,0.13301425489359583
CGA,R,0.23,A,0.1053496740967841
CGC,R,-0.355,C,0.075003854333239
CGG,R,-0.32,G,0.09500345362768846
CGT,R,-0.029,T,0.08362004841511309
CTA,L,-0.141,A,0.1344928029950537
CTC,L,-0.061,C,0.06614415691774125
CTG,L,-0.143,G,0.06566154633802064
CTT,L,0.278,T,0.08682555573671906
TTA,L,-0.12,A,0.1731218016192034
TTG,L,0.14,G,0.07992350810986916
CCA,P,0.053,A,0.10581755221595912
CCC,P,0.206,C,0.0833661494497166
CCG,P,-0.372,G,0.08275498453884975
CCT,P,0.225,T,0.10607360767748082
CAC,H,-0.115,C,0.12171088239901867
CAT,H,0.115,T,0.12171088239901867
CAA,Q,0.233,A,0.1280902211464334
CAG,Q,-0.233,G,0.1280902211464334
GTA,V,0.019,A,0.12224520064760046
GTC,V,-0.487,C,0.061768770999315485
GTG,V,0.558,G,0.06289910947832147
GTT,V,-0.094,T,0.07856661702169956
GCA,A,0.55,A,0.08018659347352174
GCC,A,-0.173,C,0.058818000899818056
GCG,A,0.047,G,0.0727829614663031
GCT,A,-0.221,T,0.07037288057623654
GAC,D,0.019,C,0.07700648029043919
GAT,D,-0.019,T,0.07700648029043919
GAA,E,0.245,A,0.08768047520177831
GAG,E,-0.245,G,0.08768047520177831
GGA,G,0.432,A,0.08444761185565745
GGC,G,-0.134,C,0.07271618560879702
GGG,G,-0.061,G,0.08500643300420599
GGT,G,-0.167,T,0.08078795263115167
TTC,F,0.04,C,0.12956452459957293
TTT,F,-0.04,T,0.12956452459957293
TAC,Y,-0.027,C,0.1531930839008927
TAT,Y,0.027,T,0.1531930839008927
TGC,C,-0.274,C,0.20011836757653906
TGT,C,0.274,T,0.20011836757653906
