codon,amino_acid,Cyanobium,third_nucl,standard_error
ATA,I,0.084,A,0.31862317107578325
ATC,I,-0.345,C,0.11823573185979443
ATT,I,0.373,T,0.1252698269249931
ACA,T,0.674,A,0.15913069619730108
ACC,T,-0.214,C,0.06919723625160785
ACG,T,-0.053,G,0.07661076785441216
ACT,T,0.578,T,0.16237726236798306
AAC,N,-0.054,C,0.13969546550069792
AAT,N,0.054,T,0.13969546550069792
AAA,K,1.028,A,0.14103593983791768
AAG,K,-1.028,G,0.14103593983791768
AGC,S,-0.528,C,0.0600546586074108
AGT,S,-0.018,T,0.12799146602915398
TCA,S,0.256,A,0.15446270058068942
TCC,S,0.593,C,0.0645906611501836
TCG,S,-0.329,G,0.08298676974636737
TCT,S,0.908,T,0.17673871891583867
AGA,R,0.969,A,0.2013351695808941
AGG,R,0.885,G,0.11889192091969165
CGA,R,1.032,A,0.13061162407211582
CGC,R,-0.155,C,0.05286385222443381
CGG,R,-0.566,G,0.05838410532181493
CGT,R,0.505,T,0.09094563246573363
CTA,L,0.07,A,0.22322847717180766
CTC,L,0.197,C,0.047899890033530734
CTG,L,-0.597,G,0.04327767137568038
CTT,L,0.773,T,0.09251683859910048
TTA,L,0.433,A,0.31505930795357384
TTG,L,1.075,G,0.09621659710697213
CCA,P,0.772,A,0.1210932055402454
CCC,P,-0.024,C,0.054455629276871836
CCG,P,-0.441,G,0.057562569715761465
CCT,P,0.759,T,0.10518774659844624
CAC,H,-0.397,C,0.11436619297560956
CAT,H,0.397,T,0.11436619297560954
CAA,Q,0.955,A,0.12981356646098494
CAG,Q,-0.955,G,0.12981356646098494
GTA,V,0.478,A,0.22136832814209675
GTC,V,0.263,C,0.061983247324791914
GTG,V,-0.548,G,0.05858035357877768
GTT,V,0.966,T,0.11342586170985515
GCA,A,0.973,A,0.10747740636511943
GCC,A,-0.273,C,0.04648832564642365
GCG,A,-0.28,G,0.05429888654620135
GCT,A,0.894,T,0.08722539830081084
GAC,D,-0.112,C,0.07223528057020875
GAT,D,0.112,T,0.07223528057020875
GAA,E,0.738,A,0.0795705755119664
GAG,E,-0.738,G,0.0795705755119664
GGA,G,0.905,A,0.10156273217229976
GGC,G,-0.318,C,0.05767634438441533
GGG,G,-0.217,G,0.07047849675055472
GGT,G,0.369,T,0.08377974312516984
TTC,F,-0.412,C,0.12595337499613696
TTT,F,0.412,T,0.12595337499613696
TAC,Y,0.006,C,0.15732352987925352
TAT,Y,-0.006,T,0.15732352987925352
TGC,C,-0.522,C,0.21196683180884843
TGT,C,0.522,T,0.21196683180884843
