codon,amino_acid,Cyanobacterium,third_nucl,standard_error
ATA,I,0.196,A,0.09369062337419301
ATC,I,0.187,C,0.08584197401678655
ATT,I,-0.246,T,0.07173450454684104
ACA,T,0.177,A,0.09180336045696078
ACC,T,-0.104,C,0.09216833476035927
ACG,T,-0.085,G,0.1446890109968308
ACT,T,-0.031,T,0.07911884631012273
AAC,N,0.296,C,0.09905777792015755
AAT,N,-0.296,T,0.09905777792015753
AAA,K,0.099,A,0.09647144392784472
AAG,K,-0.099,G,0.09647144392784474
AGC,S,-0.048,C,0.1337476794944298
AGT,S,-0.318,T,0.08385975634432932
TCA,S,0.248,A,0.0971640496218322
TCC,S,0.158,C,0.11159594079200164
TCG,S,0.068,G,0.15437791415004076
TCT,S,0.033,T,0.07879435920124261
AGA,R,0.267,A,0.11046846475504918
AGG,R,-0.339,G,0.19030524947388866
CGA,R,0.074,A,0.11288856678515957
CGC,R,0.152,C,0.12440421824794012
CGG,R,-0.186,G,0.15578506580552212
CGT,R,-0.192,T,0.09804610539137201
CTA,L,0.249,A,0.08596878070559559
CTC,L,0.422,C,0.10621851256140312
CTG,L,0.42,G,0.12029387073748221
CTT,L,0.107,T,0.08332362762569111
TTA,L,-0.399,A,0.0606662112591233
TTG,L,-0.055,G,0.08302376352177422
CCA,P,0.269,A,0.11174421884633011
CCC,P,0.138,C,0.1099674958875581
CCG,P,0.079,G,0.17310094794154707
CCT,P,-0.316,T,0.09425382255899703
CAC,H,0.218,C,0.1572226325636314
CAT,H,-0.218,T,0.1572226325636314
CAA,Q,0.139,A,0.11151230356701389
CAG,Q,-0.139,G,0.11151230356701389
GTA,V,-0.189,A,0.09375605915389228
GTC,V,-0.237,C,0.10594872129938389
GTG,V,0.357,G,0.10230157226114471
GTT,V,0.052,T,0.07887685568989918
GCA,A,0.307,A,0.09553546430497126
GCC,A,-0.12,C,0.10959591843586769
GCG,A,-0.291,G,0.1516551779737238
GCT,A,-0.075,T,0.08642511243481879
GAC,D,0.409,C,0.11300731107667213
GAT,D,-0.409,T,0.11300731107667213
GAA,E,-0.009,A,0.10957172997337047
GAG,E,0.009,G,0.10957172997337047
GGA,G,-0.315,A,0.09374213040500766
GGC,G,0.671,C,0.14310707983515336
GGG,G,-0.454,G,0.12995041147287884
GGT,G,0.353,T,0.10239256069558364
TTC,F,0.251,C,0.12163805844679101
TTT,F,-0.251,T,0.121638058446791
TAC,Y,0.324,C,0.13505117392141675
TAT,Y,-0.324,T,0.13505117392141675
TGC,C,0.03,C,0.24768581700871337
TGT,C,-0.03,T,0.24768581700871337
