codon,amino_acid,Cyclobacterium,third_nucl,standard_error
ATA,I,0.486,A,0.04606057524078605
ATC,I,-0.271,C,0.050980823651465536
ATT,I,-0.236,T,0.04212436677867794
ACA,T,0.473,A,0.060015719405784915
ACC,T,-0.389,C,0.05941469861535061
ACG,T,-0.158,G,0.09613362073303583
ACT,T,-0.019,T,0.06237324997214342
AAC,N,0.089,C,0.05595179462217191
AAT,N,-0.089,T,0.05595179462217191
AAA,K,0.366,A,0.0465740011807941
AAG,K,-0.366,G,0.0465740011807941
AGC,S,0.033,C,0.07151164781387215
AGT,S,0.054,T,0.058451344923956865
TCA,S,0.36,A,0.058599149826480686
TCC,S,-0.158,C,0.0667076640140864
TCG,S,0.049,G,0.10460338983675828
TCT,S,-0.371,T,0.062334402390422504
AGA,R,0.665,A,0.0638787730065329
AGG,R,-0.508,G,0.07501286302606498
CGA,R,-0.005,A,0.09840847736487641
CGC,R,-0.353,C,0.1309184282783515
CGG,R,-0.517,G,0.12627859911569825
CGT,R,-0.214,T,0.10835315687037828
CTA,L,0.322,A,0.05846761574051547
CTC,L,0.045,C,0.07971641431403925
CTG,L,-0.237,G,0.065660287316813
CTT,L,-0.174,T,0.048564587508611895
TTA,L,0.517,A,0.04139030258714344
TTG,L,-0.568,G,0.04475390709303487
CCA,P,0.422,A,0.07738785841988016
CCC,P,0.048,C,0.08876191493980848
CCG,P,-0.241,G,0.09825357754081691
CCT,P,-0.269,T,0.07366491859640605
CAC,H,0.206,C,0.09964873850372126
CAT,H,-0.206,T,0.09964873850372126
CAA,Q,0.236,A,0.0749360756377829
CAG,Q,-0.236,G,0.0749360756377829
GTA,V,0.263,A,0.05537385893978425
GTC,V,-0.017,C,0.08568951125057232
GTG,V,-0.425,G,0.06888911105317852
GTT,V,0.032,T,0.058152834014519046
GCA,A,0.435,A,0.05749056872366388
GCC,A,-0.414,C,0.0636893564507512
GCG,A,0.073,G,0.09464156894177476
GCT,A,-0.123,T,0.06095022399433647
GAC,D,0.021,C,0.06607433110755537
GAT,D,-0.021,T,0.06607433110755537
GAA,E,0.428,A,0.06144105537870649
GAG,E,-0.428,G,0.061441055378706484
GGA,G,0.274,A,0.06162063573984361
GGC,G,-0.048,C,0.08216863199629294
GGG,G,-0.109,G,0.08103899750911088
GGT,G,-0.204,T,0.06617311367209745
TTC,F,0.123,C,0.061916190615548206
TTT,F,-0.123,T,0.061916190615548206
TAC,Y,0.017,C,0.06891877214468449
TAT,Y,-0.017,T,0.06891877214468449
TGC,C,-0.004,C,0.14078636960863655
TGT,C,0.004,T,0.14078636960863655
