codon,amino_acid,Cylindrospermopsis,third_nucl,standard_error
ATA,I,0.234,A,0.06172087517739254
ATC,I,0.242,C,0.06684430567744427
ATT,I,-0.328,T,0.053179060442540574
ACA,T,0.271,A,0.06451074893589416
ACC,T,-0.238,C,0.06642625786559722
ACG,T,-0.281,G,0.11036078031302618
ACT,T,0.041,T,0.06165376971874959
AAC,N,0.304,C,0.06832361726894995
AAT,N,-0.304,T,0.06832361726894995
AAA,K,0.28,A,0.06925434349308235
AAG,K,-0.28,G,0.06925434349308235
AGC,S,-0.011,C,0.08870374952071468
AGT,S,-0.215,T,0.0634670734685088
TCA,S,0.268,A,0.07482832177254681
TCC,S,0.057,C,0.07449914585803526
TCG,S,0.05,G,0.1400133023750608
TCT,S,-0.029,T,0.06494060282125094
AGA,R,0.04,A,0.07659733451250529
AGG,R,-0.089,G,0.10657945395109084
CGA,R,-0.092,A,0.10019501579650404
CGC,R,0.083,C,0.09708253038630024
CGG,R,-0.215,G,0.12066578597259116
CGT,R,0.103,T,0.07938858798456067
CTA,L,0.081,A,0.05954009943888289
CTC,L,0.199,C,0.0811371892506667
CTG,L,-0.045,G,0.06917521197052999
CTT,L,0.333,T,0.07470964950624781
TTA,L,-0.168,A,0.046966744161784604
TTG,L,-0.095,G,0.05847516456848998
CCA,P,0.36,A,0.07244804483060906
CCC,P,-0.382,C,0.07534963627951481
CCG,P,0.031,G,0.13333280784259496
CCT,P,-0.015,T,0.07432878088601604
CAC,H,0.321,C,0.11371171579480059
CAT,H,-0.321,T,0.11371171579480059
CAA,Q,0.302,A,0.07351132508922312
CAG,Q,-0.302,G,0.07351132508922312
GTA,V,-0.256,A,0.06525915461323012
GTC,V,-0.004,C,0.09126342303960482
GTG,V,0.1,G,0.06553868350854722
GTT,V,0.144,T,0.061612087804941956
GCA,A,0.385,A,0.06622434694222797
GCC,A,-0.244,C,0.08305262753418925
GCG,A,-0.013,G,0.10414397567026591
GCT,A,-0.208,T,0.06468905858296566
GAC,D,0.199,C,0.08135959491403837
GAT,D,-0.199,T,0.08135959491403837
GAA,E,0.489,A,0.0768313307619298
GAG,E,-0.489,G,0.0768313307619298
GGA,G,0.117,A,0.07163031547918212
GGC,G,0.285,C,0.10182521672895764
GGG,G,-0.282,G,0.09864251704137124
GGT,G,-0.088,T,0.06719442390225361
TTC,F,0.096,C,0.08832382775349434
TTT,F,-0.096,T,0.08832382775349434
TAC,Y,0.63,C,0.09111974001880381
TAT,Y,-0.63,T,0.09111974001880381
TGC,C,0.672,C,0.17034904574714996
TGT,C,-0.672,T,0.17034904574714996
