codon,amino_acid,Cytobacillus,third_nucl,standard_error
ATA,I,0.377,A,0.048346374140560304
ATC,I,-0.146,C,0.04980802897495457
ATT,I,-0.173,T,0.04046000885005819
ACA,T,0.186,A,0.05379309299807807
ACC,T,-0.177,C,0.08307909878241067
ACG,T,-0.179,G,0.07193622225418203
ACT,T,-0.015,T,0.061503833631820694
AAC,N,-0.04,C,0.061431071913705726
AAT,N,0.04,T,0.061431071913705726
AAA,K,0.321,A,0.043622504366355945
AAG,K,-0.321,G,0.043622504366355945
AGC,S,-0.028,C,0.07250463920808395
AGT,S,0.369,T,0.06142348547424304
TCA,S,0.047,A,0.05580186755412015
TCC,S,-0.496,C,0.08619319234180566
TCG,S,0.033,G,0.0923540852624013
TCT,S,-0.155,T,0.06070223006728624
AGA,R,0.363,A,0.06050359205280375
AGG,R,0.032,G,0.09160535293551991
CGA,R,-0.082,A,0.08319502134127343
CGC,R,-0.305,C,0.10125964124729869
CGG,R,-0.4,G,0.10946661457028962
CGT,R,-0.149,T,0.07267358584917855
CTA,L,-0.042,A,0.05642590991377331
CTC,L,-0.363,C,0.08546353321761269
CTG,L,-0.366,G,0.07000490708183386
CTT,L,-0.526,T,0.04744140617615155
TTA,L,0.216,A,0.03888869982045855
TTG,L,0.554,G,0.04961375181023417
CCA,P,0.144,A,0.07256554423073214
CCC,P,0.025,C,0.13224146049899776
CCG,P,-0.138,G,0.09338029584414817
CCT,P,-0.074,T,0.0765271657490775
CAC,H,-0.083,C,0.11257056604257722
CAT,H,0.083,T,0.11257056604257722
CAA,Q,0.207,A,0.06687053971046568
CAG,Q,-0.207,G,0.06687053971046568
GTA,V,0.02,A,0.051265306053170125
GTC,V,-0.311,C,0.07080371384378237
GTG,V,0.579,G,0.059367254684625406
GTT,V,-0.273,T,0.049433565525860236
GCA,A,0.203,A,0.05264668074313656
GCC,A,-0.163,C,0.07920290958822386
GCG,A,-0.183,G,0.0781870670013122
GCT,A,-0.053,T,0.05694203835899968
GAC,D,-0.093,C,0.07287703990508546
GAT,D,0.093,T,0.07287703990508546
GAA,E,0.344,A,0.052841702586228216
GAG,E,-0.344,G,0.05284170258622821
GGA,G,0.138,A,0.053903297153707626
GGC,G,-0.113,C,0.06933981587737695
GGG,G,-0.046,G,0.06920072481312026
GGT,G,-0.049,T,0.05989611987593679
TTC,F,-0.288,C,0.0649926604873131
TTT,F,0.288,T,0.0649926604873131
TAC,Y,-0.112,C,0.07996549722037798
TAT,Y,0.112,T,0.07996549722037798
TGC,C,-0.113,C,0.14552886494097564
TGT,C,0.113,T,0.14552886494097567
