codon,amino_acid,Dactylococcopsis,third_nucl,standard_error
ATA,I,0.476,A,0.10593278269859224
ATC,I,0.063,C,0.06108019904523112
ATT,I,-0.199,T,0.05718187547037654
ACA,T,0.361,A,0.06625611890162514
ACC,T,-0.187,C,0.06273929012134052
ACG,T,-0.466,G,0.08231220881638326
ACT,T,0.121,T,0.06155685427890011
AAC,N,0.224,C,0.06943166509944984
AAT,N,-0.224,T,0.06943166509944984
AAA,K,0.041,A,0.07272097618586282
AAG,K,-0.041,G,0.0727209761858628
AGC,S,-0.149,C,0.08537101640388624
AGT,S,-0.235,T,0.062479753955063756
TCA,S,0.271,A,0.07041791675940982
TCC,S,0.066,C,0.07872365875532537
TCG,S,-0.234,G,0.09219464069365288
TCT,S,0.146,T,0.05934428070062726
AGA,R,0.094,A,0.0812125085957854
AGG,R,0.022,G,0.13842819093737443
CGA,R,0.122,A,0.07752376747785476
CGC,R,-0.28,C,0.08147108124349497
CGG,R,-0.194,G,0.10718644849067116
CGT,R,0.129,T,0.07261394939607357
CTA,L,0.388,A,0.07424216690525474
CTC,L,-0.018,C,0.06206583325242131
CTG,L,-0.166,G,0.07457425818844109
CTT,L,0.298,T,0.06566962531873316
TTA,L,-0.269,A,0.0438667796657638
TTG,L,0.121,G,0.06033343232955661
CCA,P,0.293,A,0.08111217579521586
CCC,P,0.061,C,0.07151158066536792
CCG,P,-0.203,G,0.09919832190671576
CCT,P,-0.19,T,0.07295816221619399
CAC,H,0.118,C,0.11976233993423435
CAT,H,-0.118,T,0.11976233993423434
CAA,Q,0.215,A,0.0749318452923237
CAG,Q,-0.215,G,0.0749318452923237
GTA,V,0.346,A,0.07841540941268205
GTC,V,-0.191,C,0.0768762397240847
GTG,V,-0.144,G,0.06476017307728965
GTT,V,0.036,T,0.05941444430313762
GCA,A,0.506,A,0.0644200241806137
GCC,A,-0.173,C,0.07839575887565935
GCG,A,-0.462,G,0.07124886597240637
GCT,A,0.008,T,0.06738740842011305
GAC,D,0.259,C,0.08289946614451937
GAT,D,-0.259,T,0.08289946614451936
GAA,E,0.213,A,0.06854961534349596
GAG,E,-0.213,G,0.06854961534349596
GGA,G,-0.109,A,0.06812854590498259
GGC,G,-0.112,C,0.09191229448758956
GGG,G,-0.224,G,0.08426650557212617
GGT,G,0.383,T,0.07373272176795552
TTC,F,0.13,C,0.08396300776850234
TTT,F,-0.13,T,0.08396300776850234
TAC,Y,0.491,C,0.09772142122979327
TAT,Y,-0.491,T,0.09772142122979327
TGC,C,0.162,C,0.1802501621636081
TGT,C,-0.162,T,0.1802501621636081
