codon,amino_acid,Dactylosporangium,third_nucl,standard_error
ATA,I,0.911,A,0.17120529650265712
ATC,I,-1.301,C,0.08863529749636186
ATT,I,1.374,T,0.10207505365754227
ACA,T,1.013,A,0.07810593227178951
ACC,T,-0.397,C,0.03294088588202865
ACG,T,-0.019,G,0.034151398765958726
ACT,T,1.479,T,0.10856246958696518
AAC,N,-1.016,C,0.11601956255681388
AAT,N,1.016,T,0.11601956255681387
AAA,K,1.155,A,0.10849948941018517
AAG,K,-1.155,G,0.10849948941018515
AGC,S,0.134,C,0.03964214309859281
AGT,S,1.265,T,0.10641997929259613
TCA,S,0.611,A,0.09910596675315779
TCC,S,-0.136,C,0.04303873176591282
TCG,S,-0.521,G,0.04020474013943295
TCT,S,1.751,T,0.1706631853586917
AGA,R,2.715,A,0.21547638371637226
AGG,R,1.288,G,0.08630137629844171
CGA,R,1.358,A,0.07141495069333186
CGC,R,-0.504,C,0.028795891787007356
CGG,R,-0.347,G,0.02929321447836469
CGT,R,1.052,T,0.0661097878586132
CTA,L,1.087,A,0.1823708779049865
CTC,L,-0.076,C,0.027568192158203237
CTG,L,-0.417,G,0.026502130362490644
CTT,L,1.195,T,0.0809055755540974
TTA,L,2.265,A,0.35139576971829994
TTG,L,1.485,G,0.07028255384999582
CCA,P,1.016,A,0.08237471795736041
CCC,P,0.17,C,0.036751123017287564
CCG,P,-0.605,G,0.03494173928337321
CCT,P,1.573,T,0.10346431816830945
CAC,H,-1.191,C,0.09486376211371246
CAT,H,1.191,T,0.09486376211371247
CAA,Q,1.301,A,0.10469702568337268
CAG,Q,-1.301,G,0.10469702568337268
GTA,V,0.616,A,0.08513200182790175
GTC,V,-0.847,C,0.02760521055815256
GTG,V,0.607,G,0.027187945236532965
GTT,V,1.241,T,0.08780332743919189
GCA,A,1.249,A,0.05601638381352666
GCC,A,-0.448,C,0.023539860747929083
GCG,A,-0.012,G,0.024088984062692564
GCT,A,1.346,T,0.06635418611323805
GAC,D,-1.297,C,0.05567216677814046
GAT,D,1.297,T,0.05567216677814046
GAA,E,1.169,A,0.05708989311059912
GAG,E,-1.169,G,0.05708989311059912
GGA,G,1.298,A,0.06439853808777486
GGC,G,-0.772,C,0.03126575889524861
GGG,G,0.167,G,0.03559078761366859
GGT,G,0.782,T,0.049704459969890286
TTC,F,-1.156,C,0.11253550768919221
TTT,F,1.156,T,0.11253550768919221
TAC,Y,-0.823,C,0.10058388756733398
TAT,Y,0.823,T,0.10058388756733398
TGC,C,-1.086,C,0.16299932143639861
TGT,C,1.086,T,0.16299932143639861
