codon,amino_acid,Defluviicoccus,third_nucl,standard_error
ATA,I,1.043,A,0.20972920524741734
ATC,I,-0.53,C,0.08729566355118182
ATT,I,0.357,T,0.09201177646155403
ACA,T,0.766,A,0.11906749979496026
ACC,T,-0.359,C,0.07022290952451035
ACG,T,-0.147,G,0.07384289882334119
ACT,T,0.628,T,0.13041890179832152
AAC,N,-0.033,C,0.11482244717176225
AAT,N,0.033,T,0.11482244717176227
AAA,K,0.787,A,0.11168954588202988
AAG,K,-0.787,G,0.11168954588202988
AGC,S,-0.123,C,0.07528316831433071
AGT,S,0.407,T,0.13112499579059333
TCA,S,0.499,A,0.13791205046795044
TCC,S,-0.137,C,0.09153889565503281
TCG,S,-0.341,G,0.08140477858437664
TCT,S,0.874,T,0.16435748917411425
AGA,R,1.348,A,0.22056232827998076
AGG,R,0.706,G,0.14985644970097306
CGA,R,0.37,A,0.10443503141890621
CGC,R,-0.194,C,0.06228656903177534
CGG,R,-0.433,G,0.07057739788723359
CGT,R,0.278,T,0.08897578352031806
CTA,L,0.46,A,0.15548298051755838
CTC,L,-0.256,C,0.06165798298967647
CTG,L,-0.538,G,0.05510251338429345
CTT,L,0.49,T,0.08377725353816139
TTA,L,0.859,A,0.21107229459101307
TTG,L,0.751,G,0.07662800055412078
CCA,P,0.162,A,0.11429719279165457
CCC,P,0.273,C,0.087095422574252
CCG,P,-0.466,G,0.07533574709734253
CCT,P,0.607,T,0.13723723526475776
CAC,H,-0.317,C,0.12160495950390743
CAT,H,0.317,T,0.12160495950390743
CAA,Q,0.597,A,0.110097609303532
CAG,Q,-0.597,G,0.11009760930353199
GTA,V,0.109,A,0.1323138702547372
GTC,V,-0.378,C,0.06295831212395646
GTG,V,0.153,G,0.06241576577456833
GTT,V,0.337,T,0.08235003274954897
GCA,A,0.358,A,0.06921576808887618
GCC,A,-0.338,C,0.051163294001344894
GCG,A,-0.042,G,0.05167292219509601
GCT,A,0.536,T,0.08683268394200035
GAC,D,0.018,C,0.07337098378066335
GAT,D,-0.018,T,0.07337098378066335
GAA,E,0.274,A,0.0793923563511309
GAG,E,-0.274,G,0.0793923563511309
GGA,G,0.713,A,0.10308299698237687
GGC,G,-0.481,C,0.06689227398763546
GGG,G,0.204,G,0.09161783175965389
GGT,G,0.121,T,0.08597399808347383
TTC,F,-0.407,C,0.1005453905556798
TTT,F,0.407,T,0.10054539055567979
TAC,Y,-0.002,C,0.12919434705514074
TAT,Y,0.002,T,0.12919434705514074
TGC,C,0.014,C,0.21561048197190183
TGT,C,-0.014,T,0.21561048197190183
