codon,amino_acid,Defluviitoga,third_nucl,standard_error
ATA,I,-0.01,A,0.06315442588124719
ATC,I,0.125,C,0.10175304959161127
ATT,I,-0.038,T,0.06308236581522651
ACA,T,0.075,A,0.09692418802950328
ACC,T,-0.309,C,0.14658398367847275
ACG,T,0.475,G,0.18039730315343924
ACT,T,-0.079,T,0.09844552155974265
AAC,N,-0.128,C,0.09215062156408076
AAT,N,0.128,T,0.09215062156408076
AAA,K,-0.085,A,0.07557338845163321
AAG,K,0.085,G,0.07557338845163322
AGC,S,0.012,C,0.14809136648390883
AGT,S,0.225,T,0.09621479397191465
TCA,S,-0.024,A,0.09472750173306811
TCC,S,0.175,C,0.1786264054055552
TCG,S,-0.029,G,0.19149505947739512
TCT,S,-0.221,T,0.0910598727146826
AGA,R,0.079,A,0.1124633724784641
AGG,R,-0.195,G,0.14476529790194578
CGA,R,-0.075,A,0.2121963883716622
CGC,R,0.465,C,0.3526487332100859
CGG,R,0.041,G,0.3425087541147698
CGT,R,0.032,T,0.2192005640975964
CTA,L,-0.097,A,0.09808105098090959
CTC,L,-0.1,C,0.18172632534292424
CTG,L,-0.36,G,0.18776940767624428
CTT,L,-0.345,T,0.08334926026395759
TTA,L,-0.2,A,0.06297869115769217
TTG,L,0.727,G,0.07897432871262064
CCA,P,0.004,A,0.12482708737820587
CCC,P,0.075,C,0.2109703292848385
CCG,P,0.282,G,0.22662774669683228
CCT,P,-0.108,T,0.12171339478019579
CAC,H,-0.039,C,0.2220821134399139
CAT,H,0.039,T,0.2220821134399139
CAA,Q,-0.082,A,0.16829289736758118
CAG,Q,0.082,G,0.16829289736758116
GTA,V,-0.189,A,0.08355440817261807
GTC,V,-0.369,C,0.1529809341670981
GTG,V,1.204,G,0.11806415039459557
GTT,V,-0.355,T,0.0783331456559312
GCA,A,-0.059,A,0.10077775084489653
GCC,A,-0.031,C,0.15964508084287737
GCG,A,0.349,G,0.17709658724464328
GCT,A,-0.038,T,0.10053390152640157
GAC,D,-0.075,C,0.11722918676811425
GAT,D,0.075,T,0.11722918676811425
GAA,E,-0.04,A,0.10274101326219301
GAG,E,0.04,G,0.10274101326219301
GGA,G,-0.087,A,0.09208442538663351
GGC,G,-0.329,C,0.16382427103178396
GGG,G,0.111,G,0.1528751239271159
GGT,G,0.168,T,0.09526772457464223
TTC,F,-0.045,C,0.12370171200327976
TTT,F,0.045,T,0.12370171200327977
TAC,Y,-0.097,C,0.12005413799795399
TAT,Y,0.097,T,0.12005413799795399
TGC,C,-0.096,C,0.2896770910030914
TGT,C,0.096,T,0.28967709100309147
