codon,amino_acid,Dehalobacter,third_nucl,standard_error
ATA,I,0.578,A,0.07223066592428001
ATC,I,-0.475,C,0.05903674741897617
ATT,I,0.067,T,0.055390724476823194
ACA,T,0.516,A,0.07737772566537557
ACC,T,-0.403,C,0.08013109312439146
ACG,T,-0.246,G,0.08155544576174734
ACT,T,0.111,T,0.09144536415230167
AAC,N,-0.088,C,0.07639537883605042
AAT,N,0.088,T,0.07639537883605044
AAA,K,0.306,A,0.06164928006589261
AAG,K,-0.306,G,0.06164928006589261
AGC,S,-0.025,C,0.08157265244233151
AGT,S,0.221,T,0.08513844815760022
TCA,S,0.36,A,0.09199119326651586
TCC,S,-0.575,C,0.09195975332311507
TCG,S,-0.161,G,0.10795301759267197
TCT,S,0.132,T,0.09295620753986794
AGA,R,0.516,A,0.08002881312844079
AGG,R,-0.041,G,0.09978662849275285
CGA,R,0.44,A,0.14195841631177847
CGC,R,-0.355,C,0.10941546284050802
CGG,R,-0.619,G,0.10316289623269434
CGT,R,-0.098,T,0.10271550546188554
CTA,L,0.408,A,0.10520625835985811
CTC,L,-0.465,C,0.09352924497308743
CTG,L,-0.711,G,0.05877747645328554
CTT,L,-0.276,T,0.06410609255525272
TTA,L,0.503,A,0.06580813296531243
TTG,L,0.697,G,0.06422174562194585
CCA,P,0.653,A,0.11859827833836956
CCC,P,-0.233,C,0.1260053524396902
CCG,P,-0.35,G,0.09513668308158119
CCT,P,0.078,T,0.10291556940635818
CAC,H,-0.558,C,0.1495953328985972
CAT,H,0.558,T,0.1495953328985972
CAA,Q,0.673,A,0.08679026574453215
CAG,Q,-0.673,G,0.08679026574453215
GTA,V,0.345,A,0.07531701289308677
GTC,V,-0.652,C,0.07445025405158655
GTG,V,0.43,G,0.07409214270233354
GTT,V,-0.077,T,0.06642999965370626
GCA,A,0.56,A,0.06998457978623948
GCC,A,-0.601,C,0.07470946318958228
GCG,A,-0.148,G,0.08375555748286527
GCT,A,0.111,T,0.07279429981652316
GAC,D,-0.283,C,0.08040496727032137
GAT,D,0.283,T,0.08040496727032137
GAA,E,0.567,A,0.07354185399455648
GAG,E,-0.567,G,0.07354185399455648
GGA,G,0.264,A,0.0748084404123236
GGC,G,-0.31,C,0.07976372115745993
GGG,G,-0.257,G,0.09443223731686035
GGT,G,0.204,T,0.07872492661513998
TTC,F,-0.125,C,0.09021936545780128
TTT,F,0.125,T,0.09021936545780128
TAC,Y,-0.448,C,0.09933069275088055
TAT,Y,0.448,T,0.09933069275088054
TGC,C,-0.367,C,0.1578727272973304
TGT,C,0.367,T,0.1578727272973304
