codon,amino_acid,Dehalococcoides,third_nucl,standard_error
ATA,I,0.066,A,0.08302426578342403
ATC,I,-0.308,C,0.1021279130371157
ATT,I,0.153,T,0.08768382085923206
ACA,T,1.166,A,0.13728544498648376
ACC,T,-0.78,C,0.10142760675310496
ACG,T,-0.043,G,0.18285817350644976
ACT,T,0.108,T,0.11157188639872523
AAC,N,-0.26,C,0.11061616433059449
AAT,N,0.26,T,0.11061616433059447
AAA,K,0.415,A,0.09279853985999137
AAG,K,-0.415,G,0.09279853985999137
AGC,S,-0.078,C,0.10355038116036994
AGT,S,0.397,T,0.1233221846880552
TCA,S,0.219,A,0.129977491776807
TCC,S,-0.36,C,0.12247859627032913
TCG,S,-0.504,G,0.19945809842029677
TCT,S,0.087,T,0.12485052858006962
AGA,R,1.13,A,0.13628022862894623
AGG,R,0.172,G,0.14907926490504045
CGA,R,0.237,A,0.2480118243884532
CGC,R,-0.777,C,0.11905192233272618
CGG,R,-0.436,G,0.13658289416566488
CGT,R,0.091,T,0.13047899823712605
CTA,L,0.89,A,0.17637066843883098
CTC,L,-0.166,C,0.12896433629852389
CTG,L,-0.71,G,0.07420098024421927
CTT,L,-0.216,T,0.09131458700828493
TTA,L,0.907,A,0.11359444490055766
TTG,L,0.62,G,0.10460975750100089
CCA,P,1.125,A,0.21682277249544696
CCC,P,-0.318,C,0.12345967365149364
CCG,P,-0.345,G,0.12882349577682606
CCT,P,0.237,T,0.12798514233459463
CAC,H,-0.197,C,0.17951156863443513
CAT,H,0.197,T,0.17951156863443513
CAA,Q,1.097,A,0.14915752977351646
CAG,Q,-1.097,G,0.14915752977351646
GTA,V,0.172,A,0.09376150120315153
GTC,V,-0.35,C,0.12970358510858307
GTG,V,-0.076,G,0.10075311750260571
GTT,V,0.089,T,0.0987793886781909
GCA,A,0.953,A,0.10992040319600908
GCC,A,-0.54,C,0.08971976431286811
GCG,A,-0.258,G,0.1391796587214189
GCT,A,0.012,T,0.09816107630891475
GAC,D,-0.34,C,0.11086958484327704
GAT,D,0.34,T,0.11086958484327704
GAA,E,0.503,A,0.10831267802723807
GAG,E,-0.503,G,0.10831267802723807
GGA,G,0.591,A,0.13052405970191697
GGC,G,-0.195,C,0.10003789224757466
GGG,G,-0.359,G,0.12199526167730317
GGT,G,0.107,T,0.10086835550338674
TTC,F,-0.442,C,0.12704318960792543
TTT,F,0.442,T,0.12704318960792543
TAC,Y,0.042,C,0.13565849528440624
TAT,Y,-0.042,T,0.13565849528440624
TGC,C,-0.329,C,0.20968608434575234
TGT,C,0.329,T,0.20968608434575234
