codon,amino_acid,Dehalobacterium,third_nucl,standard_error
ATA,I,0.662,A,0.06964428701090607
ATC,I,-0.394,C,0.05518567016060954
ATT,I,-0.041,T,0.05126917798510898
ACA,T,0.692,A,0.07473750751265022
ACC,T,-0.588,C,0.07039071705232938
ACG,T,-0.036,G,0.090110905021299
ACT,T,-0.008,T,0.08244316837394411
AAC,N,-0.054,C,0.07370917435830758
AAT,N,0.054,T,0.07370917435830758
AAA,K,0.3,A,0.055393945437242194
AAG,K,-0.3,G,0.055393945437242194
AGC,S,-0.025,C,0.07980053714607568
AGT,S,0.429,T,0.07934451563103594
TCA,S,0.38,A,0.08613562984333485
TCC,S,-0.713,C,0.0844715289246554
TCG,S,-0.085,G,0.12729102870749812
TCT,S,-0.041,T,0.08315232555382077
AGA,R,0.741,A,0.07766942711080216
AGG,R,0.345,G,0.10428295291867185
CGA,R,0.12,A,0.11325037887155112
CGC,R,-0.527,C,0.1024062159090885
CGG,R,-0.786,G,0.09470675175992187
CGT,R,-0.219,T,0.09628896318438815
CTA,L,0.19,A,0.09923297078440124
CTC,L,-0.467,C,0.09431717880702517
CTG,L,-0.576,G,0.059270845378342686
CTT,L,-0.308,T,0.06540196158144873
TTA,L,0.406,A,0.05302302700637219
TTG,L,0.379,G,0.05448114442959746
CCA,P,0.701,A,0.11195120384376198
CCC,P,-0.266,C,0.09412849989687433
CCG,P,-0.102,G,0.09532738964916034
CCT,P,-0.123,T,0.09419322308717473
CAC,H,-0.069,C,0.1398307126742917
CAT,H,0.069,T,0.1398307126742917
CAA,Q,0.525,A,0.07954529334444618
CAG,Q,-0.525,G,0.07954529334444618
GTA,V,0.163,A,0.06724034125506385
GTC,V,-0.272,C,0.08024154855006675
GTG,V,0.065,G,0.06214921697169479
GTT,V,-0.043,T,0.06474608506800661
GCA,A,0.684,A,0.0665553877028616
GCC,A,-0.561,C,0.06865490260623627
GCG,A,-0.154,G,0.08740831932776234
GCT,A,-0.046,T,0.06929000418061333
GAC,D,-0.127,C,0.08126700512216298
GAT,D,0.127,T,0.08126700512216299
GAA,E,0.377,A,0.06540361596095541
GAG,E,-0.377,G,0.06540361596095542
GGA,G,0.342,A,0.0680500559984844
GGC,G,-0.247,C,0.07409135517196264
GGG,G,-0.063,G,0.0811284643887671
GGT,G,-0.088,T,0.0710789080701073
TTC,F,-0.257,C,0.08864877024652014
TTT,F,0.257,T,0.08864877024652014
TAC,Y,-0.194,C,0.0988728642329603
TAT,Y,0.194,T,0.0988728642329603
TGC,C,-0.231,C,0.14015259969093777
TGT,C,0.231,T,0.14015259969093777
