codon,amino_acid,Delftia,third_nucl,standard_error
ATA,I,0.319,A,0.10339617620669639
ATC,I,-0.585,C,0.05944499796719028
ATT,I,0.601,T,0.066849657812942
ACA,T,1.209,A,0.08497787945398654
ACC,T,0.123,C,0.04384563439648189
ACG,T,-1.0,G,0.04928984634251077
ACT,T,1.01,T,0.09601755330410992
AAC,N,-0.319,C,0.07307515566773067
AAT,N,0.319,T,0.07307515566773067
AAA,K,1.785,A,0.07814674333301454
AAG,K,-1.785,G,0.07814674333301454
AGC,S,-0.562,C,0.044049358928528834
AGT,S,0.316,T,0.10325687072393434
TCA,S,0.595,A,0.10068294789580336
TCC,S,0.743,C,0.046788816873155996
TCG,S,-0.899,G,0.053016909327894816
TCT,S,1.128,T,0.0957229914388125
AGA,R,1.561,A,0.13978690390888932
AGG,R,0.272,G,0.09890576608659421
CGA,R,1.334,A,0.10348897763692932
CGC,R,-0.589,C,0.04292444872103734
CGG,R,-0.405,G,0.06359943338006412
CGT,R,0.631,T,0.06801156438958839
CTA,L,0.617,A,0.14003215084841583
CTC,L,0.696,C,0.045019744191224696
CTG,L,-1.251,G,0.035696239174720076
CTT,L,1.381,T,0.06923031792369483
TTA,L,0.991,A,0.20680234320866767
TTG,L,0.891,G,0.058974660327333873
CCA,P,0.879,A,0.08517531913740173
CCC,P,0.091,C,0.04358077211073798
CCG,P,-0.763,G,0.047871607643931835
CCT,P,0.714,T,0.07234552374553146
CAC,H,-0.107,C,0.06844868801940289
CAT,H,0.107,T,0.06844868801940289
CAA,Q,1.598,A,0.061515595502572865
CAG,Q,-1.598,G,0.061515595502572865
GTA,V,1.013,A,0.105997438880419
GTC,V,0.374,C,0.04752554734431811
GTG,V,-1.014,G,0.04530394972917946
GTT,V,1.427,T,0.08016771307459936
GCA,A,0.783,A,0.04605920538595743
GCC,A,-0.214,C,0.0315232520786129
GCG,A,-0.547,G,0.0384521233291576
GCT,A,0.696,T,0.05741984810314129
GAC,D,-0.302,C,0.054502164113150744
GAT,D,0.302,T,0.054502164113150744
GAA,E,1.236,A,0.0544448163525255
GAG,E,-1.236,G,0.0544448163525255
GGA,G,1.111,A,0.0835847643081913
GGC,G,-0.742,C,0.05199072022715933
GGG,G,0.189,G,0.07775590822981952
GGT,G,0.547,T,0.0788094529751362
TTC,F,-0.452,C,0.06716377533062667
TTT,F,0.452,T,0.06716377533062667
TAC,Y,-0.088,C,0.0904556620055115
TAT,Y,0.088,T,0.0904556620055115
TGC,C,-0.707,C,0.17777746918186935
TGT,C,0.707,T,0.17777746918186935
