codon,amino_acid,Denitrovibrio,third_nucl,standard_error
ATA,I,0.133,A,0.05434496757021543
ATC,I,-0.442,C,0.062469434538430124
ATT,I,0.234,T,0.059061670094607915
ACA,T,0.088,A,0.06979755235226912
ACC,T,-0.014,C,0.0908222005864616
ACG,T,0.194,G,0.12123084654493795
ACT,T,-0.185,T,0.07938005111435174
AAC,N,-0.324,C,0.07329438616479568
AAT,N,0.324,T,0.07329438616479568
AAA,K,0.314,A,0.05775860328927579
AAG,K,-0.314,G,0.05775860328927579
AGC,S,0.048,C,0.07618456267259789
AGT,S,0.452,T,0.08547817734739546
TCA,S,0.173,A,0.0745534834261004
TCC,S,-0.512,C,0.09684872101932132
TCG,S,-0.029,G,0.13286287370001074
TCT,S,-0.273,T,0.07945842077950199
AGA,R,0.73,A,0.07723009047580222
AGG,R,-0.283,G,0.1019709574013946
CGA,R,0.4,A,0.17510053684097346
CGC,R,-0.582,C,0.12951896330754895
CGG,R,-0.772,G,0.17854438804697562
CGT,R,-0.545,T,0.10837645040836358
CTA,L,0.73,A,0.1137265600570575
CTC,L,-0.727,C,0.07540993029138014
CTG,L,-0.292,G,0.05766818868829899
CTT,L,-0.427,T,0.05361577982689376
TTA,L,1.241,A,0.08362660064559463
TTG,L,0.698,G,0.09220336127624429
CCA,P,0.484,A,0.11774390863934703
CCC,P,0.099,C,0.1421311834011419
CCG,P,0.063,G,0.10818237339866411
CCT,P,-0.441,T,0.10073744798568736
CAC,H,-0.048,C,0.12544512750364173
CAT,H,0.048,T,0.12544512750364176
CAA,Q,0.975,A,0.11150403694222095
CAG,Q,-0.975,G,0.11150403694222094
GTA,V,0.473,A,0.0722863946852843
GTC,V,-0.292,C,0.08710801209396181
GTG,V,0.055,G,0.07447456738069415
GTT,V,-0.249,T,0.06363205421385952
GCA,A,0.303,A,0.06632092916661403
GCC,A,-0.386,C,0.0930972902464797
GCG,A,-0.331,G,0.10008483973247063
GCT,A,0.057,T,0.06860816857536273
GAC,D,-0.253,C,0.07127031221620532
GAT,D,0.253,T,0.07127031221620532
GAA,E,0.434,A,0.06932434640908118
GAG,E,-0.434,G,0.06932434640908118
GGA,G,0.771,A,0.07758525820411709
GGC,G,-0.27,C,0.08286919376708739
GGG,G,-0.435,G,0.09226361201281678
GGT,G,-0.203,T,0.07924465005767736
TTC,F,-0.469,C,0.07670094493111261
TTT,F,0.469,T,0.0767009449311126
TAC,Y,-0.006,C,0.08818805930148385
TAT,Y,0.006,T,0.08818805930148385
TGC,C,-0.419,C,0.1562165638526346
TGT,C,0.419,T,0.1562165638526346
