codon,amino_acid,Denitrobacterium,third_nucl,standard_error
ATA,I,1.159,A,0.16193064853493738
ATC,I,-0.54,C,0.08268979221463067
ATT,I,0.199,T,0.0861280180524284
ACA,T,1.442,A,0.19697562916118005
ACC,T,-0.302,C,0.08561745195650107
ACG,T,-0.378,G,0.0829344667878005
ACT,T,0.972,T,0.1572736169565051
AAC,N,-0.366,C,0.11363690150968932
AAT,N,0.366,T,0.11363690150968932
AAA,K,1.562,A,0.13802768373906907
AAG,K,-1.562,G,0.13802768373906907
AGC,S,0.004,C,0.0830285007066126
AGT,S,1.039,T,0.17481200987482995
TCA,S,1.114,A,0.2027572016922994
TCC,S,-0.499,C,0.09415029511193491
TCG,S,-0.362,G,0.08777422589390103
TCT,S,0.51,T,0.132991137604245
AGA,R,1.864,A,0.30114947438507766
AGG,R,0.872,G,0.14392813039599064
CGA,R,0.996,A,0.17286984812746461
CGC,R,-0.711,C,0.08264359541599078
CGG,R,0.29,G,0.17746303274531447
CGT,R,-0.214,T,0.09948542147962923
CTA,L,1.267,A,0.16598288132421335
CTC,L,-0.08,C,0.07657762692748038
CTG,L,-0.574,G,0.07107682193027239
CTT,L,-0.013,T,0.08466319584797197
TTA,L,1.408,A,0.3569890463332646
TTG,L,0.577,G,0.09920815271492885
CCA,P,1.015,A,0.17993250478031397
CCC,P,-0.652,C,0.09933251222166072
CCG,P,-0.013,G,0.11095623428445126
CCT,P,0.642,T,0.13833457830573964
CAC,H,-0.118,C,0.1411770007971377
CAT,H,0.118,T,0.1411770007971377
CAA,Q,1.047,A,0.13740126214261414
CAG,Q,-1.047,G,0.13740126214261414
GTA,V,0.939,A,0.10356475811965159
GTC,V,-0.114,C,0.08291752512375652
GTG,V,-0.332,G,0.07191388201486125
GTT,V,-0.087,T,0.08695227956478921
GCA,A,0.935,A,0.08296961416899819
GCC,A,-0.645,C,0.0673908550809744
GCG,A,-0.137,G,0.06720604748146448
GCT,A,0.241,T,0.08340766643564633
GAC,D,-0.312,C,0.08710994839434079
GAT,D,0.312,T,0.08710994839434079
GAA,E,0.792,A,0.07995486360726088
GAG,E,-0.792,G,0.07995486360726088
GGA,G,1.103,A,0.1225396554950858
GGC,G,-0.847,C,0.08006353010506614
GGG,G,0.277,G,0.11464912783698913
GGT,G,0.363,T,0.09723568701139287
TTC,F,-1.052,C,0.12215947309818442
TTT,F,1.052,T,0.12215947309818442
TAC,Y,-0.345,C,0.12777075460879944
TAT,Y,0.345,T,0.12777075460879941
TGC,C,-1.022,C,0.2451641605363047
TGT,C,1.022,T,0.2451641605363047
