codon,amino_acid,Dermatophilus,third_nucl,standard_error
ATA,I,0.105,A,0.21510995435532915
ATC,I,0.137,C,0.09212413243398143
ATT,I,-0.171,T,0.09656971931623991
ACA,T,0.49,A,0.09155899464190087
ACC,T,-0.218,C,0.06417794595367751
ACG,T,-0.182,G,0.08504115143319345
ACT,T,0.146,T,0.09397038415554275
AAC,N,-0.052,C,0.12781861294553415
AAT,N,0.052,T,0.12781861294553415
AAA,K,-0.118,A,0.10597456465224962
AAG,K,0.118,G,0.10597456465224962
AGC,S,0.202,C,0.08258921700527125
AGT,S,0.496,T,0.11946457366163467
TCA,S,0.088,A,0.11341410188676296
TCC,S,-0.28,C,0.086872880971078
TCG,S,-0.183,G,0.0885736159150002
TCT,S,-0.139,T,0.09963568099737423
AGA,R,0.913,A,0.24063004327566132
AGG,R,0.889,G,0.18009956064297813
CGA,R,0.422,A,0.10467015703650934
CGC,R,-0.141,C,0.071102303536739
CGG,R,-0.29,G,0.09306140245595582
CGT,R,-0.173,T,0.08189268931016937
CTA,L,-0.198,A,0.11577154028443154
CTC,L,0.178,C,0.06603097752381212
CTG,L,0.029,G,0.07317949052658179
CTT,L,0.288,T,0.09241573897649186
TTA,L,0.135,A,0.19107827269682137
TTG,L,-0.385,G,0.07595439887481065
CCA,P,0.017,A,0.09895214717690236
CCC,P,0.26,C,0.07588673807961596
CCG,P,-0.35,G,0.08631053052128389
CCT,P,-0.001,T,0.094323818052085
CAC,H,0.327,C,0.12665599563590443
CAT,H,-0.327,T,0.12665599563590443
CAA,Q,-0.167,A,0.11102111039072576
CAG,Q,0.167,G,0.11102111039072575
GTA,V,-0.404,A,0.1096749098030622
GTC,V,-0.331,C,0.0693786439993993
GTG,V,0.407,G,0.06171299927609069
GTT,V,-0.027,T,0.07701127137163341
GCA,A,0.368,A,0.06904386613255264
GCC,A,-0.119,C,0.05815722242108543
GCG,A,-0.043,G,0.06726941522315455
GCT,A,-0.145,T,0.06700280078200985
GAC,D,0.072,C,0.08172877200817681
GAT,D,-0.072,T,0.08172877200817683
GAA,E,-0.163,A,0.08366650347983125
GAG,E,0.163,G,0.08366650347983125
GGA,G,0.316,A,0.08669678616951738
GGC,G,-0.247,C,0.0748575206673087
GGG,G,-0.255,G,0.08785492417040293
GGT,G,0.227,T,0.07793521322707786
TTC,F,-0.064,C,0.11877966510324857
TTT,F,0.064,T,0.11877966510324857
TAC,Y,0.281,C,0.16677721139998747
TAT,Y,-0.281,T,0.16677721139998747
TGC,C,-0.246,C,0.21613647504623237
TGT,C,0.246,T,0.21613647504623237
