codon,amino_acid,Dermabacter,third_nucl,standard_error
ATA,I,0.417,A,0.3315968039781609
ATC,I,-0.441,C,0.09511817291084113
ATT,I,0.419,T,0.09659824760925884
ACA,T,0.774,A,0.12739211969880143
ACC,T,0.062,C,0.07264864430583302
ACG,T,-0.799,G,0.07611852342541228
ACT,T,0.927,T,0.12217703625896206
AAC,N,-0.014,C,0.1299167162861568
AAT,N,0.014,T,0.1299167162861568
AAA,K,0.289,A,0.11145949666840689
AAG,K,-0.289,G,0.11145949666840689
AGC,S,0.14,C,0.08181769309444804
AGT,S,0.725,T,0.13335667202272591
TCA,S,0.354,A,0.12407409016576176
TCC,S,0.042,C,0.08926684875328518
TCG,S,-0.93,G,0.08218556661748659
TCT,S,0.849,T,0.15188383291526153
AGA,R,1.095,A,0.22594443388480162
AGG,R,0.6,G,0.15936209390621167
CGA,R,0.421,A,0.11903575531961413
CGC,R,-0.345,C,0.07274377066156877
CGG,R,-0.279,G,0.11682553971544635
CGT,R,0.051,T,0.09830746294596591
CTA,L,0.577,A,0.20520796904244928
CTC,L,-0.415,C,0.06460533223403155
CTG,L,0.091,G,0.08809376335378706
CTT,L,0.197,T,0.07953847300572588
TTA,L,0.942,A,0.34121359363726766
TTG,L,0.523,G,0.12355112147884852
CCA,P,0.432,A,0.14021865487691423
CCC,P,0.138,C,0.08143702514997112
CCG,P,-0.561,G,0.08468698938567884
CCT,P,0.519,T,0.12509184320695887
CAC,H,-0.231,C,0.15292173314365107
CAT,H,0.231,T,0.15292173314365107
CAA,Q,0.391,A,0.13240907920077533
CAG,Q,-0.391,G,0.13240907920077533
GTA,V,0.222,A,0.1624546078201781
GTC,V,-0.601,C,0.07728121878464905
GTG,V,0.347,G,0.06782633240733735
GTT,V,0.15,T,0.08959456845542069
GCA,A,0.735,A,0.07843198393704925
GCC,A,-0.091,C,0.06182681306910093
GCG,A,-0.53,G,0.06254586248236123
GCT,A,0.284,T,0.0833695969535318
GAC,D,-0.071,C,0.08604900920172825
GAT,D,0.071,T,0.08604900920172827
GAA,E,0.406,A,0.07948204229306392
GAG,E,-0.406,G,0.07948204229306392
GGA,G,0.726,A,0.10986931063131262
GGC,G,-0.312,C,0.07904884287201051
GGG,G,-0.0,G,0.10726720772402187
GGT,G,-0.08,T,0.09932804069251286
TTC,F,-0.815,C,0.12352360968910028
TTT,F,0.815,T,0.12352360968910028
TAC,Y,-0.497,C,0.1821869183916023
TAT,Y,0.497,T,0.18218691839160234
TGC,C,-0.755,C,0.3301783818564596
TGT,C,0.755,T,0.3301783818564596
