codon,amino_acid,Dermacoccus,third_nucl,standard_error
ATA,I,0.245,A,0.4514558418331305
ATC,I,-1.069,C,0.18079935544065925
ATT,I,1.191,T,0.1977685898651062
ACA,T,0.679,A,0.15068355640369038
ACC,T,0.523,C,0.06326526195958174
ACG,T,-0.865,G,0.062131371500987506
ACT,T,1.296,T,0.17054156032776807
AAC,N,-0.72,C,0.20555834347862517
AAT,N,0.72,T,0.20555834347862517
AAA,K,0.693,A,0.20995502242055408
AAG,K,-0.693,G,0.20995502242055408
AGC,S,0.137,C,0.07066824754488742
AGT,S,0.85,T,0.1486692123417866
TCA,S,0.646,A,0.14973471460320736
TCC,S,0.179,C,0.08009416992207975
TCG,S,-0.852,G,0.07053427944199915
TCT,S,1.211,T,0.20339740628205613
AGA,R,1.143,A,0.28310388303335443
AGG,R,0.931,G,0.1851747127726513
CGA,R,0.774,A,0.11282605786769931
CGC,R,-0.394,C,0.06074022568191251
CGG,R,-0.267,G,0.08974799584330378
CGT,R,0.176,T,0.07846648454492086
CTA,L,0.054,A,0.30703060870758486
CTC,L,-0.21,C,0.056039767055775194
CTG,L,-0.112,G,0.05786489684628291
CTT,L,0.997,T,0.14657911152655792
TTA,L,0.482,A,0.7642757117663677
TTG,L,0.575,G,0.1106863874241145
CCA,P,0.701,A,0.1645635932146406
CCC,P,0.423,C,0.06990716880078869
CCG,P,-0.859,G,0.06977554066591964
CCT,P,1.017,T,0.13902834858728233
CAC,H,-0.612,C,0.15098081406158634
CAT,H,0.612,T,0.15098081406158634
CAA,Q,0.473,A,0.16470214733262023
CAG,Q,-0.473,G,0.16470214733262023
GTA,V,0.589,A,0.23113429078597816
GTC,V,-0.858,C,0.05603589686316333
GTG,V,0.669,G,0.05663818130953091
GTT,V,1.023,T,0.14157801675292084
GCA,A,0.931,A,0.0839580772154374
GCC,A,0.013,C,0.04756820113207272
GCG,A,-0.688,G,0.0499097360616202
GCT,A,0.99,T,0.0882497073192654
GAC,D,-0.575,C,0.09145296446948255
GAT,D,0.575,T,0.09145296446948253
GAA,E,0.834,A,0.08521252000259867
GAG,E,-0.834,G,0.08521252000259866
GGA,G,0.968,A,0.11460697514582399
GGC,G,-0.355,C,0.06449184017642877
GGG,G,-0.129,G,0.08733125608943229
GGT,G,0.187,T,0.08121191945022467
TTC,F,-0.983,C,0.2301631911327172
TTT,F,0.983,T,0.23016319113271716
TAC,Y,-0.57,C,0.21078354165791835
TAT,Y,0.57,T,0.21078354165791835
TGC,C,-0.289,C,0.3115910499204449
TGT,C,0.289,T,0.31159104992044484
