codon,amino_acid,Desulfurispirillum,third_nucl,standard_error
ATA,I,0.925,A,0.09316402184761446
ATC,I,-0.667,C,0.06547726933834962
ATT,I,0.175,T,0.06751251697690033
ACA,T,0.788,A,0.10423218959773435
ACC,T,-0.487,C,0.07381293493394671
ACG,T,-0.085,G,0.09681477651459945
ACT,T,0.258,T,0.11233871497773495
AAC,N,-0.17,C,0.09466786068440317
AAT,N,0.17,T,0.09466786068440317
AAA,K,0.844,A,0.07767374950315685
AAG,K,-0.844,G,0.07767374950315685
AGC,S,-0.494,C,0.07327775047393713
AGT,S,0.271,T,0.09309507210091289
TCA,S,0.779,A,0.11017927142655483
TCC,S,-0.149,C,0.07490418131181781
TCG,S,-0.337,G,0.1158088279581057
TCT,S,0.529,T,0.11368526711894468
AGA,R,1.356,A,0.13985804275757788
AGG,R,0.296,G,0.13493286730483214
CGA,R,1.057,A,0.12662370752924304
CGC,R,-0.609,C,0.07033811379535589
CGG,R,-0.403,G,0.10363582295515274
CGT,R,-0.069,T,0.08673280354523148
CTA,L,0.903,A,0.2707593069425447
CTC,L,0.093,C,0.06534299986962791
CTG,L,-0.718,G,0.05273274714583841
CTT,L,0.479,T,0.07333151540786406
TTA,L,1.204,A,0.18833206531483707
TTG,L,0.801,G,0.09694923191785047
CCA,P,0.748,A,0.11216055709106551
CCC,P,-0.496,C,0.08308554060474613
CCG,P,-0.17,G,0.10154501552462787
CCT,P,0.334,T,0.11171985955363872
CAC,H,-0.195,C,0.10777046484256952
CAT,H,0.195,T,0.10777046484256951
CAA,Q,1.534,A,0.11492088738997086
CAG,Q,-1.534,G,0.11492088738997086
GTA,V,0.562,A,0.09508839389106298
GTC,V,-0.139,C,0.07288768741225264
GTG,V,-0.34,G,0.06646917368622311
GTT,V,0.278,T,0.08341501365548366
GCA,A,0.866,A,0.08442480524875923
GCC,A,-0.502,C,0.06325717704510203
GCG,A,-0.2,G,0.08199766289711538
GCT,A,0.232,T,0.08397425738847189
GAC,D,-0.198,C,0.08077891506114211
GAT,D,0.198,T,0.08077891506114211
GAA,E,0.881,A,0.07595074632084287
GAG,E,-0.881,G,0.07595074632084287
GGA,G,0.649,A,0.08904267915868187
GGC,G,-0.373,C,0.07487832379859921
GGG,G,-0.268,G,0.10772310433723296
GGT,G,0.088,T,0.08944933789963747
TTC,F,-0.451,C,0.08411531694644188
TTT,F,0.451,T,0.08411531694644188
TAC,Y,-0.308,C,0.10381239131374649
TAT,Y,0.308,T,0.1038123913137465
TGC,C,-0.497,C,0.17044967750010753
TGT,C,0.497,T,0.17044967750010756
