codon,amino_acid,Desulfotalea,third_nucl,standard_error
ATA,I,0.737,A,0.06407022730640288
ATC,I,-0.574,C,0.06169353819239364
ATT,I,-0.117,T,0.0557161714482249
ACA,T,0.897,A,0.07590637792356958
ACC,T,-0.905,C,0.07203664378157083
ACG,T,-0.063,G,0.10744623028197055
ACT,T,0.158,T,0.08404500884330537
AAC,N,-0.273,C,0.08107730407199003
AAT,N,0.273,T,0.08107730407199003
AAA,K,0.785,A,0.06002944850646445
AAG,K,-0.785,G,0.06002944850646445
AGC,S,-0.192,C,0.07720600526481022
AGT,S,0.264,T,0.07791621987066352
TCA,S,0.502,A,0.08338314472807125
TCC,S,-0.582,C,0.08415323307548528
TCG,S,-0.21,G,0.11779503427868544
TCT,S,0.083,T,0.07671926518379167
AGA,R,1.046,A,0.08319618248640104
AGG,R,-0.102,G,0.10742516828223939
CGA,R,0.392,A,0.10263107901180682
CGC,R,-0.47,C,0.10555579379919185
CGG,R,-1.032,G,0.12621357092756572
CGT,R,-0.526,T,0.0878578996262492
CTA,L,0.516,A,0.0926266381291547
CTC,L,-0.395,C,0.06205375102441442
CTG,L,-0.706,G,0.06283584415948337
CTT,L,-0.236,T,0.05521631561105883
TTA,L,1.084,A,0.07441090615235844
TTG,L,0.423,G,0.06998490813798057
CCA,P,0.6,A,0.09405566868293358
CCC,P,-0.381,C,0.09188573531928144
CCG,P,-0.258,G,0.11714920253750419
CCT,P,-0.028,T,0.09261239464060303
CAC,H,-0.001,C,0.12469659739183694
CAT,H,0.001,T,0.12469659739183694
CAA,Q,0.678,A,0.081242001097689
CAG,Q,-0.678,G,0.08124200109768902
GTA,V,0.34,A,0.0746009627386778
GTC,V,-0.499,C,0.08144118525018428
GTG,V,0.126,G,0.07285888574500746
GTT,V,-0.031,T,0.06511746681866835
GCA,A,0.665,A,0.06532419269184073
GCC,A,-0.674,C,0.06410768231369367
GCG,A,0.203,G,0.09854214221467934
GCT,A,-0.022,T,0.07110536773842707
GAC,D,-0.146,C,0.0832423176946863
GAT,D,0.146,T,0.0832423176946863
GAA,E,0.822,A,0.0658622909214454
GAG,E,-0.822,G,0.06586229092144538
GGA,G,0.41,A,0.07813375999010663
GGC,G,-0.198,C,0.07366291259864206
GGG,G,-0.195,G,0.0964955565813908
GGT,G,-0.037,T,0.0704017735015068
TTC,F,-0.163,C,0.08532719820545157
TTT,F,0.163,T,0.08532719820545157
TAC,Y,-0.197,C,0.10249452933684537
TAT,Y,0.197,T,0.10249452933684537
TGC,C,-0.055,C,0.14063179323597805
TGT,C,0.055,T,0.14063179323597805
