codon,amino_acid,Desulforamulus,third_nucl,standard_error
ATA,I,0.434,A,0.0685979615143384
ATC,I,-0.257,C,0.0564423077942198
ATT,I,-0.038,T,0.05128232740850445
ACA,T,0.836,A,0.08292911126955538
ACC,T,-0.571,C,0.06309118963143086
ACG,T,-0.107,G,0.08677826999631837
ACT,T,0.222,T,0.08555037459914978
AAC,N,-0.145,C,0.06931454518975934
AAT,N,0.145,T,0.06931454518975934
AAA,K,0.338,A,0.054259267645403
AAG,K,-0.338,G,0.054259267645403
AGC,S,-0.005,C,0.0737404099647072
AGT,S,0.472,T,0.08164077518856035
TCA,S,0.607,A,0.1009317066599618
TCC,S,-0.686,C,0.06942723800345245
TCG,S,-0.206,G,0.11182896106515217
TCT,S,0.215,T,0.08394037430101008
AGA,R,0.711,A,0.07583090039304169
AGG,R,0.191,G,0.08171076072143375
CGA,R,0.589,A,0.1162383586966357
CGC,R,-0.322,C,0.08535832416367843
CGG,R,-0.774,G,0.0737212765569532
CGT,R,-0.053,T,0.08883829899233096
CTA,L,0.51,A,0.08939112223781123
CTC,L,-0.385,C,0.08567407278270281
CTG,L,-0.815,G,0.04657357235754766
CTT,L,-0.066,T,0.05970526390707269
TTA,L,0.395,A,0.050626423086709546
TTG,L,0.578,G,0.05008732790299708
CCA,P,0.901,A,0.10788603077352789
CCC,P,-0.303,C,0.07946953078346805
CCG,P,-0.322,G,0.0826206498136862
CCT,P,0.143,T,0.09092199474233623
CAC,H,-0.425,C,0.11482788392259552
CAT,H,0.425,T,0.11482788392259552
CAA,Q,0.457,A,0.07123322763940475
CAG,Q,-0.457,G,0.07123322763940475
GTA,V,0.097,A,0.0609441603692229
GTC,V,-0.251,C,0.07690569298979105
GTG,V,-0.051,G,0.05366491387471822
GTT,V,0.113,T,0.05723918721114273
GCA,A,0.895,A,0.07028674931844486
GCC,A,-0.673,C,0.05693981895873559
GCG,A,-0.116,G,0.07583348908523234
GCT,A,0.224,T,0.0658157762448168
GAC,D,-0.269,C,0.0721101220325179
GAT,D,0.269,T,0.0721101220325179
GAA,E,0.368,A,0.06108283606509634
GAG,E,-0.368,G,0.06108283606509633
GGA,G,0.299,A,0.06320880905925301
GGC,G,-0.311,C,0.06356169082415922
GGG,G,-0.253,G,0.07186776884693385
GGT,G,0.237,T,0.06569874081122618
TTC,F,-0.095,C,0.08354121891543466
TTT,F,0.095,T,0.08354121891543466
TAC,Y,-0.048,C,0.08835949417392235
TAT,Y,0.048,T,0.08835949417392235
TGC,C,-0.371,C,0.13698918765650314
TGT,C,0.371,T,0.13698918765650314
