codon,amino_acid,Desulfobacula,third_nucl,standard_error
ATA,I,0.674,A,0.05177334237247952
ATC,I,-0.441,C,0.04944320411410664
ATT,I,-0.163,T,0.043799977618793
ACA,T,0.38,A,0.058737549398224426
ACC,T,-0.486,C,0.061597392356838906
ACG,T,-0.109,G,0.0917554391681564
ACT,T,0.175,T,0.07449439114317383
AAC,N,-0.228,C,0.05994209106190105
AAT,N,0.228,T,0.05994209106190106
AAA,K,0.486,A,0.05354216777206924
AAG,K,-0.486,G,0.05354216777206924
AGC,S,0.049,C,0.07458920348242447
AGT,S,0.417,T,0.07265887232389286
TCA,S,0.281,A,0.06019503955002429
TCC,S,-0.564,C,0.06863496439874066
TCG,S,-0.093,G,0.11635321513139832
TCT,S,-0.184,T,0.07109796870930725
AGA,R,0.641,A,0.06957443355493909
AGG,R,-0.392,G,0.086650912284747
CGA,R,0.424,A,0.10505326836864305
CGC,R,-0.423,C,0.12450295821104816
CGG,R,-0.604,G,0.09149848531464652
CGT,R,-0.15,T,0.10346546367049712
CTA,L,0.82,A,0.12248046944186576
CTC,L,-0.213,C,0.0909839240522492
CTG,L,-0.594,G,0.05220392697851679
CTT,L,-0.405,T,0.04875592584173785
TTA,L,0.692,A,0.0538546657960408
TTG,L,0.321,G,0.052896214169125426
CCA,P,0.483,A,0.08675490866912054
CCC,P,-0.112,C,0.08169188047606608
CCG,P,-0.247,G,0.08309702285308117
CCT,P,-0.067,T,0.08007276455008498
CAC,H,-0.02,C,0.1056597939925004
CAT,H,0.02,T,0.1056597939925004
CAA,Q,0.645,A,0.0724642907547385
CAG,Q,-0.645,G,0.0724642907547385
GTA,V,0.686,A,0.06909751804156597
GTC,V,-0.372,C,0.07659801248599551
GTG,V,-0.257,G,0.06647007093072348
GTT,V,-0.067,T,0.05723087447716265
GCA,A,0.444,A,0.059397442877295176
GCC,A,-0.545,C,0.06454306735136708
GCG,A,-0.15,G,0.09755595068958525
GCT,A,0.134,T,0.06932751001135731
GAC,D,-0.079,C,0.06412630939878264
GAT,D,0.079,T,0.06412630939878264
GAA,E,0.426,A,0.07010386912948384
GAG,E,-0.426,G,0.07010386912948384
GGA,G,0.331,A,0.06204888888758602
GGC,G,-0.144,C,0.06865821060514221
GGG,G,-0.291,G,0.08049900283194336
GGT,G,-0.036,T,0.06804193297832803
TTC,F,-0.08,C,0.07195591738430837
TTT,F,0.08,T,0.07195591738430837
TAC,Y,0.04,C,0.08687516754523408
TAT,Y,-0.04,T,0.08687516754523408
TGC,C,-0.542,C,0.11827866912470872
TGT,C,0.542,T,0.11827866912470872
