codon,amino_acid,Desulfohalobium,third_nucl,standard_error
ATA,I,1.02,A,0.12465001295446174
ATC,I,-0.667,C,0.07508608147306937
ATT,I,0.278,T,0.07976906958414096
ACA,T,0.793,A,0.10620239943279237
ACC,T,-0.54,C,0.07437703021434515
ACG,T,-0.167,G,0.09197725570001446
ACT,T,0.513,T,0.11303547415777812
AAC,N,-0.025,C,0.1024620148632885
AAT,N,0.025,T,0.10246201486328849
AAA,K,0.49,A,0.08083202021039675
AAG,K,-0.49,G,0.08083202021039675
AGC,S,-0.324,C,0.08448242272048498
AGT,S,0.2,T,0.10471541627965533
TCA,S,0.523,A,0.1253999292833379
TCC,S,-0.183,C,0.07955234462805669
TCG,S,-0.175,G,0.10168850689790908
TCT,S,0.527,T,0.12181799575331712
AGA,R,1.358,A,0.16470435592701915
AGG,R,0.481,G,0.1594516317359882
CGA,R,0.65,A,0.11226261293369995
CGC,R,-0.173,C,0.0719638891856376
CGG,R,-0.89,G,0.08102690868678519
CGT,R,0.341,T,0.09132144442234877
CTA,L,1.121,A,0.2131021041483268
CTC,L,-0.042,C,0.06255140079901834
CTG,L,-0.633,G,0.05773157599041936
CTT,L,0.626,T,0.07494320998359832
TTA,L,0.876,A,0.1354104811026616
TTG,L,0.028,G,0.06376945310036436
CCA,P,0.803,A,0.12135148148395399
CCC,P,-0.04,C,0.08188607324584563
CCG,P,-0.512,G,0.08290613092286725
CCT,P,0.265,T,0.1074799339049875
CAC,H,-0.213,C,0.11153895810756358
CAT,H,0.213,T,0.11153895810756358
CAA,Q,0.692,A,0.08532610595136988
CAG,Q,-0.692,G,0.08532610595136988
GTA,V,0.883,A,0.12411871643139692
GTC,V,-0.681,C,0.07039557033673986
GTG,V,0.158,G,0.07095354473154593
GTT,V,0.333,T,0.0828760003145541
GCA,A,1.019,A,0.09882707025531273
GCC,A,-0.568,C,0.06161914360363959
GCG,A,-0.055,G,0.07652471494977262
GCT,A,0.311,T,0.07849544777462424
GAC,D,-0.231,C,0.0812948374972338
GAT,D,0.231,T,0.0812948374972338
GAA,E,0.441,A,0.07635685417734743
GAG,E,-0.441,G,0.07635685417734742
GGA,G,0.509,A,0.08518876509436067
GGC,G,-0.424,C,0.07452114962577015
GGG,G,-0.379,G,0.08723743342959007
GGT,G,0.562,T,0.0945470803991995
TTC,F,-0.338,C,0.08826737907126084
TTT,F,0.338,T,0.08826737907126084
TAC,Y,-0.316,C,0.11170651704767653
TAT,Y,0.316,T,0.11170651704767653
TGC,C,-0.433,C,0.1490232679490207
TGT,C,0.433,T,0.1490232679490207
