codon,amino_acid,Desulfurobacterium,third_nucl,standard_error
ATA,I,0.061,A,0.0745395941329047
ATC,I,0.191,C,0.11655331762843246
ATT,I,-0.14,T,0.07450225779716443
ACA,T,-0.084,A,0.10883045704398336
ACC,T,0.262,C,0.1766276180881943
ACG,T,0.245,G,0.19531440736632102
ACT,T,-0.095,T,0.1102001750501625
AAC,N,-0.119,C,0.12203478655903381
AAT,N,0.119,T,0.12203478655903381
AAA,K,-0.06,A,0.06923845638419435
AAG,K,0.06,G,0.06923845638419435
AGC,S,0.126,C,0.156426716483456
AGT,S,0.415,T,0.11549028273356636
TCA,S,0.097,A,0.11521502174521807
TCC,S,0.022,C,0.15907240823508503
TCG,S,0.102,G,0.26729645942620833
TCT,S,-0.506,T,0.1061732137658881
AGA,R,-0.209,A,0.10955694827439076
AGG,R,0.2,G,0.1302123258208537
CGA,R,0.166,A,0.2992202187582025
CGC,R,-0.631,C,0.3563999624687654
CGG,R,1.088,G,0.3833079763082358
CGT,R,-0.01,T,0.2594336731443209
CTA,L,0.008,A,0.10748970913158014
CTC,L,-0.077,C,0.11838939924902138
CTG,L,0.393,G,0.16551171961067102
CTT,L,-0.588,T,0.06809330754912386
TTA,L,0.095,A,0.073794059574872
TTG,L,1.004,G,0.1073076369388007
CCA,P,0.026,A,0.1281833196421841
CCC,P,0.488,C,0.21052868591535134
CCG,P,0.143,G,0.2354546047119218
CCT,P,-0.233,T,0.12448378698858406
CAC,H,0.092,C,0.21242760069054986
CAT,H,-0.092,T,0.21242760069054986
CAA,Q,-0.094,A,0.16214312101596193
CAG,Q,0.094,G,0.16214312101596193
GTA,V,-0.011,A,0.08854835298000695
GTC,V,-0.062,C,0.1596747185679709
GTG,V,1.356,G,0.15584629917833376
GTT,V,-0.436,T,0.08206833130632887
GCA,A,0.181,A,0.09793165679566214
GCC,A,-0.292,C,0.16953394228278887
GCG,A,0.379,G,0.21333859120972545
GCT,A,-0.157,T,0.09711133370377659
GAC,D,-0.243,C,0.12935714531712655
GAT,D,0.243,T,0.12935714531712655
GAA,E,-0.126,A,0.0940418195687908
GAG,E,0.126,G,0.0940418195687908
GGA,G,-0.09,A,0.09451757650722059
GGC,G,0.175,C,0.18741206678107494
GGG,G,0.345,G,0.16943268447461104
GGT,G,-0.073,T,0.10476858388025392
TTC,F,-0.088,C,0.118564965478757
TTT,F,0.088,T,0.118564965478757
TAC,Y,-0.03,C,0.1286663444343988
TAT,Y,0.03,T,0.1286663444343988
TGC,C,-0.151,C,0.2528867503783579
TGT,C,0.151,T,0.25288675037835795
