codon,amino_acid,Desulfurivibrio,third_nucl,standard_error
ATA,I,1.103,A,0.14205399086422132
ATC,I,-0.781,C,0.07215192723160563
ATT,I,0.473,T,0.07422777269278644
ACA,T,1.825,A,0.19562716121000653
ACC,T,-0.945,C,0.0854392771762237
ACG,T,0.197,G,0.11484790088544135
ACT,T,0.738,T,0.1326001491391327
AAC,N,-0.494,C,0.10139078837497782
AAT,N,0.494,T,0.10139078837497782
AAA,K,0.796,A,0.07668416302844816
AAG,K,-0.796,G,0.07668416302844816
AGC,S,-0.234,C,0.0747799505589818
AGT,S,0.499,T,0.11454015226350958
TCA,S,0.838,A,0.14031462757732327
TCC,S,-0.451,C,0.08483304996844705
TCG,S,-0.426,G,0.11244115752838581
TCT,S,0.909,T,0.14462909074585464
AGA,R,1.888,A,0.16994187119412393
AGG,R,0.74,G,0.12891379415624513
CGA,R,0.913,A,0.12999595543862963
CGC,R,-0.42,C,0.07155890425138228
CGG,R,-0.883,G,0.0728677104237187
CGT,R,0.639,T,0.10128267946690972
CTA,L,0.79,A,0.1833867878121545
CTC,L,-0.323,C,0.08304157040510049
CTG,L,-0.724,G,0.05152458080783018
CTT,L,0.655,T,0.08334460647926943
TTA,L,1.209,A,0.12547791094256883
TTG,L,0.501,G,0.06738509347601028
CCA,P,1.219,A,0.13686503017856258
CCC,P,-0.237,C,0.07563984551021888
CCG,P,-0.533,G,0.0766784410093294
CCT,P,0.806,T,0.12224645156709134
CAC,H,-0.291,C,0.11500838661236766
CAT,H,0.291,T,0.11500838661236766
CAA,Q,1.019,A,0.0880338685065554
CAG,Q,-1.019,G,0.0880338685065554
GTA,V,0.753,A,0.10670818363181189
GTC,V,-0.239,C,0.08062924905198877
GTG,V,-0.667,G,0.06850528993980035
GTT,V,0.802,T,0.08520971048938565
GCA,A,1.437,A,0.10220387754705788
GCC,A,-0.831,C,0.05804401626377448
GCG,A,0.061,G,0.07044267037927024
GCT,A,0.68,T,0.09317283571226453
GAC,D,-0.416,C,0.07968581898706908
GAT,D,0.416,T,0.07968581898706908
GAA,E,0.789,A,0.0711497062048872
GAG,E,-0.789,G,0.0711497062048872
GGA,G,1.028,A,0.11256645543690348
GGC,G,-0.38,C,0.06902310447224504
GGG,G,-0.239,G,0.08260665347936542
GGT,G,0.263,T,0.08936091818794159
TTC,F,-0.491,C,0.09029598518878504
TTT,F,0.491,T,0.09029598518878504
TAC,Y,-0.628,C,0.11419939996781422
TAT,Y,0.628,T,0.11419939996781422
TGC,C,-0.409,C,0.18095860736569813
TGT,C,0.409,T,0.18095860736569813
