codon,amino_acid,Desulfobacca,third_nucl,standard_error
ATA,I,0.539,A,0.08757429150349781
ATC,I,-0.482,C,0.06182877351067036
ATT,I,0.216,T,0.06372758467641278
ACA,T,0.816,A,0.11258032325113367
ACC,T,-0.576,C,0.07298280157107033
ACG,T,0.023,G,0.09509744720245883
ACT,T,0.301,T,0.08968107449191451
AAC,N,-0.067,C,0.08838753971936184
AAT,N,0.067,T,0.08838753971936184
AAA,K,0.478,A,0.06903468906320503
AAG,K,-0.478,G,0.06903468906320503
AGC,S,-0.112,C,0.08341370234340745
AGT,S,0.334,T,0.10184167150157376
TCA,S,0.611,A,0.11777864227075333
TCC,S,-0.453,C,0.08169233929705359
TCG,S,-0.345,G,0.10590603199786836
TCT,S,0.348,T,0.09929587010494904
AGA,R,0.97,A,0.09811474173510994
AGG,R,0.356,G,0.11060322588587242
CGA,R,0.488,A,0.10278233584532129
CGC,R,-0.274,C,0.07435836835258343
CGG,R,-0.729,G,0.07306026707941485
CGT,R,0.041,T,0.09506997365215467
CTA,L,0.382,A,0.10502574687463306
CTC,L,-0.177,C,0.06501511800524465
CTG,L,-0.661,G,0.05182278520060056
CTT,L,0.325,T,0.07392902709896505
TTA,L,0.657,A,0.07463315992297877
TTG,L,0.26,G,0.05896514478082646
CCA,P,0.689,A,0.10685311353681053
CCC,P,-0.097,C,0.07916857440384212
CCG,P,-0.552,G,0.07799877315850268
CCT,P,0.391,T,0.09317948429278843
CAC,H,-0.065,C,0.11593141315456014
CAT,H,0.065,T,0.11593141315456014
CAA,Q,0.561,A,0.08388267477332115
CAG,Q,-0.561,G,0.08388267477332115
GTA,V,0.043,A,0.08586378961142549
GTC,V,-0.425,C,0.0696105489200064
GTG,V,0.007,G,0.06595085899626708
GTT,V,0.464,T,0.07592963904914202
GCA,A,0.763,A,0.08416563922896624
GCC,A,-0.642,C,0.06001847678231911
GCG,A,0.012,G,0.07599528456823111
GCT,A,0.423,T,0.0770446050979897
GAC,D,-0.332,C,0.0793665745027739
GAT,D,0.332,T,0.0793665745027739
GAA,E,0.566,A,0.07089201453969635
GAG,E,-0.566,G,0.07089201453969633
GGA,G,0.243,A,0.08295285439684516
GGC,G,-0.227,C,0.0692253286761841
GGG,G,-0.112,G,0.08370141903626241
GGT,G,0.193,T,0.0812088656579762
TTC,F,-0.224,C,0.08372816432656928
TTT,F,0.224,T,0.08372816432656928
TAC,Y,-0.04,C,0.10446404652072072
TAT,Y,0.04,T,0.10446404652072072
TGC,C,-0.423,C,0.1473385079434816
TGT,C,0.423,T,0.1473385079434816
