codon,amino_acid,Desulfovibrio,third_nucl,standard_error
ATA,I,0.659,A,0.11724442067787033
ATC,I,-0.747,C,0.0698382334199414
ATT,I,0.648,T,0.0790901931915985
ACA,T,0.986,A,0.1153181394230341
ACC,T,-0.372,C,0.05783233291062339
ACG,T,-0.088,G,0.06179141384827234
ACT,T,0.984,T,0.15547928612313058
AAC,N,-0.538,C,0.094668646140987
AAT,N,0.538,T,0.094668646140987
AAA,K,1.005,A,0.06495508228764964
AAG,K,-1.005,G,0.06495508228764964
AGC,S,-0.121,C,0.06567009193024498
AGT,S,0.834,T,0.14968969769099
TCA,S,0.774,A,0.1426312382524927
TCC,S,-0.115,C,0.05850333416410614
TCG,S,-0.381,G,0.07409371492980832
TCT,S,0.795,T,0.13952466898152502
AGA,R,1.35,A,0.13708785831956957
AGG,R,0.282,G,0.10097634413816224
CGA,R,1.241,A,0.12028486512746983
CGC,R,-0.118,C,0.052492295117265775
CGG,R,-0.837,G,0.059276988722268886
CGT,R,0.501,T,0.08661971115956825
CTA,L,0.396,A,0.192069236574755
CTC,L,0.326,C,0.05427425456068314
CTG,L,-0.692,G,0.043527965891467194
CTT,L,0.495,T,0.057315625840960845
TTA,L,0.044,A,0.13810502446671302
TTG,L,0.377,G,0.06349921052339343
CCA,P,0.774,A,0.1260045329649501
CCC,P,-0.027,C,0.05861346924753779
CCG,P,-0.397,G,0.06093932243818905
CCT,P,0.66,T,0.1065812265471133
CAC,H,-0.072,C,0.09588109724758524
CAT,H,0.072,T,0.09588109724758526
CAA,Q,1.07,A,0.09610817327450005
CAG,Q,-1.07,G,0.09610817327450005
GTA,V,0.842,A,0.12797329553706993
GTC,V,0.039,C,0.05414659529073025
GTG,V,-0.443,G,0.05175924363517112
GTT,V,0.687,T,0.08586994455763224
GCA,A,0.989,A,0.08707933451131743
GCC,A,-0.59,C,0.044945579090160996
GCG,A,0.197,G,0.05070984178038423
GCT,A,0.698,T,0.09539390876499948
GAC,D,-0.449,C,0.06579147542941287
GAT,D,0.449,T,0.06579147542941287
GAA,E,0.935,A,0.06275350845359053
GAG,E,-0.935,G,0.06275350845359053
GGA,G,0.826,A,0.07251839956949108
GGC,G,-0.418,C,0.05508416779347385
GGG,G,-0.385,G,0.0656937531441647
GGT,G,0.831,T,0.10345878116851885
TTC,F,-0.354,C,0.07085948240302285
TTT,F,0.354,T,0.07085948240302285
TAC,Y,-0.393,C,0.09559244872264522
TAT,Y,0.393,T,0.09559244872264522
TGC,C,-0.803,C,0.1555456336238697
TGT,C,0.803,T,0.1555456336238697
