codon,amino_acid,Desulfocapsa,third_nucl,standard_error
ATA,I,0.389,A,0.06116392229043416
ATC,I,-0.33,C,0.05746970703079127
ATT,I,-0.018,T,0.05335106305786527
ACA,T,0.735,A,0.06593098330494053
ACC,T,-0.664,C,0.06657134016517355
ACG,T,-0.296,G,0.10082001217563612
ACT,T,0.02,T,0.07056687376707381
AAC,N,-0.009,C,0.07186861932824913
AAT,N,0.009,T,0.07186861932824913
AAA,K,0.562,A,0.06021864059248296
AAG,K,-0.562,G,0.06021864059248296
AGC,S,0.164,C,0.07860170583580489
AGT,S,0.062,T,0.06743646205439217
TCA,S,0.164,A,0.07047933275726125
TCC,S,-0.356,C,0.07238329373041856
TCG,S,-0.284,G,0.11212262698712855
TCT,S,0.098,T,0.07385378933002158
AGA,R,0.672,A,0.0759878566418211
AGG,R,-0.136,G,0.09945906635759907
CGA,R,0.302,A,0.09383753831071472
CGC,R,-0.325,C,0.0933427068599994
CGG,R,-0.53,G,0.10556102090141312
CGT,R,-0.331,T,0.0803116708720512
CTA,L,0.744,A,0.0985152208417416
CTC,L,-0.204,C,0.05955405015726122
CTG,L,-0.494,G,0.05630678907983308
CTT,L,-0.266,T,0.05153934441881216
TTA,L,0.814,A,0.0719773086267952
TTG,L,0.323,G,0.06904485016282857
CCA,P,0.262,A,0.08285973175177379
CCC,P,-0.014,C,0.08781188896894965
CCG,P,-0.314,G,0.0979487173678193
CCT,P,-0.021,T,0.0813420192067336
CAC,H,0.173,C,0.10771782144273409
CAT,H,-0.173,T,0.1077178214427341
CAA,Q,0.741,A,0.07943024170915662
CAG,Q,-0.741,G,0.07943024170915663
GTA,V,0.446,A,0.07034188727018192
GTC,V,-0.388,C,0.07468869739801204
GTG,V,0.108,G,0.06784821753937542
GTT,V,-0.156,T,0.060616961952594105
GCA,A,0.366,A,0.06268376457778305
GCC,A,-0.242,C,0.06464114925679584
GCG,A,-0.024,G,0.09699287579692738
GCT,A,-0.144,T,0.067838671181384
GAC,D,0.066,C,0.07072024383683527
GAT,D,-0.066,T,0.07072024383683527
GAA,E,0.565,A,0.06953267521286556
GAG,E,-0.565,G,0.06953267521286556
GGA,G,0.307,A,0.06887623590884046
GGC,G,-0.089,C,0.07900024328243452
GGG,G,-0.347,G,0.09008734627886962
GGT,G,-0.024,T,0.06994071816492727
TTC,F,-0.007,C,0.07628478894563062
TTT,F,0.007,T,0.07628478894563062
TAC,Y,0.128,C,0.09407202363629182
TAT,Y,-0.128,T,0.09407202363629182
TGC,C,-0.171,C,0.13436417182572186
TGT,C,0.171,T,0.13436417182572186
