codon,amino_acid,Desulfobulbus,third_nucl,standard_error
ATA,I,1.056,A,0.1167962979960776
ATC,I,-0.72,C,0.062370771245758405
ATT,I,0.427,T,0.06624129656702496
ACA,T,1.344,A,0.10726626472124356
ACC,T,-0.709,C,0.06525282930872779
ACG,T,-0.057,G,0.0835518246983945
ACT,T,0.439,T,0.12113299204136488
AAC,N,-0.155,C,0.08446821844639579
AAT,N,0.155,T,0.08446821844639579
AAA,K,1.043,A,0.06811829543689077
AAG,K,-1.043,G,0.06811829543689077
AGC,S,-0.19,C,0.07109304921320612
AGT,S,0.498,T,0.1044508915429338
TCA,S,0.61,A,0.12051192471589464
TCC,S,0.001,C,0.06996788778477625
TCG,S,-0.532,G,0.08047262138433456
TCT,S,0.412,T,0.12214463282694538
AGA,R,1.452,A,0.13452162530514897
AGG,R,0.227,G,0.12639455491251828
CGA,R,0.921,A,0.09682681364112575
CGC,R,-0.387,C,0.06548556290689593
CGG,R,-0.78,G,0.07060674221240675
CGT,R,0.275,T,0.08704580061689451
CTA,L,1.067,A,0.18334879747964747
CTC,L,-0.054,C,0.05420578219313711
CTG,L,-0.58,G,0.046687458217745795
CTT,L,0.669,T,0.07233835599953205
TTA,L,1.127,A,0.14656753931685165
TTG,L,0.197,G,0.06056485883055205
CCA,P,0.729,A,0.10728041723730378
CCC,P,0.016,C,0.07080229911356783
CCG,P,-0.654,G,0.07116870704830612
CCT,P,0.678,T,0.10797016512270823
CAC,H,0.121,C,0.09626618654916264
CAT,H,-0.121,T,0.09626618654916264
CAA,Q,0.805,A,0.07935618266291476
CAG,Q,-0.805,G,0.07935618266291476
GTA,V,0.875,A,0.11708734403489808
GTC,V,-0.356,C,0.06125231049466349
GTG,V,-0.39,G,0.05950688810676809
GTT,V,0.762,T,0.07519365059404994
GCA,A,1.252,A,0.07932962021771223
GCC,A,-0.715,C,0.05258824854642722
GCG,A,-0.124,G,0.0629218943184663
GCT,A,0.561,T,0.08601489857360972
GAC,D,-0.125,C,0.06900182671237153
GAT,D,0.125,T,0.06900182671237153
GAA,E,0.929,A,0.06681664944615791
GAG,E,-0.929,G,0.06681664944615791
GGA,G,0.776,A,0.08153536318998474
GGC,G,-0.515,C,0.06389101202302078
GGG,G,-0.159,G,0.08737448915963182
GGT,G,0.246,T,0.0838832052517813
TTC,F,-0.376,C,0.0768192302147196
TTT,F,0.376,T,0.0768192302147196
TAC,Y,-0.233,C,0.09828454683148379
TAT,Y,0.233,T,0.09828454683148379
TGC,C,-0.935,C,0.1406867508963365
TGT,C,0.935,T,0.1406867508963365
