codon,amino_acid,Desulfoglaeba,third_nucl,standard_error
ATA,I,0.298,A,0.11484069002992875
ATC,I,-0.36,C,0.07196088673036116
ATT,I,0.3,T,0.08013152037519505
ACA,T,0.731,A,0.12277009833979084
ACC,T,-0.483,C,0.07345343445765276
ACG,T,0.109,G,0.07701151216614883
ACT,T,0.35,T,0.13707231071329978
AAC,N,-0.507,C,0.10531094690472588
AAT,N,0.507,T,0.10531094690472588
AAA,K,0.656,A,0.07216042468113434
AAG,K,-0.656,G,0.07216042468113434
AGC,S,-0.104,C,0.07903316112169051
AGT,S,0.67,T,0.12109094136729594
TCA,S,0.628,A,0.14013953424851014
TCC,S,-0.157,C,0.0767739975472827
TCG,S,-0.355,G,0.08327642875757968
TCT,S,0.189,T,0.12838128594643394
AGA,R,1.427,A,0.11498103145275088
AGG,R,0.239,G,0.09055991336325224
CGA,R,0.715,A,0.08356441306875394
CGC,R,-0.418,C,0.06619165205543201
CGG,R,-0.791,G,0.06452019227494175
CGT,R,0.212,T,0.10097049353616466
CTA,L,0.593,A,0.1678817704789301
CTC,L,-0.293,C,0.06037997285796092
CTG,L,-0.407,G,0.053771443389621455
CTT,L,0.162,T,0.06855382154083083
TTA,L,0.863,A,0.17461917165051688
TTG,L,0.672,G,0.07071117529487086
CCA,P,0.722,A,0.13534566628377168
CCC,P,-0.305,C,0.0759057383488119
CCG,P,-0.168,G,0.07496157196652996
CCT,P,0.426,T,0.10192621753016741
CAC,H,-0.454,C,0.11223136011133597
CAT,H,0.454,T,0.11223136011133598
CAA,Q,0.651,A,0.1023963570264355
CAG,Q,-0.651,G,0.1023963570264355
GTA,V,0.563,A,0.10963550832530593
GTC,V,-0.227,C,0.06386619944272841
GTG,V,-0.104,G,0.05761029308711318
GTT,V,0.228,T,0.07687062873639504
GCA,A,0.975,A,0.09017618664937968
GCC,A,-0.615,C,0.0582928936889674
GCG,A,-0.007,G,0.061564952109228854
GCT,A,0.396,T,0.0812886836501001
GAC,D,-0.313,C,0.07374690748050876
GAT,D,0.313,T,0.07374690748050876
GAA,E,0.269,A,0.06531327564879522
GAG,E,-0.269,G,0.06531327564879522
GGA,G,0.329,A,0.0726697962023697
GGC,G,-0.25,C,0.06526085516561107
GGG,G,-0.26,G,0.07572771779375467
GGT,G,0.33,T,0.08661062884720762
TTC,F,-0.464,C,0.08410335082170974
TTT,F,0.464,T,0.08410335082170974
TAC,Y,-0.359,C,0.11053391997222745
TAT,Y,0.359,T,0.11053391997222743
TGC,C,-0.658,C,0.17444192903592737
TGT,C,0.658,T,0.17444192903592737
