codon,amino_acid,Desulfosarcina,third_nucl,standard_error
ATA,I,0.627,A,0.05806701316852982
ATC,I,-0.577,C,0.03827863689299287
ATT,I,0.322,T,0.04014656108609913
ACA,T,0.88,A,0.05999828856429266
ACC,T,-0.579,C,0.043569756987572
ACG,T,-0.087,G,0.05185445356112603
ACT,T,0.4,T,0.07547394348902062
AAC,N,-0.195,C,0.05139810967681484
AAT,N,0.195,T,0.05139810967681484
AAA,K,0.68,A,0.04317606435266615
AAG,K,-0.68,G,0.043176064352666146
AGC,S,-0.231,C,0.05092263652937789
AGT,S,0.266,T,0.06624926737175284
TCA,S,0.623,A,0.06377705239485976
TCC,S,-0.373,C,0.049280957835364306
TCG,S,-0.191,G,0.0578870491751121
TCT,S,0.452,T,0.07613667237216855
AGA,R,1.118,A,0.06628250173077088
AGG,R,0.19,G,0.07720791391372925
CGA,R,0.764,A,0.0630007623952397
CGC,R,-0.583,C,0.04825714319534085
CGG,R,-0.656,G,0.05058887921417162
CGT,R,0.036,T,0.0591260971855043
CTA,L,0.65,A,0.08583251587400688
CTC,L,-0.206,C,0.04698119048397061
CTG,L,-0.577,G,0.03461141857128603
CTT,L,0.081,T,0.046071345854873824
TTA,L,0.898,A,0.0660312124579645
TTG,L,0.384,G,0.0411925000793994
CCA,P,0.901,A,0.0689467844168827
CCC,P,-0.257,C,0.05015153326644855
CCG,P,-0.48,G,0.050569250544619554
CCT,P,0.397,T,0.06804898738976403
CAC,H,-0.108,C,0.06871052564793059
CAT,H,0.108,T,0.06871052564793059
CAA,Q,0.779,A,0.055660454076491984
CAG,Q,-0.779,G,0.055660454076491984
GTA,V,0.713,A,0.060926801513906476
GTC,V,-0.252,C,0.045022635883669476
GTG,V,-0.452,G,0.043382682834598396
GTT,V,0.367,T,0.046635768802822344
GCA,A,0.834,A,0.04824707616503093
GCC,A,-0.612,C,0.03855041358331423
GCG,A,-0.07,G,0.04776201173392439
GCT,A,0.289,T,0.05658091952586757
GAC,D,-0.207,C,0.04460353285723139
GAT,D,0.207,T,0.0446035328572314
GAA,E,0.574,A,0.04800753496867113
GAG,E,-0.574,G,0.04800753496867113
GGA,G,0.448,A,0.051623341074734645
GGC,G,-0.306,C,0.045964450248161794
GGG,G,-0.255,G,0.0587674751379536
GGT,G,0.173,T,0.05387123639050868
TTC,F,-0.317,C,0.051121765883586724
TTT,F,0.317,T,0.051121765883586724
TAC,Y,-0.173,C,0.06409480428075594
TAT,Y,0.173,T,0.06409480428075594
TGC,C,-0.477,C,0.09509181733449591
TGT,C,0.477,T,0.09509181733449591
