codon,amino_acid,Desulfoscipio,third_nucl,standard_error
ATA,I,0.267,A,0.049983376217295136
ATC,I,-0.353,C,0.05540009400308523
ATT,I,0.016,T,0.04649209700240807
ACA,T,0.448,A,0.06726265393869241
ACC,T,-0.437,C,0.06110311009480362
ACG,T,-0.092,G,0.08472660949432911
ACT,T,0.143,T,0.0684301829491412
AAC,N,-0.209,C,0.062247603813954944
AAT,N,0.209,T,0.062247603813954944
AAA,K,0.317,A,0.05165231124466104
AAG,K,-0.317,G,0.05165231124466104
AGC,S,-0.127,C,0.06815698726173913
AGT,S,0.38,T,0.06934889520686316
TCA,S,0.208,A,0.07718699250673774
TCC,S,-0.459,C,0.07446996196391484
TCG,S,-0.266,G,0.09922269122972167
TCT,S,0.157,T,0.08024160961945331
AGA,R,0.691,A,0.07167430479499054
AGG,R,0.104,G,0.07110566313886413
CGA,R,0.368,A,0.11774029929463424
CGC,R,-0.513,C,0.07769462835299333
CGG,R,-0.419,G,0.07144533145344047
CGT,R,-0.09,T,0.0805603360574456
CTA,L,0.065,A,0.07564398376483233
CTC,L,-0.323,C,0.09013687732977975
CTG,L,-0.645,G,0.04663037771377348
CTT,L,-0.122,T,0.05770744344946339
TTA,L,0.28,A,0.04868743002890557
TTG,L,0.549,G,0.04765152543562684
CCA,P,0.544,A,0.08462670506607073
CCC,P,-0.319,C,0.07624203775033754
CCG,P,-0.135,G,0.07410704999909419
CCT,P,0.033,T,0.07970224324038062
CAC,H,-0.345,C,0.10304245586963175
CAT,H,0.345,T,0.10304245586963175
CAA,Q,0.521,A,0.06948068330198327
CAG,Q,-0.521,G,0.06948068330198327
GTA,V,0.031,A,0.054051759441438633
GTC,V,-0.332,C,0.08148850072186273
GTG,V,0.012,G,0.049993353846619334
GTT,V,0.096,T,0.05205757610661397
GCA,A,0.5,A,0.06149325491337157
GCC,A,-0.432,C,0.054655909506846186
GCG,A,-0.111,G,0.07160800783878504
GCT,A,0.133,T,0.05868547936531769
GAC,D,-0.264,C,0.06400291636326476
GAT,D,0.264,T,0.06400291636326477
GAA,E,0.374,A,0.05775561489035569
GAG,E,-0.374,G,0.05775561489035569
GGA,G,0.431,A,0.06436653282039244
GGC,G,-0.343,C,0.059756177480616415
GGG,G,-0.189,G,0.0703599482132347
GGT,G,0.108,T,0.05612254899122976
TTC,F,-0.171,C,0.07605315618382966
TTT,F,0.171,T,0.07605315618382966
TAC,Y,-0.194,C,0.07467173510938871
TAT,Y,0.194,T,0.07467173510938871
TGC,C,-0.244,C,0.12296877516494797
TGT,C,0.244,T,0.12296877516494797
