codon,amino_acid,Desulfococcus,third_nucl,standard_error
ATA,I,1.012,A,0.09155902866259913
ATC,I,-0.721,C,0.0546094697741642
ATT,I,0.373,T,0.05900336219205081
ACA,T,1.011,A,0.08735585053075162
ACC,T,-0.657,C,0.06056613810049348
ACG,T,-0.032,G,0.06576811201405877
ACT,T,0.545,T,0.12608103382516522
AAC,N,-0.229,C,0.07572473856265327
AAT,N,0.229,T,0.07572473856265327
AAA,K,0.835,A,0.05861726947591265
AAG,K,-0.835,G,0.05861726947591265
AGC,S,-0.126,C,0.07126900157271358
AGT,S,0.536,T,0.11840487590771448
TCA,S,1.011,A,0.1044759247849418
TCC,S,-0.556,C,0.06743200885933313
TCG,S,-0.187,G,0.07677700772413787
TCT,S,0.427,T,0.1097178348755746
AGA,R,1.104,A,0.08546772328568082
AGG,R,0.076,G,0.08983605005598044
CGA,R,0.49,A,0.07467200556540875
CGC,R,-0.338,C,0.06864504536910136
CGG,R,-0.737,G,0.06163558238595259
CGT,R,0.07,T,0.08573143137134845
CTA,L,0.702,A,0.15314679916752236
CTC,L,-0.642,C,0.05667170508747369
CTG,L,-0.272,G,0.04806162710760859
CTT,L,-0.031,T,0.06403309384750386
TTA,L,1.313,A,0.12592425158784046
TTG,L,0.799,G,0.06479292018613697
CCA,P,0.911,A,0.12143662664481364
CCC,P,-0.361,C,0.0676014465777405
CCG,P,-0.131,G,0.0676519091561091
CCT,P,0.399,T,0.09793648591264804
CAC,H,-0.193,C,0.09655394588320643
CAT,H,0.193,T,0.09655394588320641
CAA,Q,0.842,A,0.08911857613693545
CAG,Q,-0.842,G,0.08911857613693545
GTA,V,0.763,A,0.0932115626919893
GTC,V,-0.437,C,0.056690683415043
GTG,V,-0.055,G,0.05795536288334865
GTT,V,0.292,T,0.06818308719187052
GCA,A,1.107,A,0.0718565011979054
GCC,A,-0.722,C,0.0535082095777024
GCG,A,-0.074,G,0.05908919377187575
GCT,A,0.417,T,0.08303582194846243
GAC,D,-0.379,C,0.06151497992283491
GAT,D,0.379,T,0.06151497992283491
GAA,E,0.843,A,0.061395055286347144
GAG,E,-0.843,G,0.06139505528634715
GGA,G,0.51,A,0.0690763624113728
GGC,G,-0.283,C,0.061148434296989976
GGG,G,-0.406,G,0.07410639492408524
GGT,G,0.314,T,0.07880978354200871
TTC,F,-0.518,C,0.07042628382109094
TTT,F,0.518,T,0.07042628382109094
TAC,Y,-0.219,C,0.08707669093528626
TAT,Y,0.219,T,0.08707669093528628
TGC,C,-0.288,C,0.13591931697248985
TGT,C,0.288,T,0.13591931697248982
