codon,amino_acid,Desulfocurvibacter,third_nucl,standard_error
ATA,I,0.66,A,0.09438737105758385
ATC,I,-0.676,C,0.06414833595738384
ATT,I,0.479,T,0.07411073055229458
ACA,T,0.956,A,0.10520945220344645
ACC,T,-0.239,C,0.06225516370394412
ACG,T,-0.352,G,0.06661587549326581
ACT,T,0.398,T,0.09786614441589805
AAC,N,-0.458,C,0.09098796885548478
AAT,N,0.458,T,0.09098796885548478
AAA,K,0.95,A,0.07708453682620243
AAG,K,-0.95,G,0.07708453682620243
AGC,S,0.042,C,0.060309383111967
AGT,S,0.578,T,0.12435640336128949
TCA,S,0.762,A,0.1330258910225678
TCC,S,-0.147,C,0.06282560890581733
TCG,S,-0.547,G,0.07972265382938273
TCT,S,0.388,T,0.1290999403035545
AGA,R,1.278,A,0.11851542553817151
AGG,R,0.245,G,0.08189423533475332
CGA,R,0.536,A,0.10337837287741637
CGC,R,-0.485,C,0.05238822158597411
CGG,R,-0.354,G,0.07249252530883403
CGT,R,0.298,T,0.08162290333695464
CTA,L,0.717,A,0.11613970935229152
CTC,L,0.082,C,0.05006691310778513
CTG,L,-0.6,G,0.04292139336035076
CTT,L,0.539,T,0.06452482366993739
TTA,L,1.195,A,0.16365956255062003
TTG,L,0.204,G,0.062231378613423274
CCA,P,0.604,A,0.10397250059934528
CCC,P,-0.112,C,0.06580273942475864
CCG,P,-0.373,G,0.06931294629498323
CCT,P,0.409,T,0.09525815831783506
CAC,H,-0.572,C,0.0975077587283578
CAT,H,0.572,T,0.0975077587283578
CAA,Q,0.826,A,0.08667351321620644
CAG,Q,-0.826,G,0.08667351321620644
GTA,V,0.644,A,0.09857381142802156
GTC,V,0.009,C,0.05910790725264281
GTG,V,-0.446,G,0.05568790639457958
GTT,V,0.519,T,0.08404521454596184
GCA,A,1.054,A,0.07796763298167982
GCC,A,-0.568,C,0.04743463978089758
GCG,A,-0.053,G,0.056450862190503694
GCT,A,0.443,T,0.07160461739606468
GAC,D,-0.436,C,0.06670073133280546
GAT,D,0.436,T,0.06670073133280546
GAA,E,0.833,A,0.06125976397924422
GAG,E,-0.833,G,0.06125976397924422
GGA,G,0.856,A,0.08279307551639581
GGC,G,-0.632,C,0.06020388374067116
GGG,G,0.045,G,0.09045529581540956
GGT,G,0.353,T,0.0871418848230365
TTC,F,-0.6,C,0.08542698583182326
TTT,F,0.6,T,0.08542698583182326
TAC,Y,-0.368,C,0.09886624851676813
TAT,Y,0.368,T,0.09886624851676813
TGC,C,-0.556,C,0.16553163572321752
TGT,C,0.556,T,0.16553163572321752
