codon,amino_acid,Desulfarculus,third_nucl,standard_error
ATA,I,1.088,A,0.13463168868482414
ATC,I,-1.042,C,0.08797397173808881
ATT,I,0.818,T,0.10733378513924072
ACA,T,1.498,A,0.1888566859294262
ACC,T,-0.49,C,0.07354990671102624
ACG,T,-0.004,G,0.0791560035495447
ACT,T,0.867,T,0.17425580566208482
AAC,N,-0.687,C,0.1197492111956736
AAT,N,0.687,T,0.1197492111956736
AAA,K,1.234,A,0.07462080049519211
AAG,K,-1.234,G,0.07462080049519211
AGC,S,0.116,C,0.06709786673662739
AGT,S,0.81,T,0.17448958947251123
TCA,S,0.989,A,0.20860336103191873
TCC,S,-0.09,C,0.08630028647850804
TCG,S,-0.66,G,0.07961205445173047
TCT,S,1.355,T,0.23271635676482683
AGA,R,2.116,A,0.20386943553287692
AGG,R,0.825,G,0.12034000219931047
CGA,R,1.084,A,0.13331005463073115
CGC,R,-0.547,C,0.05734925289150347
CGG,R,-0.333,G,0.0691961467439838
CGT,R,0.168,T,0.10131600802088436
CTA,L,0.942,A,0.1682681164511663
CTC,L,-0.057,C,0.06614108490641173
CTG,L,-0.904,G,0.0459629265025937
CTT,L,0.826,T,0.08577962805142957
TTA,L,1.42,A,0.2729079749444592
TTG,L,0.837,G,0.05707592718303009
CCA,P,1.142,A,0.12608280221677065
CCC,P,-0.373,C,0.06694623099957028
CCG,P,-0.234,G,0.06857599009492685
CCT,P,1.073,T,0.1560025467154745
CAC,H,-0.664,C,0.12096416796165524
CAT,H,0.664,T,0.12096416796165524
CAA,Q,1.017,A,0.08072187316298814
CAG,Q,-1.017,G,0.08072187316298814
GTA,V,1.317,A,0.18792574409906015
GTC,V,-0.252,C,0.0583075860890538
GTG,V,-0.229,G,0.055864837065435234
GTT,V,1.017,T,0.10561902719560007
GCA,A,1.894,A,0.15253934521219537
GCC,A,-0.784,C,0.0490100010400364
GCG,A,0.332,G,0.05334068426369646
GCT,A,1.087,T,0.11335324314206573
GAC,D,-0.546,C,0.07545664558561105
GAT,D,0.546,T,0.07545664558561106
GAA,E,1.081,A,0.06891362972220624
GAG,E,-1.081,G,0.06891362972220624
GGA,G,1.652,A,0.13393924573656255
GGC,G,-0.737,C,0.06352200282080753
GGG,G,0.136,G,0.08231318261208874
GGT,G,0.592,T,0.1074638435006286
TTC,F,-0.321,C,0.08588704855320306
TTT,F,0.321,T,0.08588704855320305
TAC,Y,-0.233,C,0.1090586112326657
TAT,Y,0.233,T,0.1090586112326657
TGC,C,-0.593,C,0.20071430539805057
TGT,C,0.593,T,0.20071430539805057
