codon,amino_acid,Desulfatibacillum,third_nucl,standard_error
ATA,I,0.855,A,0.06211775427375703
ATC,I,-0.735,C,0.047009498887313296
ATT,I,0.225,T,0.04867584957320248
ACA,T,1.184,A,0.07964206341119848
ACC,T,-0.787,C,0.053997261402546404
ACG,T,-0.195,G,0.0620271492904786
ACT,T,0.76,T,0.08673205835444624
AAC,N,-0.511,C,0.061940730154090705
AAT,N,0.511,T,0.061940730154090705
AAA,K,0.876,A,0.046288600840467826
AAG,K,-0.876,G,0.046288600840467826
AGC,S,0.006,C,0.05724157112755069
AGT,S,1.177,T,0.10965969120083566
TCA,S,1.077,A,0.09492776216878221
TCC,S,-0.674,C,0.05262626543586811
TCG,S,-0.351,G,0.08082645730131476
TCT,S,0.363,T,0.088212112779422
AGA,R,1.272,A,0.08034174258576272
AGG,R,0.039,G,0.06914984403443687
CGA,R,0.738,A,0.10224701862824194
CGC,R,-0.56,C,0.06138322935221553
CGG,R,-0.797,G,0.06537430792148155
CGT,R,0.349,T,0.09214323277916685
CTA,L,0.946,A,0.1114263073848146
CTC,L,-0.09,C,0.06332068873815004
CTG,L,-0.8,G,0.04150115208018075
CTT,L,0.057,T,0.05407344278607856
TTA,L,1.139,A,0.07460168045550007
TTG,L,0.333,G,0.04577890428351737
CCA,P,1.341,A,0.1065453683977871
CCC,P,-0.536,C,0.05822355263399124
CCG,P,-0.191,G,0.06456294734629706
CCT,P,0.347,T,0.07272896558860817
CAC,H,-0.435,C,0.08988533107846786
CAT,H,0.435,T,0.08988533107846786
CAA,Q,0.982,A,0.06621142558205675
CAG,Q,-0.982,G,0.06621142558205675
GTA,V,1.086,A,0.07584803528448263
GTC,V,-0.369,C,0.05414975656812363
GTG,V,-0.638,G,0.049040540134572104
GTT,V,0.602,T,0.055946936691823816
GCA,A,1.278,A,0.06042520943516448
GCC,A,-0.818,C,0.04417954755390091
GCG,A,-0.154,G,0.05234592145473262
GCT,A,0.401,T,0.06087372349020748
GAC,D,-0.521,C,0.0541321728334024
GAT,D,0.521,T,0.0541321728334024
GAA,E,0.878,A,0.05400945846576128
GAG,E,-0.878,G,0.05400945846576128
GGA,G,0.76,A,0.05578568210227209
GGC,G,-0.757,C,0.05066469732134884
GGG,G,-0.142,G,0.06615405228867366
GGT,G,0.767,T,0.08893805918397825
TTC,F,-0.447,C,0.059464800450004365
TTT,F,0.447,T,0.059464800450004365
TAC,Y,-0.355,C,0.07474468389357651
TAT,Y,0.355,T,0.07474468389357651
TGC,C,-1.089,C,0.1414475984011584
TGT,C,1.089,T,0.1414475984011584
