codon,amino_acid,Desulforapulum,third_nucl,standard_error
ATA,I,0.888,A,0.058975230434800505
ATC,I,-0.576,C,0.046075223093253015
ATT,I,-0.014,T,0.04504446885697765
ACA,T,0.781,A,0.05956982741480138
ACC,T,-0.727,C,0.0528967627346651
ACG,T,-0.004,G,0.07297190562074758
ACT,T,0.229,T,0.08207736915217376
AAC,N,-0.231,C,0.060539202941993706
AAT,N,0.231,T,0.060539202941993706
AAA,K,0.811,A,0.04933275507727838
AAG,K,-0.811,G,0.04933275507727838
AGC,S,-0.123,C,0.06862892913957905
AGT,S,0.522,T,0.07760399857384064
TCA,S,0.37,A,0.06305801613111817
TCC,S,-0.448,C,0.06027936307203205
TCG,S,-0.321,G,0.09168732611507598
TCT,S,0.046,T,0.0769859471438358
AGA,R,0.784,A,0.06744739208530229
AGG,R,-0.086,G,0.0682548614803979
CGA,R,0.356,A,0.0816912761109756
CGC,R,-0.429,C,0.09135959115199876
CGG,R,-0.812,G,0.072317269007115
CGT,R,0.07,T,0.08765275292420897
CTA,L,0.814,A,0.11031683840629433
CTC,L,-0.497,C,0.05921460038901746
CTG,L,-0.393,G,0.044879717816370894
CTT,L,-0.401,T,0.044945149828127244
TTA,L,0.986,A,0.064893556162273
TTG,L,0.659,G,0.05702629278646533
CCA,P,0.813,A,0.07890047605555074
CCC,P,-0.315,C,0.06366555741799862
CCG,P,-0.153,G,0.0758690329372762
CCT,P,-0.184,T,0.07829823725299896
CAC,H,-0.112,C,0.09078666912422331
CAT,H,0.112,T,0.09078666912422331
CAA,Q,0.885,A,0.07200934908763411
CAG,Q,-0.885,G,0.07200934908763411
GTA,V,0.707,A,0.0699292201488394
GTC,V,-0.456,C,0.06122534801774208
GTG,V,-0.185,G,0.054240349030459524
GTT,V,0.116,T,0.05318900955401469
GCA,A,0.707,A,0.05421419761017156
GCC,A,-0.847,C,0.052836267191452915
GCG,A,0.108,G,0.07984360238912885
GCT,A,0.311,T,0.06986328981302255
GAC,D,-0.207,C,0.056000041510594116
GAT,D,0.207,T,0.056000041510594116
GAA,E,0.539,A,0.05739567546333713
GAG,E,-0.539,G,0.057395675463337126
GGA,G,0.437,A,0.0581432768182333
GGC,G,-0.366,C,0.060005455842581774
GGG,G,-0.334,G,0.06593271524857622
GGT,G,0.225,T,0.062499554268586555
TTC,F,-0.382,C,0.06435650209991775
TTT,F,0.382,T,0.06435650209991775
TAC,Y,-0.12,C,0.07971725138273654
TAT,Y,0.12,T,0.07971725138273654
TGC,C,-0.307,C,0.11319176415554721
TGT,C,0.307,T,0.11319176415554721
