codon,amino_acid,Desulfitobacterium,third_nucl,standard_error
ATA,I,0.563,A,0.06181787637394968
ATC,I,-0.417,C,0.04696193727300648
ATT,I,0.074,T,0.04542852285770013
ACA,T,0.698,A,0.06762262813896404
ACC,T,-0.689,C,0.058747239548170474
ACG,T,0.053,G,0.07419294726734682
ACT,T,0.179,T,0.06893454208327286
AAC,N,-0.1,C,0.06328640635774717
AAT,N,0.1,T,0.06328640635774717
AAA,K,0.428,A,0.047105029015142394
AAG,K,-0.428,G,0.047105029015142394
AGC,S,-0.108,C,0.06193948147122541
AGT,S,0.499,T,0.06660650061611872
TCA,S,0.306,A,0.07630050053811287
TCC,S,-0.532,C,0.0629019118698327
TCG,S,-0.161,G,0.09754051145509536
TCT,S,0.077,T,0.07424754808787036
AGA,R,0.811,A,0.06847174122951111
AGG,R,0.13,G,0.07868203358466201
CGA,R,0.506,A,0.1034071172481565
CGC,R,-0.504,C,0.06927147547903098
CGG,R,-0.631,G,0.06917612921859013
CGT,R,-0.063,T,0.07481142229407482
CTA,L,0.831,A,0.0928380547587152
CTC,L,-0.473,C,0.06088963935435802
CTG,L,-0.791,G,0.045556228780364985
CTT,L,-0.199,T,0.05119477577357458
TTA,L,0.689,A,0.04926904777634385
TTG,L,0.416,G,0.046325001257377846
CCA,P,1.015,A,0.09584712134310913
CCC,P,-0.558,C,0.07616728189478252
CCG,P,-0.179,G,0.07779791611663493
CCT,P,0.092,T,0.0734135416437967
CAC,H,-0.149,C,0.10706523640258431
CAT,H,0.149,T,0.10706523640258432
CAA,Q,0.608,A,0.06480183899490788
CAG,Q,-0.608,G,0.06480183899490788
GTA,V,0.271,A,0.06146502934018824
GTC,V,-0.52,C,0.05866892855604596
GTG,V,0.14,G,0.05054650012422577
GTT,V,0.081,T,0.053398063309042454
GCA,A,0.814,A,0.06001450323115107
GCC,A,-0.675,C,0.05324316540052182
GCG,A,0.077,G,0.06841346077529124
GCT,A,0.023,T,0.05457509330449284
GAC,D,-0.068,C,0.06541980615454507
GAT,D,0.068,T,0.06541980615454507
GAA,E,0.355,A,0.05014346341198112
GAG,E,-0.355,G,0.05014346341198112
GGA,G,0.386,A,0.05549112995539664
GGC,G,-0.393,C,0.05911709120048771
GGG,G,-0.295,G,0.06349029065106328
GGT,G,0.259,T,0.06171956713933005
TTC,F,-0.365,C,0.06742644245134156
TTT,F,0.365,T,0.06742644245134156
TAC,Y,-0.1,C,0.07846121676984102
TAT,Y,0.1,T,0.07846121676984102
TGC,C,-0.033,C,0.12330576081086637
TGT,C,0.033,T,0.12330576081086637
