codon,amino_acid,Desulfosporosinus,third_nucl,standard_error
ATA,I,0.348,A,0.05063118027709242
ATC,I,-0.27,C,0.04780532814819419
ATT,I,-0.034,T,0.04175541115461678
ACA,T,0.484,A,0.058006383324991945
ACC,T,-0.475,C,0.061458388819656956
ACG,T,-0.016,G,0.07243590210296008
ACT,T,-0.052,T,0.06077489830546311
AAC,N,0.046,C,0.05952366188444895
AAT,N,-0.046,T,0.05952366188444895
AAA,K,0.295,A,0.0461031445598868
AAG,K,-0.295,G,0.0461031445598868
AGC,S,0.07,C,0.06371745088176835
AGT,S,0.279,T,0.05865038491904186
TCA,S,0.289,A,0.06285248737158645
TCC,S,-0.64,C,0.06892361510799272
TCG,S,-0.042,G,0.08777344075625176
TCT,S,-0.109,T,0.06546716613683817
AGA,R,0.593,A,0.06224059614312174
AGG,R,0.008,G,0.07639048145406507
CGA,R,0.225,A,0.0804855010522099
CGC,R,-0.397,C,0.07933056479508155
CGG,R,-0.527,G,0.07857722425228772
CGT,R,-0.209,T,0.07030988339563748
CTA,L,0.41,A,0.06939279148477047
CTC,L,-0.461,C,0.06779778555887513
CTG,L,-0.576,G,0.05008192486412242
CTT,L,-0.253,T,0.04814064046629983
TTA,L,0.302,A,0.04096010073973403
TTG,L,0.351,G,0.04458844255914872
CCA,P,0.547,A,0.07921812088873038
CCC,P,-0.239,C,0.07941517531221225
CCG,P,-0.083,G,0.07872280528866504
CCT,P,-0.166,T,0.07043376229016389
CAC,H,-0.207,C,0.10855471102876689
CAT,H,0.207,T,0.10855471102876689
CAA,Q,0.443,A,0.06552823504638054
CAG,Q,-0.443,G,0.06552823504638053
GTA,V,0.097,A,0.052790921637754916
GTC,V,-0.259,C,0.059507194124632026
GTG,V,0.444,G,0.0529356959200202
GTT,V,-0.266,T,0.04683618254888931
GCA,A,0.528,A,0.05221430792806896
GCC,A,-0.439,C,0.05683775004345397
GCG,A,0.063,G,0.07093184468566543
GCT,A,-0.17,T,0.05167876388098453
GAC,D,-0.209,C,0.06142905716920466
GAT,D,0.209,T,0.06142905716920466
GAA,E,0.242,A,0.0507625509739278
GAG,E,-0.242,G,0.0507625509739278
GGA,G,0.152,A,0.05216783276136818
GGC,G,-0.075,C,0.06145378144366285
GGG,G,-0.13,G,0.06386437669029445
GGT,G,-0.011,T,0.0576240013147842
TTC,F,-0.258,C,0.06699851982294946
TTT,F,0.258,T,0.06699851982294948
TAC,Y,0.01,C,0.07804810007506129
TAT,Y,-0.01,T,0.0780481000750613
TGC,C,-0.433,C,0.12000505885844974
TGT,C,0.433,T,0.12000505885844974
