codon,amino_acid,Devosia,third_nucl,standard_error
ATA,I,0.581,A,0.13006030305172356
ATC,I,-0.467,C,0.06276986188474065
ATT,I,0.376,T,0.06730422064386625
ACA,T,1.105,A,0.12112903482530979
ACC,T,-0.246,C,0.054499442207979636
ACG,T,-0.365,G,0.06028338069498587
ACT,T,0.968,T,0.11517243522224357
AAC,N,0.287,C,0.08088778277998236
AAT,N,-0.287,T,0.08088778277998236
AAA,K,1.296,A,0.08973718809152328
AAG,K,-1.296,G,0.08973718809152328
AGC,S,-0.181,C,0.05862482336911459
AGT,S,0.963,T,0.1330532859022946
TCA,S,0.941,A,0.13949050351426043
TCC,S,0.228,C,0.06408636537865843
TCG,S,-0.724,G,0.06429248881933304
TCT,S,0.92,T,0.14808407177696484
AGA,R,2.34,A,0.2365088204840162
AGG,R,0.39,G,0.11727234666254523
CGA,R,0.997,A,0.1355136746412258
CGC,R,-0.492,C,0.05158969644210599
CGG,R,-0.389,G,0.06332448616565499
CGT,R,0.729,T,0.08466684013241757
CTA,L,0.502,A,0.15882532943722436
CTC,L,0.107,C,0.04524992296205975
CTG,L,-0.704,G,0.04155467688235934
CTT,L,0.997,T,0.07711292640192542
TTA,L,1.471,A,0.3914054108472849
TTG,L,0.641,G,0.06985954877352828
CCA,P,0.747,A,0.10909478874804482
CCC,P,0.238,C,0.059090065093111904
CCG,P,-0.71,G,0.059944693212501135
CCT,P,0.801,T,0.114543181287168
CAC,H,0.146,C,0.0957244923283696
CAT,H,-0.146,T,0.0957244923283696
CAA,Q,0.959,A,0.09823142098008908
CAG,Q,-0.959,G,0.09823142098008907
GTA,V,0.686,A,0.12448456495938666
GTC,V,-0.066,C,0.050361009776681516
GTG,V,-0.501,G,0.0512957184782513
GTT,V,1.053,T,0.08180322116041225
GCA,A,1.057,A,0.07152582548087595
GCC,A,-0.329,C,0.03920348970554546
GCG,A,-0.352,G,0.04487236800130187
GCT,A,0.726,T,0.06820454571420437
GAC,D,-0.025,C,0.05776904738449564
GAT,D,0.025,T,0.05776904738449564
GAA,E,0.59,A,0.06451260589315036
GAG,E,-0.59,G,0.06451260589315036
GGA,G,1.148,A,0.10470601218316551
GGC,G,-0.516,C,0.05536654132480786
GGG,G,-0.058,G,0.07443574151200143
GGT,G,0.466,T,0.08051996531797488
TTC,F,-0.764,C,0.08349335833004677
TTT,F,0.764,T,0.08349335833004677
TAC,Y,0.283,C,0.09939109281818424
TAT,Y,-0.283,T,0.09939109281818424
TGC,C,-0.704,C,0.263920699480052
TGT,C,0.704,T,0.263920699480052
