codon,amino_acid,Devriesea,third_nucl,standard_error
ATA,I,0.254,A,0.15243939501326162
ATC,I,-0.113,C,0.07976889291493118
ATT,I,0.046,T,0.08267902192657275
ACA,T,0.365,A,0.10204308984304455
ACC,T,-0.293,C,0.06570123320732933
ACG,T,-0.128,G,0.08016929922020705
ACT,T,0.461,T,0.09744046914005405
AAC,N,0.187,C,0.11532803258722954
AAT,N,-0.187,T,0.11532803258722954
AAA,K,-0.06,A,0.10572897489414054
AAG,K,0.06,G,0.10572897489414054
AGC,S,0.071,C,0.07999792343357251
AGT,S,0.167,T,0.11734751839059604
TCA,S,0.247,A,0.09955178716114178
TCC,S,-0.137,C,0.07546007530621915
TCG,S,-0.319,G,0.08115961591179797
TCT,S,0.251,T,0.10626955562778716
AGA,R,1.092,A,0.19437361186499655
AGG,R,0.34,G,0.13691976204387324
CGA,R,0.278,A,0.09369555670846169
CGC,R,-0.12,C,0.06534562750958106
CGG,R,-0.502,G,0.08067845371358325
CGT,R,0.149,T,0.08120009452291246
CTA,L,0.113,A,0.11606131151623923
CTC,L,0.15,C,0.06433085199118622
CTG,L,-0.372,G,0.06196640366334088
CTT,L,0.31,T,0.08316251902763915
TTA,L,-0.094,A,0.1455846574983317
TTG,L,0.11,G,0.08835323948437496
CCA,P,0.082,A,0.10136015144072687
CCC,P,0.348,C,0.07559309709257944
CCG,P,-0.654,G,0.0734147318598786
CCT,P,0.5,T,0.1006766326423289
CAC,H,0.083,C,0.10960889235342733
CAT,H,-0.083,T,0.10960889235342733
CAA,Q,-0.05,A,0.1116081128610268
CAG,Q,0.05,G,0.1116081128610268
GTA,V,-0.029,A,0.11992752092565813
GTC,V,-0.158,C,0.06637780808201893
GTG,V,0.235,G,0.060323409569584825
GTT,V,-0.181,T,0.0821715272870985
GCA,A,0.215,A,0.06840923046727804
GCC,A,-0.105,C,0.05705268992331602
GCG,A,-0.154,G,0.061516568508009906
GCT,A,0.133,T,0.06939201245916682
GAC,D,0.052,C,0.07400168740971248
GAT,D,-0.052,T,0.07400168740971248
GAA,E,-0.132,A,0.08233567283265826
GAG,E,0.132,G,0.08233567283265825
GGA,G,0.423,A,0.08582858862679728
GGC,G,-0.12,C,0.07267856090045482
GGG,G,-0.324,G,0.09040280507064527
GGT,G,0.054,T,0.08318012020801549
TTC,F,-0.125,C,0.1138347603273801
TTT,F,0.125,T,0.1138347603273801
TAC,Y,-0.028,C,0.1402219317117325
TAT,Y,0.028,T,0.1402219317117325
TGC,C,-0.312,C,0.21485212809800533
TGT,C,0.312,T,0.21485212809800533
