codon,amino_acid,Dialister,third_nucl,standard_error
ATA,I,0.879,A,0.10373813428543949
ATC,I,-0.716,C,0.06853880192611006
ATT,I,0.313,T,0.06980671076096956
ACA,T,0.307,A,0.08633149273454893
ACC,T,-0.224,C,0.09116550572215397
ACG,T,-0.545,G,0.09291846127908991
ACT,T,0.623,T,0.11387575065368744
AAC,N,-0.517,C,0.09047221854903266
AAT,N,0.517,T,0.09047221854903266
AAA,K,0.766,A,0.06773940633173806
AAG,K,-0.766,G,0.06773940633173806
AGC,S,0.059,C,0.09624047269747937
AGT,S,0.872,T,0.11871419630949501
TCA,S,0.921,A,0.12299647898722461
TCC,S,-0.959,C,0.09669555166639834
TCG,S,-0.491,G,0.1280803067376595
TCT,S,0.071,T,0.10763844446236448
AGA,R,0.546,A,0.09100592094494203
AGG,R,-0.09,G,0.11654860671213135
CGA,R,1.053,A,0.22731937735772104
CGC,R,-0.809,C,0.1053833841086785
CGG,R,-0.231,G,0.15696897438951007
CGT,R,0.041,T,0.11458796729037218
CTA,L,0.605,A,0.19943194645280804
CTC,L,-0.659,C,0.07927684688350209
CTG,L,-0.454,G,0.06945671591434201
CTT,L,-0.483,T,0.07108270797221196
TTA,L,1.596,A,0.11544415775695621
TTG,L,1.224,G,0.11075020577046304
CCA,P,1.112,A,0.13409835130054357
CCC,P,-0.216,C,0.15014065809082164
CCG,P,-0.481,G,0.11103090641817544
CCT,P,-0.21,T,0.12889886664619987
CAC,H,-0.648,C,0.1480349410443645
CAT,H,0.648,T,0.1480349410443645
CAA,Q,1.508,A,0.16706632503013633
CAG,Q,-1.508,G,0.1670663250301363
GTA,V,0.793,A,0.08926633213750362
GTC,V,-0.798,C,0.08272752197276645
GTG,V,0.104,G,0.09315752799271386
GTT,V,0.066,T,0.08797593119965712
GCA,A,0.32,A,0.07170495311060897
GCC,A,-0.563,C,0.08179296978527524
GCG,A,0.087,G,0.09405246400257027
GCT,A,0.102,T,0.08052087966616875
GAC,D,-0.46,C,0.08454599808676581
GAT,D,0.46,T,0.08454599808676581
GAA,E,0.317,A,0.08800996441869641
GAG,E,-0.317,G,0.08800996441869641
GGA,G,0.382,A,0.08275952461899257
GGC,G,-0.759,C,0.08256395227094257
GGG,G,0.286,G,0.11110793543541435
GGT,G,0.441,T,0.1053234621332497
TTC,F,-1.277,C,0.09628485454600162
TTT,F,1.277,T,0.09628485454600162
TAC,Y,-0.303,C,0.10298981798290395
TAT,Y,0.303,T,0.10298981798290395
TGC,C,-1.204,C,0.21593581181904323
TGT,C,1.204,T,0.21593581181904323
