codon,amino_acid,Diaphorobacter,third_nucl,standard_error
ATA,I,1.158,A,0.17945706166178002
ATC,I,-1.004,C,0.07153690583947903
ATT,I,0.886,T,0.07526494291590806
ACA,T,1.199,A,0.09199947145226943
ACC,T,-0.03,C,0.0519857062539625
ACG,T,-0.985,G,0.0573630501903607
ACT,T,1.305,T,0.11586995249841142
AAC,N,-0.398,C,0.0827738805316837
AAT,N,0.398,T,0.0827738805316837
AAA,K,2.319,A,0.1005034066256108
AAG,K,-2.319,G,0.1005034066256108
AGC,S,-0.661,C,0.053275654857073876
AGT,S,0.633,T,0.12065662521820233
TCA,S,1.104,A,0.1220250729178401
TCC,S,0.719,C,0.05678488447304701
TCG,S,-0.946,G,0.05851214028743221
TCT,S,1.449,T,0.12959274663900347
AGA,R,1.982,A,0.19059045266383665
AGG,R,0.152,G,0.11535050092020988
CGA,R,1.226,A,0.10978600496756147
CGC,R,-0.656,C,0.05203087880209194
CGG,R,-0.479,G,0.08068553776071816
CGT,R,0.565,T,0.07362419489482891
CTA,L,1.148,A,0.18543332253009542
CTC,L,0.12,C,0.04637409294462897
CTG,L,-0.872,G,0.041200126732080615
CTT,L,0.892,T,0.07243485022041826
TTA,L,1.613,A,0.29381843532744606
TTG,L,0.94,G,0.06902783682129869
CCA,P,1.001,A,0.09399149554456417
CCC,P,0.043,C,0.05562831388620219
CCG,P,-0.835,G,0.058983745401444784
CCT,P,0.717,T,0.08787569902895277
CAC,H,-0.142,C,0.08126934186549607
CAT,H,0.142,T,0.08126934186549607
CAA,Q,1.695,A,0.07780304749230935
CAG,Q,-1.695,G,0.07780304749230935
GTA,V,0.946,A,0.11036393666082753
GTC,V,0.275,C,0.05516307622490093
GTG,V,-1.022,G,0.052607126450054054
GTT,V,1.382,T,0.08590276633294514
GCA,A,0.807,A,0.051350065582749654
GCC,A,-0.098,C,0.03928430277283784
GCG,A,-0.848,G,0.04471057712395765
GCT,A,0.951,T,0.07141930832676571
GAC,D,-0.296,C,0.06287280597546126
GAT,D,0.296,T,0.06287280597546124
GAA,E,1.317,A,0.06499828753256742
GAG,E,-1.317,G,0.06499828753256741
GGA,G,0.921,A,0.08222210987871505
GGC,G,-0.607,C,0.05739091274997209
GGG,G,0.069,G,0.0903664631471976
GGT,G,0.279,T,0.07879921346265654
TTC,F,-0.913,C,0.08395164993007188
TTT,F,0.913,T,0.08395164993007188
TAC,Y,-0.014,C,0.10083649297813224
TAT,Y,0.014,T,0.10083649297813224
TGC,C,-0.67,C,0.20969688533437938
TGT,C,0.67,T,0.20969688533437938
