codon,amino_acid,Dichelobacter,third_nucl,standard_error
ATA,I,0.602,A,0.16548991466879817
ATC,I,-0.141,C,0.09791706637344305
ATT,I,-0.075,T,0.09132251603662885
ACA,T,0.705,A,0.13460591714072823
ACC,T,-0.301,C,0.11846643623936547
ACG,T,-0.612,G,0.1111651323858767
ACT,T,0.498,T,0.13076603006646179
AAC,N,-0.187,C,0.1262970700032523
AAT,N,0.187,T,0.1262970700032523
AAA,K,-0.44,A,0.16204163427890153
AAG,K,0.44,G,0.16204163427890153
AGC,S,-0.477,C,0.12185800916407162
AGT,S,0.374,T,0.12578991945602563
TCA,S,0.283,A,0.1349196431849287
TCC,S,-0.323,C,0.15927958158323208
TCG,S,-0.432,G,0.15020321006878434
TCT,S,0.409,T,0.12775571194566188
AGA,R,0.879,A,0.2105340840508095
AGG,R,3.245,G,1.4456029901332779
CGA,R,0.783,A,0.19491844153318708
CGC,R,-0.507,C,0.10814218667025312
CGG,R,-0.379,G,0.17364924830462447
CGT,R,0.1,T,0.11520978642407292
CTA,L,0.567,A,0.19815621312993034
CTC,L,-0.138,C,0.13359126363891266
CTG,L,0.1,G,0.12861952581150854
CTT,L,0.493,T,0.11568114585136685
TTA,L,0.202,A,0.07363698834290096
TTG,L,-0.606,G,0.08346170572058928
CCA,P,0.385,A,0.1602667405846024
CCC,P,0.235,C,0.14862322452278914
CCG,P,-0.784,G,0.1287429069185903
CCT,P,0.551,T,0.15318061553155848
CAC,H,-0.071,C,0.15273776099464095
CAT,H,0.071,T,0.15273776099464095
CAA,Q,-0.126,A,0.15013296947940474
CAG,Q,0.126,G,0.15013296947940474
GTA,V,0.298,A,0.1348733139578909
GTC,V,-0.346,C,0.15748559464547116
GTG,V,-0.025,G,0.11141401757135619
GTT,V,-0.0,T,0.10253678758768937
GCA,A,0.497,A,0.09428977733835059
GCC,A,-0.316,C,0.10616448585868801
GCG,A,-0.619,G,0.09445261368198277
GCT,A,0.496,T,0.10383234748299923
GAC,D,0.031,C,0.13768674739009498
GAT,D,-0.031,T,0.13768674739009498
GAA,E,-0.073,A,0.149473044265337
GAG,E,0.073,G,0.149473044265337
GGA,G,0.29,A,0.13643981224577875
GGC,G,-0.254,C,0.11407601210663776
GGG,G,0.25,G,0.20384255890318234
GGT,G,-0.023,T,0.12499344938635307
TTC,F,-0.428,C,0.15882540396360925
TTT,F,0.428,T,0.15882540396360925
TAC,Y,0.307,C,0.16786951554789395
TAT,Y,-0.307,T,0.16786951554789395
TGC,C,-0.133,C,0.2350634059546457
TGT,C,0.133,T,0.2350634059546457
