codon,amino_acid,Dickeya,third_nucl,standard_error
ATA,I,0.993,A,0.09660141110620596
ATC,I,-0.837,C,0.0550317849478665
ATT,I,0.475,T,0.05514302677146973
ACA,T,1.473,A,0.0963252445986527
ACC,T,-0.785,C,0.055079097057114085
ACG,T,-0.249,G,0.06062974145802262
ACT,T,0.827,T,0.08824999495046183
AAC,N,-0.594,C,0.06878343686477782
AAT,N,0.594,T,0.06878343686477782
AAA,K,0.358,A,0.06753654028746228
AAG,K,-0.358,G,0.06753654028746228
AGC,S,-0.717,C,0.059054915367614966
AGT,S,0.758,T,0.08084788156476792
TCA,S,0.951,A,0.08735053838449783
TCC,S,-0.133,C,0.0656925143643086
TCG,S,-0.718,G,0.06983292083145293
TCT,S,0.86,T,0.08913052882164027
AGA,R,1.301,A,0.1207169813324181
AGG,R,1.133,G,0.16085765318843273
CGA,R,1.099,A,0.1132997460741496
CGC,R,-0.712,C,0.056803567724753076
CGG,R,-0.548,G,0.07524742001117526
CGT,R,0.256,T,0.05944227148372616
CTA,L,0.963,A,0.1176678565078544
CTC,L,0.309,C,0.07120009132878313
CTG,L,-1.137,G,0.040632877578160816
CTT,L,1.092,T,0.07914463683337064
TTA,L,1.358,A,0.07544673482468997
TTG,L,0.237,G,0.05364187643300968
CCA,P,1.069,A,0.10654746327869868
CCC,P,0.572,C,0.07896643298325647
CCG,P,-1.294,G,0.06565691042094934
CCT,P,0.999,T,0.09298889440120262
CAC,H,-0.338,C,0.08621313525118414
CAT,H,0.338,T,0.08621313525118414
CAA,Q,1.063,A,0.06839818404441747
CAG,Q,-1.063,G,0.06839818404441746
GTA,V,0.639,A,0.07459863986144692
GTC,V,-0.238,C,0.06190222653077564
GTG,V,-0.713,G,0.05333052535856109
GTT,V,0.869,T,0.06681615115851373
GCA,A,1.244,A,0.06885077667045357
GCC,A,-0.381,C,0.04849106112563615
GCG,A,-0.706,G,0.0485344690991896
GCT,A,0.844,T,0.06768522659599717
GAC,D,-0.368,C,0.06180887599839163
GAT,D,0.368,T,0.06180887599839163
GAA,E,0.272,A,0.06611090112942049
GAG,E,-0.272,G,0.06611090112942049
GGA,G,0.929,A,0.0897639283014594
GGC,G,-0.764,C,0.06032141646803883
GGG,G,-0.064,G,0.0797213598983078
GGT,G,0.556,T,0.06902318257242539
TTC,F,-0.702,C,0.06914674366296297
TTT,F,0.702,T,0.06914674366296297
TAC,Y,-0.365,C,0.08386111319328186
TAT,Y,0.365,T,0.08386111319328186
TGC,C,-0.689,C,0.13710671500336363
TGT,C,0.689,T,0.13710671500336363
