codon,amino_acid,Dietzia,third_nucl,standard_error
ATA,I,0.697,A,0.2814374405726626
ATC,I,-0.72,C,0.15970001180454516
ATT,I,0.701,T,0.19023388413319559
ACA,T,1.321,A,0.15647377635212573
ACC,T,-0.179,C,0.05384315372977557
ACG,T,-0.228,G,0.057130384295300124
ACT,T,0.92,T,0.14749401039152427
AAC,N,-0.726,C,0.1822585710201259
AAT,N,0.726,T,0.18225857102012588
AAA,K,0.786,A,0.20053156933819044
AAG,K,-0.786,G,0.20053156933819044
AGC,S,0.586,C,0.07001933812255605
AGT,S,0.929,T,0.15158070570974302
TCA,S,0.763,A,0.14718560181228155
TCC,S,-0.173,C,0.06024926986898816
TCG,S,-0.809,G,0.06328988448266096
TCT,S,1.194,T,0.21404059428290678
AGA,R,1.864,A,0.22562243744429356
AGG,R,1.046,G,0.12301492817548457
CGA,R,0.747,A,0.09770259440260312
CGC,R,-0.299,C,0.0516177502584724
CGG,R,-0.61,G,0.05770375050142532
CGT,R,0.487,T,0.08283065177510038
CTA,L,0.518,A,0.19497159525539684
CTC,L,0.063,C,0.05096520305292594
CTG,L,-0.324,G,0.05158335110165305
CTT,L,0.759,T,0.1422916387475646
TTA,L,1.283,A,0.5268489392439718
TTG,L,0.484,G,0.10827661525058621
CCA,P,1.033,A,0.15806721401884657
CCC,P,0.361,C,0.05784957884712047
CCG,P,-0.658,G,0.05799031376990024
CCT,P,0.856,T,0.16102554798631005
CAC,H,-0.54,C,0.15100825513864358
CAT,H,0.54,T,0.15100825513864358
CAA,Q,0.809,A,0.20118102966832282
CAG,Q,-0.809,G,0.20118102966832282
GTA,V,0.937,A,0.17204538286644555
GTC,V,-0.556,C,0.04770571054763274
GTG,V,0.386,G,0.04745324982572779
GTT,V,0.718,T,0.14207061281115468
GCA,A,1.261,A,0.0885698022196885
GCC,A,-0.16,C,0.04191793992911036
GCG,A,-0.403,G,0.04410649370197887
GCT,A,1.134,T,0.10826668168010449
GAC,D,-0.704,C,0.08172089893099084
GAT,D,0.704,T,0.08172089893099084
GAA,E,1.058,A,0.08973022856246222
GAG,E,-1.058,G,0.08973022856246222
GGA,G,1.092,A,0.08007942805451383
GGC,G,-0.559,C,0.05270066114856105
GGG,G,-0.132,G,0.06405900524602882
GGT,G,0.356,T,0.07714119234150245
TTC,F,-0.985,C,0.24742980039788412
TTT,F,0.985,T,0.24742980039788412
TAC,Y,-0.823,C,0.1975865302933384
TAT,Y,0.823,T,0.1975865302933384
TGC,C,-0.931,C,0.2854657018955049
TGT,C,0.931,T,0.2854657018955049
