codon,amino_acid,Dinoroseobacter,third_nucl,standard_error
ATA,I,0.876,A,0.15706422191593675
ATC,I,-0.846,C,0.07791287854242596
ATT,I,0.753,T,0.08579906990635759
ACA,T,1.043,A,0.08982632763978592
ACC,T,-0.318,C,0.052084873648084166
ACG,T,-0.328,G,0.05849559912166642
ACT,T,0.822,T,0.13021467555442437
AAC,N,-0.145,C,0.09617413226406359
AAT,N,0.145,T,0.09617413226406359
AAA,K,1.3,A,0.08344022592153999
AAG,K,-1.3,G,0.08344022592153999
AGC,S,-0.138,C,0.0637075541001128
AGT,S,0.547,T,0.12437929624138709
TCA,S,1.027,A,0.15118914452074872
TCC,S,0.124,C,0.06433333643866601
TCG,S,-0.749,G,0.06867896527975235
TCT,S,1.156,T,0.14163783922078596
AGA,R,2.018,A,0.1805653840687156
AGG,R,0.558,G,0.1393673211911702
CGA,R,1.001,A,0.114196525089897
CGC,R,-0.234,C,0.050286910103406135
CGG,R,-0.765,G,0.05817191605566713
CGT,R,0.732,T,0.08532460131605846
CTA,L,0.881,A,0.19272795451480448
CTC,L,0.163,C,0.046707764701224334
CTG,L,-0.664,G,0.040861977824034584
CTT,L,0.715,T,0.06594815467056216
TTA,L,1.122,A,0.3180266440836844
TTG,L,0.452,G,0.0638365818276376
CCA,P,0.696,A,0.12216616884844952
CCC,P,0.35,C,0.055937397358365
CCG,P,-0.653,G,0.05651429359285611
CCT,P,0.477,T,0.10600580077674433
CAC,H,-0.15,C,0.09412430850676363
CAT,H,0.15,T,0.09412430850676363
CAA,Q,0.871,A,0.09217528676042253
CAG,Q,-0.871,G,0.09217528676042253
GTA,V,0.905,A,0.1393568483375277
GTC,V,0.01,C,0.054008996959340014
GTG,V,-0.546,G,0.05254287578948606
GTT,V,1.003,T,0.08516971961313102
GCA,A,0.858,A,0.06424296336880415
GCC,A,-0.058,C,0.03948859943540365
GCG,A,-0.477,G,0.04068079304867538
GCT,A,0.78,T,0.08612765445004304
GAC,D,-0.19,C,0.05806071289233528
GAT,D,0.19,T,0.05806071289233529
GAA,E,0.819,A,0.06399057986271248
GAG,E,-0.819,G,0.06399057986271248
GGA,G,1.129,A,0.08883182438958696
GGC,G,-0.255,C,0.053659803580221425
GGG,G,-0.418,G,0.06227091833169143
GGT,G,0.384,T,0.08129258082631063
TTC,F,-0.732,C,0.08161738862318048
TTT,F,0.732,T,0.08161738862318048
TAC,Y,-0.282,C,0.10009313008408523
TAT,Y,0.282,T,0.10009313008408523
TGC,C,-0.708,C,0.18306487751378914
TGT,C,0.708,T,0.18306487751378914
