codon,amino_acid,Dissulfurimicrobium,third_nucl,standard_error
ATA,I,-0.01,A,0.07149309611851502
ATC,I,-0.127,C,0.07440669793723981
ATT,I,0.187,T,0.08709941801294362
ACA,T,0.213,A,0.09515783598074576
ACC,T,-0.301,C,0.09961293954529957
ACG,T,-0.118,G,0.1122423963454636
ACT,T,0.295,T,0.13598214202474024
AAC,N,-0.298,C,0.10900579118554979
AAT,N,0.298,T,0.1090057911855498
AAA,K,0.555,A,0.07586849722074827
AAG,K,-0.555,G,0.07586849722074827
AGC,S,-0.062,C,0.10752013705586962
AGT,S,0.093,T,0.1348640623941027
TCA,S,0.25,A,0.10570349128060313
TCC,S,-0.268,C,0.11451429552608093
TCG,S,-0.245,G,0.12332408774435864
TCT,S,0.197,T,0.11674935301606423
AGA,R,0.523,A,0.09334468268002154
AGG,R,-0.413,G,0.08634142085955196
CGA,R,0.558,A,0.18114188624181632
CGC,R,-0.088,C,0.11403149511736334
CGG,R,0.067,G,0.14600785838702787
CGT,R,-0.33,T,0.13414006550054206
CTA,L,0.206,A,0.1314150483705006
CTC,L,-0.627,C,0.0856445254834431
CTG,L,-0.17,G,0.08412794821850093
CTT,L,-0.331,T,0.07227535440453967
TTA,L,0.758,A,0.11714062237239617
TTG,L,0.706,G,0.08320380031693687
CCA,P,0.209,A,0.11501833895969689
CCC,P,-0.178,C,0.12419214153572447
CCG,P,-0.128,G,0.11216130814778405
CCT,P,0.072,T,0.10991813191377228
CAC,H,-0.437,C,0.15575128895925255
CAT,H,0.437,T,0.15575128895925255
CAA,Q,0.626,A,0.12191592416346153
CAG,Q,-0.626,G,0.12191592416346153
GTA,V,0.121,A,0.09395614515310749
GTC,V,-0.426,C,0.08963605231024886
GTG,V,0.078,G,0.0901612023724414
GTT,V,0.302,T,0.09888877154913886
GCA,A,0.102,A,0.08607218901711887
GCC,A,-0.301,C,0.07965092278258373
GCG,A,-0.098,G,0.09341041925971699
GCT,A,0.509,T,0.10526962734139482
GAC,D,-0.133,C,0.08788431226231752
GAT,D,0.133,T,0.08788431226231752
GAA,E,0.681,A,0.08676018406015717
GAG,E,-0.681,G,0.08676018406015717
GGA,G,0.382,A,0.10117068313150406
GGC,G,-0.34,C,0.08325740172720424
GGG,G,-0.149,G,0.09554488790071147
GGT,G,0.273,T,0.09573361167597313
TTC,F,-0.316,C,0.10761161003964086
TTT,F,0.316,T,0.10761161003964084
TAC,Y,0.23,C,0.1327616866923869
TAT,Y,-0.23,T,0.1327616866923869
TGC,C,-0.212,C,0.1803181163788362
TGT,C,0.212,T,0.1803181163788362
