codon,amino_acid,Dokdonella,third_nucl,standard_error
ATA,I,1.505,A,0.2931465026759382
ATC,I,-1.109,C,0.12930731704625742
ATT,I,0.947,T,0.14266723369052745
ACA,T,1.306,A,0.18221853380171865
ACC,T,0.014,C,0.06129774053368793
ACG,T,-0.408,G,0.06349689276250602
ACT,T,1.226,T,0.19087477932456678
AAC,N,-0.638,C,0.12202941440350683
AAT,N,0.638,T,0.12202941440350683
AAA,K,1.909,A,0.15738642471675235
AAG,K,-1.909,G,0.15738642471675235
AGC,S,-0.441,C,0.0638704613308912
AGT,S,0.411,T,0.15330120420037766
TCA,S,1.268,A,0.21541264152883113
TCC,S,0.881,C,0.07597983038904256
TCG,S,-0.626,G,0.06557234128565767
TCT,S,1.118,T,0.24770214006444383
AGA,R,2.299,A,0.3328668483238294
AGG,R,1.005,G,0.18021461797548136
CGA,R,1.752,A,0.1428098714885528
CGC,R,-0.501,C,0.049987996836520304
CGG,R,-0.573,G,0.06327853911754364
CGT,R,0.864,T,0.0820795313181744
CTA,L,1.372,A,0.2443580008095536
CTC,L,0.198,C,0.04973698338894668
CTG,L,-0.772,G,0.04511538388510293
CTT,L,1.851,T,0.13966915775383
TTA,L,2.091,A,0.7478521462894242
TTG,L,0.89,G,0.09158939143844026
CCA,P,0.875,A,0.1477663888739585
CCC,P,0.773,C,0.06769602370890132
CCG,P,-1.161,G,0.06333028824917464
CCT,P,1.619,T,0.16750827884148625
CAC,H,-0.259,C,0.10580595756060991
CAT,H,0.259,T,0.10580595756060991
CAA,Q,1.65,A,0.1365949237319283
CAG,Q,-1.65,G,0.13659492373192827
GTA,V,0.809,A,0.14453429831270345
GTC,V,-0.21,C,0.05391656398943737
GTG,V,-0.213,G,0.05456714418663148
GTT,V,1.368,T,0.1292364962511297
GCA,A,0.993,A,0.07822970721034829
GCC,A,0.123,C,0.04057951899774697
GCG,A,-0.691,G,0.042854082609280586
GCT,A,1.408,T,0.11290177430065397
GAC,D,-0.643,C,0.07542887117996805
GAT,D,0.643,T,0.07542887117996806
GAA,E,1.288,A,0.07824415492180602
GAG,E,-1.288,G,0.078244154921806
GGA,G,0.974,A,0.11270728528231765
GGC,G,-0.729,C,0.06419035553437358
GGG,G,0.136,G,0.09778639033328354
GGT,G,0.701,T,0.08935393896316533
TTC,F,-1.327,C,0.15202453821379067
TTT,F,1.327,T,0.15202453821379067
TAC,Y,-0.456,C,0.1346376863614141
TAT,Y,0.456,T,0.1346376863614141
TGC,C,-0.319,C,0.24652953112661471
TGT,C,0.319,T,0.24652953112661471
