codon,amino_acid,Dolosigranulum,third_nucl,standard_error
ATA,I,0.801,A,0.10137650592292997
ATC,I,-0.393,C,0.09648371425908862
ATT,I,-0.245,T,0.0768002429818063
ACA,T,0.619,A,0.0861117366646182
ACC,T,-0.655,C,0.12700708174339467
ACG,T,-0.281,G,0.1059558170398339
ACT,T,-0.177,T,0.1020537686824793
AAC,N,-0.452,C,0.11234478666943888
AAT,N,0.452,T,0.11234478666943888
AAA,K,0.438,A,0.08243851879487234
AAG,K,-0.438,G,0.08243851879487234
AGC,S,-0.242,C,0.1491515518554655
AGT,S,0.398,T,0.09386514927779858
TCA,S,0.218,A,0.0933428932886831
TCC,S,-0.084,C,0.16825857714828144
TCG,S,-0.363,G,0.14327780030148474
TCT,S,-0.596,T,0.12608082958077907
AGA,R,1.266,A,0.13475835672870146
AGG,R,0.772,G,0.329372988216663
CGA,R,0.388,A,0.11643078487134807
CGC,R,-1.164,C,0.15869745091105691
CGG,R,-0.921,G,0.19120837134846091
CGT,R,-0.433,T,0.1130567378846082
CTA,L,-0.049,A,0.10605892464148103
CTC,L,-0.63,C,0.15664460243439277
CTG,L,-0.765,G,0.127915106574089
CTT,L,-0.319,T,0.11487622987257454
TTA,L,0.679,A,0.06633967521474561
TTG,L,-0.337,G,0.08185880110626073
CCA,P,0.442,A,0.13290415762336547
CCC,P,-0.502,C,0.2385999917305627
CCG,P,-0.195,G,0.1538053527352278
CCT,P,-0.192,T,0.1659646807995348
CAC,H,-0.106,C,0.15514201462879912
CAT,H,0.106,T,0.15514201462879912
CAA,Q,0.052,A,0.10614629747890317
CAG,Q,-0.052,G,0.10614629747890317
GTA,V,0.652,A,0.09116453390141639
GTC,V,-0.715,C,0.11501578022142979
GTG,V,0.214,G,0.0881564886881286
GTT,V,-0.377,T,0.0877390685247925
GCA,A,0.673,A,0.09077934262573405
GCC,A,-0.465,C,0.13454557971804382
GCG,A,-0.25,G,0.11517636774944735
GCT,A,-0.33,T,0.09788337110522272
GAC,D,-0.278,C,0.11783727538975841
GAT,D,0.278,T,0.11783727538975841
GAA,E,-0.046,A,0.09093573347573833
GAG,E,0.046,G,0.09093573347573833
GGA,G,0.479,A,0.09520551725678747
GGC,G,-0.506,C,0.13528597259530126
GGG,G,-0.227,G,0.1275877412934533
GGT,G,-0.088,T,0.10063183909522216
TTC,F,-0.953,C,0.11656178370935875
TTT,F,0.953,T,0.11656178370935875
TAC,Y,-0.441,C,0.13411433312333484
TAT,Y,0.441,T,0.13411433312333484
TGC,C,0.166,C,0.3491048144360617
TGT,C,-0.166,T,0.3491048144360617
