codon,amino_acid,Draconibacterium,third_nucl,standard_error
ATA,I,0.754,A,0.05231722349631634
ATC,I,-0.187,C,0.05979956982954401
ATT,I,-0.51,T,0.04622560088057489
ACA,T,0.731,A,0.06063094260361418
ACC,T,-0.805,C,0.06798322524777048
ACG,T,-0.17,G,0.09263083359340683
ACT,T,-0.016,T,0.07104949001692283
AAC,N,-0.179,C,0.05910676443245156
AAT,N,0.179,T,0.05910676443245156
AAA,K,-0.127,A,0.05549210797010798
AAG,K,0.127,G,0.05549210797010798
AGC,S,-0.018,C,0.0776465871737197
AGT,S,0.228,T,0.07177480286783804
TCA,S,0.58,A,0.0690714816829652
TCC,S,-0.043,C,0.10974591832094316
TCG,S,-0.856,G,0.07571673520709757
TCT,S,0.019,T,0.09260539396474558
AGA,R,1.511,A,0.0826736665405274
AGG,R,0.321,G,0.12470123048678902
CGA,R,0.367,A,0.0940705725004633
CGC,R,-0.907,C,0.09584323118125102
CGG,R,-0.724,G,0.13029382973456383
CGT,R,-1.27,T,0.09331859004989931
CTA,L,0.801,A,0.07793675494012314
CTC,L,-0.234,C,0.08540568728927442
CTG,L,-0.654,G,0.055658757426405664
CTT,L,-0.114,T,0.05393450899044693
TTA,L,0.684,A,0.04852267511355436
TTG,L,-0.491,G,0.05374238445130127
CCA,P,0.544,A,0.09002576446865011
CCC,P,-0.056,C,0.1107396583273541
CCG,P,-0.429,G,0.09706852291091228
CCT,P,-0.136,T,0.09783577903423621
CAC,H,-0.372,C,0.1105185185035681
CAT,H,0.372,T,0.1105185185035681
CAA,Q,0.797,A,0.07912286154938554
CAG,Q,-0.797,G,0.07912286154938555
GTA,V,0.402,A,0.05929976145820322
GTC,V,0.467,C,0.1318106964452992
GTG,V,-0.321,G,0.07494289641242499
GTT,V,-0.276,T,0.05779351507016576
GCA,A,0.67,A,0.06048980031720569
GCC,A,-0.548,C,0.06959855209091573
GCG,A,-0.09,G,0.09638671213718088
GCT,A,-0.27,T,0.07044510906868864
GAC,D,-0.006,C,0.0750483047702734
GAT,D,0.006,T,0.07504830477027338
GAA,E,0.299,A,0.06857031526197506
GAG,E,-0.299,G,0.06857031526197506
GGA,G,0.59,A,0.06615222056306153
GGC,G,-0.298,C,0.0833665191169359
GGG,G,0.038,G,0.10773724897313149
GGT,G,-0.528,T,0.07751519339701322
TTC,F,-0.017,C,0.068553176031755
TTT,F,0.017,T,0.068553176031755
TAC,Y,-0.127,C,0.07442606611539507
TAT,Y,0.127,T,0.07442606611539507
TGC,C,-0.01,C,0.15297349893987666
TGT,C,0.01,T,0.15297349893987666
