codon,amino_acid,Duodenibacillus,third_nucl,standard_error
ATA,I,0.742,A,0.23010375488213483
ATC,I,-0.396,C,0.08469969463247122
ATT,I,0.286,T,0.08466913392645607
ACA,T,0.99,A,0.10757906425270575
ACC,T,-0.148,C,0.07854064157623046
ACG,T,-0.724,G,0.07743204943143536
ACT,T,0.672,T,0.12467648903205948
AAC,N,-0.506,C,0.11117976696533108
AAT,N,0.506,T,0.11117976696533108
AAA,K,0.756,A,0.07975826348508348
AAG,K,-0.756,G,0.07975826348508348
AGC,S,-0.523,C,0.09982214397563116
AGT,S,0.162,T,0.12718765330304863
TCA,S,0.439,A,0.12970849522950473
TCC,S,0.134,C,0.09058877066538734
TCG,S,-0.47,G,0.10128913031426462
TCT,S,0.722,T,0.13067599413366487
AGA,R,0.338,A,0.13983623789873834
AGG,R,-0.335,G,0.186782778532944
CGA,R,0.569,A,0.16600719876396627
CGC,R,-0.265,C,0.07597090019710662
CGG,R,-0.322,G,0.11099054988067077
CGT,R,0.37,T,0.09194048301112069
CTA,L,0.898,A,0.3190402196631437
CTC,L,-0.349,C,0.06965285493491004
CTG,L,-0.1,G,0.07063231420147842
CTT,L,0.029,T,0.06712520176047658
TTA,L,0.266,A,0.12350140567696419
TTG,L,0.566,G,0.10009322104743931
CCA,P,0.439,A,0.24827782004469998
CCC,P,-0.33,C,0.094736912546528
CCG,P,-0.076,G,0.09195806708355003
CCT,P,0.64,T,0.13036742993550798
CAC,H,-0.693,C,0.1503931642194459
CAT,H,0.693,T,0.1503931642194459
CAA,Q,0.975,A,0.14856345131180873
CAG,Q,-0.975,G,0.14856345131180876
GTA,V,0.621,A,0.13928021669427396
GTC,V,0.01,C,0.07756014943015842
GTG,V,-0.527,G,0.07212185427840703
GTT,V,0.444,T,0.08123500872489563
GCA,A,0.673,A,0.07864089749193277
GCC,A,-0.26,C,0.061777571935176044
GCG,A,-0.478,G,0.06810881677400137
GCT,A,0.418,T,0.08127539078624338
GAC,D,-0.284,C,0.09070147829073477
GAT,D,0.284,T,0.09070147829073477
GAA,E,0.232,A,0.08935190872171576
GAG,E,-0.232,G,0.08935190872171576
GGA,G,0.79,A,0.11770362773178923
GGC,G,-0.446,C,0.08612555829444453
GGG,G,-0.356,G,0.11719134674665221
GGT,G,0.354,T,0.1026173633366845
TTC,F,-0.566,C,0.09939646697395044
TTT,F,0.566,T,0.09939646697395045
TAC,Y,-0.163,C,0.14381738035829836
TAT,Y,0.163,T,0.14381738035829836
TGC,C,-0.783,C,0.20081721503639136
TGT,C,0.783,T,0.20081721503639136
