codon,amino_acid,Echinicola,third_nucl,standard_error
ATA,I,0.876,A,0.05407883407918814
ATC,I,-0.802,C,0.046265703311874844
ATT,I,0.108,T,0.04686983870559649
ACA,T,0.841,A,0.06341604243803275
ACC,T,-0.57,C,0.05647762516941263
ACG,T,-0.413,G,0.07637540864808219
ACT,T,0.145,T,0.06642940808866148
AAC,N,-0.021,C,0.05607297900674481
AAT,N,0.021,T,0.05607297900674481
AAA,K,0.491,A,0.045429157793712635
AAG,K,-0.491,G,0.04542915779371263
AGC,S,-0.064,C,0.06668256676857794
AGT,S,0.111,T,0.06410190839926214
TCA,S,0.635,A,0.06778857107071652
TCC,S,-0.439,C,0.06548464069168294
TCG,S,-0.11,G,0.0926696821520838
TCT,S,-0.179,T,0.069450438840567
AGA,R,1.211,A,0.06803371859180542
AGG,R,-0.53,G,0.07949538286036488
CGA,R,0.238,A,0.09679184294723095
CGC,R,-0.474,C,0.10879248872726838
CGG,R,-1.131,G,0.11291957964106922
CGT,R,-0.679,T,0.10015331473017303
CTA,L,0.462,A,0.06072268088561535
CTC,L,-0.352,C,0.06641925480682384
CTG,L,-0.685,G,0.05271367037167253
CTT,L,-0.06,T,0.0523335859008055
TTA,L,1.131,A,0.05548554104277691
TTG,L,-0.444,G,0.04605218200950752
CCA,P,0.352,A,0.07733721502837582
CCC,P,-0.137,C,0.08355942438448938
CCG,P,-0.056,G,0.0947608943857861
CCT,P,-0.185,T,0.07572039241734145
CAC,H,-0.05,C,0.0918310610994355
CAT,H,0.05,T,0.09183106109943551
CAA,Q,0.55,A,0.07015437161256052
CAG,Q,-0.55,G,0.07015437161256051
GTA,V,0.462,A,0.05618915852824179
GTC,V,-0.438,C,0.06807570367786679
GTG,V,-0.717,G,0.05984040402730857
GTT,V,0.68,T,0.06575522973615247
GCA,A,0.619,A,0.05874857987155717
GCC,A,-0.548,C,0.0586696604945221
GCG,A,-0.082,G,0.07844855412436404
GCT,A,-0.006,T,0.06378530711289195
GAC,D,-0.043,C,0.06381503317204654
GAT,D,0.043,T,0.06381503317204654
GAA,E,0.511,A,0.06013045902250874
GAG,E,-0.511,G,0.06013045902250874
GGA,G,0.552,A,0.06205364958972457
GGC,G,-0.386,C,0.0738561083423306
GGG,G,-0.281,G,0.08088652336128052
GGT,G,-0.113,T,0.07166751964790623
TTC,F,-0.043,C,0.06130120601978042
TTT,F,0.043,T,0.06130120601978042
TAC,Y,-0.036,C,0.06853042238110948
TAT,Y,0.036,T,0.06853042238110948
TGC,C,0.087,C,0.14008100630577222
TGT,C,-0.087,T,0.14008100630577222
