codon,amino_acid,Edaphobacter,third_nucl,standard_error
ATA,I,0.674,A,0.1009794642574585
ATC,I,-0.481,C,0.0547607854745241
ATT,I,0.296,T,0.05713259185372696
ACA,T,0.592,A,0.06553566580178437
ACC,T,-0.334,C,0.05116901552885128
ACG,T,-0.289,G,0.05414861062965985
ACT,T,0.37,T,0.06812051680775605
AAC,N,-0.292,C,0.07084318103295062
AAT,N,0.292,T,0.07084318103295062
AAA,K,0.468,A,0.06157670331235972
AAG,K,-0.468,G,0.06157670331235972
AGC,S,-0.332,C,0.05663663161002224
AGT,S,0.359,T,0.07669624833144739
TCA,S,0.411,A,0.07603405085473088
TCC,S,-0.14,C,0.05972197863995037
TCG,S,-0.307,G,0.057480387561284894
TCT,S,0.492,T,0.07193524351823577
AGA,R,1.015,A,0.09704100166038367
AGG,R,0.109,G,0.09966455550981301
CGA,R,0.416,A,0.07149665770038717
CGC,R,-0.504,C,0.052876849447810154
CGG,R,-0.306,G,0.06772468870494866
CGT,R,0.118,T,0.0651141052991569
CTA,L,0.427,A,0.08095658345662288
CTC,L,-0.301,C,0.04306005234225114
CTG,L,-0.444,G,0.04526159094909615
CTT,L,0.201,T,0.05207500493670772
TTA,L,0.66,A,0.10048490442589068
TTG,L,0.454,G,0.05239482838246783
CCA,P,0.43,A,0.07119559565386599
CCC,P,0.062,C,0.0628562749643072
CCG,P,-0.449,G,0.06090746744079181
CCT,P,0.105,T,0.07148764749306419
CAC,H,-0.117,C,0.08711038387785931
CAT,H,0.117,T,0.08711038387785931
CAA,Q,0.892,A,0.07156707316489037
CAG,Q,-0.892,G,0.07156707316489036
GTA,V,0.537,A,0.0717175264591988
GTC,V,-0.543,C,0.05085762358210919
GTG,V,0.023,G,0.04930015511932988
GTT,V,0.309,T,0.0562238030043286
GCA,A,0.523,A,0.04818378681873077
GCC,A,-0.307,C,0.04565089424548899
GCG,A,-0.364,G,0.046043208427968295
GCT,A,0.259,T,0.051692753231496975
GAC,D,-0.262,C,0.060548838910124664
GAT,D,0.262,T,0.060548838910124664
GAA,E,0.689,A,0.05820038972419862
GAG,E,-0.689,G,0.05820038972419862
GGA,G,0.414,A,0.05993360588662896
GGC,G,-0.476,C,0.05518467858809591
GGG,G,-0.02,G,0.0706063066031444
GGT,G,0.225,T,0.06552823456821688
TTC,F,-0.403,C,0.0643001042436767
TTT,F,0.403,T,0.0643001042436767
TAC,Y,-0.207,C,0.09075365504819631
TAT,Y,0.207,T,0.09075365504819631
TGC,C,-0.758,C,0.14772183804338587
TGT,C,0.758,T,0.14772183804338587
