codon,amino_acid,Eggerthella,third_nucl,standard_error
ATA,I,1.096,A,0.1388553874736878
ATC,I,-1.225,C,0.0989326620424892
ATT,I,1.143,T,0.1310890991409883
ACA,T,1.85,A,0.2066381143160116
ACC,T,0.008,C,0.06279822717929144
ACG,T,-0.528,G,0.06200866108097783
ACT,T,1.722,T,0.2159431094073261
AAC,N,-0.875,C,0.1427539621414436
AAT,N,0.875,T,0.1427539621414436
AAA,K,1.392,A,0.09973991787734827
AAG,K,-1.392,G,0.09973991787734827
AGC,S,0.197,C,0.06345179167675884
AGT,S,1.123,T,0.2099077063926983
TCA,S,1.706,A,0.21028975438015984
TCC,S,-0.213,C,0.07358638016528285
TCG,S,-0.618,G,0.06421443844611639
TCT,S,1.164,T,0.17008343724770716
AGA,R,2.162,A,0.22588012896415266
AGG,R,1.469,G,0.13867116430213008
CGA,R,1.215,A,0.12790845876928458
CGC,R,-1.327,C,0.06092378742936618
CGG,R,0.29,G,0.0801569961025372
CGT,R,0.651,T,0.10784070766073335
CTA,L,1.159,A,0.21265912810549292
CTC,L,-0.321,C,0.05306768816189588
CTG,L,-0.627,G,0.05045902133901692
CTT,L,0.965,T,0.09984938089895755
TTA,L,1.805,A,0.33121975289303734
TTG,L,1.17,G,0.07962086109714842
CCA,P,1.415,A,0.21897608423669185
CCC,P,-0.25,C,0.07340200337532814
CCG,P,-0.29,G,0.07302058908872575
CCT,P,1.059,T,0.13542899893113167
CAC,H,-0.809,C,0.11884082755798123
CAT,H,0.809,T,0.11884082755798124
CAA,Q,1.494,A,0.11869326731982209
CAG,Q,-1.494,G,0.11869326731982209
GTA,V,1.455,A,0.13950390394739062
GTC,V,0.097,C,0.059488157228997154
GTG,V,-0.75,G,0.05454267755470175
GTT,V,1.172,T,0.09852080552815469
GCA,A,1.701,A,0.08728092020038408
GCC,A,-0.692,C,0.04735742060651478
GCG,A,-0.253,G,0.04468206805017848
GCT,A,1.177,T,0.09149526733518654
GAC,D,-1.114,C,0.073839138811334
GAT,D,1.114,T,0.073839138811334
GAA,E,1.422,A,0.06778093921658349
GAG,E,-1.422,G,0.06778093921658349
GGA,G,1.549,A,0.0911040232954176
GGC,G,-1.222,C,0.0602144855751293
GGG,G,0.377,G,0.071892374511429
GGT,G,0.81,T,0.10930334844973781
TTC,F,-1.191,C,0.12956779992222514
TTT,F,1.191,T,0.12956779992222514
TAC,Y,-0.718,C,0.12521707319677067
TAT,Y,0.718,T,0.12521707319677067
TGC,C,-1.074,C,0.26002416353334196
TGT,C,1.074,T,0.26002416353334196
