codon,amino_acid,Egibacter,third_nucl,standard_error
ATA,I,0.863,A,0.3805932967132209
ATC,I,-0.883,C,0.19569643854587354
ATT,I,0.87,T,0.22591501960616037
ACA,T,0.864,A,0.1384795434764833
ACC,T,-0.111,C,0.053026060117566935
ACG,T,-0.148,G,0.054754391373296234
ACT,T,0.746,T,0.15741546740144316
AAC,N,-0.657,C,0.21061766257530073
AAT,N,0.657,T,0.21061766257530073
AAA,K,0.689,A,0.2525626503960415
AAG,K,-0.689,G,0.2525626503960415
AGC,S,0.364,C,0.06065344610541506
AGT,S,0.658,T,0.14064168578101327
TCA,S,0.755,A,0.1594876019412283
TCC,S,-0.127,C,0.06809189670314646
TCG,S,-0.644,G,0.0626746159940427
TCT,S,0.973,T,0.25263626205260975
AGA,R,1.865,A,0.25376340284441135
AGG,R,0.764,G,0.11824377496931482
CGA,R,0.661,A,0.07723627172741339
CGC,R,-0.195,C,0.04490371004698122
CGG,R,-0.394,G,0.050156522844217365
CGT,R,0.145,T,0.0721259825798666
CTA,L,0.811,A,0.1855015980221759
CTC,L,-0.291,C,0.04370645110781565
CTG,L,-0.037,G,0.04399307268982998
CTT,L,0.76,T,0.13284193251921644
TTA,L,0.733,A,0.5168524950775156
TTG,L,0.565,G,0.07601148077701138
CCA,P,0.901,A,0.11308132044899113
CCC,P,-0.106,C,0.05428052170561036
CCG,P,-0.267,G,0.05342393041007555
CCT,P,0.797,T,0.13615856573111335
CAC,H,-0.31,C,0.12632064553083186
CAT,H,0.31,T,0.12632064553083183
CAA,Q,0.607,A,0.12221281453140886
CAG,Q,-0.607,G,0.12221281453140886
GTA,V,0.386,A,0.1629217501156585
GTC,V,-0.647,C,0.04362769327453042
GTG,V,0.569,G,0.043231499061581496
GTT,V,0.301,T,0.1187104885365767
GCA,A,0.926,A,0.07468212461932942
GCC,A,-0.165,C,0.038186773435211485
GCG,A,-0.288,G,0.038302157373463444
GCT,A,0.788,T,0.07923862903482227
GAC,D,-0.434,C,0.06811789238722417
GAT,D,0.434,T,0.06811789238722417
GAA,E,0.709,A,0.07516615223755638
GAG,E,-0.709,G,0.07516615223755636
GGA,G,0.639,A,0.07753660091010915
GGC,G,-0.222,C,0.04749282857259503
GGG,G,-0.166,G,0.05340949881295281
GGT,G,0.243,T,0.06970089331063894
TTC,F,-1.059,C,0.2645919832173671
TTT,F,1.059,T,0.2645919832173671
TAC,Y,-0.438,C,0.1851744807831678
TAT,Y,0.438,T,0.1851744807831678
TGC,C,-0.247,C,0.24501287392220442
TGT,C,0.247,T,0.24501287392220442
