codon,amino_acid,Egicoccus,third_nucl,standard_error
ATA,I,0.256,A,0.5580101314419551
ATC,I,-1.199,C,0.3242314739839561
ATT,I,1.612,T,0.42070266315456145
ACA,T,1.455,A,0.2487608251971982
ACC,T,-0.112,C,0.05707985879522784
ACG,T,-0.084,G,0.05820192230316553
ACT,T,1.606,T,0.3383313240205005
AAC,N,-1.084,C,0.324733983627899
AAT,N,1.084,T,0.324733983627899
AAA,K,0.786,A,0.3631581832818993
AAG,K,-0.786,G,0.3631581832818993
AGC,S,0.257,C,0.06983985707575369
AGT,S,0.426,T,0.15592650026880012
TCA,S,0.495,A,0.21753393919797653
TCC,S,0.517,C,0.0713703133572932
TCG,S,-0.914,G,0.06671891274583809
TCT,S,1.673,T,0.4013575286404868
AGA,R,2.59,A,0.518104671764032
AGG,R,1.744,G,0.2135007443953447
CGA,R,0.873,A,0.08843974571639852
CGC,R,-0.144,C,0.048083480875451945
CGG,R,-0.65,G,0.05421642937542464
CGT,R,0.361,T,0.06821763779920552
CTA,L,0.404,A,0.31549614258646186
CTC,L,-0.031,C,0.04594365461881901
CTG,L,-0.182,G,0.04484941174245352
CTT,L,0.876,T,0.21712327087061567
TTA,L,0.157,A,1.0002507668523395
TTG,L,0.588,G,0.08665991264313612
CCA,P,0.704,A,0.13564874518711967
CCC,P,0.235,C,0.05829824555554229
CCG,P,-0.499,G,0.05705780683015641
CCT,P,1.034,T,0.1728669138940083
CAC,H,-0.316,C,0.15887614420266655
CAT,H,0.316,T,0.15887614420266655
CAA,Q,0.776,A,0.15864378095605552
CAG,Q,-0.776,G,0.15864378095605552
GTA,V,0.691,A,0.19749052294110944
GTC,V,-0.735,C,0.04431826838650031
GTG,V,0.648,G,0.04416471911832461
GTT,V,0.75,T,0.1862159987193559
GCA,A,0.864,A,0.08553739080479422
GCC,A,-0.197,C,0.041159222860248736
GCG,A,-0.203,G,0.04282891971559301
GCT,A,1.256,T,0.12140708646086094
GAC,D,-0.582,C,0.10398684869910495
GAT,D,0.582,T,0.10398684869910495
GAA,E,0.678,A,0.08354795383348887
GAG,E,-0.678,G,0.08354795383348887
GGA,G,0.836,A,0.08817584653727466
GGC,G,-0.29,C,0.052632101032374104
GGG,G,-0.146,G,0.0630452030379245
GGT,G,0.161,T,0.06956073830613085
TTC,F,-1.555,C,0.47383161177737726
TTT,F,1.555,T,0.47383161177737726
TAC,Y,-0.569,C,0.2709504444987848
TAT,Y,0.569,T,0.27095044449878475
TGC,C,-0.258,C,0.2411220776074247
TGT,C,0.258,T,0.2411220776074247
