codon,amino_acid,Eikenella,third_nucl,standard_error
ATA,I,0.855,A,0.16918279270227138
ATC,I,-0.155,C,0.077328702688244
ATT,I,-0.054,T,0.07997428867794631
ACA,T,0.696,A,0.13969362029978477
ACC,T,0.053,C,0.08171242126341646
ACG,T,-0.866,G,0.12550697001575636
ACT,T,0.13,T,0.11372189542201834
AAC,N,-0.391,C,0.09790914052226218
AAT,N,0.391,T,0.09790914052226218
AAA,K,0.535,A,0.09932359714783631
AAG,K,-0.535,G,0.09932359714783631
AGC,S,-0.514,C,0.0795656451083328
AGT,S,0.42,T,0.15338120403915725
TCA,S,0.379,A,0.16166584562484987
TCC,S,0.369,C,0.08768862968359506
TCG,S,-0.739,G,0.14843811561887754
TCT,S,0.539,T,0.12578424309758704
AGA,R,1.681,A,0.21564541979099663
AGG,R,0.106,G,0.22907662822943625
CGA,R,1.076,A,0.20482104250213026
CGC,R,-0.534,C,0.08255238496560295
CGG,R,-0.344,G,0.13387644676702937
CGT,R,0.248,T,0.11401342617154372
CTA,L,0.575,A,0.12900830435898217
CTC,L,0.398,C,0.06634682045735982
CTG,L,-0.81,G,0.05945074503546106
CTT,L,0.777,T,0.10790560399482829
TTA,L,0.957,A,0.11532542069734861
TTG,L,-0.267,G,0.07247170912181539
CCA,P,0.533,A,0.1404096240207062
CCC,P,0.501,C,0.0844166721955263
CCG,P,-0.731,G,0.0888936046575675
CCT,P,-0.087,T,0.12731795739801238
CAC,H,-0.186,C,0.123228188946205
CAT,H,0.186,T,0.123228188946205
CAA,Q,0.894,A,0.0891240441427293
CAG,Q,-0.894,G,0.0891240441427293
GTA,V,0.32,A,0.10454617057784064
GTC,V,0.599,C,0.11962998900872192
GTG,V,-1.301,G,0.08827709322122011
GTT,V,1.174,T,0.10391910413617288
GCA,A,0.526,A,0.0913813839856195
GCC,A,0.059,C,0.06307082639946342
GCG,A,-0.663,G,0.09200560855688544
GCT,A,0.066,T,0.0924984895778749
GAC,D,-0.07,C,0.0949181016277891
GAT,D,0.07,T,0.0949181016277891
GAA,E,0.667,A,0.11455637186413498
GAG,E,-0.667,G,0.11455637186413498
GGA,G,0.789,A,0.18275031189756152
GGC,G,-0.255,C,0.09453540621922514
GGG,G,-0.265,G,0.16403585177398802
GGT,G,0.227,T,0.11706266803948213
TTC,F,-0.144,C,0.09273841803506805
TTT,F,0.144,T,0.09273841803506805
TAC,Y,-0.14,C,0.11493530759413312
TAT,Y,0.14,T,0.11493530759413312
TGC,C,-0.039,C,0.23937590499776434
TGT,C,0.039,T,0.23937590499776432
