codon,amino_acid,Elizabethkingia,third_nucl,standard_error
ATA,I,0.503,A,0.047276775199917714
ATC,I,-0.176,C,0.05594775058304784
ATT,I,-0.333,T,0.04369794882476776
ACA,T,0.418,A,0.05708680732342012
ACC,T,-0.236,C,0.07181804100109883
ACG,T,0.002,G,0.09588744554042997
ACT,T,-0.334,T,0.06359285956222747
AAC,N,0.153,C,0.057636628709094605
AAT,N,-0.153,T,0.057636628709094605
AAA,K,0.266,A,0.05022696037405758
AAG,K,-0.266,G,0.05022696037405758
AGC,S,0.025,C,0.0774135273750436
AGT,S,0.04,T,0.06662046509109197
TCA,S,0.616,A,0.06583086197284535
TCC,S,-0.183,C,0.08606415147925074
TCG,S,-0.081,G,0.11182279360776222
TCT,S,-0.488,T,0.06291264384190096
AGA,R,0.398,A,0.07172210862757834
AGG,R,0.112,G,0.1197549536159808
CGA,R,0.276,A,0.13218138245811645
CGC,R,-0.225,C,0.14838916957978063
CGG,R,-0.344,G,0.16142742027650647
CGT,R,-0.748,T,0.10141095215154015
CTA,L,0.388,A,0.06847124409981506
CTC,L,-0.031,C,0.09456066120631493
CTG,L,-0.736,G,0.058988513567329766
CTT,L,-0.234,T,0.05017621495234168
TTA,L,0.626,A,0.0447587697355928
TTG,L,-0.381,G,0.062031756342919214
CCA,P,0.377,A,0.08979159521672754
CCC,P,0.139,C,0.13444461448478984
CCG,P,-0.3,G,0.10570989942189483
CCT,P,-0.188,T,0.08526715548949247
CAC,H,0.15,C,0.11489671839978048
CAT,H,-0.15,T,0.11489671839978047
CAA,Q,0.708,A,0.073462840142242
CAG,Q,-0.708,G,0.073462840142242
GTA,V,-0.018,A,0.059719166838781826
GTC,V,0.211,C,0.11388773307284143
GTG,V,-0.095,G,0.09409941015062193
GTT,V,-0.001,T,0.061608551046609845
GCA,A,0.349,A,0.058983022737128896
GCC,A,-0.02,C,0.08099528306581968
GCG,A,0.038,G,0.10646107854242458
GCT,A,-0.386,T,0.06251077422165492
GAC,D,0.311,C,0.07320516845369067
GAT,D,-0.311,T,0.07320516845369067
GAA,E,0.271,A,0.06901691681700174
GAG,E,-0.271,G,0.06901691681700176
GGA,G,0.229,A,0.06558463041443643
GGC,G,0.08,C,0.09258105618288742
GGG,G,0.271,G,0.10548166700676699
GGT,G,-0.452,T,0.07429814327464077
TTC,F,-0.367,C,0.062354300166989604
TTT,F,0.367,T,0.062354300166989604
TAC,Y,0.191,C,0.07583773677811603
TAT,Y,-0.191,T,0.07583773677811603
TGC,C,0.157,C,0.15184671795572233
TGT,C,-0.157,T,0.15184671795572233
