codon,amino_acid,Empedobacter,third_nucl,standard_error
ATA,I,0.923,A,0.058458935578358656
ATC,I,0.057,C,0.06255092081009558
ATT,I,-0.727,T,0.049058503876171854
ACA,T,0.274,A,0.06494122727489732
ACC,T,0.152,C,0.11542903895524566
ACG,T,-0.451,G,0.09350222869661318
ACT,T,-0.125,T,0.07237864377799254
AAC,N,0.308,C,0.06946185570907687
AAT,N,-0.308,T,0.06946185570907687
AAA,K,-0.003,A,0.06938568860327778
AAG,K,0.003,G,0.06938568860327778
AGC,S,0.483,C,0.11599669881602907
AGT,S,0.259,T,0.07468640925225818
TCA,S,0.542,A,0.06895892567997798
TCC,S,0.335,C,0.18077158181789432
TCG,S,-0.421,G,0.09430153558389304
TCT,S,-0.713,T,0.06834233706796641
AGA,R,1.374,A,0.09192574940559387
AGG,R,0.861,G,0.23629416710070467
CGA,R,-0.335,A,0.1230040841682769
CGC,R,-0.701,C,0.17431609239657014
CGG,R,-1.469,G,0.549434607183642
CGT,R,-1.324,T,0.10535778355480546
CTA,L,0.759,A,0.08832441430703732
CTC,L,0.839,C,0.18596640964834385
CTG,L,0.098,G,0.1504284675738163
CTT,L,0.291,T,0.06989535247731234
TTA,L,0.185,A,0.04614415937469888
TTG,L,-0.968,G,0.05889100811300151
CCA,P,0.227,A,0.09757748024202452
CCC,P,0.612,C,0.20930279049072398
CCG,P,-0.215,G,0.17098825999421272
CCT,P,-0.311,T,0.10266504220318629
CAC,H,0.022,C,0.1397211864631992
CAT,H,-0.022,T,0.1397211864631992
CAA,Q,0.11,A,0.11467645869715912
CAG,Q,-0.11,G,0.11467645869715912
GTA,V,0.319,A,0.06718070636434642
GTC,V,0.435,C,0.13337660754618694
GTG,V,-0.194,G,0.10256473614726762
GTT,V,-0.32,T,0.06516187808137289
GCA,A,0.293,A,0.06949999498261655
GCC,A,0.698,C,0.12681431471934554
GCG,A,-0.41,G,0.10500116955424212
GCT,A,-0.345,T,0.0734756838528063
GAC,D,0.474,C,0.09157551685145565
GAT,D,-0.474,T,0.09157551685145565
GAA,E,0.086,A,0.08765604102269639
GAG,E,-0.086,G,0.08765604102269639
GGA,G,0.347,A,0.07522520222153238
GGC,G,0.178,C,0.15188347427395185
GGG,G,0.114,G,0.16210630736127887
GGT,G,-0.454,T,0.07976831688008963
TTC,F,-0.167,C,0.0724806746461383
TTT,F,0.167,T,0.0724806746461383
TAC,Y,0.29,C,0.08463658183060528
TAT,Y,-0.29,T,0.08463658183060528
TGC,C,0.448,C,0.2112619598770427
TGT,C,-0.448,T,0.2112619598770427
