codon,amino_acid,Endozoicomonas,third_nucl,standard_error
ATA,I,0.306,A,0.062545419190483
ATC,I,0.026,C,0.052589578692570665
ATT,I,-0.214,T,0.04912214852649849
ACA,T,0.614,A,0.06091570920385658
ACC,T,-0.409,C,0.052642245380576796
ACG,T,-0.336,G,0.0742808305002623
ACT,T,0.131,T,0.05957222041541894
AAC,N,-0.165,C,0.057300792223449346
AAT,N,0.165,T,0.057300792223449346
AAA,K,0.378,A,0.051168706721762554
AAG,K,-0.378,G,0.05116870672176256
AGC,S,-0.173,C,0.05531306342658156
AGT,S,-0.009,T,0.0579824103426798
TCA,S,0.202,A,0.05858501495764709
TCC,S,-0.157,C,0.061224900225272084
TCG,S,-0.119,G,0.08235151035702785
TCT,S,0.201,T,0.05859670016921888
AGA,R,0.804,A,0.06948526224330247
AGG,R,-0.115,G,0.08415039549769412
CGA,R,0.474,A,0.07615224785043052
CGC,R,-0.145,C,0.06653362951109269
CGG,R,-0.649,G,0.0802407972619517
CGT,R,-0.396,T,0.0636566186435296
CTA,L,0.342,A,0.08670162830576078
CTC,L,0.296,C,0.06674570563861268
CTG,L,-0.701,G,0.03878022996207903
CTT,L,0.212,T,0.05178997890005393
TTA,L,0.57,A,0.056786749687473985
TTG,L,0.28,G,0.05348257459423042
CCA,P,0.542,A,0.06510256591906237
CCC,P,0.108,C,0.06814124267149262
CCG,P,-0.681,G,0.07355630005679058
CCT,P,-0.093,T,0.06322851528544617
CAC,H,0.017,C,0.0819973434853682
CAT,H,-0.017,T,0.0819973434853682
CAA,Q,0.731,A,0.06191215215971801
CAG,Q,-0.731,G,0.06191215215971801
GTA,V,0.193,A,0.0597583579518741
GTC,V,-0.114,C,0.06041552377312152
GTG,V,-0.042,G,0.05290572564663376
GTT,V,-0.021,T,0.05108187594799834
GCA,A,0.272,A,0.053305616091680344
GCC,A,-0.194,C,0.04942409316501101
GCG,A,-0.376,G,0.06602145809703383
GCT,A,0.185,T,0.04992522644829684
GAC,D,-0.163,C,0.05657979895062759
GAT,D,0.163,T,0.056579798950627584
GAA,E,0.396,A,0.05841985101900706
GAG,E,-0.396,G,0.05841985101900706
GGA,G,0.561,A,0.06820712991389578
GGC,G,-0.147,C,0.05840056941733986
GGG,G,-0.22,G,0.0806674837949042
GGT,G,-0.136,T,0.05906433682724941
TTC,F,-0.07,C,0.06417484957176017
TTT,F,0.07,T,0.06417484957176017
TAC,Y,-0.008,C,0.07464347625667248
TAT,Y,0.008,T,0.07464347625667248
TGC,C,-0.147,C,0.10976331658022082
TGT,C,0.147,T,0.10976331658022082
