codon,amino_acid,Endomicrobium,third_nucl,standard_error
ATA,I,-0.289,A,0.07677454350282344
ATC,I,0.441,C,0.14413535891563278
ATT,I,0.158,T,0.07677154633463355
ACA,T,0.381,A,0.10989830926400972
ACC,T,-0.25,C,0.14078799137709727
ACG,T,-0.163,G,0.12371476991681667
ACT,T,-0.133,T,0.12666949648481232
AAC,N,-0.193,C,0.10237292484249565
AAT,N,0.193,T,0.10237292484249565
AAA,K,-0.077,A,0.10595839446698707
AAG,K,0.077,G,0.10595839446698707
AGC,S,-0.444,C,0.12008404195282776
AGT,S,0.444,T,0.1575584684131929
TCA,S,0.416,A,0.11707168834282577
TCC,S,-0.355,C,0.14055427543151963
TCG,S,-0.207,G,0.1436141071524411
TCT,S,0.154,T,0.11479236102336582
AGA,R,0.165,A,0.13444866866487887
AGG,R,-0.548,G,0.2758895563194084
CGA,R,0.714,A,0.3148923872582295
CGC,R,-0.891,C,0.19768269463817167
CGG,R,1.265,G,0.44427875319612714
CGT,R,0.378,T,0.20892089483563267
CTA,L,1.042,A,0.23663761507387596
CTC,L,-0.418,C,0.21021311559364078
CTG,L,-0.461,G,0.16830375892743768
CTT,L,-0.623,T,0.08376379263860273
TTA,L,0.464,A,0.08026190976244182
TTG,L,0.182,G,0.0955082768689774
CCA,P,1.669,A,0.2447421837958698
CCC,P,-0.625,C,0.2193166356817084
CCG,P,-0.437,G,0.15920575769258694
CCT,P,-0.019,T,0.16027643683208623
CAC,H,-0.636,C,0.2200276385041034
CAT,H,0.636,T,0.2200276385041034
CAA,Q,0.415,A,0.14758249098887108
CAG,Q,-0.415,G,0.1475824909888711
GTA,V,-0.056,A,0.10351960507948717
GTC,V,0.084,C,0.18230621596056035
GTG,V,0.227,G,0.13258456135122024
GTT,V,-0.087,T,0.09228844906957943
GCA,A,0.528,A,0.09615357408937768
GCC,A,-0.533,C,0.12533520214590532
GCG,A,-0.401,G,0.09892502175823968
GCT,A,0.235,T,0.10605892959131061
GAC,D,-0.364,C,0.12328914883805492
GAT,D,0.364,T,0.12328914883805492
GAA,E,0.392,A,0.14931494304811788
GAG,E,-0.392,G,0.14931494304811788
GGA,G,0.103,A,0.11709186394256844
GGC,G,-0.272,C,0.11076948784982453
GGG,G,0.11,G,0.17130430777950503
GGT,G,0.233,T,0.142477205754157
TTC,F,-0.326,C,0.14519823564135978
TTT,F,0.326,T,0.14519823564135978
TAC,Y,-0.056,C,0.1378523374190474
TAT,Y,0.056,T,0.1378523374190474
TGC,C,-0.608,C,0.2487125482420785
TGT,C,0.608,T,0.2487125482420785
