codon,amino_acid,Ensifer,third_nucl,standard_error
ATA,I,1.006,A,0.10825947872891488
ATC,I,-0.814,C,0.05271737988463618
ATT,I,0.654,T,0.057164011290790274
ACA,T,1.148,A,0.077727218192432
ACC,T,-0.134,C,0.04309434851006683
ACG,T,-0.555,G,0.04473326268479217
ACT,T,0.806,T,0.08987401103168162
AAC,N,-0.351,C,0.06645732816629968
AAT,N,0.351,T,0.06645732816629968
AAA,K,1.245,A,0.06133115595677234
AAG,K,-1.245,G,0.06133115595677234
AGC,S,-0.08,C,0.04711136111512635
AGT,S,0.752,T,0.10447479719254285
TCA,S,0.775,A,0.09306185537036792
TCC,S,0.195,C,0.05046328569984469
TCG,S,-0.75,G,0.04702752327788744
TCT,S,0.96,T,0.09584917616294879
AGA,R,1.826,A,0.11201504887734505
AGG,R,0.535,G,0.0812721928039282
CGA,R,0.803,A,0.07913619877503326
CGC,R,-0.625,C,0.04078915725864869
CGG,R,-0.462,G,0.05444213562778399
CGT,R,0.355,T,0.06029722390917027
CTA,L,0.676,A,0.11835070419598176
CTC,L,-0.288,C,0.035554502310602386
CTG,L,-0.439,G,0.03488654724353333
CTT,L,0.459,T,0.04410390174138385
TTA,L,1.029,A,0.17702652237655736
TTG,L,0.757,G,0.055460643788785624
CCA,P,0.789,A,0.08768087104978303
CCC,P,0.385,C,0.05531047306819418
CCG,P,-0.814,G,0.04980942950068714
CCT,P,0.663,T,0.08333076374272472
CAC,H,-0.115,C,0.0755092363526305
CAT,H,0.115,T,0.07550923635263052
CAA,Q,0.98,A,0.07545773464709878
CAG,Q,-0.98,G,0.07545773464709878
GTA,V,0.966,A,0.09261183060548325
GTC,V,-0.506,C,0.040794706510366714
GTG,V,-0.035,G,0.04397146721631389
GTT,V,0.597,T,0.054901957117475475
GCA,A,0.738,A,0.044807519024931415
GCC,A,-0.315,C,0.03284991954541705
GCG,A,-0.36,G,0.035192380060485015
GCT,A,0.624,T,0.05524091619737975
GAC,D,-0.307,C,0.04792624766910779
GAT,D,0.307,T,0.04792624766910779
GAA,E,0.705,A,0.047576870472620506
GAG,E,-0.705,G,0.047576870472620506
GGA,G,1.21,A,0.06699569798801674
GGC,G,-0.806,C,0.044433454752881664
GGG,G,0.216,G,0.06731135808743433
GGT,G,0.307,T,0.05754435565443354
TTC,F,-0.829,C,0.06114983715191949
TTT,F,0.829,T,0.06114983715191949
TAC,Y,-0.018,C,0.07691620333408382
TAT,Y,0.018,T,0.07691620333408382
TGC,C,-0.528,C,0.16067017697668606
TGT,C,0.528,T,0.16067017697668606
