codon,amino_acid,Enterobacter,third_nucl,standard_error
ATA,I,0.672,A,0.08844732950066239
ATC,I,-0.535,C,0.05080968962301706
ATT,I,0.293,T,0.05037775997708777
ACA,T,1.07,A,0.07986412605692099
ACC,T,-0.647,C,0.05202960358606186
ACG,T,-0.338,G,0.05659380595830485
ACT,T,0.906,T,0.08248204399916671
AAC,N,-0.609,C,0.06515612923206261
AAT,N,0.609,T,0.06515612923206261
AAA,K,0.56,A,0.057819104472004036
AAG,K,-0.56,G,0.057819104472004036
AGC,S,-0.636,C,0.05537428326393401
AGT,S,1.013,T,0.08593730489927669
TCA,S,0.731,A,0.0781183139334017
TCC,S,-0.325,C,0.06522648690949376
TCG,S,-0.319,G,0.07329583663560205
TCT,S,0.295,T,0.07162226124761145
AGA,R,1.057,A,0.1140177293132899
AGG,R,0.368,G,0.12903913883707033
CGA,R,0.86,A,0.10342763419032874
CGC,R,-0.645,C,0.05369479021162376
CGG,R,-0.451,G,0.08802183607480256
CGT,R,0.284,T,0.05755289044917605
CTA,L,0.894,A,0.10809256690859036
CTC,L,0.112,C,0.05499530638876028
CTG,L,-1.149,G,0.03926919987600379
CTT,L,0.432,T,0.05631848996528609
TTA,L,1.333,A,0.06714554404740669
TTG,L,0.748,G,0.07261747933529973
CCA,P,0.57,A,0.08525504631972872
CCC,P,0.478,C,0.07787962918309271
CCG,P,-0.966,G,0.06272190129379104
CCT,P,0.589,T,0.07796308577312627
CAC,H,-0.331,C,0.08458705141411632
CAT,H,0.331,T,0.08458705141411632
CAA,Q,1.462,A,0.0740583257943167
CAG,Q,-1.462,G,0.07405832579431672
GTA,V,0.752,A,0.07089545528853514
GTC,V,-0.113,C,0.057015604914219024
GTG,V,-0.633,G,0.05056363438411758
GTT,V,0.42,T,0.05642440574065973
GCA,A,0.841,A,0.05615717506359246
GCC,A,-0.361,C,0.04715793012933991
GCG,A,-0.697,G,0.04664557020322896
GCT,A,0.812,T,0.06112265991373083
GAC,D,-0.445,C,0.059587128667641334
GAT,D,0.445,T,0.059587128667641334
GAA,E,0.74,A,0.06211109210822858
GAG,E,-0.74,G,0.06211109210822858
GGA,G,0.901,A,0.08277487979331298
GGC,G,-0.565,C,0.058433217455535466
GGG,G,-0.253,G,0.07823844759563665
GGT,G,0.361,T,0.06473158289022174
TTC,F,-0.69,C,0.06498909148631223
TTT,F,0.69,T,0.06498909148631223
TAC,Y,-0.458,C,0.08025569203938389
TAT,Y,0.458,T,0.08025569203938389
TGC,C,-0.7,C,0.13511109034748606
TGT,C,0.7,T,0.13511109034748606
