codon,amino_acid,Entomoplasma,third_nucl,standard_error
ATA,I,0.311,A,0.5846732823341642
ATC,I,0.082,C,0.31795570645528554
ATT,I,-0.15,T,0.2933929809614761
ACA,T,0.971,A,0.36097511036500884
ACC,T,0.492,C,0.41837312896035167
ACG,T,-0.342,G,0.5015820043046336
ACT,T,-0.933,T,0.3184837690731861
AAC,N,0.033,C,0.32136679708677507
AAT,N,-0.033,T,0.32136679708677507
AAA,K,0.233,A,0.3106039790959028
AAG,K,-0.233,G,0.3106039790959028
AGC,S,0.203,C,0.6134649832828974
AGT,S,0.233,T,0.38805274247462007
TCA,S,-0.163,A,0.36797712605333177
TCC,S,-2.147,C,1.5221019403424716
TCG,S,-0.402,G,0.6948255291736705
TCT,S,0.312,T,0.4518093100646161
AGA,R,1.056,A,0.4404645911739349
AGG,R,1.418,G,1.6434284700203168
CGA,R,1.138,A,0.5831082608765195
CGC,R,-0.555,C,0.5326059600390411
CGG,R,-2.355,G,1.4795308922325252
CGT,R,-0.754,T,0.3860759275696162
CTA,L,-0.292,A,0.46929698882256277
CTC,L,0.873,C,0.8468620260521186
CTG,L,-1.202,G,0.8270152943380498
CTT,L,-0.143,T,0.35767355943316576
TTA,L,0.355,A,0.26325004018349774
TTG,L,-0.327,G,0.41088874592471053
CCA,P,-0.772,A,0.4780461677789484
CCC,P,0.455,C,0.6803321118130302
CCG,P,0.47,G,0.6311365409587163
CCT,P,0.387,T,0.533238627955097
CAC,H,0.172,C,0.6539354547257461
CAT,H,-0.172,T,0.6539354547257461
CAA,Q,0.0,A,0.6699108058576739
CAG,Q,0.0,G,0.6699108058576739
GTA,V,0.189,A,0.3829875168445421
GTC,V,0.316,C,0.4423933148396945
GTG,V,-0.088,G,0.40295340407548286
GTT,V,-0.222,T,0.3097745906891552
GCA,A,0.491,A,0.3437548847863542
GCC,A,-0.107,C,0.3877884073941106
GCG,A,0.999,G,0.649006651182096
GCT,A,-0.671,T,0.342652889120235
GAC,D,0.421,C,0.4446125789355134
GAT,D,-0.421,T,0.4446125789355134
GAA,E,0.339,A,0.4846158027663073
GAG,E,-0.339,G,0.4846158027663073
GGA,G,0.329,A,0.33896101389199107
GGC,G,-0.011,C,0.45227008473723923
GGG,G,-0.033,G,0.523638096184572
GGT,G,-0.349,T,0.3636429950163527
TTC,F,-1.399,C,0.5970507409489516
TTT,F,1.399,T,0.5970507409489516
TAC,Y,-1.058,C,0.63879226322456
TAT,Y,1.058,T,0.63879226322456
TGC,C,1.925,C,1.2404396302079663
TGT,C,-1.925,T,1.2404396302079663
