codon,amino_acid,Entomomonas,third_nucl,standard_error
ATA,I,0.445,A,0.06555756024463955
ATC,I,-0.162,C,0.07198434706980297
ATT,I,-0.235,T,0.05607033997621053
ACA,T,0.101,A,0.0646333520262197
ACC,T,-0.184,C,0.08181904192427986
ACG,T,-0.236,G,0.09712106089535007
ACT,T,0.134,T,0.06891071098748576
AAC,N,0.028,C,0.07851529100617245
AAT,N,-0.028,T,0.07851529100617245
AAA,K,0.143,A,0.0677235013739263
AAG,K,-0.143,G,0.0677235013739263
AGC,S,-0.202,C,0.0872379878876017
AGT,S,0.094,T,0.0703004745493022
TCA,S,-0.06,A,0.07325341116868607
TCC,S,0.278,C,0.13146060574739835
TCG,S,-0.118,G,0.12368389617160547
TCT,S,0.052,T,0.07139413156011667
AGA,R,0.299,A,0.09151727360635474
AGG,R,-0.072,G,0.15948422353074668
CGA,R,0.003,A,0.11458787331378403
CGC,R,0.02,C,0.10193730948366214
CGG,R,-0.106,G,0.21112493194285975
CGT,R,-0.207,T,0.07987404791180704
CTA,L,0.059,A,0.06771447924176624
CTC,L,-0.12,C,0.09634771386753578
CTG,L,-0.233,G,0.10892355773084274
CTT,L,0.054,T,0.06403984874444421
TTA,L,0.06,A,0.047024475923323754
TTG,L,-0.1,G,0.06927302483856769
CCA,P,0.191,A,0.0905754093807511
CCC,P,0.263,C,0.11171436364943621
CCG,P,0.056,G,0.1628773855401099
CCT,P,-0.32,T,0.08325248444623698
CAC,H,0.094,C,0.12636187543029057
CAT,H,-0.094,T,0.12636187543029057
CAA,Q,0.047,A,0.09101144894347678
CAG,Q,-0.047,G,0.09101144894347678
GTA,V,0.112,A,0.07089147107133087
GTC,V,-0.171,C,0.10474282649740112
GTG,V,0.238,G,0.08194864145422856
GTT,V,-0.175,T,0.06464091802070898
GCA,A,0.134,A,0.06450888005380112
GCC,A,-0.154,C,0.08383982347802045
GCG,A,-0.261,G,0.0950082345264963
GCT,A,0.081,T,0.06376867901202742
GAC,D,0.131,C,0.08923881011304843
GAT,D,-0.131,T,0.08923881011304843
GAA,E,0.471,A,0.07942350379039498
GAG,E,-0.471,G,0.07942350379039498
GGA,G,0.166,A,0.09381374788317924
GGC,G,0.074,C,0.09214138791090178
GGG,G,-0.137,G,0.10956299275072279
GGT,G,-0.09,T,0.07629100133343347
TTC,F,-0.236,C,0.10326701181527755
TTT,F,0.236,T,0.10326701181527755
TAC,Y,-0.076,C,0.09928229113545904
TAT,Y,0.076,T,0.09928229113545904
TGC,C,-0.272,C,0.15681403221026977
TGT,C,0.272,T,0.15681403221026974
