codon,amino_acid,Entomospira,third_nucl,standard_error
ATA,I,1.092,A,0.12116647693472313
ATC,I,-0.447,C,0.08127753096226505
ATT,I,-0.118,T,0.07664202874634321
ACA,T,1.017,A,0.12386602320345125
ACC,T,-0.615,C,0.10537803084181117
ACG,T,-0.352,G,0.11798331275103413
ACT,T,0.214,T,0.13487462349376086
AAC,N,-0.339,C,0.1165931326804306
AAT,N,0.339,T,0.1165931326804306
AAA,K,0.531,A,0.08608459876969894
AAG,K,-0.531,G,0.08608459876969894
AGC,S,-0.338,C,0.10129023432795004
AGT,S,0.251,T,0.09622867008956197
TCA,S,0.741,A,0.15934055748638262
TCC,S,-0.258,C,0.14882423106107256
TCG,S,-0.48,G,0.12141032564857801
TCT,S,0.276,T,0.11744730437193056
AGA,R,1.265,A,0.13733837446722777
AGG,R,0.64,G,0.2148293664573204
CGA,R,0.653,A,0.13062656747147583
CGC,R,-0.897,C,0.11064948847625622
CGG,R,-0.241,G,0.18162438288349722
CGT,R,-0.474,T,0.10224960567022928
CTA,L,0.539,A,0.1042175325918589
CTC,L,-0.775,C,0.08412694100213634
CTG,L,-0.396,G,0.12672444325787505
CTT,L,-0.384,T,0.08497787704702531
TTA,L,0.712,A,0.07402385518083407
TTG,L,0.038,G,0.07786270327173804
CCA,P,0.459,A,0.1390241888359183
CCC,P,0.038,C,0.13030141319389793
CCG,P,-0.384,G,0.17075701192724552
CCT,P,-0.222,T,0.1372164520519508
CAC,H,-0.095,C,0.14244036276883087
CAT,H,0.095,T,0.14244036276883087
CAA,Q,0.139,A,0.11668716188557894
CAG,Q,-0.139,G,0.11668716188557893
GTA,V,0.551,A,0.10158293962361963
GTC,V,-0.708,C,0.11928903520798749
GTG,V,-0.106,G,0.0907374292543211
GTT,V,0.112,T,0.0987872576258444
GCA,A,0.907,A,0.09294012450148517
GCC,A,-0.541,C,0.09821994548070767
GCG,A,-0.573,G,0.10067094498811283
GCT,A,0.137,T,0.10354655121563396
GAC,D,-0.038,C,0.1212780209873359
GAT,D,0.038,T,0.1212780209873359
GAA,E,0.62,A,0.0923678742952667
GAG,E,-0.62,G,0.09236787429526669
GGA,G,0.538,A,0.11296587117143235
GGC,G,-0.38,C,0.10764771240016223
GGG,G,-0.018,G,0.1237745634012978
GGT,G,-0.074,T,0.10416112982456074
TTC,F,-0.326,C,0.12574000759663526
TTT,F,0.326,T,0.12574000759663526
TAC,Y,-0.167,C,0.1236056536130653
TAT,Y,0.167,T,0.12360565361306529
TGC,C,-0.434,C,0.30256270905556565
TGT,C,0.434,T,0.30256270905556565
