codon,amino_acid,Ephemeroptericola,third_nucl,standard_error
ATA,I,0.982,A,0.1466049513951424
ATC,I,-0.11,C,0.07083631346676433
ATT,I,-0.155,T,0.0698648356445104
ACA,T,0.358,A,0.07618236921822795
ACC,T,0.146,C,0.0707801441184091
ACG,T,-0.891,G,0.09095624407064525
ACT,T,0.149,T,0.09134760660362228
AAC,N,0.252,C,0.08353493951775877
AAT,N,-0.252,T,0.08353493951775877
AAA,K,0.381,A,0.09713002062856818
AAG,K,-0.381,G,0.09713002062856817
AGC,S,-0.215,C,0.08090180831462376
AGT,S,0.207,T,0.09561241585424717
TCA,S,0.075,A,0.08205732474380925
TCC,S,0.209,C,0.11269229827314237
TCG,S,-0.661,G,0.10618385116261432
TCT,S,0.39,T,0.0971735516744108
AGA,R,1.581,A,0.22447172158026651
AGG,R,0.104,G,0.24788043369146906
CGA,R,0.731,A,0.1375380579746895
CGC,R,-0.09,C,0.08457855338928644
CGG,R,-0.741,G,0.18477134553407235
CGT,R,-0.347,T,0.0903182638650381
CTA,L,0.634,A,0.16931856279339094
CTC,L,0.58,C,0.08346089853097405
CTG,L,-0.578,G,0.07861152757803462
CTT,L,0.708,T,0.0939128991993759
TTA,L,0.909,A,0.07079022431213822
TTG,L,-0.974,G,0.058980352217540805
CCA,P,0.157,A,0.09078139453261229
CCC,P,0.351,C,0.09370034386200361
CCG,P,-0.511,G,0.12167477093373864
CCT,P,-0.225,T,0.09673578052865754
CAC,H,0.404,C,0.1023112092937733
CAT,H,-0.404,T,0.1023112092937733
CAA,Q,0.428,A,0.10068034377684028
CAG,Q,-0.428,G,0.10068034377684028
GTA,V,0.808,A,0.11294305405676709
GTC,V,0.256,C,0.08355263042276366
GTG,V,-0.912,G,0.07270213313587968
GTT,V,0.499,T,0.07839259777537924
GCA,A,0.299,A,0.0653563440180065
GCC,A,0.212,C,0.06589306525319459
GCG,A,-0.74,G,0.07575542566670997
GCT,A,0.125,T,0.07530301346478217
GAC,D,0.185,C,0.08408621215108097
GAT,D,-0.185,T,0.08408621215108097
GAA,E,0.569,A,0.09733473737714061
GAG,E,-0.569,G,0.09733473737714061
GGA,G,0.744,A,0.1430949484097299
GGC,G,-0.025,C,0.08468877006569803
GGG,G,-0.158,G,0.13199094464582592
GGT,G,-0.157,T,0.0857821811977947
TTC,F,-0.103,C,0.09290804235063717
TTT,F,0.103,T,0.09290804235063717
TAC,Y,0.296,C,0.11277858694084997
TAT,Y,-0.296,T,0.11277858694084997
TGC,C,-0.028,C,0.19361905835450038
TGT,C,0.028,T,0.1936190583545004
