codon,amino_acid,Ereboglobus,third_nucl,standard_error
ATA,I,0.682,A,0.09997797715615644
ATC,I,-0.465,C,0.06412687622202806
ATT,I,0.201,T,0.0702581653513192
ACA,T,1.069,A,0.07905368126364183
ACC,T,-0.29,C,0.06106523961248061
ACG,T,-0.903,G,0.07135440043986428
ACT,T,0.748,T,0.11726517076139577
AAC,N,-0.32,C,0.08453301923476399
AAT,N,0.32,T,0.08453301923476397
AAA,K,1.348,A,0.07241667919883507
AAG,K,-1.348,G,0.07241667919883507
AGC,S,-0.5,C,0.07351300601577189
AGT,S,-0.098,T,0.13854951451539288
TCA,S,0.915,A,0.10482869132760796
TCC,S,0.557,C,0.06844752106894797
TCG,S,-0.991,G,0.07777373363541273
TCT,S,1.28,T,0.19151161619739496
AGA,R,1.184,A,0.16656247772373076
AGG,R,-0.162,G,0.15546687724988117
CGA,R,0.733,A,0.12050796917396528
CGC,R,-0.579,C,0.06570940886918616
CGG,R,-0.271,G,0.11269246080301432
CGT,R,0.611,T,0.10042744774953517
CTA,L,1.173,A,0.1712429691591417
CTC,L,-0.346,C,0.050605955284777626
CTG,L,-0.364,G,0.06482216007740443
CTT,L,0.449,T,0.06836381208304419
TTA,L,1.184,A,0.15524153126716328
TTG,L,0.073,G,0.07693603708705155
CCA,P,1.316,A,0.11667169601233264
CCC,P,-0.248,C,0.06616324733500549
CCG,P,-0.714,G,0.07012686222298722
CCT,P,1.165,T,0.134012505230927
CAC,H,-0.12,C,0.10587966789409951
CAT,H,0.12,T,0.10587966789409953
CAA,Q,0.9,A,0.0930210979431122
CAG,Q,-0.9,G,0.0930210979431122
GTA,V,1.157,A,0.16555524731479576
GTC,V,-0.188,C,0.06801251218195739
GTG,V,-0.452,G,0.07075841103128548
GTT,V,0.608,T,0.08333767578912267
GCA,A,1.148,A,0.07504159016871577
GCC,A,-0.009,C,0.05149450504216305
GCG,A,-0.919,G,0.056956979263901655
GCT,A,1.019,T,0.11088877961405393
GAC,D,-0.296,C,0.0793384756445143
GAT,D,0.296,T,0.0793384756445143
GAA,E,1.23,A,0.08721282891266845
GAG,E,-1.23,G,0.08721282891266845
GGA,G,0.566,A,0.09610620477520122
GGC,G,-0.516,C,0.07490522815548585
GGG,G,-0.068,G,0.11865570028224581
GGT,G,0.458,T,0.10714225972977877
TTC,F,-0.378,C,0.07846121637320379
TTT,F,0.378,T,0.07846121637320379
TAC,Y,-0.172,C,0.11151195913020956
TAT,Y,0.172,T,0.11151195913020956
TGC,C,-0.623,C,0.19548631944814698
TGT,C,0.623,T,0.19548631944814698
