codon,amino_acid,Erysipelothrix,third_nucl,standard_error
ATA,I,0.889,A,0.07841117264872359
ATC,I,-0.466,C,0.07062792310278522
ATT,I,-0.233,T,0.06102662909519699
ACA,T,0.592,A,0.07675866859197361
ACC,T,-0.755,C,0.10381648784130058
ACG,T,-0.236,G,0.1154165686639241
ACT,T,-0.094,T,0.09701836924814901
AAC,N,-0.105,C,0.08085466430266681
AAT,N,0.105,T,0.0808546643026668
AAA,K,0.285,A,0.07185630090338643
AAG,K,-0.285,G,0.07185630090338643
AGC,S,0.465,C,0.11741448106939581
AGT,S,0.354,T,0.08327346287026538
TCA,S,-0.008,A,0.07740159549281782
TCC,S,-0.881,C,0.16404130713541862
TCG,S,-0.322,G,0.14349608075285594
TCT,S,-0.301,T,0.1035973258920403
AGA,R,1.05,A,0.10104012553095644
AGG,R,-0.091,G,0.23067309986136714
CGA,R,0.187,A,0.10831223214861489
CGC,R,-0.472,C,0.13084673868431365
CGG,R,-0.318,G,0.20306553143014172
CGT,R,-0.812,T,0.09650329106699107
CTA,L,0.406,A,0.09208440583249032
CTC,L,-0.216,C,0.09785762078025967
CTG,L,-0.472,G,0.11547960599469899
CTT,L,-0.59,T,0.0708199769042727
TTA,L,0.521,A,0.05970595518101679
TTG,L,-0.108,G,0.0793166722050256
CCA,P,0.211,A,0.12060964293127047
CCC,P,-0.612,C,0.1928755921296866
CCG,P,-0.016,G,0.18577444865460283
CCT,P,0.089,T,0.14161302873982187
CAC,H,-0.151,C,0.1397187232958481
CAT,H,0.151,T,0.1397187232958481
CAA,Q,-0.508,A,0.1288468572714107
CAG,Q,0.508,G,0.1288468572714107
GTA,V,0.357,A,0.07315287165498323
GTC,V,-0.356,C,0.10896008140279624
GTG,V,-0.071,G,0.08512765729782766
GTT,V,-0.138,T,0.07263964024877913
GCA,A,0.182,A,0.08227135470456985
GCC,A,-0.222,C,0.14352766185426394
GCG,A,-0.033,G,0.11332475378661692
GCT,A,-0.129,T,0.09853856680059636
GAC,D,0.039,C,0.09930551221849954
GAT,D,-0.039,T,0.09930551221849954
GAA,E,0.035,A,0.09588891137911602
GAG,E,-0.035,G,0.09588891137911602
GGA,G,0.229,A,0.08496974417795798
GGC,G,-0.098,C,0.13087359273871527
GGG,G,-0.213,G,0.1132487477237303
GGT,G,-0.068,T,0.08792450406840581
TTC,F,-0.372,C,0.09887764743344034
TTT,F,0.372,T,0.09887764743344035
TAC,Y,-0.235,C,0.11254775960096601
TAT,Y,0.235,T,0.112547759600966
TGC,C,-0.079,C,0.2315572494154894
TGT,C,0.079,T,0.2315572494154894
