codon,amino_acid,Escherichia,third_nucl,standard_error
ATA,I,0.462,A,0.07013868334720988
ATC,I,-0.354,C,0.04883931438893409
ATT,I,0.113,T,0.0469459598525209
ACA,T,0.697,A,0.06442770189832993
ACC,T,-0.545,C,0.05155596664536812
ACG,T,-0.147,G,0.05708162206834921
ACT,T,0.288,T,0.06290051465302932
AAC,N,-0.183,C,0.05895128916244203
AAT,N,0.183,T,0.05895128916244203
AAA,K,0.135,A,0.05875706895679673
AAG,K,-0.135,G,0.05875706895679673
AGC,S,-0.264,C,0.05740168630198598
AGT,S,0.044,T,0.0631847213238482
TCA,S,0.484,A,0.06704080273253873
TCC,S,-0.065,C,0.06829934138100906
TCG,S,-0.315,G,0.0727316505418946
TCT,S,0.132,T,0.06443908911885186
AGA,R,0.828,A,0.0954893525506088
AGG,R,0.592,G,0.12196057760494251
CGA,R,0.592,A,0.0881190172542103
CGC,R,-0.362,C,0.054512705574691275
CGG,R,-0.371,G,0.08504506271053025
CGT,R,-0.125,T,0.053640104632716984
CTA,L,0.275,A,0.08623900310231257
CTC,L,0.151,C,0.06045453814850296
CTG,L,-0.682,G,0.037819541824724245
CTT,L,0.319,T,0.055212626070255344
TTA,L,0.657,A,0.050078610504141745
TTG,L,0.077,G,0.05566774861057352
CCA,P,0.331,A,0.06987298420244739
CCC,P,0.515,C,0.0795369002042695
CCG,P,-0.826,G,0.060934435343521116
CCT,P,0.439,T,0.073330932475664
CAC,H,-0.155,C,0.08397540390361541
CAT,H,0.155,T,0.08397540390361541
CAA,Q,0.635,A,0.06013210283138429
CAG,Q,-0.635,G,0.06013210283138429
GTA,V,0.311,A,0.060449902815041714
GTC,V,-0.094,C,0.05891426543690212
GTG,V,-0.349,G,0.048558514652579515
GTT,V,0.246,T,0.05185070199778154
GCA,A,0.343,A,0.0480857805537053
GCC,A,-0.089,C,0.04879176590618358
GCG,A,-0.492,G,0.04813812257563304
GCT,A,0.311,T,0.05319168366111686
GAC,D,-0.02,C,0.059709888861053675
GAT,D,0.02,T,0.059709888861053675
GAA,E,0.423,A,0.06056172778840767
GAG,E,-0.423,G,0.06056172778840767
GGA,G,0.46,A,0.07541034419899444
GGC,G,-0.132,C,0.05674775115399492
GGG,G,-0.057,G,0.07250555346397707
GGT,G,-0.086,T,0.057331150578029615
TTC,F,-0.451,C,0.06429805898567253
TTT,F,0.451,T,0.06429805898567253
TAC,Y,-0.007,C,0.07718338365753392
TAT,Y,0.007,T,0.07718338365753392
TGC,C,-0.441,C,0.11628705067917633
TGT,C,0.441,T,0.11628705067917633
