codon,amino_acid,Euzebya,third_nucl,standard_error
ATA,I,1.169,A,0.36222806792465084
ATC,I,-1.348,C,0.1825770537539697
ATT,I,1.381,T,0.21001339887248408
ACA,T,1.054,A,0.11765422191155174
ACC,T,-0.016,C,0.04395453787064012
ACG,T,-0.365,G,0.04714312867540905
ACT,T,1.105,T,0.14172522694459574
AAC,N,-1.161,C,0.24670690505842383
AAT,N,1.161,T,0.24670690505842383
AAA,K,0.911,A,0.2588158345262465
AAG,K,-0.911,G,0.2588158345262465
AGC,S,0.155,C,0.053400254818024684
AGT,S,1.596,T,0.21535230574159597
TCA,S,0.819,A,0.12151724288543209
TCC,S,0.066,C,0.050917098955336186
TCG,S,-0.734,G,0.055498759883643105
TCT,S,0.911,T,0.16884941761663136
AGA,R,1.792,A,0.25479217928247666
AGG,R,0.592,G,0.09417288234811225
CGA,R,0.84,A,0.07005702148403116
CGC,R,-0.055,C,0.04211794807201397
CGG,R,-0.897,G,0.048640927059512916
CGT,R,0.453,T,0.06064804936222404
CTA,L,0.484,A,0.28741372469476556
CTC,L,0.242,C,0.038861814341021934
CTG,L,-0.513,G,0.03759700678974153
CTT,L,0.975,T,0.09821211442424724
TTA,L,0.332,A,0.7639899032396622
TTG,L,0.479,G,0.07641202600780468
CCA,P,0.802,A,0.09221773279580914
CCC,P,0.12,C,0.045309159977273264
CCG,P,-0.565,G,0.045988622500807735
CCT,P,1.042,T,0.11164971735898553
CAC,H,-0.462,C,0.10996244010549257
CAT,H,0.462,T,0.10996244010549258
CAA,Q,0.88,A,0.12493087110423465
CAG,Q,-0.88,G,0.12493087110423463
GTA,V,0.991,A,0.17346023127583055
GTC,V,-0.775,C,0.03780772539725049
GTG,V,0.584,G,0.037736545735480416
GTT,V,0.854,T,0.09706594391361083
GCA,A,0.873,A,0.05826230611015819
GCC,A,-0.228,C,0.034372425309239174
GCG,A,-0.33,G,0.0385088351623847
GCT,A,0.77,T,0.07362288566126966
GAC,D,-0.653,C,0.06710648357024085
GAT,D,0.653,T,0.06710648357024085
GAA,E,0.866,A,0.06888272470716239
GAG,E,-0.866,G,0.0688827247071624
GGA,G,1.07,A,0.07208481644447769
GGC,G,-0.392,C,0.0449031155545971
GGG,G,-0.164,G,0.05356345852757167
GGT,G,0.172,T,0.061456203370414006
TTC,F,-1.124,C,0.2539866406106536
TTT,F,1.124,T,0.2539866406106536
TAC,Y,-0.572,C,0.1959647117425246
TAT,Y,0.572,T,0.1959647117425246
TGC,C,-0.543,C,0.19885685078581297
TGT,C,0.543,T,0.19885685078581297
