codon,amino_acid,Euzebyella,third_nucl,standard_error
ATA,I,0.534,A,0.05212759389466701
ATC,I,-0.314,C,0.055815129517595326
ATT,I,-0.228,T,0.04708021147236066
ACA,T,0.642,A,0.06996133494521198
ACC,T,-0.402,C,0.06286979115149248
ACG,T,-0.296,G,0.08561458003626819
ACT,T,0.037,T,0.07061765461548461
AAC,N,0.008,C,0.059029138812765614
AAT,N,-0.008,T,0.0590291388127656
AAA,K,0.383,A,0.04935898563649054
AAG,K,-0.383,G,0.04935898563649054
AGC,S,-0.02,C,0.0752804731648522
AGT,S,-0.045,T,0.06866083900141341
TCA,S,0.457,A,0.06715679688875408
TCC,S,0.02,C,0.09002247535620768
TCG,S,-0.219,G,0.08431440741772711
TCT,S,-0.296,T,0.07037179051604263
AGA,R,0.666,A,0.07094167397806204
AGG,R,-0.319,G,0.0929012106360932
CGA,R,-0.013,A,0.09651124781933708
CGC,R,-0.315,C,0.12011882194304349
CGG,R,-0.685,G,0.1669406891519741
CGT,R,-0.461,T,0.09924742943459745
CTA,L,0.353,A,0.06329519548600467
CTC,L,0.064,C,0.08086599732175448
CTG,L,-0.181,G,0.07188808482591164
CTT,L,-0.105,T,0.05135966237435705
TTA,L,0.45,A,0.048173210999639116
TTG,L,-0.526,G,0.048469607267572136
CCA,P,0.451,A,0.0920934925925806
CCC,P,0.015,C,0.09445157531671167
CCG,P,-0.29,G,0.10506948264769193
CCT,P,-0.207,T,0.08779042849346569
CAC,H,0.13,C,0.10874519323988847
CAT,H,-0.13,T,0.10874519323988847
CAA,Q,0.085,A,0.0830161844382744
CAG,Q,-0.085,G,0.0830161844382744
GTA,V,0.334,A,0.060003333891031796
GTC,V,-0.111,C,0.0812128270829469
GTG,V,-0.313,G,0.07630098878638633
GTT,V,-0.077,T,0.0603026054194283
GCA,A,0.653,A,0.0649431215285916
GCC,A,-0.556,C,0.06268122015037196
GCG,A,-0.029,G,0.08810321237011398
GCT,A,-0.024,T,0.06902026917864174
GAC,D,0.101,C,0.07197389034202845
GAT,D,-0.101,T,0.07197389034202843
GAA,E,0.358,A,0.0649432131266455
GAG,E,-0.358,G,0.0649432131266455
GGA,G,0.556,A,0.0704006702968872
GGC,G,0.018,C,0.07601842347487366
GGG,G,-0.238,G,0.09863195689079084
GGT,G,-0.392,T,0.06780268380110854
TTC,F,-0.053,C,0.06347570758368339
TTT,F,0.053,T,0.06347570758368339
TAC,Y,0.141,C,0.07534994820055341
TAT,Y,-0.141,T,0.07534994820055341
TGC,C,0.04,C,0.158006168231958
TGT,C,-0.04,T,0.158006168231958
