codon,amino_acid,Evansella,third_nucl,standard_error
ATA,I,0.35,A,0.049269990349825085
ATC,I,-0.234,C,0.05978189741600603
ATT,I,-0.163,T,0.04506697159564478
ACA,T,0.14,A,0.05816812582716645
ACC,T,-0.097,C,0.11376421026117843
ACG,T,-0.118,G,0.07063813029421746
ACT,T,-0.042,T,0.06409368173895781
AAC,N,-0.082,C,0.06512536941595028
AAT,N,0.082,T,0.06512536941595028
AAA,K,0.132,A,0.05027958550381021
AAG,K,-0.132,G,0.050279585503810204
AGC,S,0.207,C,0.08767545343972742
AGT,S,0.337,T,0.061981558193002224
TCA,S,-0.021,A,0.06392728877618986
TCC,S,-0.234,C,0.10824328258154807
TCG,S,-0.362,G,0.1032575155703664
TCT,S,-0.247,T,0.06703204928911775
AGA,R,0.254,A,0.06655374850176407
AGG,R,-0.01,G,0.10063149778861459
CGA,R,0.109,A,0.0881283763726007
CGC,R,-0.461,C,0.12100349815656226
CGG,R,0.017,G,0.14843791813170937
CGT,R,-0.225,T,0.07585389868930072
CTA,L,-0.05,A,0.06051302391755939
CTC,L,-0.496,C,0.09245671782405636
CTG,L,-0.122,G,0.11028221194699539
CTT,L,-0.42,T,0.05779268586355002
TTA,L,-0.032,A,0.042437397318119324
TTG,L,0.805,G,0.061672455873597966
CCA,P,0.024,A,0.0821720425689362
CCC,P,0.152,C,0.17711173489384696
CCG,P,-0.037,G,0.11536667487070003
CCT,P,-0.041,T,0.08650286670623437
CAC,H,0.097,C,0.10434648631435892
CAT,H,-0.097,T,0.1043464863143589
CAA,Q,0.087,A,0.08257344175067743
CAG,Q,-0.087,G,0.08257344175067743
GTA,V,-0.016,A,0.05280825312397104
GTC,V,-0.43,C,0.08103426369801044
GTG,V,0.668,G,0.06421454668365632
GTT,V,-0.265,T,0.05282181394652892
GCA,A,0.311,A,0.06020219484385957
GCC,A,-0.204,C,0.10615031439523974
GCG,A,-0.144,G,0.08657106806103863
GCT,A,-0.194,T,0.06396724252689073
GAC,D,-0.08,C,0.07351958489573045
GAT,D,0.08,T,0.07351958489573045
GAA,E,0.192,A,0.05819640631009165
GAG,E,-0.192,G,0.05819640631009165
GGA,G,0.25,A,0.06171006268253506
GGC,G,-0.121,C,0.0876004227102298
GGG,G,-0.089,G,0.08154362275424194
GGT,G,-0.137,T,0.06205223119582116
TTC,F,-0.233,C,0.07389418220594351
TTT,F,0.233,T,0.07389418220594351
TAC,Y,-0.121,C,0.08129289684790769
TAT,Y,0.121,T,0.08129289684790769
TGC,C,-0.128,C,0.1712873071657922
TGT,C,0.128,T,0.1712873071657922
