codon,amino_acid,Exiguobacterium,third_nucl,standard_error
ATA,I,0.786,A,0.11491019371806782
ATC,I,-0.42,C,0.05489001706177633
ATT,I,0.23,T,0.05574623250165848
ACA,T,0.344,A,0.06130209632214602
ACC,T,0.426,C,0.09624734657968566
ACG,T,-0.674,G,0.059272657964919616
ACT,T,0.447,T,0.09076060728910247
AAC,N,-0.223,C,0.08039140640167314
AAT,N,0.223,T,0.08039140640167312
AAA,K,0.511,A,0.06354133362551528
AAG,K,-0.511,G,0.06354133362551528
AGC,S,-0.195,C,0.10064510830649435
AGT,S,0.432,T,0.08086801089079815
TCA,S,0.239,A,0.07396855971317418
TCC,S,-0.028,C,0.10316047248466338
TCG,S,-0.536,G,0.07775497882786297
TCT,S,0.026,T,0.09049926247788606
AGA,R,0.818,A,0.13106214339450104
AGG,R,0.813,G,0.2687298871451593
CGA,R,0.352,A,0.07355649345583846
CGC,R,-0.087,C,0.07538779031603035
CGG,R,-0.446,G,0.08319102627723406
CGT,R,-0.212,T,0.06501014601770722
CTA,L,0.34,A,0.08310027086346661
CTC,L,-0.594,C,0.05883462175981201
CTG,L,-0.3,G,0.07370262349759737
CTT,L,-0.237,T,0.0623276915538984
TTA,L,0.658,A,0.05261614461977
TTG,L,-0.003,G,0.0561546145471244
CCA,P,0.291,A,0.08625940896463502
CCC,P,0.434,C,0.14804207108509884
CCG,P,-0.656,G,0.08877949410039257
CCT,P,0.343,T,0.1097385236563552
CAC,H,-0.168,C,0.10158367487874767
CAT,H,0.168,T,0.10158367487874767
CAA,Q,0.523,A,0.07671800843355052
CAG,Q,-0.523,G,0.07671800843355052
GTA,V,1.055,A,0.0741254298611489
GTC,V,-0.882,C,0.057257424014156434
GTG,V,0.588,G,0.0764271471805827
GTT,V,-0.15,T,0.07135958198314238
GCA,A,0.449,A,0.059953759643509706
GCC,A,-0.019,C,0.07821741256591969
GCG,A,-0.481,G,0.06655576077459117
GCT,A,-0.048,T,0.07229611374547348
GAC,D,-0.231,C,0.0784878983223627
GAT,D,0.231,T,0.0784878983223627
GAA,E,0.534,A,0.06693864209538868
GAG,E,-0.534,G,0.06693864209538868
GGA,G,0.301,A,0.06745325789574387
GGC,G,-0.053,C,0.08733291758882757
GGG,G,-0.295,G,0.10006590785500634
GGT,G,-0.132,T,0.06846582174748016
TTC,F,-0.773,C,0.07300774105576757
TTT,F,0.773,T,0.07300774105576757
TAC,Y,-0.38,C,0.08757079348099207
TAT,Y,0.38,T,0.08757079348099207
TGC,C,-0.249,C,0.21269082698707698
TGT,C,0.249,T,0.21269082698707698
