codon,amino_acid,Faecalibacillus,third_nucl,standard_error
ATA,I,0.749,A,0.061075302488728535
ATC,I,-0.442,C,0.07717030045100966
ATT,I,-0.385,T,0.05332663374283248
ACA,T,0.298,A,0.07613070990747098
ACC,T,-0.182,C,0.16802764210320995
ACG,T,-0.033,G,0.13376483338006537
ACT,T,-0.31,T,0.08500185031687472
AAC,N,0.035,C,0.09017041554657201
AAT,N,-0.035,T,0.09017041554657201
AAA,K,-0.099,A,0.06696147204971968
AAG,K,0.099,G,0.06696147204971968
AGC,S,-0.065,C,0.1462213408535559
AGT,S,0.498,T,0.07321197459415867
TCA,S,0.047,A,0.07594540502016241
TCC,S,-0.977,C,0.25637308872219366
TCG,S,0.205,G,0.18841616815083256
TCT,S,-0.583,T,0.08446985857062031
AGA,R,0.799,A,0.09389530049704463
AGG,R,0.314,G,0.22764348740720383
CGA,R,-0.301,A,0.17663024455005663
CGC,R,-0.704,C,0.2920271581986553
CGG,R,-0.537,G,0.47760271517356045
CGT,R,-0.945,T,0.11385178963923892
CTA,L,0.117,A,0.10409603492246973
CTC,L,-0.241,C,0.19985244242168787
CTG,L,-0.157,G,0.1832717617861113
CTT,L,-0.497,T,0.06899974970444918
TTA,L,0.237,A,0.052218089992158045
TTG,L,0.12,G,0.07795789065690509
CCA,P,0.169,A,0.11795591694721623
CCC,P,0.513,C,0.25245341811781996
CCG,P,-0.04,G,0.2633725350533695
CCT,P,-0.285,T,0.1220330815511159
CAC,H,0.436,C,0.19420646272924916
CAT,H,-0.436,T,0.19420646272924913
CAA,Q,-0.13,A,0.14601478985670446
CAG,Q,0.13,G,0.14601478985670446
GTA,V,0.399,A,0.0696887052265003
GTC,V,-0.195,C,0.11708378168177652
GTG,V,0.371,G,0.11278634863382508
GTT,V,-0.442,T,0.06757096815637047
GCA,A,0.514,A,0.07821647582489803
GCC,A,-0.435,C,0.16513328744001882
GCG,A,0.119,G,0.13838905492858328
GCT,A,-0.468,T,0.08056165463120031
GAC,D,0.208,C,0.12792586015013935
GAT,D,-0.208,T,0.12792586015013935
GAA,E,0.028,A,0.11230726357969376
GAG,E,-0.028,G,0.11230726357969376
GGA,G,0.258,A,0.0751313002467619
GGC,G,-0.168,C,0.155990407848517
GGG,G,0.086,G,0.13314837774340083
GGT,G,-0.262,T,0.07799474216281009
TTC,F,-0.562,C,0.1201396571288426
TTT,F,0.562,T,0.1201396571288426
TAC,Y,-0.072,C,0.11809816584418893
TAT,Y,0.072,T,0.11809816584418895
TGC,C,0.326,C,0.2160234476308738
TGT,C,-0.326,T,0.2160234476308738
