codon,amino_acid,Faecalibacterium,third_nucl,standard_error
ATA,I,0.443,A,0.14182543353220378
ATC,I,-0.536,C,0.06942015113377041
ATT,I,0.469,T,0.07275075318860294
ACA,T,0.768,A,0.09072030893447937
ACC,T,-0.754,C,0.067415039459911
ACG,T,0.14,G,0.08493984156963061
ACT,T,0.549,T,0.1059822198599326
AAC,N,-0.441,C,0.08216617405833446
AAT,N,0.441,T,0.08216617405833446
AAA,K,1.127,A,0.0649571519306421
AAG,K,-1.127,G,0.0649571519306421
AGC,S,-0.473,C,0.0741260203179134
AGT,S,0.689,T,0.12034902653013056
TCA,S,0.889,A,0.15016561991249153
TCC,S,-0.32,C,0.07987684954452182
TCG,S,-0.053,G,0.11758305048763856
TCT,S,0.533,T,0.1073418572687511
AGA,R,1.435,A,0.1332283512690107
AGG,R,0.051,G,0.16303321201388177
CGA,R,0.761,A,0.1494582359032028
CGC,R,-0.451,C,0.07150840499716168
CGG,R,-0.656,G,0.08082335910494685
CGT,R,0.419,T,0.09280706671320804
CTA,L,0.525,A,0.19284428224397704
CTC,L,-0.209,C,0.07653220770861084
CTG,L,-0.761,G,0.05272191086224179
CTT,L,0.336,T,0.07537519932468353
TTA,L,1.164,A,0.13442627465873755
TTG,L,1.07,G,0.08512785915113762
CCA,P,0.514,A,0.15590440895469024
CCC,P,-0.376,C,0.08638627883846942
CCG,P,-0.021,G,0.08809607680691808
CCT,P,0.471,T,0.11998317616812267
CAC,H,-0.743,C,0.12476949919663095
CAT,H,0.743,T,0.12476949919663094
CAA,Q,1.164,A,0.11643407090170912
CAG,Q,-1.164,G,0.11643407090170914
GTA,V,0.972,A,0.10253984867333678
GTC,V,-0.353,C,0.07797804854906146
GTG,V,-0.68,G,0.06729861173128385
GTT,V,0.736,T,0.08006502928466909
GCA,A,0.985,A,0.06341786953420851
GCC,A,-0.879,C,0.06178931262846745
GCG,A,-0.091,G,0.07311896392830622
GCT,A,0.062,T,0.07649916479404274
GAC,D,-0.45,C,0.07494484907993719
GAT,D,0.45,T,0.07494484907993719
GAA,E,1.243,A,0.06669009153505824
GAG,E,-1.243,G,0.06669009153505825
GGA,G,0.785,A,0.10344237133052982
GGC,G,-0.51,C,0.07078056664347208
GGG,G,0.044,G,0.10279417451634104
GGT,G,0.215,T,0.09023624685718543
TTC,F,-0.615,C,0.08394464361549668
TTT,F,0.615,T,0.0839446436154967
TAC,Y,-0.592,C,0.09032653113314398
TAT,Y,0.592,T,0.09032653113314398
TGC,C,-0.825,C,0.15162652815454083
TGT,C,0.825,T,0.15162652815454083
