codon,amino_acid,Faecalibaculum,third_nucl,standard_error
ATA,I,0.785,A,0.12059620417621361
ATC,I,-0.516,C,0.07257056075140376
ATT,I,0.235,T,0.07680912943535476
ACA,T,0.806,A,0.07907123577870814
ACC,T,-0.549,C,0.0785008162124089
ACG,T,-0.604,G,0.09125069150977666
ACT,T,0.373,T,0.11474470799666407
AAC,N,-0.085,C,0.09291726067352418
AAT,N,0.085,T,0.09291726067352418
AAA,K,0.836,A,0.07140205958022892
AAG,K,-0.836,G,0.07140205958022894
AGC,S,-0.124,C,0.09244116525480676
AGT,S,0.631,T,0.11614296723999278
TCA,S,0.604,A,0.12562022647977394
TCC,S,-0.583,C,0.08714613800938291
TCG,S,-0.285,G,0.1320588707521242
TCT,S,0.321,T,0.1193206666321796
AGA,R,1.269,A,0.10199743808815781
AGG,R,-0.124,G,0.11761589306138087
CGA,R,0.957,A,0.14713842372509486
CGC,R,-0.429,C,0.09451943247503017
CGG,R,-0.849,G,0.08369325529727599
CGT,R,-0.129,T,0.12384769366401994
CTA,L,0.343,A,0.2786441239320694
CTC,L,-0.225,C,0.08097482916497847
CTG,L,-0.46,G,0.059525400740178175
CTT,L,0.36,T,0.08733400713577515
TTA,L,1.155,A,0.21056478906557413
TTG,L,1.164,G,0.1292803704616118
CCA,P,0.781,A,0.1566069711765484
CCC,P,-0.076,C,0.1065216446964783
CCG,P,-0.499,G,0.1006321900067316
CCT,P,0.479,T,0.13875843200084545
CAC,H,-0.02,C,0.13169449781303771
CAT,H,0.02,T,0.13169449781303774
CAA,Q,1.248,A,0.16220832231629617
CAG,Q,-1.248,G,0.16220832231629617
GTA,V,0.856,A,0.11052052999605855
GTC,V,-0.108,C,0.08063250827579521
GTG,V,-0.37,G,0.07313578395344233
GTT,V,0.135,T,0.10076179451944241
GCA,A,0.556,A,0.07429168793435682
GCC,A,-0.368,C,0.07130910223303213
GCG,A,-0.2,G,0.08337274689953478
GCT,A,0.012,T,0.09324694542281248
GAC,D,0.018,C,0.0771117772318253
GAT,D,-0.018,T,0.0771117772318253
GAA,E,0.74,A,0.07920644579662572
GAG,E,-0.74,G,0.07920644579662572
GGA,G,0.433,A,0.0830884808070588
GGC,G,-0.276,C,0.08291359432378866
GGG,G,-0.197,G,0.10486825896015535
GGT,G,-0.03,T,0.10378019079358575
TTC,F,-0.471,C,0.0916627529705419
TTT,F,0.471,T,0.0916627529705419
TAC,Y,-0.389,C,0.1079879819793274
TAT,Y,0.389,T,0.10798798197932741
TGC,C,-0.126,C,0.16575277256782814
TGT,C,0.126,T,0.16575277256782814
