codon,amino_acid,Falsihalocynthiibacter,third_nucl,standard_error
ATA,I,0.567,A,0.08994582436730061
ATC,I,-0.216,C,0.054894966034976664
ATT,I,-0.007,T,0.054985945365713856
ACA,T,0.469,A,0.06280699018950947
ACC,T,-0.114,C,0.056875168282661516
ACG,T,-0.664,G,0.061984562574304056
ACT,T,0.485,T,0.0766111379104567
AAC,N,-0.066,C,0.07361911216204993
AAT,N,0.066,T,0.07361911216204993
AAA,K,0.46,A,0.06626849151766231
AAG,K,-0.46,G,0.06626849151766231
AGC,S,-0.128,C,0.06683164246362767
AGT,S,0.142,T,0.08577568384472734
TCA,S,0.553,A,0.0810334880931369
TCC,S,-0.058,C,0.06797012643664374
TCG,S,-0.531,G,0.0717167099482474
TCT,S,0.226,T,0.07743527094547632
AGA,R,1.27,A,0.1267488021797108
AGG,R,0.225,G,0.139121548053414
CGA,R,0.336,A,0.09545329767307797
CGC,R,-0.321,C,0.0581011843906895
CGG,R,-0.513,G,0.08408161453672096
CGT,R,0.129,T,0.0693360286156982
CTA,L,0.534,A,0.08004074288842797
CTC,L,0.147,C,0.05573506152935397
CTG,L,-0.334,G,0.05688097534058002
CTT,L,0.078,T,0.04997552281365224
TTA,L,0.588,A,0.08088763231471112
TTG,L,-0.407,G,0.05149922497629003
CCA,P,0.327,A,0.07405960418668349
CCC,P,0.151,C,0.06843368068348124
CCG,P,-0.567,G,0.0767627721667899
CCT,P,0.041,T,0.08104561780568026
CAC,H,0.009,C,0.09654383760074674
CAT,H,-0.009,T,0.09654383760074674
CAA,Q,0.411,A,0.08022677676378391
CAG,Q,-0.411,G,0.08022677676378391
GTA,V,0.675,A,0.08356486136978447
GTC,V,-0.046,C,0.06221717492958562
GTG,V,-0.172,G,0.06101430431439673
GTT,V,-0.133,T,0.057677603857034875
GCA,A,0.494,A,0.05378446197613503
GCC,A,-0.016,C,0.0481057096075052
GCG,A,-0.589,G,0.04951030382894689
GCT,A,0.304,T,0.05970077529606961
GAC,D,-0.062,C,0.059650881878934844
GAT,D,0.062,T,0.059650881878934844
GAA,E,0.534,A,0.06724733408566771
GAG,E,-0.534,G,0.06724733408566771
GGA,G,0.662,A,0.07431214340842537
GGC,G,-0.237,C,0.05851811141236579
GGG,G,-0.357,G,0.07564236000821807
GGT,G,0.091,T,0.06915970235997128
TTC,F,-0.329,C,0.06866088251233386
TTT,F,0.329,T,0.06866088251233386
TAC,Y,-0.015,C,0.09945138435091451
TAT,Y,0.015,T,0.09945138435091451
TGC,C,0.139,C,0.15813586318615494
TGT,C,-0.139,T,0.15813586318615494
