codon,amino_acid,Fastidiosipila,third_nucl,standard_error
ATA,I,0.461,A,0.08159839963810178
ATC,I,-0.706,C,0.12902639569483093
ATT,I,-0.151,T,0.07750313011209761
ACA,T,0.478,A,0.10655554179928643
ACC,T,-0.608,C,0.1839089880480708
ACG,T,0.478,G,0.23861499248138848
ACT,T,-0.398,T,0.11236929786876111
AAC,N,-0.396,C,0.0996293214555072
AAT,N,0.396,T,0.0996293214555072
AAA,K,0.444,A,0.08167657526428967
AAG,K,-0.444,G,0.08167657526428967
AGC,S,0.231,C,0.13369586676004527
AGT,S,0.319,T,0.09252049528363919
TCA,S,-0.007,A,0.10061733832080248
TCC,S,-0.25,C,0.22775715139898683
TCG,S,0.101,G,0.3015318967978603
TCT,S,-0.567,T,0.11296539048739682
AGA,R,0.373,A,0.11035705213077569
AGG,R,0.246,G,0.17761101799128096
CGA,R,-0.193,A,0.2340499995423651
CGC,R,-0.453,C,0.2564762100622494
CGG,R,1.974,G,1.5127822314893304
CGT,R,-0.618,T,0.14739566828212597
CTA,L,-0.515,A,0.10544568247047423
CTC,L,-0.725,C,0.21931399241550398
CTG,L,-0.303,G,0.19865657538660966
CTT,L,-0.459,T,0.11050413566475106
TTA,L,0.627,A,0.07322843619550029
TTG,L,-0.063,G,0.09261363425417984
CCA,P,0.133,A,0.15939433182228796
CCC,P,0.211,C,0.4823060688895108
CCG,P,0.36,G,0.3329058216928382
CCT,P,-0.252,T,0.16619400584567737
CAC,H,-0.08,C,0.2172773615953205
CAT,H,0.08,T,0.21727736159532046
CAA,Q,0.2,A,0.17925580795629145
CAG,Q,-0.2,G,0.17925580795629145
GTA,V,0.291,A,0.09853074472363882
GTC,V,-0.332,C,0.17678268131973057
GTG,V,0.562,G,0.15321165494916392
GTT,V,-0.416,T,0.09901777341721607
GCA,A,0.391,A,0.0989727599195513
GCC,A,-0.061,C,0.20170919243274793
GCG,A,0.264,G,0.20094261359198812
GCT,A,-0.469,T,0.1032420009554763
GAC,D,-0.199,C,0.11874908554307388
GAT,D,0.199,T,0.11874908554307388
GAA,E,0.56,A,0.10215359527580334
GAG,E,-0.56,G,0.10215359527580334
GGA,G,0.535,A,0.11838637933127515
GGC,G,-0.241,C,0.18258023168207485
GGG,G,-0.018,G,0.2503401317323393
GGT,G,-0.392,T,0.11507107825521176
TTC,F,-0.933,C,0.12371663763482652
TTT,F,0.933,T,0.12371663763482652
TAC,Y,-0.033,C,0.13283655042757492
TAT,Y,0.033,T,0.13283655042757492
TGC,C,-0.253,C,0.3330913305375062
TGT,C,0.253,T,0.3330913305375062
