codon,amino_acid,Fenollaria,third_nucl,standard_error
ATA,I,0.171,A,0.07173969649438769
ATC,I,-0.974,C,0.09955004521160415
ATT,I,0.377,T,0.07342967706680784
ACA,T,0.247,A,0.11451155054072064
ACC,T,-0.242,C,0.24985567224927735
ACG,T,0.199,G,0.20413536799577672
ACT,T,-0.284,T,0.12057015470371613
AAC,N,-0.371,C,0.105821599654816
AAT,N,0.371,T,0.105821599654816
AAA,K,0.644,A,0.07237050609221318
AAG,K,-0.644,G,0.07237050609221318
AGC,S,-0.118,C,0.12046273002521714
AGT,S,0.601,T,0.12173491837824718
TCA,S,-0.034,A,0.10402401719557929
TCC,S,-0.255,C,0.24468808611462445
TCG,S,-0.291,G,0.19459183078941553
TCT,S,-0.277,T,0.1276659170934686
AGA,R,0.411,A,0.13387857281535037
AGG,R,-0.416,G,0.1731259358430413
CGA,R,0.317,A,0.36851555014613474
CGC,R,-0.938,C,0.32282375498526655
CGG,R,-1.116,G,1.6339854391474136
CGT,R,-0.051,T,0.2586972164993085
CTA,L,-0.389,A,0.09798946225060813
CTC,L,-0.081,C,0.22125733108173679
CTG,L,-0.233,G,0.2631932926180803
CTT,L,-1.034,T,0.086566670715747
TTA,L,0.877,A,0.07388761265664347
TTG,L,0.353,G,0.11814329624308051
CCA,P,-0.487,A,0.17916856712768753
CCC,P,0.872,C,0.38896926099446283
CCG,P,0.098,G,0.28150607899929037
CCT,P,0.306,T,0.18657983690096533
CAC,H,-0.257,C,0.23062108363351172
CAT,H,0.257,T,0.23062108363351172
CAA,Q,-0.596,A,0.29123728858492526
CAG,Q,0.596,G,0.29123728858492526
GTA,V,0.493,A,0.10004023808365198
GTC,V,-0.185,C,0.17215559970249408
GTG,V,0.411,G,0.15768357854839943
GTT,V,-0.571,T,0.09895306943332939
GCA,A,0.346,A,0.10173390167930052
GCC,A,-0.518,C,0.18282199710713126
GCG,A,-0.154,G,0.1502712651457163
GCT,A,-0.107,T,0.10482781073831929
GAC,D,-0.28,C,0.10179736758282874
GAT,D,0.28,T,0.10179736758282874
GAA,E,0.534,A,0.10695391074102224
GAG,E,-0.534,G,0.10695391074102224
GGA,G,0.312,A,0.11512703594243193
GGC,G,-0.171,C,0.11555967544804589
GGG,G,-0.265,G,0.33211815501027253
GGT,G,-0.115,T,0.12142368937203607
TTC,F,-0.529,C,0.12966929483178952
TTT,F,0.529,T,0.12966929483178952
TAC,Y,-0.135,C,0.11943341196376522
TAT,Y,0.135,T,0.11943341196376521
TGC,C,-0.921,C,0.25235676157477244
TGT,C,0.921,T,0.25235676157477244
