codon,amino_acid,Ferriphaselus,third_nucl,standard_error
ATA,I,0.711,A,0.131561714971915
ATC,I,-0.524,C,0.0732817532163795
ATT,I,0.33,T,0.07852705860421974
ACA,T,0.536,A,0.10260555910774315
ACC,T,-0.1,C,0.07048847913085764
ACG,T,-0.564,G,0.08519627556314115
ACT,T,0.333,T,0.08712011231464575
AAC,N,0.065,C,0.08690809066123155
AAT,N,-0.065,T,0.08690809066123155
AAA,K,0.994,A,0.07745226130905121
AAG,K,-0.994,G,0.07745226130905121
AGC,S,-0.213,C,0.07272721600198313
AGT,S,0.299,T,0.09546699308702822
TCA,S,0.348,A,0.11187858609775207
TCC,S,0.083,C,0.08329284178043543
TCG,S,-0.657,G,0.08940991237502176
TCT,S,0.523,T,0.10542704487657258
AGA,R,1.24,A,0.15494875065644514
AGG,R,0.161,G,0.16786401616233154
CGA,R,0.482,A,0.1190221963220307
CGC,R,-0.382,C,0.07159516045662684
CGG,R,-0.325,G,0.12716928417131587
CGT,R,-0.032,T,0.08418152826190763
CTA,L,0.101,A,0.08782456257926675
CTC,L,0.386,C,0.06841851791357438
CTG,L,-0.526,G,0.05212283816996642
CTT,L,0.562,T,0.08923180257561619
TTA,L,0.762,A,0.11603101704948605
TTG,L,-0.136,G,0.05930151444752032
CCA,P,0.2,A,0.10079899000603534
CCC,P,0.341,C,0.08935363361729115
CCG,P,-0.762,G,0.09034944368486648
CCT,P,0.385,T,0.10638017182347238
CAC,H,0.194,C,0.1119592347578459
CAT,H,-0.194,T,0.1119592347578459
CAA,Q,0.637,A,0.08389964563624179
CAG,Q,-0.637,G,0.08389964563624179
GTA,V,0.679,A,0.09885074960232694
GTC,V,0.046,C,0.07509513578355394
GTG,V,-0.81,G,0.06910648493348458
GTT,V,0.751,T,0.08872640859823884
GCA,A,0.536,A,0.07009910145333176
GCC,A,-0.074,C,0.059717811127671466
GCG,A,-0.429,G,0.06502017807201362
GCT,A,0.085,T,0.07073464748433514
GAC,D,0.083,C,0.0789822448998346
GAT,D,-0.083,T,0.0789822448998346
GAA,E,0.885,A,0.079927817480297
GAG,E,-0.885,G,0.07992781748029701
GGA,G,0.691,A,0.10238525382363646
GGC,G,-0.421,C,0.07549125473809518
GGG,G,-0.089,G,0.11313241041295814
GGT,G,0.128,T,0.08363730690993697
TTC,F,-0.667,C,0.09147396469556988
TTT,F,0.667,T,0.09147396469556988
TAC,Y,0.285,C,0.11380178311660856
TAT,Y,-0.285,T,0.11380178311660856
TGC,C,-0.234,C,0.18026802886139276
TGT,C,0.234,T,0.18026802886139276
