codon,amino_acid,Ferrigenium,third_nucl,standard_error
ATA,I,0.833,A,0.13736572267822267
ATC,I,-0.978,C,0.0878596719201241
ATT,I,0.853,T,0.10288949670747156
ACA,T,1.018,A,0.12067640052568351
ACC,T,-0.313,C,0.07423353936048283
ACG,T,-0.534,G,0.08740762525794334
ACT,T,0.602,T,0.11756431976083875
AAC,N,-0.577,C,0.09529457122535452
AAT,N,0.577,T,0.09529457122535452
AAA,K,1.59,A,0.08795728373833663
AAG,K,-1.59,G,0.08795728373833663
AGC,S,-0.302,C,0.0755384892544833
AGT,S,0.846,T,0.14045222699381324
TCA,S,0.661,A,0.15455151867985467
TCC,S,0.123,C,0.0811216894521853
TCG,S,-0.688,G,0.0889335963617383
TCT,S,0.77,T,0.13917972197504574
AGA,R,1.666,A,0.18143595715085864
AGG,R,0.45,G,0.141903620203899
CGA,R,0.881,A,0.15776485849311453
CGC,R,-0.798,C,0.07346217164034315
CGG,R,-0.262,G,0.11789560144756342
CGT,R,0.383,T,0.09946148383574223
CTA,L,0.884,A,0.17721605513723004
CTC,L,0.216,C,0.06793452696661852
CTG,L,-0.87,G,0.053764334612937247
CTT,L,0.62,T,0.10297959556088107
TTA,L,1.601,A,0.20427769091045458
TTG,L,0.517,G,0.0692327170416516
CCA,P,0.913,A,0.13466582782282094
CCC,P,0.161,C,0.09025224479186289
CCG,P,-0.859,G,0.08616320284720012
CCT,P,0.699,T,0.12758780130412517
CAC,H,-0.196,C,0.11466056251492843
CAT,H,0.196,T,0.11466056251492843
CAA,Q,1.289,A,0.09615597451411892
CAG,Q,-1.289,G,0.09615597451411892
GTA,V,0.885,A,0.1172893939700259
GTC,V,0.129,C,0.07372856917932143
GTG,V,-0.76,G,0.07035776435128703
GTT,V,0.665,T,0.10061654587032427
GCA,A,0.992,A,0.07357425286088458
GCC,A,-0.08,C,0.059403038448878044
GCG,A,-0.833,G,0.06439566487348909
GCT,A,0.421,T,0.09390006578537112
GAC,D,-0.26,C,0.08426492578343629
GAT,D,0.26,T,0.08426492578343629
GAA,E,1.095,A,0.08470381970115357
GAG,E,-1.095,G,0.08470381970115357
GGA,G,0.768,A,0.10869200056770338
GGC,G,-0.673,C,0.07605059788273824
GGG,G,-0.028,G,0.1104344623486703
GGT,G,0.558,T,0.09795296196652394
TTC,F,-0.871,C,0.10902804833853408
TTT,F,0.871,T,0.10902804833853408
TAC,Y,0.009,C,0.12110362701484845
TAT,Y,-0.009,T,0.12110362701484845
TGC,C,-0.817,C,0.21418762429071916
TGT,C,0.817,T,0.21418762429071916
