codon,amino_acid,Ferrovibrio,third_nucl,standard_error
ATA,I,0.749,A,0.17235731902195434
ATC,I,-0.821,C,0.07079536421830025
ATT,I,0.769,T,0.07471444867207919
ACA,T,0.731,A,0.10289995912782561
ACC,T,-0.143,C,0.054702094421238426
ACG,T,-0.487,G,0.060407460201277456
ACT,T,1.072,T,0.11369193275382979
AAC,N,-0.153,C,0.08255865024032746
AAT,N,0.153,T,0.08255865024032746
AAA,K,0.997,A,0.07434406329600919
AAG,K,-0.997,G,0.0743440632960092
AGC,S,-0.348,C,0.058495589256097755
AGT,S,0.658,T,0.11255479847241306
TCA,S,0.497,A,0.13260507163829718
TCC,S,0.617,C,0.06959809417317778
TCG,S,-0.727,G,0.06340874276684345
TCT,S,0.884,T,0.1318020095854923
AGA,R,1.715,A,0.24023208951095842
AGG,R,0.621,G,0.13988205792528605
CGA,R,1.023,A,0.1399726007319159
CGC,R,-0.61,C,0.052097022277043104
CGG,R,-0.068,G,0.0705881968495301
CGT,R,0.496,T,0.06973042769626958
CTA,L,0.818,A,0.22375372377597852
CTC,L,0.315,C,0.05008080707611806
CTG,L,-0.937,G,0.0434118232309355
CTT,L,1.382,T,0.0894998463615248
TTA,L,0.955,A,0.22325915216898715
TTG,L,0.799,G,0.08154691605026852
CCA,P,0.452,A,0.10744502253020402
CCC,P,0.501,C,0.06348927906219566
CCG,P,-0.859,G,0.05834414398441857
CCT,P,1.0,T,0.11091257040389067
CAC,H,0.37,C,0.10161723224458391
CAT,H,-0.37,T,0.10161723224458391
CAA,Q,1.155,A,0.11168313963782185
CAG,Q,-1.155,G,0.11168313963782184
GTA,V,0.697,A,0.12684182009941464
GTC,V,0.148,C,0.05318802810897789
GTG,V,-0.809,G,0.05340693079995798
GTT,V,1.213,T,0.08336803651882695
GCA,A,0.683,A,0.065384409884293
GCC,A,-0.151,C,0.03963647758229795
GCG,A,-0.461,G,0.04424589923724686
GCT,A,0.768,T,0.06929501936807331
GAC,D,-0.081,C,0.05936311224083032
GAT,D,0.081,T,0.05936311224083032
GAA,E,0.516,A,0.06665895245190806
GAG,E,-0.516,G,0.06665895245190806
GGA,G,1.396,A,0.11392862451396979
GGC,G,-0.795,C,0.05898547861113934
GGG,G,0.344,G,0.09728321956476044
GGT,G,0.426,T,0.07378344556309488
TTC,F,-0.872,C,0.09018283639080085
TTT,F,0.872,T,0.09018283639080085
TAC,Y,0.052,C,0.0987192894307839
TAT,Y,-0.052,T,0.0987192894307839
TGC,C,-0.788,C,0.23174451190882261
TGT,C,0.788,T,0.2317445119088226
