codon,amino_acid,Ferrovum,third_nucl,standard_error
ATA,I,0.551,A,0.13298753456318632
ATC,I,-0.325,C,0.07346393788390475
ATT,I,0.153,T,0.0749239113006815
ACA,T,0.575,A,0.10246664216950205
ACC,T,-0.234,C,0.06983539117982902
ACG,T,-0.275,G,0.08618055201222335
ACT,T,0.243,T,0.09515417174278833
AAC,N,0.15,C,0.0956076132699821
AAT,N,-0.15,T,0.0956076132699821
AAA,K,0.613,A,0.08039400957715653
AAG,K,-0.613,G,0.08039400957715652
AGC,S,-0.085,C,0.09343739218854663
AGT,S,-0.056,T,0.09127935741971739
TCA,S,0.272,A,0.10795343285291155
TCC,S,-0.218,C,0.07507253095957503
TCG,S,-0.086,G,0.10309604320680998
TCT,S,0.362,T,0.09731591576282247
AGA,R,1.173,A,0.1407441685148746
AGG,R,0.274,G,0.14805968103061687
CGA,R,0.07,A,0.10476562601868361
CGC,R,-0.097,C,0.0717192414504244
CGG,R,-0.584,G,0.08877788441961397
CGT,R,0.062,T,0.07727940478662043
CTA,L,0.359,A,0.13575263489334222
CTC,L,0.262,C,0.06902315126852024
CTG,L,-0.292,G,0.05205986397559932
CTT,L,0.396,T,0.07720363471872581
TTA,L,0.397,A,0.11252594353164368
TTG,L,-0.226,G,0.05846232036669088
CCA,P,0.244,A,0.10598354472933334
CCC,P,-0.054,C,0.07598142864988011
CCG,P,-0.37,G,0.08809676117659962
CCT,P,0.276,T,0.08806847932875123
CAC,H,-0.078,C,0.1094227270902443
CAT,H,0.078,T,0.1094227270902443
CAA,Q,0.444,A,0.08643959739183397
CAG,Q,-0.444,G,0.08643959739183397
GTA,V,0.079,A,0.09659929110246251
GTC,V,0.082,C,0.0743464780614023
GTG,V,-0.245,G,0.0655883860084609
GTT,V,0.212,T,0.07897222735761474
GCA,A,0.47,A,0.07414544071735299
GCC,A,-0.308,C,0.0631271510553943
GCG,A,-0.176,G,0.07553864789940422
GCT,A,0.173,T,0.08343859816398755
GAC,D,-0.09,C,0.08139925387262388
GAT,D,0.09,T,0.08139925387262387
GAA,E,0.536,A,0.08148608764952377
GAG,E,-0.536,G,0.08148608764952378
GGA,G,0.043,A,0.08143290601244152
GGC,G,0.073,C,0.07763488406294779
GGG,G,-0.166,G,0.0853173396482417
GGT,G,0.033,T,0.08500080182704568
TTC,F,-0.323,C,0.08731236201031138
TTT,F,0.323,T,0.08731236201031137
TAC,Y,-0.02,C,0.1174313900881235
TAT,Y,0.02,T,0.1174313900881235
TGC,C,-0.296,C,0.17949002189078905
TGT,C,0.296,T,0.17949002189078905
