codon,amino_acid,Fervidobacterium,third_nucl,standard_error
ATA,I,-0.041,A,0.0686541509261576
ATC,I,-0.261,C,0.07710340113593757
ATT,I,0.27,T,0.07176581837057096
ACA,T,-0.056,A,0.08909907036626266
ACC,T,-0.014,C,0.12469222381731107
ACG,T,-0.074,G,0.10572596943841954
ACT,T,0.167,T,0.1068279071008715
AAC,N,-0.134,C,0.09235359993515661
AAT,N,0.134,T,0.09235359993515661
AAA,K,-0.082,A,0.06466085914751851
AAG,K,0.082,G,0.06466085914751851
AGC,S,0.198,C,0.10695476255409199
AGT,S,0.255,T,0.09759505053101841
TCA,S,-0.245,A,0.09736457580896929
TCC,S,-0.483,C,0.1378351711043711
TCG,S,-0.028,G,0.12560596995460224
TCT,S,0.092,T,0.10013133064533387
AGA,R,0.07,A,0.08490268157832705
AGG,R,-0.041,G,0.09611634499165266
CGA,R,-0.161,A,0.15340904130611588
CGC,R,-0.164,C,0.18794039371147214
CGG,R,-0.263,G,0.2617612271987218
CGT,R,0.262,T,0.16332708102941879
CTA,L,-0.152,A,0.1097016323795472
CTC,L,-0.357,C,0.09064410151541455
CTG,L,-0.126,G,0.09478681791324191
CTT,L,-0.405,T,0.06684289869882364
TTA,L,0.256,A,0.08184526190580814
TTG,L,0.57,G,0.06915494665143478
CCA,P,0.208,A,0.11476967482919244
CCC,P,0.108,C,0.1742982354870696
CCG,P,-0.175,G,0.14392481281502695
CCT,P,-0.173,T,0.1279838876409369
CAC,H,-0.222,C,0.16770006965394235
CAT,H,0.222,T,0.16770006965394235
CAA,Q,0.072,A,0.1262518144390283
CAG,Q,-0.072,G,0.1262518144390283
GTA,V,0.239,A,0.07726382299057435
GTC,V,-0.489,C,0.09134446268533405
GTG,V,0.691,G,0.07927978748078565
GTT,V,-0.419,T,0.06633343464963001
GCA,A,0.03,A,0.0862726218416028
GCC,A,-0.235,C,0.13987543890005
GCG,A,0.119,G,0.10666483746918734
GCT,A,-0.017,T,0.0915873001119806
GAC,D,-0.123,C,0.09687751475532705
GAT,D,0.123,T,0.09687751475532705
GAA,E,0.056,A,0.08126424524584637
GAG,E,-0.056,G,0.08126424524584637
GGA,G,0.132,A,0.08711688285083465
GGC,G,-0.183,C,0.11448218843343251
GGG,G,0.195,G,0.1282273108295069
GGT,G,-0.104,T,0.08370953931172209
TTC,F,-0.265,C,0.08528645210841532
TTT,F,0.265,T,0.08528645210841532
TAC,Y,-0.185,C,0.10252184082332436
TAT,Y,0.185,T,0.10252184082332436
TGC,C,0.066,C,0.21932696946087354
TGT,C,-0.066,T,0.21932696946087354
