codon,amino_acid,Fibrobacter,third_nucl,standard_error
ATA,I,0.716,A,0.09506405678582319
ATC,I,-0.714,C,0.060360718933153576
ATT,I,0.369,T,0.057709789854295306
ACA,T,0.672,A,0.0797691018721602
ACC,T,-0.239,C,0.0840638213561294
ACG,T,-0.879,G,0.07849375122075235
ACT,T,0.491,T,0.0808080583790441
AAC,N,-0.684,C,0.07037049179027094
AAT,N,0.684,T,0.07037049179027094
AAA,K,1.252,A,0.056586870333457405
AAG,K,-1.252,G,0.056586870333457405
AGC,S,-0.646,C,0.07707862916617662
AGT,S,0.396,T,0.09167103044258915
TCA,S,0.732,A,0.10268156003311249
TCC,S,-0.165,C,0.08114261029337749
TCG,S,-0.475,G,0.08749808175151864
TCT,S,0.418,T,0.07302318145602839
AGA,R,1.469,A,0.11195626649131203
AGG,R,0.204,G,0.1593539659265749
CGA,R,0.505,A,0.12758299432823597
CGC,R,-1.173,C,0.08098370494484368
CGG,R,0.496,G,0.22006403069116373
CGT,R,0.041,T,0.08224354031754957
CTA,L,0.463,A,0.11242420384847436
CTC,L,-0.934,C,0.0603100342499589
CTG,L,-0.245,G,0.08321284796641228
CTT,L,0.054,T,0.056931487280698995
TTA,L,1.343,A,0.09193728025396246
TTG,L,0.133,G,0.056062813065769775
CCA,P,0.562,A,0.1266442727902502
CCC,P,0.255,C,0.11582270609110262
CCG,P,-0.848,G,0.09121418203069695
CCT,P,0.582,T,0.10409048656937457
CAC,H,-0.471,C,0.12599154026339848
CAT,H,0.471,T,0.12599154026339848
CAA,Q,0.833,A,0.09365019368201245
CAG,Q,-0.833,G,0.09365019368201244
GTA,V,0.687,A,0.08884985929409475
GTC,V,-0.355,C,0.07182350713929721
GTG,V,-0.713,G,0.0709124685410398
GTT,V,0.549,T,0.06534848943893617
GCA,A,0.468,A,0.06438668489238553
GCC,A,-0.578,C,0.06978596299590732
GCG,A,-0.242,G,0.07608811877502841
GCT,A,0.211,T,0.06307399465715825
GAC,D,-0.464,C,0.07548514623192899
GAT,D,0.464,T,0.075485146231929
GAA,E,0.306,A,0.098825064905412
GAG,E,-0.306,G,0.09882506490541199
GGA,G,0.591,A,0.08900575528779846
GGC,G,-0.813,C,0.07806361535770924
GGG,G,-0.109,G,0.12482804076231413
GGT,G,0.468,T,0.07703855989503763
TTC,F,-0.718,C,0.06989863000971074
TTT,F,0.718,T,0.06989863000971075
TAC,Y,-0.421,C,0.08880372403716989
TAT,Y,0.421,T,0.08880372403716989
TGC,C,-1.055,C,0.14113421866481402
TGT,C,1.055,T,0.14113421866481402
