codon,amino_acid,Fibrella,third_nucl,standard_error
ATA,I,1.006,A,0.09058746218153887
ATC,I,-0.633,C,0.04825697906933485
ATT,I,0.313,T,0.04886754694610642
ACA,T,1.036,A,0.06917846648616287
ACC,T,-0.177,C,0.04298564226192074
ACG,T,-0.769,G,0.044881717093988305
ACT,T,1.125,T,0.07575366794488593
AAC,N,-0.439,C,0.05967142465366457
AAT,N,0.439,T,0.05967142465366457
AAA,K,0.497,A,0.05418863897331506
AAG,K,-0.497,G,0.054188638973315065
AGC,S,-0.644,C,0.05580387441132804
AGT,S,0.132,T,0.07414188046066417
TCA,S,0.748,A,0.07281394305542814
TCC,S,0.76,C,0.07410524941552654
TCG,S,-0.824,G,0.052726427421438876
TCT,S,1.505,T,0.10257788299223437
AGA,R,1.676,A,0.14307789058100107
AGG,R,0.462,G,0.15050943324044394
CGA,R,1.011,A,0.07814023490407591
CGC,R,-0.233,C,0.048926373038487604
CGG,R,-1.16,G,0.056679630919860516
CGT,R,0.712,T,0.06522179102803298
CTA,L,0.676,A,0.06424547473000179
CTC,L,0.062,C,0.04192689301351507
CTG,L,-0.952,G,0.03403431129907729
CTT,L,1.132,T,0.05861706893422962
TTA,L,1.143,A,0.07418099047992646
TTG,L,-0.097,G,0.050213418977294186
CCA,P,0.569,A,0.07551549307948757
CCC,P,-0.355,C,0.05318079548017297
CCG,P,-0.507,G,0.05749007248038203
CCT,P,0.914,T,0.07438079185569121
CAC,H,-0.464,C,0.08399302098532792
CAT,H,0.464,T,0.08399302098532792
CAA,Q,1.239,A,0.05891426467158508
CAG,Q,-1.239,G,0.05891426467158509
GTA,V,0.347,A,0.05633813668418091
GTC,V,-0.04,C,0.055087991551255946
GTG,V,-0.894,G,0.051433427662335746
GTT,V,0.813,T,0.05581896300475387
GCA,A,0.962,A,0.06540397991820972
GCC,A,-0.508,C,0.0407175278877707
GCG,A,-0.516,G,0.0491301930623357
GCT,A,0.809,T,0.05308750740187961
GAC,D,-0.122,C,0.05643496935350448
GAT,D,0.122,T,0.05643496935350448
GAA,E,0.639,A,0.06090204790460218
GAG,E,-0.639,G,0.06090204790460218
GGA,G,0.931,A,0.08450323863420578
GGC,G,-0.241,C,0.053116607527820055
GGG,G,-0.308,G,0.06842779677197024
GGT,G,0.119,T,0.06255834208855314
TTC,F,-0.338,C,0.054566615329934884
TTT,F,0.338,T,0.054566615329934884
TAC,Y,-0.394,C,0.0657364336942475
TAT,Y,0.394,T,0.0657364336942475
TGC,C,-0.761,C,0.13377833791737587
TGT,C,0.761,T,0.13377833791737587
