codon,amino_acid,Fictibacillus,third_nucl,standard_error
ATA,I,0.623,A,0.06117647427591898
ATC,I,-0.582,C,0.0500988238694124
ATT,I,0.136,T,0.047642628162174
ACA,T,0.338,A,0.05781256590644501
ACC,T,0.1,C,0.09001980297322694
ACG,T,-0.447,G,0.06679194479335258
ACT,T,-0.06,T,0.07014377723835992
AAC,N,-0.272,C,0.0614704312659832
AAT,N,0.272,T,0.0614704312659832
AAA,K,0.294,A,0.049904205209086526
AAG,K,-0.294,G,0.04990420520908653
AGC,S,0.104,C,0.08338427935781995
AGT,S,0.372,T,0.06455965240014726
TCA,S,0.074,A,0.061704948047580276
TCC,S,-0.295,C,0.0978679898022563
TCG,S,-0.17,G,0.0981368538149415
TCT,S,-0.309,T,0.06474773048806633
AGA,R,0.428,A,0.06915293980961526
AGG,R,0.068,G,0.12687591686724486
CGA,R,-0.114,A,0.0864456681428334
CGC,R,-0.152,C,0.10570510754452808
CGG,R,0.083,G,0.14554110612053525
CGT,R,-0.38,T,0.07402493130711114
CTA,L,-0.081,A,0.06198122656646468
CTC,L,-0.573,C,0.08077515487297561
CTG,L,-0.303,G,0.0764711942490766
CTT,L,-0.552,T,0.0505581099006514
TTA,L,0.379,A,0.04428916828581681
TTG,L,0.538,G,0.054463544217032006
CCA,P,0.163,A,0.08210624490479415
CCC,P,0.081,C,0.14702772647344695
CCG,P,-0.064,G,0.09735674099523518
CCT,P,-0.148,T,0.08419109267645276
CAC,H,-0.201,C,0.1014958959874109
CAT,H,0.201,T,0.1014958959874109
CAA,Q,0.178,A,0.07365377486905983
CAG,Q,-0.178,G,0.07365377486905983
GTA,V,0.114,A,0.053886748021609275
GTC,V,-0.109,C,0.07997084617055344
GTG,V,0.386,G,0.060978327680789944
GTT,V,-0.353,T,0.05300190199941858
GCA,A,0.344,A,0.05834127537297932
GCC,A,0.091,C,0.09496080452760591
GCG,A,-0.256,G,0.07878015291482252
GCT,A,-0.254,T,0.06115216851146941
GAC,D,-0.007,C,0.07360833694192447
GAT,D,0.007,T,0.07360833694192447
GAA,E,0.367,A,0.059853275362241415
GAG,E,-0.367,G,0.05985327536224142
GGA,G,0.116,A,0.06105026907352182
GGC,G,-0.025,C,0.08224720158334352
GGG,G,0.069,G,0.09257955049240728
GGT,G,-0.139,T,0.06304924722521085
TTC,F,-0.446,C,0.07017442283198963
TTT,F,0.446,T,0.07017442283198963
TAC,Y,0.029,C,0.08102465965643563
TAT,Y,-0.029,T,0.08102465965643563
TGC,C,-0.165,C,0.17766972614787913
TGT,C,0.165,T,0.17766972614787913
