codon,amino_acid,Filifactor,third_nucl,standard_error
ATA,I,0.73,A,0.0832486113732567
ATC,I,-0.491,C,0.09068357650280211
ATT,I,-0.254,T,0.07137707437463137
ACA,T,0.596,A,0.09756400844851648
ACC,T,-0.435,C,0.14550428500668117
ACG,T,-0.077,G,0.15141316954354128
ACT,T,-0.546,T,0.12039270939894518
AAC,N,-0.256,C,0.10102443788400123
AAT,N,0.256,T,0.10102443788400123
AAA,K,0.212,A,0.07946486097192768
AAG,K,-0.212,G,0.07946486097192768
AGC,S,-0.054,C,0.14634762058838685
AGT,S,0.699,T,0.1037080557192495
TCA,S,0.466,A,0.10733178698015147
TCC,S,-0.782,C,0.15206510415784547
TCG,S,-0.337,G,0.1806644075367957
TCT,S,-0.657,T,0.11036105270367175
AGA,R,0.502,A,0.1029355023782365
AGG,R,0.347,G,0.19751462449097004
CGA,R,-0.066,A,0.1452854953381413
CGC,R,-0.719,C,0.24091870707825694
CGG,R,-0.397,G,0.35594078475400176
CGT,R,-0.756,T,0.14540518129436578
CTA,L,0.261,A,0.14267276474491442
CTC,L,-0.776,C,0.1904960893752469
CTG,L,-0.239,G,0.12675915002905394
CTT,L,-0.539,T,0.09867836470456236
TTA,L,0.688,A,0.07789295818547794
TTG,L,-0.189,G,0.07287956729631648
CCA,P,1.077,A,0.1726844775014018
CCC,P,-0.328,C,0.2840118440829104
CCG,P,-0.369,G,0.15390458673987195
CCT,P,-0.419,T,0.16312118523629224
CAC,H,-0.165,C,0.22139272989216735
CAT,H,0.165,T,0.22139272989216735
CAA,Q,0.339,A,0.13492234772150255
CAG,Q,-0.339,G,0.13492234772150252
GTA,V,0.265,A,0.08567812545586374
GTC,V,-0.358,C,0.1454802667651868
GTG,V,0.153,G,0.09908165227661242
GTT,V,-0.286,T,0.09145649959608007
GCA,A,0.503,A,0.1000843945516804
GCC,A,-0.564,C,0.19226953454210333
GCG,A,-0.296,G,0.1392625228877133
GCT,A,-0.267,T,0.1211915673569923
GAC,D,-0.294,C,0.1245960140665028
GAT,D,0.294,T,0.1245960140665028
GAA,E,0.302,A,0.09779254417982403
GAG,E,-0.302,G,0.09779254417982403
GGA,G,0.211,A,0.09670998557657026
GGC,G,-0.362,C,0.16606565472750714
GGG,G,0.107,G,0.1639316351693991
GGT,G,-0.169,T,0.1152880560876014
TTC,F,-0.395,C,0.12756503125961755
TTT,F,0.395,T,0.12756503125961755
TAC,Y,-0.111,C,0.1408959053187155
TAT,Y,0.111,T,0.14089590531871551
TGC,C,0.07,C,0.2585328837232097
TGT,C,-0.07,T,0.2585328837232097
