codon,amino_acid,Flammeovirga,third_nucl,standard_error
ATA,I,0.729,A,0.04601016332924209
ATC,I,-0.164,C,0.04361535802409922
ATT,I,-0.421,T,0.03868239134259666
ACA,T,0.195,A,0.05061762381759953
ACC,T,0.022,C,0.06902274711123046
ACG,T,-0.085,G,0.08170541733550526
ACT,T,-0.176,T,0.05088885923159234
AAC,N,0.27,C,0.050173347658780953
AAT,N,-0.27,T,0.050173347658780953
AAA,K,0.227,A,0.044849986105532265
AAG,K,-0.227,G,0.044849986105532265
AGC,S,0.594,C,0.08431452843592817
AGT,S,-0.045,T,0.05634787105860593
TCA,S,0.344,A,0.052157772750406645
TCC,S,0.2,C,0.08643153964614332
TCG,S,-0.169,G,0.08674487635732442
TCT,S,-0.557,T,0.05283177305080009
AGA,R,0.266,A,0.06426653610537508
AGG,R,0.139,G,0.12116272094011193
CGA,R,0.203,A,0.09821085298349348
CGC,R,0.37,C,0.15815250302234085
CGG,R,-0.135,G,0.42181117247806865
CGT,R,-0.772,T,0.08717549489603744
CTA,L,0.642,A,0.05060274558965454
CTC,L,0.747,C,0.08628242718241692
CTG,L,0.262,G,0.09116319850659756
CTT,L,-0.098,T,0.04602686741664085
TTA,L,-0.05,A,0.03527162176628391
TTG,L,-0.86,G,0.050903876971422866
CCA,P,0.085,A,0.07827531357573958
CCC,P,0.323,C,0.12871257720030435
CCG,P,0.446,G,0.1348216290274378
CCT,P,-0.335,T,0.07746036082672203
CAC,H,0.136,C,0.09506875387004356
CAT,H,-0.136,T,0.09506875387004356
CAA,Q,0.309,A,0.07829101252402113
CAG,Q,-0.309,G,0.07829101252402113
GTA,V,0.226,A,0.052783772303916794
GTC,V,0.287,C,0.08434760998336299
GTG,V,-0.395,G,0.07223632540314036
GTT,V,-0.133,T,0.05696405081676679
GCA,A,0.335,A,0.05644499638898783
GCC,A,-0.122,C,0.0795983968820721
GCG,A,0.056,G,0.09694173827986119
GCT,A,-0.309,T,0.05874925993545376
GAC,D,0.502,C,0.06828846024091757
GAT,D,-0.502,T,0.06828846024091757
GAA,E,0.319,A,0.061402147002371114
GAG,E,-0.319,G,0.061402147002371114
GGA,G,0.425,A,0.06230478285163526
GGC,G,0.357,C,0.09197443118163251
GGG,G,0.015,G,0.10684875269585542
GGT,G,-0.588,T,0.06398453203238541
TTC,F,-0.01,C,0.051774755034820576
TTT,F,0.01,T,0.051774755034820576
TAC,Y,0.204,C,0.061405843680322834
TAT,Y,-0.204,T,0.061405843680322834
TGC,C,0.575,C,0.16086372098083573
TGT,C,-0.575,T,0.16086372098083573
