codon,amino_acid,Flavobacterium,third_nucl,standard_error
ATA,I,0.851,A,0.045430149570845894
ATC,I,-0.058,C,0.05175659427791971
ATT,I,-0.66,T,0.03993861567994875
ACA,T,0.402,A,0.051100410887528175
ACC,T,-0.004,C,0.06661959853572712
ACG,T,-0.285,G,0.08720446725564446
ACT,T,-0.348,T,0.05497187650491595
AAC,N,0.038,C,0.050971852399196806
AAT,N,-0.038,T,0.050971852399196806
AAA,K,-0.039,A,0.057752699959896674
AAG,K,0.039,G,0.057752699959896674
AGC,S,-0.023,C,0.06933270342377837
AGT,S,0.216,T,0.06129438931739879
TCA,S,0.399,A,0.05427222727430649
TCC,S,0.412,C,0.11018976485871049
TCG,S,-0.408,G,0.08692003802478984
TCT,S,-0.552,T,0.05834991116093612
AGA,R,0.593,A,0.06859198049769333
AGG,R,-0.245,G,0.13630729775771214
CGA,R,0.061,A,0.1036304271456577
CGC,R,-0.219,C,0.12286134052038401
CGG,R,-0.333,G,0.23115011100687102
CGT,R,-0.802,T,0.09355320605814772
CTA,L,0.953,A,0.07419022998375353
CTC,L,0.238,C,0.0939592134355075
CTG,L,-0.617,G,0.06295280026991074
CTT,L,-0.186,T,0.04702998735889405
TTA,L,0.182,A,0.03761181080758071
TTG,L,-0.353,G,0.054739717256530374
CCA,P,0.265,A,0.07840776377101907
CCC,P,0.572,C,0.1295748900012139
CCG,P,-0.473,G,0.1006009831394476
CCT,P,-0.182,T,0.08262523532994206
CAC,H,0.038,C,0.1033297338057542
CAT,H,-0.038,T,0.1033297338057542
CAA,Q,0.762,A,0.07119393145133274
CAG,Q,-0.762,G,0.07119393145133272
GTA,V,0.292,A,0.055096879466171915
GTC,V,0.267,C,0.10506134484022626
GTG,V,-0.059,G,0.09016460897231936
GTT,V,-0.323,T,0.053715588733117714
GCA,A,0.434,A,0.05435474067302814
GCC,A,0.091,C,0.07009175314662301
GCG,A,-0.222,G,0.09166758436067932
GCT,A,-0.465,T,0.05883200522242751
GAC,D,0.208,C,0.06622430503496957
GAT,D,-0.208,T,0.06622430503496957
GAA,E,0.073,A,0.07336910435984952
GAG,E,-0.073,G,0.07336910435984952
GGA,G,0.111,A,0.0634896253230404
GGC,G,0.034,C,0.08572528084307647
GGG,G,0.076,G,0.12664155127566223
GGT,G,-0.195,T,0.07360888604473269
TTC,F,0.142,C,0.06206651248733978
TTT,F,-0.142,T,0.06206651248733978
TAC,Y,0.167,C,0.06750399470865512
TAT,Y,-0.167,T,0.06750399470865512
TGC,C,-0.12,C,0.13532841471184676
TGT,C,0.12,T,0.13532841471184676
