codon,amino_acid,Flavisolibacter,third_nucl,standard_error
ATA,I,0.408,A,0.049724808987052636
ATC,I,-0.244,C,0.05110435928045203
ATT,I,-0.149,T,0.04451963719084735
ACA,T,0.238,A,0.05277699534484451
ACC,T,-0.155,C,0.05607419897154424
ACG,T,-0.067,G,0.07077222337165716
ACT,T,-0.08,T,0.05854638787401461
AAC,N,0.148,C,0.05638905391797633
AAT,N,-0.148,T,0.05638905391797633
AAA,K,0.335,A,0.046285025459597715
AAG,K,-0.335,G,0.046285025459597715
AGC,S,-0.184,C,0.06466653692742966
AGT,S,-0.135,T,0.06183497800579137
TCA,S,0.3,A,0.06630468384297462
TCC,S,0.305,C,0.07495344589357432
TCG,S,-0.016,G,0.088686721537838
TCT,S,-0.149,T,0.060053790518896616
AGA,R,0.945,A,0.07079470178006891
AGG,R,0.134,G,0.10494878633654646
CGA,R,0.471,A,0.0925044706557661
CGC,R,-0.764,C,0.07511308128850169
CGG,R,-0.315,G,0.10094461314614459
CGT,R,-0.483,T,0.07070238926671349
CTA,L,0.332,A,0.05703384975823236
CTC,L,0.49,C,0.07987043406028264
CTG,L,-0.489,G,0.0474403755747239
CTT,L,0.222,T,0.0489126397625179
TTA,L,0.147,A,0.04197373491756553
TTG,L,-0.319,G,0.04589661896180145
CCA,P,0.093,A,0.0727441333959777
CCC,P,0.274,C,0.08152285120282513
CCG,P,-0.064,G,0.09447471746530885
CCT,P,-0.259,T,0.07149946261828924
CAC,H,0.141,C,0.09345870637937613
CAT,H,-0.141,T,0.09345870637937613
CAA,Q,0.649,A,0.06402232423624363
CAG,Q,-0.649,G,0.06402232423624363
GTA,V,-0.285,A,0.0508913150277067
GTC,V,0.588,C,0.09213467972997812
GTG,V,-0.27,G,0.06118543547227582
GTT,V,0.328,T,0.053933417493307184
GCA,A,0.535,A,0.05257480001630245
GCC,A,-0.298,C,0.055717544656376065
GCG,A,-0.135,G,0.07711687860629136
GCT,A,-0.195,T,0.05184604780384912
GAC,D,0.216,C,0.06778054412305429
GAT,D,-0.216,T,0.0677805441230543
GAA,E,0.356,A,0.06473852982431626
GAG,E,-0.356,G,0.06473852982431626
GGA,G,0.39,A,0.06738135842329027
GGC,G,-0.067,C,0.065326565991822
GGG,G,0.004,G,0.09649675217639672
GGT,G,-0.263,T,0.06254922759892532
TTC,F,0.032,C,0.059637410011830795
TTT,F,-0.032,T,0.0596374100118308
TAC,Y,0.16,C,0.06924341530271515
TAT,Y,-0.16,T,0.06924341530271515
TGC,C,-0.236,C,0.12628555632578164
TGT,C,0.236,T,0.12628555632578164
