codon,amino_acid,Flavivirga,third_nucl,standard_error
ATA,I,0.448,A,0.04238907143555769
ATC,I,0.036,C,0.061574159211245816
ATT,I,-0.445,T,0.04120761149728019
ACA,T,0.534,A,0.05492904282834661
ACC,T,-0.415,C,0.06670606718004565
ACG,T,-0.403,G,0.08996498672324894
ACT,T,-0.129,T,0.061535207666380265
AAC,N,0.073,C,0.05358446239190335
AAT,N,-0.073,T,0.05358446239190335
AAA,K,0.392,A,0.05100228538266644
AAG,K,-0.392,G,0.05100228538266644
AGC,S,0.087,C,0.07988272688676097
AGT,S,-0.042,T,0.06057195466272824
TCA,S,0.539,A,0.06329278771718452
TCC,S,0.015,C,0.09392386652976116
TCG,S,-0.233,G,0.09179320895271674
TCT,S,-0.406,T,0.06110236942435848
AGA,R,0.74,A,0.07241054462096035
AGG,R,-0.345,G,0.11665617354218379
CGA,R,0.07,A,0.11198215201768022
CGC,R,-0.426,C,0.14563155715924905
CGG,R,-0.39,G,0.22169466471278287
CGT,R,-0.861,T,0.0997464499591293
CTA,L,0.283,A,0.05719171251398732
CTC,L,0.33,C,0.10269396035620379
CTG,L,-0.434,G,0.09333811774249992
CTT,L,-0.052,T,0.052964811195221145
TTA,L,0.091,A,0.03902069505130852
TTG,L,-0.376,G,0.05757936362483295
CCA,P,0.223,A,0.08044501942661107
CCC,P,0.444,C,0.1136593437884635
CCG,P,-0.472,G,0.1366671736117246
CCT,P,-0.286,T,0.08437970005998667
CAC,H,0.46,C,0.10875173734271175
CAT,H,-0.46,T,0.10875173734271175
CAA,Q,0.408,A,0.09506127486164258
CAG,Q,-0.408,G,0.09506127486164258
GTA,V,0.178,A,0.05609589760664503
GTC,V,0.508,C,0.11828057642415256
GTG,V,-0.089,G,0.0873670613635584
GTT,V,-0.252,T,0.055950889652982054
GCA,A,0.542,A,0.06147774189771466
GCC,A,-0.23,C,0.08058550900518137
GCG,A,-0.1,G,0.11154936341379086
GCT,A,-0.407,T,0.06495396224710054
GAC,D,0.374,C,0.0735717972504832
GAT,D,-0.374,T,0.0735717972504832
GAA,E,0.324,A,0.07397750348876918
GAG,E,-0.324,G,0.07397750348876918
GGA,G,0.491,A,0.06840813535151842
GGC,G,-0.41,C,0.1016819260120393
GGG,G,-0.023,G,0.10412113761406885
GGT,G,-0.304,T,0.07275266025060065
TTC,F,0.045,C,0.0697617184559045
TTT,F,-0.045,T,0.0697617184559045
TAC,Y,0.328,C,0.06945455420655035
TAT,Y,-0.328,T,0.06945455420655035
TGC,C,0.136,C,0.14663677878899478
TGT,C,-0.136,T,0.14663677878899478
