codon,amino_acid,Flexistipes,third_nucl,standard_error
ATA,I,0.02,A,0.06211559662497601
ATC,I,-0.272,C,0.08316326499939691
ATT,I,0.128,T,0.0612440669760371
ACA,T,0.203,A,0.08526362157978827
ACC,T,-0.374,C,0.1105203814914033
ACG,T,0.14,G,0.12073443202939782
ACT,T,-0.065,T,0.0989927031619617
AAC,N,-0.114,C,0.0813991402092356
AAT,N,0.114,T,0.0813991402092356
AAA,K,0.111,A,0.06487317011471258
AAG,K,-0.111,G,0.06487317011471258
AGC,S,0.568,C,0.09531288302932331
AGT,S,0.254,T,0.0874306205771551
TCA,S,0.058,A,0.09107862701635637
TCC,S,-0.51,C,0.10188771233576494
TCG,S,-0.142,G,0.13949626974271928
TCT,S,-0.399,T,0.0950709901131289
AGA,R,0.574,A,0.09036203421266586
AGG,R,-0.475,G,0.11211183205443012
CGA,R,0.08,A,0.20814588198146286
CGC,R,-0.672,C,0.20022881593731434
CGG,R,-0.548,G,0.21456891138568113
CGT,R,-0.084,T,0.15050917725440197
CTA,L,0.23,A,0.13063112558938317
CTC,L,-0.387,C,0.11117981081103241
CTG,L,-0.501,G,0.07096810556053738
CTT,L,-0.306,T,0.064883339524024
TTA,L,0.744,A,0.06987736427123341
TTG,L,0.146,G,0.07001136861583239
CCA,P,0.611,A,0.15826155025838523
CCC,P,-0.274,C,0.1441371924758203
CCG,P,-0.264,G,0.12959174642464374
CCT,P,0.078,T,0.11753220959577773
CAC,H,-0.002,C,0.16037844927261133
CAT,H,0.002,T,0.16037844927261133
CAA,Q,0.8,A,0.12524623015411518
CAG,Q,-0.8,G,0.12524623015411518
GTA,V,0.095,A,0.07790082327647213
GTC,V,-0.4,C,0.12386484361974137
GTG,V,0.112,G,0.08242140749134517
GTT,V,-0.027,T,0.07041453690945353
GCA,A,0.435,A,0.08474250009575542
GCC,A,-0.521,C,0.10441189522200096
GCG,A,0.022,G,0.13702867157512774
GCT,A,-0.085,T,0.08794531599984871
GAC,D,-0.004,C,0.0908358782444971
GAT,D,0.004,T,0.0908358782444971
GAA,E,0.489,A,0.08301490330462503
GAG,E,-0.489,G,0.08301490330462502
GGA,G,0.395,A,0.08362516798346532
GGC,G,-0.081,C,0.09567723255349299
GGG,G,-0.329,G,0.11634941712737755
GGT,G,-0.149,T,0.08328139200942918
TTC,F,-0.508,C,0.09485302244043958
TTT,F,0.508,T,0.09485302244043958
TAC,Y,-0.223,C,0.09819314905287264
TAT,Y,0.223,T,0.09819314905287264
TGC,C,-0.003,C,0.18607985936838908
TGT,C,0.003,T,0.18607985936838908
