codon,amino_acid,Fluoribacter,third_nucl,standard_error
ATA,I,0.442,A,0.06334747824062906
ATC,I,-0.236,C,0.06694451992142274
ATT,I,-0.177,T,0.054088285797482726
ACA,T,0.375,A,0.07180291537043595
ACC,T,-0.369,C,0.07478064422328032
ACG,T,-0.231,G,0.10353568766861325
ACT,T,0.073,T,0.07022820853635525
AAC,N,0.002,C,0.0767940401519541
AAT,N,-0.002,T,0.0767940401519541
AAA,K,0.161,A,0.06834843610795205
AAG,K,-0.161,G,0.06834843610795205
AGC,S,-0.231,C,0.08224598696286213
AGT,S,0.173,T,0.07076676517433719
TCA,S,0.277,A,0.0703860650591291
TCC,S,-0.503,C,0.083464498571222
TCG,S,0.125,G,0.11865932874545179
TCT,S,0.044,T,0.07416269483585662
AGA,R,0.55,A,0.0890330996648851
AGG,R,0.202,G,0.13209010485275668
CGA,R,0.19,A,0.10316829455740266
CGC,R,-0.36,C,0.10289904246616279
CGG,R,-0.645,G,0.13598548256411686
CGT,R,-0.205,T,0.08533780664905165
CTA,L,0.38,A,0.08263024083441936
CTC,L,-0.067,C,0.08382174485272026
CTG,L,-0.499,G,0.07366748289670626
CTT,L,-0.144,T,0.05880632585308091
TTA,L,0.233,A,0.04716427485515522
TTG,L,-0.053,G,0.05690026361476843
CCA,P,0.377,A,0.09147914803456747
CCC,P,-0.269,C,0.09386473318364996
CCG,P,-0.314,G,0.1254324356347485
CCT,P,0.047,T,0.08108748404165445
CAC,H,0.204,C,0.10923396344787906
CAT,H,-0.204,T,0.10923396344787906
CAA,Q,0.342,A,0.08531448575776186
CAG,Q,-0.342,G,0.08531448575776186
GTA,V,0.088,A,0.07065419811441186
GTC,V,-0.316,C,0.09541208256589649
GTG,V,0.173,G,0.07720702169930328
GTT,V,-0.05,T,0.0670740527825516
GCA,A,0.337,A,0.06387260370559585
GCC,A,-0.34,C,0.07909878229417971
GCG,A,-0.309,G,0.09425721976306868
GCT,A,0.046,T,0.06748721465418281
GAC,D,0.027,C,0.09180210235152161
GAT,D,-0.027,T,0.09180210235152161
GAA,E,0.442,A,0.07848241271970353
GAG,E,-0.442,G,0.07848241271970353
GGA,G,0.121,A,0.07691202160148257
GGC,G,-0.007,C,0.08817350530950328
GGG,G,-0.4,G,0.10141022429281767
GGT,G,0.13,T,0.07674752414724463
TTC,F,-0.014,C,0.08575126078642101
TTT,F,0.014,T,0.08575126078642101
TAC,Y,0.027,C,0.09959633412411902
TAT,Y,-0.027,T,0.09959633412411902
TGC,C,-0.132,C,0.1456922047242996
TGT,C,0.132,T,0.1456922047242996
