codon,amino_acid,Fluviibacter,third_nucl,standard_error
ATA,I,0.694,A,0.13988423964765045
ATC,I,-0.118,C,0.07498691963956049
ATT,I,-0.096,T,0.07434552161713685
ACA,T,0.437,A,0.09590733879467697
ACC,T,-0.25,C,0.07373267602978092
ACG,T,-0.428,G,0.0821853976251073
ACT,T,0.614,T,0.10412472586076496
AAC,N,0.059,C,0.09492433407335107
AAT,N,-0.059,T,0.09492433407335107
AAA,K,0.678,A,0.08081269996468571
AAG,K,-0.678,G,0.08081269996468571
AGC,S,-0.079,C,0.08545502588811359
AGT,S,0.048,T,0.11179765110805027
TCA,S,0.126,A,0.10133053959239194
TCC,S,0.016,C,0.09968607967551282
TCG,S,-0.353,G,0.08984712702540566
TCT,S,0.392,T,0.10534937464867304
AGA,R,0.85,A,0.15647300733374597
AGG,R,-0.153,G,0.2186672813416027
CGA,R,0.233,A,0.1184343576208446
CGC,R,-0.137,C,0.0749555144875912
CGG,R,-0.394,G,0.1128791303665391
CGT,R,0.028,T,0.07772067950974716
CTA,L,0.395,A,0.10163100521408111
CTC,L,0.248,C,0.07274947695700808
CTG,L,-0.573,G,0.05717573369178159
CTT,L,0.618,T,0.0818559366634523
TTA,L,0.342,A,0.09612991744523079
TTG,L,-0.224,G,0.07265200793843143
CCA,P,0.054,A,0.09818144455937489
CCC,P,0.426,C,0.09186667413672976
CCG,P,-0.605,G,0.08513529751839134
CCT,P,0.28,T,0.09993607515431267
CAC,H,0.232,C,0.11934558864086435
CAT,H,-0.232,T,0.11934558864086435
CAA,Q,0.519,A,0.08792364412802564
CAG,Q,-0.519,G,0.08792364412802564
GTA,V,0.212,A,0.10023516493893876
GTC,V,-0.033,C,0.08022698765048569
GTG,V,-0.498,G,0.0762328527662068
GTT,V,0.432,T,0.07778032264382397
GCA,A,0.473,A,0.07160697507093239
GCC,A,-0.156,C,0.061102470657836236
GCG,A,-0.541,G,0.07342220161806741
GCT,A,0.301,T,0.07383263384489852
GAC,D,0.212,C,0.08558525502911558
GAT,D,-0.212,T,0.08558525502911558
GAA,E,0.558,A,0.09208084175987069
GAG,E,-0.558,G,0.09208084175987069
GGA,G,0.836,A,0.12860437976732858
GGC,G,-0.03,C,0.0817809879872275
GGG,G,-0.396,G,0.12383388634799489
GGT,G,-0.12,T,0.08681948765777647
TTC,F,-0.209,C,0.09407884318125888
TTT,F,0.209,T,0.09407884318125888
TAC,Y,0.13,C,0.12273488478892622
TAT,Y,-0.13,T,0.12273488478892622
TGC,C,-0.084,C,0.18332550687935603
TGT,C,0.084,T,0.18332550687935603
