codon,amino_acid,Fluviicola,third_nucl,standard_error
ATA,I,0.851,A,0.061455404559833005
ATC,I,0.008,C,0.05438270153802225
ATT,I,-0.538,T,0.046569926367271516
ACA,T,0.46,A,0.05793582186522752
ACC,T,-0.083,C,0.07734659444921536
ACG,T,-0.44,G,0.08692921995542804
ACT,T,-0.262,T,0.06408932079614435
AAC,N,0.295,C,0.06380561974835745
AAT,N,-0.295,T,0.06380561974835745
AAA,K,0.153,A,0.05700285489847897
AAG,K,-0.153,G,0.05700285489847897
AGC,S,0.246,C,0.08860980514128852
AGT,S,0.091,T,0.06494696492315567
TCA,S,0.274,A,0.059450302283698964
TCC,S,-0.032,C,0.08646638527855131
TCG,S,-0.267,G,0.09279312564332269
TCT,S,-0.37,T,0.06325868589286962
AGA,R,0.576,A,0.07491188520966974
AGG,R,0.175,G,0.16108609189368175
CGA,R,-0.152,A,0.09128608514841888
CGC,R,-0.171,C,0.10360892742721316
CGG,R,-0.297,G,0.16070152884822528
CGT,R,-0.501,T,0.08899213933103921
CTA,L,0.655,A,0.06806133104859544
CTC,L,0.498,C,0.08263594546872724
CTG,L,-0.067,G,0.08337674281752767
CTT,L,0.332,T,0.05434917716352879
TTA,L,0.284,A,0.044288885514476406
TTG,L,-1.097,G,0.048352628742349364
CCA,P,0.033,A,0.08626040269476858
CCC,P,0.314,C,0.12915580787365108
CCG,P,-0.022,G,0.1240824857245057
CCT,P,-0.189,T,0.09496718333102083
CAC,H,0.184,C,0.10775078159033948
CAT,H,-0.184,T,0.10775078159033946
CAA,Q,0.168,A,0.09006702649290255
CAG,Q,-0.168,G,0.09006702649290255
GTA,V,0.438,A,0.06225031167427749
GTC,V,-0.056,C,0.09993493781206951
GTG,V,-0.171,G,0.07794875467842041
GTT,V,-0.269,T,0.05831554438330213
GCA,A,0.411,A,0.0602142446797225
GCC,A,-0.099,C,0.09647258025791089
GCG,A,0.039,G,0.09130154978672682
GCT,A,-0.446,T,0.06505310766202328
GAC,D,0.239,C,0.08073817992122725
GAT,D,-0.239,T,0.08073817992122725
GAA,E,0.439,A,0.07718015419283775
GAG,E,-0.439,G,0.07718015419283775
GGA,G,-0.025,A,0.06474550863340185
GGC,G,0.235,C,0.10958936050579542
GGG,G,-0.016,G,0.10966786460208222
GGT,G,-0.06,T,0.07164581678949722
TTC,F,-0.096,C,0.05939522838240484
TTT,F,0.096,T,0.059395228382404845
TAC,Y,0.32,C,0.0794883883847105
TAT,Y,-0.32,T,0.0794883883847105
TGC,C,0.249,C,0.1494033773357009
TGT,C,-0.249,T,0.1494033773357009
