codon,amino_acid,Fluviispira,third_nucl,standard_error
ATA,I,0.282,A,0.05448158954967818
ATC,I,-0.222,C,0.07005984312859688
ATT,I,-0.128,T,0.05020148332074504
ACA,T,0.099,A,0.07313032128932512
ACC,T,-0.138,C,0.10971071225844521
ACG,T,-0.067,G,0.11275277013954679
ACT,T,-0.01,T,0.07644490700571643
AAC,N,-0.114,C,0.0761233672761781
AAT,N,0.114,T,0.0761233672761781
AAA,K,-0.106,A,0.06746185193677799
AAG,K,0.106,G,0.06746185193677799
AGC,S,-0.162,C,0.08648469036365312
AGT,S,-0.06,T,0.06862810737075552
TCA,S,0.183,A,0.06224127556161206
TCC,S,-0.217,C,0.1031678996121953
TCG,S,0.2,G,0.11301709318324131
TCT,S,-0.033,T,0.062433300750932966
AGA,R,0.216,A,0.08316170954642653
AGG,R,0.302,G,0.16810205143770726
CGA,R,0.056,A,0.12476050431853147
CGC,R,-0.514,C,0.11991015158324088
CGG,R,-0.302,G,0.20094873891265208
CGT,R,-0.007,T,0.0979487788986521
CTA,L,0.337,A,0.09090096848760228
CTC,L,-0.337,C,0.0803878668916139
CTG,L,-0.317,G,0.11143709274985453
CTT,L,-0.086,T,0.05815108227222962
TTA,L,0.006,A,0.048856070624609504
TTG,L,0.263,G,0.06667856738049889
CCA,P,0.075,A,0.09453708061942288
CCC,P,-0.129,C,0.13059479575472804
CCG,P,-0.021,G,0.17338688121550883
CCT,P,0.0,T,0.09770706962664166
CAC,H,-0.055,C,0.13061988871301738
CAT,H,0.055,T,0.13061988871301738
CAA,Q,-0.024,A,0.10599347547325658
CAG,Q,0.024,G,0.10599347547325658
GTA,V,0.081,A,0.08218516487413134
GTC,V,-0.479,C,0.0990990068498937
GTG,V,0.46,G,0.08619317161711575
GTT,V,-0.111,T,0.0687313602594384
GCA,A,0.157,A,0.07191641971917133
GCC,A,-0.313,C,0.11663160838187113
GCG,A,-0.263,G,0.12147656259064084
GCT,A,0.068,T,0.07461181997696915
GAC,D,0.061,C,0.09874411912006376
GAT,D,-0.061,T,0.09874411912006376
GAA,E,0.33,A,0.08944021815730537
GAG,E,-0.33,G,0.08944021815730537
GGA,G,0.215,A,0.08439656860995642
GGC,G,-0.153,C,0.10512014196167734
GGG,G,-0.252,G,0.13434940106649645
GGT,G,-0.009,T,0.08509495734401891
TTC,F,-0.003,C,0.08742315498324053
TTT,F,0.003,T,0.08742315498324053
TAC,Y,0.136,C,0.1088283088421016
TAT,Y,-0.136,T,0.1088283088421016
TGC,C,-0.064,C,0.1604948881086022
TGT,C,0.064,T,0.1604948881086022
