codon,amino_acid,Formicincola,third_nucl,standard_error
ATA,I,0.68,A,0.20751888635447147
ATC,I,-0.395,C,0.10869551100649646
ATT,I,0.214,T,0.11186796367285355
ACA,T,0.106,A,0.10091675712431149
ACC,T,0.302,C,0.08260332947416013
ACG,T,-0.752,G,0.10051923050236787
ACT,T,0.302,T,0.1330746732466174
AAC,N,0.297,C,0.12628399079801375
AAT,N,-0.297,T,0.12628399079801375
AAA,K,0.588,A,0.10556050905571364
AAG,K,-0.588,G,0.10556050905571364
AGC,S,-0.487,C,0.08906269464206945
AGT,S,-0.245,T,0.1501753243517579
TCA,S,0.342,A,0.11780744947883834
TCC,S,0.369,C,0.10119697117102515
TCG,S,-0.473,G,0.21427556146561655
TCT,S,0.411,T,0.14785864801074255
AGA,R,2.052,A,0.30560906350957945
AGG,R,0.309,G,0.143622695240094
CGA,R,0.526,A,0.320831145700625
CGC,R,-0.49,C,0.08779929999083341
CGG,R,-0.002,G,0.15841121072580433
CGT,R,0.113,T,0.10787169534774356
CTA,L,0.21,A,0.1822702647737864
CTC,L,0.294,C,0.0961177775416939
CTG,L,-0.436,G,0.07045977923307457
CTT,L,0.348,T,0.08652958761547032
TTA,L,0.056,A,0.20196839923097057
TTG,L,0.024,G,0.084559096690499
CCA,P,0.11,A,0.09305452625875923
CCC,P,0.221,C,0.07812144934726596
CCG,P,-0.354,G,0.12046919249104111
CCT,P,-0.193,T,0.08669687024061941
CAC,H,0.041,C,0.1262392775752459
CAT,H,-0.041,T,0.1262392775752459
CAA,Q,0.375,A,0.1089990631555653
CAG,Q,-0.375,G,0.1089990631555653
GTA,V,0.383,A,0.18501659506279272
GTC,V,0.01,C,0.10268791971382041
GTG,V,-0.378,G,0.08651925587674393
GTT,V,0.399,T,0.10087064798387303
GCA,A,0.803,A,0.0883962104394502
GCC,A,-0.019,C,0.0625170640487571
GCG,A,-0.323,G,0.08146500177714036
GCT,A,-0.297,T,0.0755162046288937
GAC,D,0.039,C,0.10729631108272954
GAT,D,-0.039,T,0.10729631108272954
GAA,E,0.67,A,0.108469418486835
GAG,E,-0.67,G,0.108469418486835
GGA,G,0.761,A,0.16587271953714666
GGC,G,0.089,C,0.08675210263326384
GGG,G,-0.36,G,0.10357548317681305
GGT,G,-0.051,T,0.1217716004699792
TTC,F,-0.475,C,0.12484314241993877
TTT,F,0.475,T,0.12484314241993878
TAC,Y,-0.44,C,0.17917016777013695
TAT,Y,0.44,T,0.17917016777013695
TGC,C,-0.313,C,0.26162554439538194
TGT,C,0.313,T,0.26162554439538194
