codon,amino_acid,Formosa,third_nucl,standard_error
ATA,I,0.597,A,0.05143011738945928
ATC,I,-0.042,C,0.07447365121725212
ATT,I,-0.521,T,0.048358454218153324
ACA,T,0.427,A,0.06111115310569465
ACC,T,-0.276,C,0.07977283151952594
ACG,T,-0.423,G,0.09995105644987679
ACT,T,-0.131,T,0.0676360812689878
AAC,N,0.03,C,0.06296425666223131
AAT,N,-0.03,T,0.06296425666223131
AAA,K,0.263,A,0.06529549895177017
AAG,K,-0.263,G,0.06529549895177017
AGC,S,0.033,C,0.09966482875122663
AGT,S,0.021,T,0.06608548721123507
TCA,S,0.713,A,0.07352092630171443
TCC,S,0.468,C,0.14514610562586028
TCG,S,-0.424,G,0.10485786822559925
TCT,S,-0.537,T,0.06576463186287744
AGA,R,0.703,A,0.08503160339471431
AGG,R,0.642,G,0.19801516811544814
CGA,R,-0.051,A,0.12999489377966023
CGC,R,-0.221,C,0.15183618780439076
CGG,R,0.234,G,0.25750197722107765
CGT,R,-0.971,T,0.0999175006889439
CTA,L,0.378,A,0.0719112939605327
CTC,L,0.657,C,0.14003362305730457
CTG,L,-0.113,G,0.12563893360770226
CTT,L,0.269,T,0.06108076481979213
TTA,L,-0.333,A,0.04491309088165378
TTG,L,-0.071,G,0.07305456558240388
CCA,P,0.126,A,0.08987707464634864
CCC,P,0.512,C,0.15438112602570306
CCG,P,-0.158,G,0.1389099261041914
CCT,P,-0.244,T,0.09346899519323547
CAC,H,0.369,C,0.11312537807091651
CAT,H,-0.369,T,0.11312537807091651
CAA,Q,0.28,A,0.10308947193103205
CAG,Q,-0.28,G,0.10308947193103203
GTA,V,0.337,A,0.06221812232885039
GTC,V,0.171,C,0.11269060749037055
GTG,V,-0.555,G,0.0923878932051685
GTT,V,-0.127,T,0.06327776453477044
GCA,A,0.479,A,0.06652501823841252
GCC,A,0.15,C,0.08656644667416899
GCG,A,-0.245,G,0.1112791381711895
GCT,A,-0.516,T,0.07061615663211632
GAC,D,0.386,C,0.07783399516020949
GAT,D,-0.386,T,0.07783399516020949
GAA,E,0.151,A,0.08546687275609194
GAG,E,-0.151,G,0.08546687275609194
GGA,G,0.436,A,0.07444538652473867
GGC,G,-0.188,C,0.11483526602531931
GGG,G,-0.181,G,0.1314590319036143
GGT,G,-0.322,T,0.0789697597530548
TTC,F,-0.069,C,0.0779584706575498
TTT,F,0.069,T,0.0779584706575498
TAC,Y,0.228,C,0.0807762431361191
TAT,Y,-0.228,T,0.0807762431361191
TGC,C,0.001,C,0.177877348496642
TGT,C,-0.001,T,0.177877348496642
