codon,amino_acid,Frankia,third_nucl,standard_error
ATA,I,1.358,A,0.26089665721634764
ATC,I,-1.264,C,0.12018896956457957
ATT,I,1.188,T,0.13344725789068448
ACA,T,1.116,A,0.11574971559528262
ACC,T,-0.41,C,0.043409868936230375
ACG,T,0.078,G,0.045104199551468924
ACT,T,0.96,T,0.1259034968830768
AAC,N,-1.014,C,0.15875308711217181
AAT,N,1.014,T,0.1587530871121718
AAA,K,0.832,A,0.17624522989965163
AAG,K,-0.832,G,0.17624522989965163
AGC,S,0.057,C,0.05065802083422933
AGT,S,0.932,T,0.11075901016588403
TCA,S,0.995,A,0.1476587136532866
TCC,S,-0.188,C,0.05045956906259711
TCG,S,-0.41,G,0.05085993478141582
TCT,S,1.454,T,0.1873110493939668
AGA,R,1.99,A,0.20712112764136034
AGG,R,1.028,G,0.09222427511705243
CGA,R,0.934,A,0.08137197713196036
CGC,R,-0.437,C,0.039577078852357145
CGG,R,-0.393,G,0.03918859016742796
CGT,R,0.704,T,0.0671299266767259
CTA,L,0.55,A,0.16712388136592857
CTC,L,-0.129,C,0.039405341035557206
CTG,L,-0.368,G,0.037401083921292225
CTT,L,1.059,T,0.095185908391696
TTA,L,1.703,A,0.35404484018451704
TTG,L,1.122,G,0.0825454392107353
CCA,P,0.845,A,0.10138463689962958
CCC,P,0.035,C,0.04405796081519196
CCG,P,-0.353,G,0.042313090305123376
CCT,P,0.923,T,0.1110660047597051
CAC,H,-0.712,C,0.1011268146567975
CAT,H,0.712,T,0.1011268146567975
CAA,Q,0.887,A,0.14457994654741274
CAG,Q,-0.887,G,0.14457994654741274
GTA,V,1.104,A,0.14371461826734455
GTC,V,-0.91,C,0.036270174237146804
GTG,V,0.694,G,0.03578552589100548
GTT,V,0.745,T,0.09461578078407484
GCA,A,1.075,A,0.06843410381085195
GCC,A,-0.375,C,0.03105247357824028
GCG,A,-0.064,G,0.031509568909079994
GCT,A,1.056,T,0.07742152635319147
GAC,D,-0.897,C,0.06263855096702098
GAT,D,0.897,T,0.06263855096702098
GAA,E,0.73,A,0.06848874134149732
GAG,E,-0.73,G,0.06848874134149732
GGA,G,0.841,A,0.0659532102426931
GGC,G,-0.541,C,0.03783290403800135
GGG,G,0.011,G,0.04350627100207423
GGT,G,0.507,T,0.054513087288654755
TTC,F,-0.96,C,0.15202794062502886
TTT,F,0.96,T,0.15202794062502886
TAC,Y,-0.885,C,0.13766927797499412
TAT,Y,0.885,T,0.13766927797499412
TGC,C,-1.025,C,0.19621421939043393
TGT,C,1.025,T,0.1962142193904339
