codon,amino_acid,Francisella,third_nucl,standard_error
ATA,I,0.437,A,0.06165761733599478
ATC,I,-0.47,C,0.09450667788557585
ATT,I,-0.239,T,0.061489028163178784
ACA,T,-0.081,A,0.08854733818974954
ACC,T,-0.03,C,0.17863800310145747
ACG,T,0.163,G,0.20221249817779857
ACT,T,0.058,T,0.08935200036552796
AAC,N,-0.106,C,0.0950620768247555
AAT,N,0.106,T,0.0950620768247555
AAA,K,0.196,A,0.07272513553570534
AAG,K,-0.196,G,0.07272513553570534
AGC,S,-0.022,C,0.11796348509509334
AGT,S,0.13,T,0.07934313780444173
TCA,S,0.113,A,0.08012098959405223
TCC,S,0.444,C,0.2454980555017709
TCG,S,-0.069,G,0.19255273512971474
TCT,S,-0.263,T,0.07902571125537651
AGA,R,0.253,A,0.11171166736588378
AGG,R,0.002,G,0.19662108128685762
CGA,R,0.085,A,0.22270773015687453
CGC,R,-0.253,C,0.25630230960999023
CGG,R,0.311,G,0.6079165339634289
CGT,R,-0.395,T,0.1456521770468449
CTA,L,-0.09,A,0.08148225712850692
CTC,L,0.408,C,0.22238445145851454
CTG,L,-0.345,G,0.20389735157958627
CTT,L,-0.326,T,0.07672938430559473
TTA,L,0.289,A,0.061659028491669016
TTG,L,-0.081,G,0.10234234329481319
CCA,P,-0.044,A,0.13151169727568335
CCC,P,0.123,C,0.3560414173300789
CCG,P,0.346,G,0.276545260335509
CCT,P,-0.047,T,0.1303166059477707
CAC,H,0.015,C,0.20299053286510393
CAT,H,-0.015,T,0.20299053286510393
CAA,Q,0.441,A,0.12427762114857908
CAG,Q,-0.441,G,0.12427762114857908
GTA,V,0.182,A,0.08190236985614364
GTC,V,0.068,C,0.15925283763883985
GTG,V,0.439,G,0.129528050241204
GTT,V,-0.354,T,0.07965197982416689
GCA,A,0.278,A,0.09017572805811509
GCC,A,0.088,C,0.18698048101738093
GCG,A,0.548,G,0.17111199395328414
GCT,A,-0.42,T,0.08773799565482106
GAC,D,0.111,C,0.13523944344255454
GAT,D,-0.111,T,0.13523944344255454
GAA,E,0.733,A,0.10493014315462827
GAG,E,-0.733,G,0.10493014315462827
GGA,G,0.218,A,0.10303087758112624
GGC,G,0.001,C,0.14160401516928395
GGG,G,0.032,G,0.1709640148378129
GGT,G,-0.194,T,0.09518529564389708
TTC,F,-0.292,C,0.11397901871946786
TTT,F,0.292,T,0.11397901871946786
TAC,Y,0.151,C,0.12395853821676078
TAT,Y,-0.151,T,0.12395853821676078
TGC,C,0.197,C,0.24732529404022624
TGT,C,-0.197,T,0.24732529404022624
