codon,amino_acid,Fretibacterium,third_nucl,standard_error
ATA,I,0.52,A,0.1448413458927008
ATC,I,-0.676,C,0.0966528524792526
ATT,I,0.597,T,0.11234604017186793
ACA,T,1.052,A,0.18296002988902324
ACC,T,-0.539,C,0.0989907255569178
ACG,T,-0.048,G,0.08959266866738586
ACT,T,0.787,T,0.18669640841249818
AAC,N,-0.74,C,0.14131579803262448
AAT,N,0.74,T,0.14131579803262448
AAA,K,1.011,A,0.10258562169671709
AAG,K,-1.011,G,0.10258562169671709
AGC,S,0.1,C,0.09024797423819007
AGT,S,0.92,T,0.18485558789136558
TCA,S,1.324,A,0.2221962770090812
TCC,S,-0.741,C,0.09166136360876445
TCG,S,-0.027,G,0.1032206407295494
TCT,S,0.446,T,0.16331297398228278
AGA,R,1.541,A,0.16643815995592995
AGG,R,0.547,G,0.08734842048374249
CGA,R,0.497,A,0.13414950171137233
CGC,R,-0.782,C,0.07841605230555514
CGG,R,-0.445,G,0.08306265164659572
CGT,R,0.226,T,0.12236939313754125
CTA,L,0.227,A,0.2754186556962209
CTC,L,-0.593,C,0.07251249992071457
CTG,L,-0.603,G,0.05925216299650441
CTT,L,0.334,T,0.08595383327190595
TTA,L,0.79,A,0.1984406320827648
TTG,L,1.428,G,0.08898801985524377
CCA,P,0.843,A,0.19481992801710035
CCC,P,-0.632,C,0.10466582493736748
CCG,P,0.089,G,0.10406607632702486
CCT,P,0.643,T,0.1512775111670118
CAC,H,-0.924,C,0.17710256677101513
CAT,H,0.924,T,0.17710256677101513
CAA,Q,0.888,A,0.16368118541265048
CAG,Q,-0.888,G,0.16368118541265045
GTA,V,0.976,A,0.15551037674084697
GTC,V,-0.614,C,0.07279741078899202
GTG,V,0.011,G,0.07053613952479115
GTT,V,0.755,T,0.10630902910707372
GCA,A,1.115,A,0.11363582874514017
GCC,A,-0.788,C,0.0686456224265796
GCG,A,0.104,G,0.06556006596347774
GCT,A,0.665,T,0.1083494509629369
GAC,D,-0.746,C,0.09702487277354215
GAT,D,0.746,T,0.09702487277354215
GAA,E,0.988,A,0.08872659132204543
GAG,E,-0.988,G,0.08872659132204543
GGA,G,0.612,A,0.09539770172562576
GGC,G,-0.499,C,0.07513862992590872
GGG,G,-0.14,G,0.07920619690420284
GGT,G,0.737,T,0.12907866297092335
TTC,F,-1.092,C,0.10387320457409455
TTT,F,1.092,T,0.10387320457409455
TAC,Y,-0.461,C,0.14144159130174813
TAT,Y,0.461,T,0.14144159130174816
TGC,C,-0.838,C,0.19319314669353604
TGT,C,0.838,T,0.19319314669353604
