codon,amino_acid,Friedmanniella,third_nucl,standard_error
ATA,I,1.574,A,0.7827542097794865
ATC,I,-0.859,C,0.2957567298845517
ATT,I,0.7,T,0.3224823574003759
ACA,T,1.292,A,0.22195928238712462
ACC,T,-0.181,C,0.0524897809715818
ACG,T,-0.049,G,0.0543066090317431
ACT,T,1.373,T,0.21637589146404707
AAC,N,-1.465,C,0.474787528669382
AAT,N,1.465,T,0.474787528669382
AAA,K,1.36,A,0.42931854368762506
AAG,K,-1.36,G,0.42931854368762506
AGC,S,0.279,C,0.05610590134263297
AGT,S,1.006,T,0.2099807843747416
TCA,S,1.028,A,0.19672012075693818
TCC,S,-0.148,C,0.060088437064475406
TCG,S,-0.57,G,0.06310816348803891
TCT,S,1.867,T,0.33410084964682213
AGA,R,2.186,A,0.2940271939523392
AGG,R,1.335,G,0.13817104473321426
CGA,R,1.335,A,0.1163375695689843
CGC,R,-0.049,C,0.045969681476738765
CGG,R,-0.812,G,0.047246940932767025
CGT,R,1.058,T,0.09551739530924958
CTA,L,0.583,A,0.29139336080023265
CTC,L,0.142,C,0.04291336231825617
CTG,L,-0.338,G,0.04193078964406893
CTT,L,1.501,T,0.2419566069855579
TTA,L,0.432,A,0.671137406442622
TTG,L,0.938,G,0.11753820727400427
CCA,P,0.885,A,0.17864773807424542
CCC,P,0.335,C,0.05040434903087116
CCG,P,-0.621,G,0.050165677926023326
CCT,P,1.522,T,0.16769887127809155
CAC,H,-0.94,C,0.23994634382136312
CAT,H,0.94,T,0.23994634382136312
CAA,Q,1.075,A,0.22819594840760454
CAG,Q,-1.075,G,0.22819594840760452
GTA,V,0.793,A,0.2668912601510614
GTC,V,-0.774,C,0.040521063240769394
GTG,V,0.695,G,0.040352216454734344
GTT,V,1.18,T,0.20798384117913396
GCA,A,1.574,A,0.10020970741498932
GCC,A,-0.278,C,0.03703660720515083
GCG,A,-0.266,G,0.03907521053833641
GCT,A,1.385,T,0.10132632253401898
GAC,D,-1.125,C,0.14849786336790372
GAT,D,1.125,T,0.14849786336790372
GAA,E,1.111,A,0.1279662174403748
GAG,E,-1.111,G,0.1279662174403748
GGA,G,1.556,A,0.10501868406090266
GGC,G,-0.608,C,0.047699170293268735
GGG,G,-0.012,G,0.053883492511816365
GGT,G,0.604,T,0.07654693388032359
TTC,F,-1.954,C,0.5047999123786711
TTT,F,1.954,T,0.5047999123786711
TAC,Y,-1.27,C,0.39487083592793865
TAT,Y,1.27,T,0.3948708359279386
TGC,C,-1.478,C,0.4683142011255177
TGT,C,1.478,T,0.4683142011255177
