codon,amino_acid,Furfurilactobacillus,third_nucl,standard_error
ATA,I,0.774,A,0.13336826204784819
ATC,I,-0.588,C,0.07489404094653639
ATT,I,0.28,T,0.06892231100108594
ACA,T,0.589,A,0.06985556710773241
ACC,T,-0.427,C,0.09203072538555347
ACG,T,-0.328,G,0.0765527600095076
ACT,T,-0.099,T,0.07812249012276719
AAC,N,-0.201,C,0.07980914428379157
AAT,N,0.201,T,0.07980914428379157
AAA,K,0.67,A,0.06984648032107157
AAG,K,-0.67,G,0.06984648032107157
AGC,S,0.072,C,0.10338335466668717
AGT,S,0.261,T,0.08005888419066744
TCA,S,0.235,A,0.0800775571827078
TCC,S,-0.501,C,0.1295420685975987
TCG,S,-0.254,G,0.11667870472717666
TCT,S,-0.333,T,0.09886645326312286
AGA,R,1.049,A,0.14249173461750955
AGG,R,0.376,G,0.20328535241021709
CGA,R,0.451,A,0.10179914122242337
CGC,R,-0.344,C,0.1050322461554665
CGG,R,-0.351,G,0.11071768677920053
CGT,R,-0.379,T,0.08498652328587984
CTA,L,-0.068,A,0.09056286217866334
CTC,L,-0.282,C,0.11018924874817165
CTG,L,-0.711,G,0.0898833869856133
CTT,L,0.049,T,0.08382710961483006
TTA,L,0.654,A,0.05952097719097819
TTG,L,-0.286,G,0.06426994731495349
CCA,P,0.419,A,0.09850277169611499
CCC,P,-0.178,C,0.15190790652217423
CCG,P,-0.291,G,0.12462869246177126
CCT,P,-0.252,T,0.12551036647498395
CAC,H,-0.175,C,0.11729349976683415
CAT,H,0.175,T,0.11729349976683415
CAA,Q,0.425,A,0.08269344473363922
CAG,Q,-0.425,G,0.08269344473363924
GTA,V,0.588,A,0.08923486977057987
GTC,V,-0.412,C,0.08813459840208596
GTG,V,0.077,G,0.07545819706131374
GTT,V,-0.147,T,0.06542656669915367
GCA,A,0.898,A,0.06627617352744737
GCC,A,-0.625,C,0.08107641396796347
GCG,A,-0.249,G,0.08404403262944217
GCT,A,-0.37,T,0.0723059249661118
GAC,D,-0.318,C,0.07967707944780991
GAT,D,0.318,T,0.07967707944780991
GAA,E,0.456,A,0.09087460257230247
GAG,E,-0.456,G,0.09087460257230247
GGA,G,0.606,A,0.09641139879217422
GGC,G,-0.432,C,0.0888447797409571
GGG,G,-0.084,G,0.11975695042039872
GGT,G,-0.006,T,0.0781712115091265
TTC,F,-0.559,C,0.09894715827764185
TTT,F,0.559,T,0.09894715827764185
TAC,Y,-0.265,C,0.1040286237238354
TAT,Y,0.265,T,0.1040286237238354
TGC,C,-0.364,C,0.3094338588717131
TGT,C,0.364,T,0.3094338588717131
