codon,amino_acid,Gallionella,third_nucl,standard_error
ATA,I,0.61,A,0.09585905108100905
ATC,I,-0.451,C,0.06358418890108833
ATT,I,0.17,T,0.06469234460582911
ACA,T,0.658,A,0.08604937566735078
ACC,T,-0.3,C,0.0702806017379315
ACG,T,-0.604,G,0.0764254205591344
ACT,T,0.576,T,0.09182856271404494
AAC,N,-0.131,C,0.07919456186257988
AAT,N,0.131,T,0.07919456186257988
AAA,K,0.973,A,0.07413900618988682
AAG,K,-0.973,G,0.07413900618988682
AGC,S,-0.123,C,0.07311267687425549
AGT,S,0.141,T,0.08469180631838558
TCA,S,0.464,A,0.0872193066704999
TCC,S,0.065,C,0.08858396158010198
TCG,S,-0.655,G,0.08441347437139801
TCT,S,0.232,T,0.09635456654543359
AGA,R,0.832,A,0.12305972883678414
AGG,R,0.276,G,0.15365076711758516
CGA,R,0.41,A,0.12415100248294599
CGC,R,-0.451,C,0.07061139375821562
CGG,R,-0.085,G,0.11199331967717
CGT,R,0.016,T,0.08002854452555865
CTA,L,0.533,A,0.10575486095391454
CTC,L,0.173,C,0.07226859681160447
CTG,L,-0.658,G,0.05086969902482019
CTT,L,0.321,T,0.08049703284944543
TTA,L,0.709,A,0.07897033853632317
TTG,L,0.013,G,0.055888743326488056
CCA,P,0.689,A,0.1131137778437836
CCC,P,0.07,C,0.09698510579423932
CCG,P,-0.554,G,0.08490691527261834
CCT,P,0.138,T,0.09565091107764168
CAC,H,0.216,C,0.1071328067698291
CAT,H,-0.216,T,0.1071328067698291
CAA,Q,0.793,A,0.08140368727397414
CAG,Q,-0.793,G,0.08140368727397414
GTA,V,0.352,A,0.08587979194986757
GTC,V,0.029,C,0.07308653011377292
GTG,V,-0.591,G,0.0680861100103716
GTT,V,0.452,T,0.07614085293956012
GCA,A,0.538,A,0.06260130770800884
GCC,A,-0.202,C,0.06206063390917389
GCG,A,-0.628,G,0.06372748538436983
GCT,A,0.419,T,0.07184049091612454
GAC,D,0.195,C,0.07797970710084093
GAT,D,-0.195,T,0.07797970710084093
GAA,E,0.566,A,0.08117935607023202
GAG,E,-0.566,G,0.08117935607023202
GGA,G,0.498,A,0.09773066547972388
GGC,G,-0.267,C,0.0743584758870115
GGG,G,-0.164,G,0.10944755807204894
GGT,G,0.082,T,0.08088676194368291
TTC,F,-0.356,C,0.08177274793895999
TTT,F,0.356,T,0.08177274793895999
TAC,Y,0.052,C,0.10404472210973367
TAT,Y,-0.052,T,0.10404472210973366
TGC,C,-0.371,C,0.1705150175961588
TGT,C,0.371,T,0.1705150175961588
