codon,amino_acid,Gemella,third_nucl,standard_error
ATA,I,0.599,A,0.07146314101687978
ATC,I,-1.043,C,0.11380402555985615
ATT,I,-0.153,T,0.06871922173151951
ACA,T,0.417,A,0.09483681985320136
ACC,T,0.121,C,0.238999327982963
ACG,T,0.012,G,0.16864946443417195
ACT,T,-0.46,T,0.0973231147707536
AAC,N,-0.398,C,0.10175535796976014
AAT,N,0.398,T,0.10175535796976014
AAA,K,0.221,A,0.08413165125503118
AAG,K,-0.221,G,0.08413165125503118
AGC,S,-0.167,C,0.16894111057050554
AGT,S,0.263,T,0.0914238643726134
TCA,S,0.312,A,0.0950703192415596
TCC,S,0.359,C,0.35235074519769727
TCG,S,0.259,G,0.1994733806533693
TCT,S,-0.821,T,0.11290857630911347
AGA,R,0.797,A,0.11595366852237106
AGG,R,0.188,G,0.2119308887736379
CGA,R,-0.19,A,0.2250942607220366
CGC,R,-0.159,C,0.38305307004318623
CGG,R,-0.302,G,0.7657821397877893
CGT,R,-1.096,T,0.14179698394394713
CTA,L,-0.434,A,0.09665610676819648
CTC,L,0.052,C,0.38043575203840424
CTG,L,0.008,G,0.2586217764704752
CTT,L,-0.718,T,0.09813506064514495
TTA,L,0.536,A,0.06878022601654887
TTG,L,0.121,G,0.11144997293463539
CCA,P,0.325,A,0.15324302948208107
CCC,P,-0.197,C,0.4993318835008017
CCG,P,-0.103,G,0.25353458942206497
CCT,P,-0.316,T,0.1671245895173472
CAC,H,-0.665,C,0.2122282696380655
CAT,H,0.665,T,0.2122282696380655
CAA,Q,-0.064,A,0.19633652053915712
CAG,Q,0.064,G,0.19633652053915712
GTA,V,0.055,A,0.08188446854754652
GTC,V,-0.132,C,0.20084278083450371
GTG,V,0.691,G,0.13543432215552603
GTT,V,-0.303,T,0.08382555999168302
GCA,A,0.542,A,0.09979870076543787
GCC,A,0.112,C,0.22183234860110035
GCG,A,0.043,G,0.15229749397244718
GCT,A,-0.608,T,0.10344121457976974
GAC,D,-0.252,C,0.14357964927606787
GAT,D,0.252,T,0.14357964927606787
GAA,E,0.131,A,0.10762381567669246
GAG,E,-0.131,G,0.10762381567669246
GGA,G,0.32,A,0.10137433505198946
GGC,G,0.001,C,0.2567427364961654
GGG,G,-0.524,G,0.1895855946565984
GGT,G,-0.164,T,0.10397977861165969
TTC,F,-1.184,C,0.12392662528772275
TTT,F,1.184,T,0.12392662528772275
TAC,Y,-0.519,C,0.1308150857564174
TAT,Y,0.519,T,0.1308150857564174
TGC,C,0.069,C,0.3270043183510013
TGT,C,-0.069,T,0.3270043183510013
