codon,amino_acid,Geminocystis,third_nucl,standard_error
ATA,I,0.416,A,0.05628858172296782
ATC,I,-0.102,C,0.05417002373106287
ATT,I,-0.203,T,0.04511107450152614
ACA,T,0.444,A,0.0609797018159741
ACC,T,-0.411,C,0.06935440038340514
ACG,T,-0.239,G,0.0966698668117991
ACT,T,-0.037,T,0.0567169031212592
AAC,N,0.12,C,0.06543380518346392
AAT,N,-0.12,T,0.06543380518346392
AAA,K,0.226,A,0.07310634998275119
AAG,K,-0.226,G,0.07310634998275119
AGC,S,-0.117,C,0.10238481843732243
AGT,S,-0.168,T,0.05690619496673253
TCA,S,0.395,A,0.07196160136452126
TCC,S,0.031,C,0.08353647872817815
TCG,S,-0.098,G,0.09579940517554715
TCT,S,-0.03,T,0.05698948225478336
AGA,R,0.267,A,0.07336795395069226
AGG,R,-0.365,G,0.13842252319999568
CGA,R,0.09,A,0.09486311902066581
CGC,R,-0.356,C,0.12315860611313727
CGG,R,-0.074,G,0.1820540295685315
CGT,R,-0.083,T,0.07974550030320086
CTA,L,0.45,A,0.07859120075102302
CTC,L,-0.009,C,0.09188092476977694
CTG,L,-0.068,G,0.11809480509184239
CTT,L,0.222,T,0.06552898299641784
TTA,L,-0.216,A,0.04238749986854809
TTG,L,0.0,G,0.0633863331994947
CCA,P,0.576,A,0.0871707282159154
CCC,P,-0.143,C,0.08123968707811535
CCG,P,0.156,G,0.1366049425358981
CCT,P,-0.324,T,0.07208207122453773
CAC,H,0.294,C,0.12423028241878305
CAT,H,-0.294,T,0.12423028241878305
CAA,Q,0.242,A,0.0941503314904031
CAG,Q,-0.242,G,0.09415033149040308
GTA,V,0.059,A,0.06355789148903246
GTC,V,-0.21,C,0.0864840950269648
GTG,V,-0.207,G,0.07703677723611456
GTT,V,0.178,T,0.06034238730417185
GCA,A,0.351,A,0.06877109457122266
GCC,A,-0.105,C,0.08064257191155629
GCG,A,-0.382,G,0.10041711718294802
GCT,A,-0.076,T,0.0662645714637197
GAC,D,0.062,C,0.08202858223603658
GAT,D,-0.062,T,0.08202858223603658
GAA,E,0.531,A,0.07769158589293745
GAG,E,-0.531,G,0.07769158589293745
GGA,G,0.141,A,0.07325206430914628
GGC,G,0.158,C,0.09975559116419612
GGG,G,-0.504,G,0.11268229229830297
GGT,G,0.009,T,0.07020870713414348
TTC,F,-0.075,C,0.09425568384540609
TTT,F,0.075,T,0.09425568384540609
TAC,Y,0.371,C,0.09830845520813941
TAT,Y,-0.371,T,0.09830845520813941
TGC,C,0.314,C,0.19164744749544718
TGT,C,-0.314,T,0.19164744749544718
