codon,amino_acid,Gemmata,third_nucl,standard_error
ATA,I,0.681,A,0.12892046743970012
ATC,I,-0.716,C,0.05306890489363727
ATT,I,0.652,T,0.055437140106163685
ACA,T,0.563,A,0.06456750321030576
ACC,T,-0.018,C,0.03719351410350676
ACG,T,-0.43,G,0.03815767266231997
ACT,T,0.718,T,0.06892945267567029
AAC,N,-0.575,C,0.076559429771704
AAT,N,0.575,T,0.076559429771704
AAA,K,0.474,A,0.05264397310499022
AAG,K,-0.474,G,0.05264397310499022
AGC,S,-0.466,C,0.04691776194745444
AGT,S,0.245,T,0.0678695033450137
TCA,S,0.593,A,0.08391770054622061
TCC,S,0.251,C,0.047593249202644086
TCG,S,-0.344,G,0.04383229454443929
TCT,S,0.873,T,0.08764752573305441
AGA,R,1.027,A,0.1449821021319562
AGG,R,0.132,G,0.11122281823311132
CGA,R,0.649,A,0.05336986590182549
CGC,R,-0.211,C,0.03413721832424745
CGG,R,-0.549,G,0.038525764583861984
CGT,R,0.732,T,0.056955233353102784
CTA,L,0.409,A,0.08050249306134236
CTC,L,-0.171,C,0.02987591872334607
CTG,L,-0.255,G,0.03115267356579627
CTT,L,0.636,T,0.057480167685916246
TTA,L,0.508,A,0.08895285410084068
TTG,L,0.218,G,0.04365120561375669
CCA,P,0.559,A,0.06670634741624745
CCC,P,0.342,C,0.0401150934089727
CCG,P,-0.646,G,0.03776474903268692
CCT,P,0.716,T,0.08327743609396264
CAC,H,-0.496,C,0.11045484491602528
CAT,H,0.496,T,0.11045484491602528
CAA,Q,0.631,A,0.0607373424653918
CAG,Q,-0.631,G,0.0607373424653918
GTA,V,0.178,A,0.06514383571842243
GTC,V,-0.37,C,0.035891476911376244
GTG,V,0.01,G,0.03297345261293237
GTT,V,0.478,T,0.04538006636570141
GCA,A,0.496,A,0.0446205242814154
GCC,A,-0.052,C,0.030205612026162253
GCG,A,-0.416,G,0.028965223096693412
GCT,A,0.748,T,0.051143157580173036
GAC,D,-0.391,C,0.04733987102695175
GAT,D,0.391,T,0.04733987102695176
GAA,E,0.601,A,0.043841333872255285
GAG,E,-0.601,G,0.043841333872255285
GGA,G,0.517,A,0.06019028446287625
GGC,G,-0.15,C,0.03992244889145716
GGG,G,-0.389,G,0.04276541827274419
GGT,G,0.463,T,0.050555146875962395
TTC,F,-0.791,C,0.06581540042307282
TTT,F,0.791,T,0.06581540042307282
TAC,Y,-0.455,C,0.09568171084602968
TAT,Y,0.455,T,0.09568171084602968
TGC,C,-0.698,C,0.09967001846933235
TGT,C,0.698,T,0.09967001846933235
