codon,amino_acid,Gemmatimonas,third_nucl,standard_error
ATA,I,0.556,A,0.20547540852739338
ATC,I,-0.577,C,0.0721048998682999
ATT,I,0.543,T,0.07460902324548298
ACA,T,0.681,A,0.09432309652571536
ACC,T,0.035,C,0.05070894846206623
ACG,T,-0.662,G,0.04989495437913678
ACT,T,1.5,T,0.11123372751372206
AAC,N,-0.167,C,0.09542341440412315
AAT,N,0.167,T,0.09542341440412315
AAA,K,0.685,A,0.10771832962320999
AAG,K,-0.685,G,0.10771832962320997
AGC,S,-0.415,C,0.059317731098393466
AGT,S,0.055,T,0.08842692687274466
TCA,S,0.583,A,0.10203047184593152
TCC,S,0.657,C,0.06507269342971346
TCG,S,-0.662,G,0.052281622565022175
TCT,S,1.309,T,0.12125329314024375
AGA,R,0.985,A,0.21559945771939582
AGG,R,0.2,G,0.19278841509388417
CGA,R,0.459,A,0.0706278596288268
CGC,R,-0.314,C,0.0448303914885789
CGG,R,-0.304,G,0.06223201647446206
CGT,R,0.329,T,0.05525204494314531
CTA,L,0.393,A,0.1379720708842954
CTC,L,-0.019,C,0.041742513064687764
CTG,L,-0.255,G,0.04237428510101528
CTT,L,0.742,T,0.07770434948702144
TTA,L,0.86,A,0.2169966064453152
TTG,L,-0.088,G,0.06331566101872514
CCA,P,0.383,A,0.09053096092003574
CCC,P,0.324,C,0.0601894919738424
CCG,P,-0.747,G,0.054866990179886194
CCT,P,1.019,T,0.10296193417010897
CAC,H,-0.072,C,0.09353886392761895
CAT,H,0.072,T,0.09353886392761895
CAA,Q,0.81,A,0.10300837846515298
CAG,Q,-0.81,G,0.10300837846515298
GTA,V,0.208,A,0.09528348332918626
GTC,V,0.055,C,0.047354135711589446
GTG,V,-0.374,G,0.044744113958497034
GTT,V,0.912,T,0.08422770979590632
GCA,A,0.594,A,0.062225119872935504
GCC,A,-0.118,C,0.038731460362873754
GCG,A,-0.48,G,0.03882978466854872
GCT,A,1.08,T,0.07036366114373889
GAC,D,-0.123,C,0.06075063093289342
GAT,D,0.123,T,0.06075063093289342
GAA,E,0.471,A,0.06845266765649517
GAG,E,-0.471,G,0.06845266765649517
GGA,G,0.522,A,0.0758950756857779
GGC,G,-0.223,C,0.05475095946935237
GGG,G,-0.097,G,0.07727863397311446
GGT,G,0.017,T,0.06846625196034867
TTC,F,-0.479,C,0.08711619728970352
TTT,F,0.479,T,0.08711619728970353
TAC,Y,-0.041,C,0.11227597295322704
TAT,Y,0.041,T,0.11227597295322704
TGC,C,-0.164,C,0.19038572657777902
TGT,C,0.164,T,0.190385726577779
