codon,amino_acid,Gemmatirosa,third_nucl,standard_error
ATA,I,1.137,A,0.31787350914341034
ATC,I,-1.468,C,0.15972938723084415
ATT,I,1.535,T,0.18348854392709238
ACA,T,1.359,A,0.16635820491076198
ACC,T,0.577,C,0.044278180461155385
ACG,T,-0.909,G,0.04361608665886507
ACT,T,2.195,T,0.1916283214938994
AAC,N,-1.103,C,0.16436879947972713
AAT,N,1.103,T,0.16436879947972713
AAA,K,1.901,A,0.2359824443390123
AAG,K,-1.901,G,0.23598244433901228
AGC,S,-0.342,C,0.04873533803564121
AGT,S,1.048,T,0.17450105058088997
TCA,S,1.37,A,0.18826285238465457
TCC,S,0.946,C,0.05798987478623965
TCG,S,-0.741,G,0.04583808145987504
TCT,S,2.211,T,0.23972470640717375
AGA,R,2.801,A,0.29690067583947816
AGG,R,0.757,G,0.1293403343223998
CGA,R,1.32,A,0.07655475639163889
CGC,R,-0.374,C,0.034807582301173756
CGG,R,-0.638,G,0.042964606157705726
CGT,R,0.875,T,0.06623061573817397
CTA,L,1.222,A,0.2098126572246337
CTC,L,0.17,C,0.033667962888095135
CTG,L,-0.487,G,0.03508363272071328
CTT,L,1.708,T,0.13733388243898145
TTA,L,0.347,A,0.17346246615052066
TTG,L,0.666,G,0.11153266158410922
CCA,P,1.048,A,0.11875237555179562
CCC,P,0.539,C,0.04669514068175775
CCG,P,-0.964,G,0.044578128072999226
CCT,P,1.719,T,0.1304528363964751
CAC,H,-0.866,C,0.10885803496705135
CAT,H,0.866,T,0.10885803496705135
CAA,Q,1.76,A,0.1827604182133895
CAG,Q,-1.76,G,0.1827604182133895
GTA,V,0.935,A,0.16154523876608864
GTC,V,0.073,C,0.03689389909175096
GTG,V,-0.263,G,0.03666644258352034
GTT,V,1.475,T,0.13980354183075958
GCA,A,1.254,A,0.07983985709253745
GCC,A,0.546,C,0.031082474803132407
GCG,A,-0.961,G,0.030499202444442125
GCT,A,1.86,T,0.10416382495647589
GAC,D,-0.668,C,0.06890771322859278
GAT,D,0.668,T,0.06890771322859278
GAA,E,1.411,A,0.09416038486000383
GAG,E,-1.411,G,0.09416038486000383
GGA,G,0.874,A,0.07639672681793418
GGC,G,-0.32,C,0.045739655644039576
GGG,G,-0.316,G,0.05763117195964728
GGT,G,0.771,T,0.08422545408525342
TTC,F,-1.439,C,0.202854755687597
TTT,F,1.439,T,0.202854755687597
TAC,Y,-0.442,C,0.14063297890025203
TAT,Y,0.442,T,0.14063297890025203
TGC,C,-0.594,C,0.21876340020027313
TGT,C,0.594,T,0.21876340020027313
