codon,amino_acid,Geobacter,third_nucl,standard_error
ATA,I,0.971,A,0.09012918918890737
ATC,I,-0.676,C,0.0596410151889896
ATT,I,0.253,T,0.06705202256423222
ACA,T,1.119,A,0.09991054863430222
ACC,T,-0.685,C,0.06105293116092801
ACG,T,0.041,G,0.07359212740675476
ACT,T,0.428,T,0.09810717162855549
AAC,N,-0.44,C,0.08577198903898794
AAT,N,0.44,T,0.08577198903898794
AAA,K,1.081,A,0.06466978163984842
AAG,K,-1.081,G,0.06466978163984842
AGC,S,-0.188,C,0.07104381400865155
AGT,S,0.6,T,0.11101209631585426
TCA,S,0.889,A,0.10794200486259996
TCC,S,-0.424,C,0.06874665327975774
TCG,S,-0.214,G,0.08411509366622155
TCT,S,0.305,T,0.11458775346652632
AGA,R,1.661,A,0.10503590135435956
AGG,R,0.326,G,0.08820128253387674
CGA,R,0.487,A,0.10488659253674437
CGC,R,-0.34,C,0.06304603058802823
CGG,R,-0.98,G,0.06555239741543131
CGT,R,0.389,T,0.09219571859235526
CTA,L,0.822,A,0.1659028418287799
CTC,L,-0.338,C,0.047624853448544925
CTG,L,-0.293,G,0.04856618701003092
CTT,L,0.188,T,0.05968465670900625
TTA,L,1.024,A,0.16455796389662114
TTG,L,0.871,G,0.08178119962370772
CCA,P,0.915,A,0.11669461796127435
CCC,P,-0.258,C,0.07215592341749774
CCG,P,-0.312,G,0.07526815302011244
CCT,P,0.435,T,0.1119413813979761
CAC,H,-0.342,C,0.10501214882454245
CAT,H,0.342,T,0.10501214882454245
CAA,Q,0.939,A,0.10685667776685981
CAG,Q,-0.939,G,0.10685667776685981
GTA,V,0.954,A,0.09100386430771325
GTC,V,-0.48,C,0.057157301338657956
GTG,V,-0.352,G,0.05517274324875885
GTT,V,0.625,T,0.06780899001769639
GCA,A,1.194,A,0.06690109658240925
GCC,A,-0.797,C,0.05129300302368383
GCG,A,-0.112,G,0.06187421827538642
GCT,A,0.348,T,0.07907063975455188
GAC,D,-0.344,C,0.06931934340264617
GAT,D,0.344,T,0.06931934340264617
GAA,E,1.207,A,0.06239023830015064
GAG,E,-1.207,G,0.06239023830015064
GGA,G,0.862,A,0.07137462527943625
GGC,G,-0.305,C,0.061342807903279714
GGG,G,-0.595,G,0.06990606702150906
GGT,G,0.325,T,0.08317643218031547
TTC,F,-0.511,C,0.07839412376972768
TTT,F,0.511,T,0.07839412376972768
TAC,Y,-0.246,C,0.09878894287317926
TAT,Y,0.246,T,0.09878894287317926
TGC,C,-0.546,C,0.15256612701590466
TGT,C,0.546,T,0.15256612701590466
