codon,amino_acid,Geobacillus,third_nucl,standard_error
ATA,I,0.393,A,0.11878154475543576
ATC,I,-0.224,C,0.05664655012444024
ATT,I,0.133,T,0.05667808161891667
ACA,T,0.543,A,0.07910451016688815
ACC,T,-0.295,C,0.08250970356464785
ACG,T,-0.251,G,0.06498982667631253
ACT,T,0.223,T,0.12750156280048383
AAC,N,-0.031,C,0.08225662152105909
AAT,N,0.031,T,0.08225662152105907
AAA,K,0.122,A,0.06372220136325756
AAG,K,-0.122,G,0.06372220136325756
AGC,S,-0.067,C,0.07791109250672398
AGT,S,0.758,T,0.1351602345080738
TCA,S,0.552,A,0.10187800512781883
TCC,S,-0.252,C,0.09086874694418133
TCG,S,-0.397,G,0.07537822371265303
TCT,S,0.177,T,0.11082553661622457
AGA,R,1.081,A,0.11231654769859202
AGG,R,0.522,G,0.13813534450465548
CGA,R,0.789,A,0.08975586814568288
CGC,R,-0.652,C,0.0605866778147604
CGG,R,-0.44,G,0.06869044924568275
CGT,R,0.333,T,0.09013054891535781
CTA,L,0.581,A,0.134018272488472
CTC,L,-0.493,C,0.06533284805658748
CTG,L,-0.231,G,0.05944247489047746
CTT,L,-0.221,T,0.06218660365992944
TTA,L,0.375,A,0.07336930168257912
TTG,L,0.333,G,0.04960654400615764
CCA,P,0.608,A,0.10013340127960219
CCC,P,0.359,C,0.13724083982972032
CCG,P,-0.626,G,0.08064325356302125
CCT,P,0.274,T,0.1255656233521217
CAC,H,-0.177,C,0.10280551042874014
CAT,H,0.177,T,0.10280551042874014
CAA,Q,0.298,A,0.07938409298459513
CAG,Q,-0.298,G,0.07938409298459513
GTA,V,0.575,A,0.09641266727498735
GTC,V,-0.522,C,0.05657315201393994
GTG,V,0.245,G,0.05418566549976226
GTT,V,0.089,T,0.0715391055255688
GCA,A,0.837,A,0.07449184847758282
GCC,A,-0.362,C,0.05861970012444706
GCG,A,-0.228,G,0.054046119366128846
GCT,A,0.178,T,0.07472590617654896
GAC,D,-0.122,C,0.0729575375790864
GAT,D,0.122,T,0.0729575375790864
GAA,E,0.409,A,0.06007369221414293
GAG,E,-0.409,G,0.06007369221414293
GGA,G,0.633,A,0.0706186571601479
GGC,G,-0.465,C,0.06397452044282331
GGG,G,-0.146,G,0.07222080755517014
GGT,G,0.179,T,0.0972954413134094
TTC,F,-0.25,C,0.07703008072974077
TTT,F,0.25,T,0.07703008072974077
TAC,Y,-0.046,C,0.083969976055778
TAT,Y,0.046,T,0.08396997605577798
TGC,C,-0.458,C,0.17373333293149298
TGT,C,0.458,T,0.17373333293149298
