codon,amino_acid,Georhizobium,third_nucl,standard_error
ATA,I,0.834,A,0.154915556369688
ATC,I,-0.631,C,0.06996164702790288
ATT,I,0.522,T,0.07527655527631123
ACA,T,0.851,A,0.08887679971640801
ACC,T,-0.082,C,0.05604490774671393
ACG,T,-0.52,G,0.056683819596521016
ACT,T,0.77,T,0.11416208830877135
AAC,N,-0.106,C,0.08531190343944227
AAT,N,0.106,T,0.08531190343944227
AAA,K,0.935,A,0.0815317094634915
AAG,K,-0.935,G,0.0815317094634915
AGC,S,0.024,C,0.0600138059031408
AGT,S,0.69,T,0.12529652345164846
TCA,S,0.827,A,0.1160588763561163
TCC,S,-0.003,C,0.06341070241961018
TCG,S,-0.679,G,0.06035780522002854
TCT,S,0.751,T,0.11510044998306429
AGA,R,1.78,A,0.15480461869086728
AGG,R,0.564,G,0.11501223494032467
CGA,R,0.689,A,0.09662167602477378
CGC,R,-0.41,C,0.05005271502283236
CGG,R,-0.368,G,0.06307031677665863
CGT,R,0.121,T,0.07178955152195515
CTA,L,0.378,A,0.15450138451647535
CTC,L,-0.239,C,0.04569970374868253
CTG,L,-0.419,G,0.04463710567178559
CTT,L,0.413,T,0.05802125569102262
TTA,L,1.041,A,0.2689239571528879
TTG,L,0.746,G,0.06832878033551285
CCA,P,0.574,A,0.10135678512322256
CCC,P,0.324,C,0.06750975120183207
CCG,P,-0.686,G,0.06169219801597543
CCT,P,0.529,T,0.10098338223898759
CAC,H,-0.018,C,0.09467578893531722
CAT,H,0.018,T,0.09467578893531722
CAA,Q,0.959,A,0.09446028250508866
CAG,Q,-0.959,G,0.09446028250508866
GTA,V,0.799,A,0.12492118282455954
GTC,V,-0.306,C,0.0521824536069451
GTG,V,-0.11,G,0.054896224178444517
GTT,V,0.482,T,0.07119789691169122
GCA,A,0.592,A,0.05405951115432435
GCC,A,-0.173,C,0.04102246917110105
GCG,A,-0.391,G,0.042928850322991874
GCT,A,0.453,T,0.06403291703826007
GAC,D,-0.094,C,0.05657024944638058
GAT,D,0.094,T,0.056570249446380574
GAA,E,0.428,A,0.06020169608318677
GAG,E,-0.428,G,0.060201696083186776
GGA,G,0.797,A,0.0804447014462835
GGC,G,-0.562,C,0.05439292495897422
GGG,G,0.11,G,0.08355762094403764
GGT,G,0.266,T,0.07072165325823224
TTC,F,-0.664,C,0.08007721378741228
TTT,F,0.664,T,0.08007721378741228
TAC,Y,-0.083,C,0.10391309461219725
TAT,Y,0.083,T,0.10391309461219726
TGC,C,-0.79,C,0.20300125017338855
TGT,C,0.79,T,0.20300125017338855
