codon,amino_acid,Geosporobacter,third_nucl,standard_error
ATA,I,0.347,A,0.0424695557198171
ATC,I,-0.338,C,0.04653951313546728
ATT,I,-0.057,T,0.0383290334952209
ACA,T,0.414,A,0.05636288586327854
ACC,T,-0.43,C,0.06799672056099632
ACG,T,-0.108,G,0.07666375908158495
ACT,T,-0.08,T,0.06795862218719004
AAC,N,0.003,C,0.05976666727210493
AAT,N,-0.003,T,0.05976666727210493
AAA,K,0.405,A,0.04181842007249348
AAG,K,-0.405,G,0.04181842007249348
AGC,S,-0.007,C,0.06714850792865976
AGT,S,0.227,T,0.059138474835795256
TCA,S,0.406,A,0.06585417909930115
TCC,S,-0.554,C,0.08575550249492314
TCG,S,0.018,G,0.11380997820514269
TCT,S,-0.341,T,0.0660591634990441
AGA,R,0.587,A,0.056909236625528055
AGG,R,-0.195,G,0.07793747310218686
CGA,R,0.066,A,0.09157154212911463
CGC,R,-0.524,C,0.11785833107018834
CGG,R,-0.817,G,0.09891581542219173
CGT,R,-0.255,T,0.08993651543754652
CTA,L,0.082,A,0.05940336115328501
CTC,L,-0.428,C,0.08941086214683654
CTG,L,-0.486,G,0.05364436302689095
CTT,L,-0.413,T,0.05271745745946703
TTA,L,0.322,A,0.04095068285437942
TTG,L,0.334,G,0.045991469550486566
CCA,P,0.44,A,0.07916206540615123
CCC,P,-0.101,C,0.10650576009748523
CCG,P,-0.223,G,0.09453355026560117
CCT,P,-0.22,T,0.08002976771446936
CAC,H,-0.231,C,0.11706227179971423
CAT,H,0.231,T,0.11706227179971423
CAA,Q,0.419,A,0.06837327567881775
CAG,Q,-0.419,G,0.06837327567881775
GTA,V,-0.135,A,0.0474142103403421
GTC,V,-0.218,C,0.08200936645838096
GTG,V,0.312,G,0.056801516123982695
GTT,V,-0.011,T,0.0512504767831279
GCA,A,0.41,A,0.0515411662422349
GCC,A,-0.565,C,0.07240123559637186
GCG,A,-0.114,G,0.081083641035929
GCT,A,-0.069,T,0.05746073618685688
GAC,D,-0.103,C,0.06682579447988725
GAT,D,0.103,T,0.06682579447988725
GAA,E,0.208,A,0.05131070854403416
GAG,E,-0.208,G,0.05131070854403416
GGA,G,0.147,A,0.052477273320414734
GGC,G,-0.276,C,0.06903731784495135
GGG,G,-0.176,G,0.07556564001332668
GGT,G,0.131,T,0.05867930271781949
TTC,F,-0.276,C,0.07411772403349708
TTT,F,0.276,T,0.07411772403349708
TAC,Y,-0.045,C,0.07777125217781852
TAT,Y,0.045,T,0.07777125217781854
TGC,C,-0.479,C,0.12602601897483082
TGT,C,0.479,T,0.12602601897483082
