codon,amino_acid,Geotalea,third_nucl,standard_error
ATA,I,0.74,A,0.06139252170739834
ATC,I,-0.761,C,0.049182064175685936
ATT,I,0.314,T,0.053845965164306474
ACA,T,0.99,A,0.07287722061205437
ACC,T,-0.755,C,0.056648034532465565
ACG,T,-0.151,G,0.07043305848355849
ACT,T,0.413,T,0.0810161242583444
AAC,N,-0.341,C,0.06633207433821595
AAT,N,0.341,T,0.06633207433821595
AAA,K,0.968,A,0.05088714936693182
AAG,K,-0.968,G,0.05088714936693182
AGC,S,-0.057,C,0.06393364878263995
AGT,S,0.431,T,0.08546956083726542
TCA,S,0.666,A,0.07990333796352905
TCC,S,-0.38,C,0.06471952981651218
TCG,S,-0.385,G,0.07692942639441505
TCT,S,0.029,T,0.08687404187404867
AGA,R,1.36,A,0.0800279287577249
AGG,R,-0.125,G,0.07626165449851927
CGA,R,0.641,A,0.09530388049802391
CGC,R,-0.568,C,0.06527162292377613
CGG,R,-0.794,G,0.06936650353526115
CGT,R,0.101,T,0.07800810983855576
CTA,L,0.726,A,0.11529676142169484
CTC,L,-0.496,C,0.04876198761491909
CTG,L,-0.478,G,0.04316719657630604
CTT,L,0.117,T,0.05373624802814828
TTA,L,1.408,A,0.09556332528410953
TTG,L,0.518,G,0.05646664005486658
CCA,P,0.81,A,0.09560701777183013
CCC,P,-0.134,C,0.0736030197477887
CCG,P,-0.54,G,0.06931225782160325
CCT,P,0.381,T,0.08841987046879482
CAC,H,-0.292,C,0.09629129975766165
CAT,H,0.292,T,0.09629129975766167
CAA,Q,1.032,A,0.08512775951616919
CAG,Q,-1.032,G,0.08512775951616919
GTA,V,0.631,A,0.06800674144312674
GTC,V,-0.525,C,0.05595097703045543
GTG,V,-0.124,G,0.05395314826023359
GTT,V,0.26,T,0.05909932065064307
GCA,A,0.877,A,0.05476156325182693
GCC,A,-0.701,C,0.05036208613935082
GCG,A,-0.298,G,0.05995516512289342
GCT,A,0.31,T,0.06374691348430558
GAC,D,-0.272,C,0.060632365189333806
GAT,D,0.272,T,0.060632365189333806
GAA,E,0.83,A,0.05678699034080305
GAG,E,-0.83,G,0.05678699034080305
GGA,G,0.668,A,0.06640300384958532
GGC,G,-0.474,C,0.05818246969577916
GGG,G,-0.414,G,0.06949038410722087
GGT,G,0.398,T,0.0669480518457632
TTC,F,-0.591,C,0.06542176890655269
TTT,F,0.591,T,0.0654217689065527
TAC,Y,-0.349,C,0.08171606748645736
TAT,Y,0.349,T,0.08171606748645736
TGC,C,-0.553,C,0.1257022110651245
TGT,C,0.553,T,0.1257022110651245
