codon,amino_acid,Geovibrio,third_nucl,standard_error
ATA,I,-0.108,A,0.05882496225343632
ATC,I,-0.423,C,0.06581858309122794
ATT,I,0.53,T,0.06521593128783526
ACA,T,0.289,A,0.07690578724110043
ACC,T,-0.258,C,0.08207038721484282
ACG,T,-0.245,G,0.09771497956933059
ACT,T,0.129,T,0.09142011393511841
AAC,N,-0.563,C,0.08300969575268945
AAT,N,0.563,T,0.08300969575268945
AAA,K,0.67,A,0.05974142065961523
AAG,K,-0.67,G,0.059741420659615234
AGC,S,0.064,C,0.07432698576310309
AGT,S,0.591,T,0.11139769025531938
TCA,S,0.213,A,0.08659002383950552
TCC,S,-0.733,C,0.08312400024235218
TCG,S,-0.12,G,0.11700778588161125
TCT,S,0.349,T,0.10742778439911424
AGA,R,0.626,A,0.07619947024094734
AGG,R,-0.235,G,0.08917879707102197
CGA,R,0.484,A,0.22488555572223204
CGC,R,-0.702,C,0.10408976104220838
CGG,R,-0.026,G,0.14582840043112455
CGT,R,-0.281,T,0.1165595745236286
CTA,L,0.694,A,0.19766047882398882
CTC,L,-0.683,C,0.06400668427874663
CTG,L,-0.26,G,0.0588720819986572
CTT,L,-0.194,T,0.05450843184065814
TTA,L,1.545,A,0.11911537435525317
TTG,L,1.345,G,0.11449854695468632
CCA,P,0.742,A,0.21220056875929671
CCC,P,-0.392,C,0.10708978948590493
CCG,P,0.089,G,0.10855722986604431
CCT,P,0.137,T,0.11028778782113297
CAC,H,-0.35,C,0.14182324145434766
CAT,H,0.35,T,0.14182324145434766
CAA,Q,0.98,A,0.16326735443069562
CAG,Q,-0.98,G,0.16326735443069562
GTA,V,0.767,A,0.08321809801620875
GTC,V,-0.301,C,0.08761047809487381
GTG,V,-0.451,G,0.07174509864378485
GTT,V,0.065,T,0.06700996611906519
GCA,A,0.604,A,0.07326038184986398
GCC,A,-0.47,C,0.07446682916263261
GCG,A,-0.295,G,0.07213562825988454
GCT,A,0.18,T,0.07394184467299222
GAC,D,-0.236,C,0.07571740567691784
GAT,D,0.236,T,0.07571740567691784
GAA,E,0.794,A,0.07218228152393538
GAG,E,-0.794,G,0.07218228152393538
GGA,G,0.391,A,0.0757933446443877
GGC,G,-0.358,C,0.07305966128742254
GGG,G,-0.22,G,0.10119343290462328
GGT,G,0.2,T,0.09254789617587106
TTC,F,-0.624,C,0.07460137825620697
TTT,F,0.624,T,0.07460137825620697
TAC,Y,-0.189,C,0.09508094568474218
TAT,Y,0.189,T,0.09508094568474218
TGC,C,-0.654,C,0.17717672208487628
TGT,C,0.654,T,0.17717672208487628
