codon,amino_acid,Gibbsiella,third_nucl,standard_error
ATA,I,0.975,A,0.08613183875366535
ATC,I,-0.692,C,0.05091470388184412
ATT,I,0.31,T,0.0511283744047021
ACA,T,1.504,A,0.09462092139573544
ACC,T,-0.749,C,0.05440346942499715
ACG,T,-0.326,G,0.060808453353677024
ACT,T,0.818,T,0.08660109056613488
AAC,N,-0.7,C,0.06523622716371466
AAT,N,0.7,T,0.06523622716371466
AAA,K,0.319,A,0.060732289896184864
AAG,K,-0.319,G,0.060732289896184864
AGC,S,-0.624,C,0.054320448257341204
AGT,S,0.769,T,0.08146066579397165
TCA,S,0.814,A,0.08135635307757609
TCC,S,-0.266,C,0.06841442610513193
TCG,S,-0.45,G,0.07310331973089756
TCT,S,0.621,T,0.08392204261360436
AGA,R,1.815,A,0.14633326549167172
AGG,R,0.729,G,0.14194576904819375
CGA,R,1.045,A,0.13475726170931668
CGC,R,-0.773,C,0.05334533051790508
CGG,R,-0.383,G,0.07409348345297352
CGT,R,0.436,T,0.060260500995857134
CTA,L,0.647,A,0.09368853355927927
CTC,L,0.394,C,0.06930042591279689
CTG,L,-1.056,G,0.03838347428386101
CTT,L,0.682,T,0.06617264348272707
TTA,L,1.216,A,0.06421452694827726
TTG,L,0.168,G,0.0480225676109568
CCA,P,0.773,A,0.0802473666077276
CCC,P,0.51,C,0.0755055056714235
CCG,P,-1.183,G,0.06204144867878841
CCT,P,0.795,T,0.08613082741772123
CAC,H,-0.358,C,0.08360686061698641
CAT,H,0.358,T,0.08360686061698641
CAA,Q,0.929,A,0.06071426659349954
CAG,Q,-0.929,G,0.06071426659349954
GTA,V,0.798,A,0.07179955190480557
GTC,V,-0.131,C,0.0625927662826016
GTG,V,-0.715,G,0.05060826305593891
GTT,V,0.543,T,0.0587831662839335
GCA,A,1.074,A,0.05746001106433459
GCC,A,-0.488,C,0.04408529574355574
GCG,A,-0.624,G,0.04581369646244544
GCT,A,0.847,T,0.06288303307679086
GAC,D,-0.086,C,0.06302439604355306
GAT,D,0.086,T,0.06302439604355306
GAA,E,0.455,A,0.06484813608801196
GAG,E,-0.455,G,0.06484813608801197
GGA,G,1.264,A,0.11010948053117557
GGC,G,-0.627,C,0.05635793745852971
GGG,G,-0.15,G,0.07130106145627235
GGT,G,0.582,T,0.0679094030897027
TTC,F,-0.636,C,0.06611017834060234
TTT,F,0.636,T,0.06611017834060234
TAC,Y,-0.34,C,0.08023780709605748
TAT,Y,0.34,T,0.08023780709605748
TGC,C,-0.919,C,0.13324643324951
TGT,C,0.919,T,0.13324643324951
