codon,amino_acid,Gilliamella,third_nucl,standard_error
ATA,I,0.315,A,0.06436990489931264
ATC,I,-0.026,C,0.07305521815940258
ATT,I,-0.223,T,0.05564164603883634
ACA,T,0.394,A,0.07400820392852196
ACC,T,-0.207,C,0.09402210589999721
ACG,T,-0.057,G,0.1166017889646253
ACT,T,-0.246,T,0.07388567060580982
AAC,N,0.005,C,0.08406769435428008
AAT,N,-0.005,T,0.08406769435428008
AAA,K,-0.006,A,0.0861231359348176
AAG,K,0.006,G,0.08612313593481759
AGC,S,-0.139,C,0.10725181998100612
AGT,S,-0.152,T,0.07404147953666675
TCA,S,0.195,A,0.07134566238487816
TCC,S,-0.084,C,0.1426698937252451
TCG,S,-0.168,G,0.13088570458272633
TCT,S,0.091,T,0.07716308241303191
AGA,R,0.469,A,0.1021419449368677
AGG,R,0.105,G,0.2178077393168175
CGA,R,0.091,A,0.1130153167131599
CGC,R,-0.043,C,0.12375990675974381
CGG,R,0.105,G,0.22530033461023682
CGT,R,-0.458,T,0.09268601845619046
CTA,L,0.204,A,0.08218249490352372
CTC,L,0.017,C,0.13274435701911894
CTG,L,-0.152,G,0.12342911982009039
CTT,L,-0.188,T,0.06951774686691248
TTA,L,0.024,A,0.05019319648711139
TTG,L,0.043,G,0.07324837957183677
CCA,P,-0.116,A,0.0932029902189418
CCC,P,0.333,C,0.1572494153655625
CCG,P,-0.222,G,0.16398639499439896
CCT,P,0.077,T,0.09514978116024521
CAC,H,-0.007,C,0.1453078929244439
CAT,H,0.007,T,0.14530789292444388
CAA,Q,-0.07,A,0.10073743157526266
CAG,Q,0.07,G,0.10073743157526266
GTA,V,0.169,A,0.07704574418777085
GTC,V,-0.173,C,0.10900034383674477
GTG,V,0.227,G,0.09975033952707371
GTT,V,-0.179,T,0.0702417709778345
GCA,A,0.36,A,0.07251265281726484
GCC,A,-0.12,C,0.10145863657621143
GCG,A,-0.328,G,0.11473565292446221
GCT,A,-0.166,T,0.07376626528811715
GAC,D,0.071,C,0.10865977834730962
GAT,D,-0.071,T,0.10865977834730962
GAA,E,0.073,A,0.09892318141523493
GAG,E,-0.073,G,0.09892318141523493
GGA,G,0.296,A,0.09291555898616395
GGC,G,0.012,C,0.11203472704080986
GGG,G,0.018,G,0.1461825734061661
GGT,G,-0.238,T,0.08212013740067711
TTC,F,-0.096,C,0.11018167514738189
TTT,F,0.096,T,0.11018167514738189
TAC,Y,-0.051,C,0.11420119996283164
TAT,Y,0.051,T,0.11420119996283164
TGC,C,0.102,C,0.1859486514046434
TGT,C,-0.102,T,0.18594865140464337
