codon,amino_acid,Glaciecola,third_nucl,standard_error
ATA,I,0.344,A,0.062357343588607866
ATC,I,-0.001,C,0.06445435377411465
ATT,I,-0.261,T,0.053969718716868655
ACA,T,0.434,A,0.06581520213367949
ACC,T,-0.209,C,0.07350064413441817
ACG,T,-0.414,G,0.07910265581968383
ACT,T,0.014,T,0.06772280187520052
AAC,N,-0.248,C,0.06680825164906128
AAT,N,0.248,T,0.06680825164906128
AAA,K,0.323,A,0.062098098350570965
AAG,K,-0.323,G,0.062098098350570965
AGC,S,-0.191,C,0.06718382571993407
AGT,S,0.061,T,0.06691694333193565
TCA,S,0.239,A,0.06285696017353229
TCC,S,0.218,C,0.10360152850470075
TCG,S,-0.225,G,0.08672496984667238
TCT,S,-0.11,T,0.06882691260065799
AGA,R,0.44,A,0.08574025010529727
AGG,R,-0.064,G,0.15774202642218607
CGA,R,0.083,A,0.10064005716591802
CGC,R,-0.254,C,0.0850933872823308
CGG,R,-0.08,G,0.19613139219229675
CGT,R,-0.202,T,0.08450254135569743
CTA,L,0.029,A,0.06670157292665806
CTC,L,-0.023,C,0.08071684516687166
CTG,L,-0.427,G,0.07553492208634577
CTT,L,-0.152,T,0.061989629398564235
TTA,L,0.31,A,0.047878582039121875
TTG,L,-0.074,G,0.05594722336367176
CCA,P,0.124,A,0.08332279658209708
CCC,P,0.289,C,0.1093797573682458
CCG,P,-0.376,G,0.10776625661250605
CCT,P,-0.061,T,0.08529565927980282
CAC,H,-0.083,C,0.10555742982845161
CAT,H,0.083,T,0.10555742982845162
CAA,Q,0.47,A,0.07843254684978251
CAG,Q,-0.47,G,0.07843254684978251
GTA,V,0.363,A,0.0668587169110999
GTC,V,-0.049,C,0.08075336800090592
GTG,V,-0.027,G,0.06798626776151107
GTT,V,-0.246,T,0.060304053789886514
GCA,A,0.277,A,0.057080853470796215
GCC,A,-0.035,C,0.07343753346236183
GCG,A,-0.191,G,0.07009864319248772
GCT,A,-0.141,T,0.06059157505926467
GAC,D,-0.079,C,0.07016308036765066
GAT,D,0.079,T,0.07016308036765066
GAA,E,0.57,A,0.07860418587788255
GAG,E,-0.57,G,0.07860418587788255
GGA,G,0.392,A,0.09154584343489183
GGC,G,-0.251,C,0.07519112944331226
GGG,G,-0.081,G,0.1270615132831429
GGT,G,0.024,T,0.07206256943515789
TTC,F,-0.11,C,0.07968891659790535
TTT,F,0.11,T,0.07968891659790536
TAC,Y,-0.063,C,0.09502400641885798
TAT,Y,0.063,T,0.09502400641885798
TGC,C,-0.102,C,0.1596587537468625
TGT,C,0.102,T,0.1596587537468625
