codon,amino_acid,Glaesserella,third_nucl,standard_error
ATA,I,0.485,A,0.11124287741663462
ATC,I,-0.081,C,0.07656055371984226
ATT,I,-0.133,T,0.06984372335070692
ACA,T,0.405,A,0.08426403161028022
ACC,T,-0.216,C,0.08971231791703178
ACG,T,-0.466,G,0.11777292684935174
ACT,T,0.023,T,0.08793568642875471
AAC,N,0.311,C,0.08822154948848551
AAT,N,-0.311,T,0.08822154948848551
AAA,K,0.428,A,0.09788575919744955
AAG,K,-0.428,G,0.09788575919744953
AGC,S,-0.268,C,0.10270549631023655
AGT,S,0.112,T,0.09364712293379333
TCA,S,0.203,A,0.0927482830666367
TCC,S,0.359,C,0.1493119615150605
TCG,S,-0.456,G,0.13977120265972245
TCT,S,-0.031,T,0.08858467239611412
AGA,R,0.629,A,0.11974656802989284
AGG,R,0.126,G,0.2868048533167182
CGA,R,-0.048,A,0.135298735257736
CGC,R,-0.225,C,0.12513281612619753
CGG,R,-1.004,G,0.28133931509585114
CGT,R,-0.113,T,0.09135141874160509
CTA,L,0.337,A,0.09768229342136643
CTC,L,0.403,C,0.11612046878578802
CTG,L,-0.435,G,0.11780808310012729
CTT,L,0.442,T,0.07282231989441178
TTA,L,-0.12,A,0.056571971006692784
TTG,L,-0.504,G,0.07903068984415758
CCA,P,0.049,A,0.10062815092778384
CCC,P,0.44,C,0.17753614923580416
CCG,P,-0.247,G,0.1297519406839317
CCT,P,-0.043,T,0.10411407569940556
CAC,H,-0.326,C,0.13346976282598577
CAT,H,0.326,T,0.13346976282598577
CAA,Q,0.747,A,0.10330552303295079
CAG,Q,-0.747,G,0.10330552303295079
GTA,V,0.206,A,0.08899402279263557
GTC,V,0.022,C,0.11510497856864305
GTG,V,-0.477,G,0.09077827281779062
GTT,V,0.223,T,0.08269961260541352
GCA,A,0.263,A,0.07292188703001355
GCC,A,-0.019,C,0.09616293838012102
GCG,A,-0.594,G,0.10380005212852901
GCT,A,0.075,T,0.0802124627660022
GAC,D,0.172,C,0.11039144223719007
GAT,D,-0.172,T,0.11039144223719007
GAA,E,0.508,A,0.09894631796135488
GAG,E,-0.508,G,0.09894631796135486
GGA,G,0.218,A,0.11621870734812266
GGC,G,0.085,C,0.10070842333435642
GGG,G,-0.461,G,0.1383329969670356
GGT,G,0.017,T,0.09315686536905646
TTC,F,-0.524,C,0.10107164416496607
TTT,F,0.524,T,0.10107164416496607
TAC,Y,0.209,C,0.11679587214110058
TAT,Y,-0.209,T,0.11679587214110058
TGC,C,-0.007,C,0.20181368902770266
TGT,C,0.007,T,0.20181368902770266
