codon,amino_acid,Gleimia,third_nucl,standard_error
ATA,I,0.689,A,0.1451436879488329
ATC,I,-0.363,C,0.09105941701311092
ATT,I,0.077,T,0.0903748457324876
ACA,T,0.663,A,0.10989580818345508
ACC,T,-0.39,C,0.08431884656886864
ACG,T,-0.488,G,0.08524810300249
ACT,T,0.627,T,0.10203921648537254
AAC,N,-0.463,C,0.12080735898875541
AAT,N,0.463,T,0.1208073589887554
AAA,K,0.043,A,0.09477898060251753
AAG,K,-0.043,G,0.09477898060251753
AGC,S,0.41,C,0.11180905403723407
AGT,S,0.979,T,0.1208434242472088
TCA,S,0.185,A,0.11375841257232362
TCC,S,-0.709,C,0.10137023000966057
TCG,S,-0.474,G,0.09930462485513633
TCT,S,-0.093,T,0.10907721682351446
AGA,R,1.536,A,0.21062495616216392
AGG,R,0.976,G,0.19176525615665818
CGA,R,0.557,A,0.13829314286120284
CGC,R,-0.426,C,0.08327743620373747
CGG,R,-0.679,G,0.09627020875006607
CGT,R,0.312,T,0.10181170134147736
CTA,L,0.269,A,0.10118075581066475
CTC,L,-0.319,C,0.09138972507192691
CTG,L,-0.462,G,0.07445245262285133
CTT,L,0.296,T,0.10369417579706088
TTA,L,0.477,A,0.11356178760786484
TTG,L,0.22,G,0.08281027336844032
CCA,P,0.261,A,0.11330551384849939
CCC,P,-0.096,C,0.10199235909047934
CCG,P,-0.387,G,0.09727058128261992
CCT,P,0.497,T,0.13090757021876473
CAC,H,-0.547,C,0.1560711667771139
CAT,H,0.547,T,0.1560711667771139
CAA,Q,0.247,A,0.10640968907968779
CAG,Q,-0.247,G,0.10640968907968777
GTA,V,0.164,A,0.10021328428832924
GTC,V,-0.277,C,0.10551186970572282
GTG,V,-0.078,G,0.06938638830958936
GTT,V,0.165,T,0.08138762311390305
GCA,A,0.55,A,0.07821629482760703
GCC,A,-0.307,C,0.0793312999310643
GCG,A,-0.586,G,0.07045723057853429
GCT,A,0.564,T,0.08372200674235578
GAC,D,-0.48,C,0.09258175819358481
GAT,D,0.48,T,0.09258175819358481
GAA,E,0.326,A,0.0884900074842602
GAG,E,-0.326,G,0.0884900074842602
GGA,G,0.554,A,0.11095886090379281
GGC,G,-0.108,C,0.0930531479502979
GGG,G,-0.496,G,0.09492114017659128
GGT,G,0.237,T,0.09468470479405297
TTC,F,-0.902,C,0.11763471824930995
TTT,F,0.902,T,0.11763471824930995
TAC,Y,-0.713,C,0.16835967243610805
TAT,Y,0.713,T,0.16835967243610805
TGC,C,-0.529,C,0.2539558271742312
TGT,C,0.529,T,0.2539558271742312
