codon,amino_acid,Gloeomargarita,third_nucl,standard_error
ATA,I,0.439,A,0.1285548178049066
ATC,I,0.024,C,0.07351688259096865
ATT,I,-0.154,T,0.06954343160566988
ACA,T,0.239,A,0.10166614380108244
ACC,T,-0.211,C,0.06357873535163348
ACG,T,-0.209,G,0.07760670590371871
ACT,T,0.513,T,0.09220536727084377
AAC,N,0.239,C,0.09383676195281257
AAT,N,-0.239,T,0.09383676195281257
AAA,K,0.228,A,0.09454187127478061
AAG,K,-0.228,G,0.09454187127478061
AGC,S,-0.256,C,0.08975098584901714
AGT,S,-0.152,T,0.08103404836743068
TCA,S,0.249,A,0.11724555713543805
TCC,S,0.045,C,0.08128184929565148
TCG,S,-0.17,G,0.11265081152039476
TCT,S,0.412,T,0.09940610572250964
AGA,R,0.409,A,0.16623404404625486
AGG,R,0.263,G,0.17643652983930452
CGA,R,0.312,A,0.11101886022944762
CGC,R,-0.258,C,0.07701008407994947
CGG,R,-0.409,G,0.06728169790439466
CGT,R,0.626,T,0.08627476043091391
CTA,L,0.335,A,0.09045253670378427
CTC,L,0.267,C,0.07621165386073098
CTG,L,-0.17,G,0.05506005403201584
CTT,L,0.588,T,0.0940310088410844
TTA,L,-0.006,A,0.06133362114524569
TTG,L,-0.245,G,0.049882991081393026
CCA,P,0.543,A,0.09889862861643156
CCC,P,-0.083,C,0.06753822404129874
CCG,P,-0.501,G,0.0753991538492841
CCT,P,0.418,T,0.09362512273041834
CAC,H,0.227,C,0.11558251340965213
CAT,H,-0.227,T,0.11558251340965213
CAA,Q,0.414,A,0.07023020320168501
CAG,Q,-0.414,G,0.07023020320168501
GTA,V,0.165,A,0.08503664726279928
GTC,V,0.152,C,0.08060880778911848
GTG,V,-0.501,G,0.05892009008962071
GTT,V,0.559,T,0.07593094173441814
GCA,A,0.633,A,0.07684601740527058
GCC,A,-0.295,C,0.059551061329520004
GCG,A,-0.363,G,0.06322183622512853
GCT,A,0.37,T,0.07436262411168912
GAC,D,0.275,C,0.08309226008606663
GAT,D,-0.275,T,0.08309226008606663
GAA,E,0.137,A,0.07808262038808277
GAG,E,-0.137,G,0.07808262038808277
GGA,G,0.24,A,0.09457914275544874
GGC,G,0.077,C,0.07834660713816809
GGG,G,-0.465,G,0.06850315559115146
GGT,G,0.358,T,0.07566472969900782
TTC,F,0.184,C,0.09858217819267777
TTT,F,-0.184,T,0.09858217819267777
TAC,Y,0.056,C,0.09847823358530533
TAT,Y,-0.056,T,0.09847823358530533
TGC,C,-0.029,C,0.17118719390034853
TGT,C,0.029,T,0.17118719390034853
