codon,amino_acid,Gloeothece,third_nucl,standard_error
ATA,I,0.246,A,0.04898971959317517
ATC,I,0.031,C,0.04507565793172156
ATT,I,-0.175,T,0.03843250091209027
ACA,T,0.447,A,0.04963673704971139
ACC,T,-0.322,C,0.04721380450230869
ACG,T,-0.439,G,0.06992131544619136
ACT,T,0.091,T,0.04401374195598014
AAC,N,0.415,C,0.04995818181457709
AAT,N,-0.415,T,0.04995818181457709
AAA,K,0.091,A,0.05286106356055828
AAG,K,-0.091,G,0.05286106356055828
AGC,S,-0.003,C,0.058210893619614824
AGT,S,-0.242,T,0.04746682533749821
TCA,S,0.285,A,0.05127769753244563
TCC,S,0.153,C,0.06496641266128711
TCG,S,-0.427,G,0.081071403509886
TCT,S,0.052,T,0.04387591685835181
AGA,R,0.315,A,0.05884215590666743
AGG,R,0.11,G,0.09966957845233182
CGA,R,0.021,A,0.06376687631385673
CGC,R,-0.258,C,0.06552772227420475
CGG,R,-0.225,G,0.08462091845653878
CGT,R,-0.05,T,0.059737206337854336
CTA,L,0.362,A,0.04786391843904862
CTC,L,0.071,C,0.05313090561191729
CTG,L,-0.08,G,0.05594979306595019
CTT,L,0.213,T,0.04581439306345715
TTA,L,-0.255,A,0.03186639432887437
TTG,L,-0.019,G,0.04558237230622721
CCA,P,0.625,A,0.06108081390635758
CCC,P,-0.097,C,0.05454373654306164
CCG,P,-0.543,G,0.07160827984627063
CCT,P,-0.078,T,0.050254759234438756
CAC,H,0.492,C,0.09148587368387796
CAT,H,-0.492,T,0.09148587368387796
CAA,Q,0.261,A,0.05520876486127963
CAG,Q,-0.261,G,0.05520876486127963
GTA,V,0.081,A,0.052771730599110965
GTC,V,-0.112,C,0.05833516515466504
GTG,V,-0.129,G,0.05434115173122986
GTT,V,0.098,T,0.04519686336659405
GCA,A,0.589,A,0.05144209086379778
GCC,A,-0.24,C,0.049897557705323774
GCG,A,-0.408,G,0.06684804224162284
GCT,A,-0.051,T,0.04463117072933777
GAC,D,0.385,C,0.056969728539256144
GAT,D,-0.385,T,0.056969728539256144
GAA,E,0.162,A,0.053420036408834776
GAG,E,-0.162,G,0.053420036408834776
GGA,G,0.049,A,0.05275899642063642
GGC,G,-0.09,C,0.06627240509524798
GGG,G,-0.356,G,0.06951566074365015
GGT,G,0.258,T,0.05610554402022957
TTC,F,0.121,C,0.0671265850707435
TTT,F,-0.121,T,0.0671265850707435
TAC,Y,0.577,C,0.06878978110153891
TAT,Y,-0.577,T,0.06878978110153891
TGC,C,0.247,C,0.12502233723441417
TGT,C,-0.247,T,0.12502233723441417
