codon,amino_acid,Gluconacetobacter,third_nucl,standard_error
ATA,I,1.0,A,0.17418391360956992
ATC,I,-0.715,C,0.07983772203134903
ATT,I,0.564,T,0.0860467012650479
ACA,T,1.091,A,0.11688974286872925
ACC,T,-0.283,C,0.05748891403346308
ACG,T,-0.262,G,0.05870532435004616
ACT,T,1.216,T,0.163342080218167
AAC,N,-0.164,C,0.10069333111229471
AAT,N,0.164,T,0.10069333111229471
AAA,K,1.047,A,0.10525750913637993
AAG,K,-1.047,G,0.10525750913637993
AGC,S,-0.283,C,0.06964993846472338
AGT,S,0.386,T,0.14495478923519492
TCA,S,0.911,A,0.15011659833559385
TCC,S,0.382,C,0.06728407584932046
TCG,S,-0.706,G,0.06696815366826779
TCT,S,1.264,T,0.16684412101232562
AGA,R,1.76,A,0.21142995843343798
AGG,R,0.718,G,0.1252953148498505
CGA,R,1.123,A,0.11762475853546281
CGC,R,-0.485,C,0.05167587630006369
CGG,R,-0.49,G,0.058169990783112406
CGT,R,0.772,T,0.08024163542527231
CTA,L,0.349,A,0.20490812012519077
CTC,L,0.63,C,0.06967851802314774
CTG,L,-1.154,G,0.05126741220036759
CTT,L,1.128,T,0.08252541542723883
TTA,L,1.328,A,0.229032078103168
TTG,L,0.85,G,0.09376689175683114
CCA,P,0.861,A,0.13886472245681797
CCC,P,0.194,C,0.05962038956838709
CCG,P,-0.656,G,0.05813853996213786
CCT,P,1.298,T,0.13775118361593117
CAC,H,0.171,C,0.09654490195144029
CAT,H,-0.171,T,0.09654490195144029
CAA,Q,0.99,A,0.11846707633929275
CAG,Q,-0.99,G,0.11846707633929275
GTA,V,0.79,A,0.13802956215540707
GTC,V,-0.305,C,0.05548925661295933
GTG,V,-0.226,G,0.05594507116038171
GTT,V,1.208,T,0.1028104644505941
GCA,A,0.747,A,0.08100928447092547
GCC,A,-0.082,C,0.04295925861796604
GCG,A,-0.367,G,0.04431686768307815
GCT,A,1.055,T,0.10020712473087236
GAC,D,-0.391,C,0.06356331639915098
GAT,D,0.391,T,0.06356331639915098
GAA,E,0.263,A,0.07395976241080988
GAG,E,-0.263,G,0.07395976241080988
GGA,G,0.877,A,0.08317293134814084
GGC,G,-0.552,C,0.05529755353838672
GGG,G,-0.146,G,0.06630740265506616
GGT,G,0.662,T,0.08678634262435975
TTC,F,-1.088,C,0.10024769862069403
TTT,F,1.088,T,0.10024769862069402
TAC,Y,-0.217,C,0.11392032692066495
TAT,Y,0.217,T,0.11392032692066495
TGC,C,-0.818,C,0.21245655630163746
TGT,C,0.818,T,0.21245655630163746
