codon,amino_acid,Gluconobacter,third_nucl,standard_error
ATA,I,0.528,A,0.15900289917746827
ATC,I,-0.367,C,0.07190748037514838
ATT,I,0.272,T,0.07421865057102797
ACA,T,0.419,A,0.08128915865741453
ACC,T,0.2,C,0.06320742418788666
ACG,T,-0.647,G,0.06327751775582348
ACT,T,0.459,T,0.10183343866906634
AAC,N,0.019,C,0.0960377123360147
AAT,N,-0.019,T,0.0960377123360147
AAA,K,0.743,A,0.0879491410905864
AAG,K,-0.743,G,0.0879491410905864
AGC,S,-0.356,C,0.0686432399892234
AGT,S,-0.104,T,0.10544685475647282
TCA,S,0.306,A,0.10180358914594269
TCC,S,0.224,C,0.06302588130489915
TCG,S,-0.647,G,0.08004551930756071
TCT,S,0.734,T,0.09217333850885458
AGA,R,1.211,A,0.14778316215915244
AGG,R,0.365,G,0.13850405902037746
CGA,R,0.42,A,0.12245222421761305
CGC,R,-0.203,C,0.05959890169271018
CGG,R,-0.378,G,0.07318495029894258
CGT,R,0.053,T,0.06967318119901492
CTA,L,0.38,A,0.18207649084558575
CTC,L,0.209,C,0.05885439470407513
CTG,L,-0.616,G,0.04866695466650391
CTT,L,0.44,T,0.06028106122959456
TTA,L,0.29,A,0.18904577422009117
TTG,L,0.539,G,0.09631338537351455
CCA,P,0.386,A,0.10754621022468322
CCC,P,0.381,C,0.06853337506100816
CCG,P,-0.823,G,0.06693166955011137
CCT,P,0.524,T,0.08666206377856642
CAC,H,0.329,C,0.1058872347376362
CAT,H,-0.329,T,0.1058872347376362
CAA,Q,0.631,A,0.13233241853739816
CAG,Q,-0.631,G,0.13233241853739816
GTA,V,0.251,A,0.12428135731727984
GTC,V,-0.198,C,0.06416004625104296
GTG,V,-0.127,G,0.06592420047849407
GTT,V,0.299,T,0.0696838597780304
GCA,A,0.45,A,0.06595147317271852
GCC,A,-0.031,C,0.0515022297074678
GCG,A,-0.674,G,0.059672264048838505
GCT,A,0.504,T,0.06767814434115603
GAC,D,0.016,C,0.0684489120331859
GAT,D,-0.016,T,0.06844891203318591
GAA,E,0.251,A,0.07948974336578442
GAG,E,-0.251,G,0.07948974336578442
GGA,G,0.465,A,0.07913422355865295
GGC,G,-0.295,C,0.065223857452872
GGG,G,-0.277,G,0.0848890144239221
GGT,G,0.231,T,0.07843037695992613
TTC,F,-0.562,C,0.08375049014259799
TTT,F,0.562,T,0.08375049014259799
TAC,Y,0.185,C,0.12175514899992805
TAT,Y,-0.185,T,0.12175514899992802
TGC,C,-0.005,C,0.16754400409867862
TGT,C,0.005,T,0.16754400409867862
