codon,amino_acid,Glutamicibacter,third_nucl,standard_error
ATA,I,1.183,A,0.20208810898338567
ATC,I,-1.107,C,0.07829715625037734
ATT,I,0.995,T,0.08174490947053842
ACA,T,1.237,A,0.11893066054730289
ACC,T,-0.859,C,0.0593851716813888
ACG,T,0.012,G,0.07184537413065971
ACT,T,1.16,T,0.10230471492079371
AAC,N,-0.814,C,0.09834194642447143
AAT,N,0.814,T,0.09834194642447143
AAA,K,1.188,A,0.09368580998809818
AAG,K,-1.188,G,0.09368580998809818
AGC,S,0.328,C,0.06173657128240078
AGT,S,1.046,T,0.13592430836713634
TCA,S,0.966,A,0.11290666968717142
TCC,S,-0.65,C,0.0600937925970008
TCG,S,-0.62,G,0.06602147370876713
TCT,S,0.968,T,0.12398513008444854
AGA,R,1.096,A,0.2056442399058715
AGG,R,0.54,G,0.13410055776442298
CGA,R,1.04,A,0.10837075451997735
CGC,R,-0.581,C,0.05902632226287251
CGG,R,-0.269,G,0.07756274794139048
CGT,R,0.403,T,0.08784221119868693
CTA,L,1.51,A,0.15681204274285865
CTC,L,0.179,C,0.05972255752751084
CTG,L,-0.997,G,0.04822234058965694
CTT,L,0.89,T,0.0827423089911219
TTA,L,1.246,A,0.2204882642836878
TTG,L,0.697,G,0.070525097122505
CCA,P,1.208,A,0.1005803412401633
CCC,P,0.171,C,0.07137514170880314
CCG,P,-0.952,G,0.06451189156473616
CCT,P,0.609,T,0.10423719226330402
CAC,H,-0.24,C,0.10667602927718527
CAT,H,0.24,T,0.10667602927718525
CAA,Q,1.005,A,0.10129220885072489
CAG,Q,-1.005,G,0.10129220885072489
GTA,V,1.107,A,0.10474849311496562
GTC,V,-0.317,C,0.05633545408161199
GTG,V,-0.294,G,0.05266917280980827
GTT,V,0.543,T,0.0771943361360386
GCA,A,1.035,A,0.05893175530581217
GCC,A,-0.529,C,0.04409697813983399
GCG,A,-0.505,G,0.051000271588009946
GCT,A,0.803,T,0.07258243512484028
GAC,D,-0.617,C,0.06998441450333488
GAT,D,0.617,T,0.06998441450333488
GAA,E,0.724,A,0.060847246946504674
GAG,E,-0.724,G,0.060847246946504674
GGA,G,0.714,A,0.07426273897952052
GGC,G,-0.607,C,0.05886011240131256
GGG,G,-0.095,G,0.08087573556624103
GGT,G,0.495,T,0.08567351158096954
TTC,F,-1.541,C,0.11844648551096841
TTT,F,1.541,T,0.11844648551096841
TAC,Y,-0.562,C,0.128436753505182
TAT,Y,0.562,T,0.128436753505182
TGC,C,-0.294,C,0.3173598496420443
TGT,C,0.294,T,0.3173598496420443
