codon,amino_acid,Glycocaulis,third_nucl,standard_error
ATA,I,0.359,A,0.11605147157051733
ATC,I,-0.414,C,0.07263014858877107
ATT,I,0.325,T,0.07943700603658048
ACA,T,0.895,A,0.1092130689438183
ACC,T,-0.068,C,0.06723753473778031
ACG,T,-0.582,G,0.07269330688706083
ACT,T,0.629,T,0.1324469375189097
AAC,N,0.313,C,0.1021573902781877
AAT,N,-0.313,T,0.1021573902781877
AAA,K,0.896,A,0.09300048092477274
AAG,K,-0.896,G,0.09300048092477273
AGC,S,0.099,C,0.0700947838572556
AGT,S,0.54,T,0.1373737963360252
TCA,S,0.341,A,0.11265847355540892
TCC,S,-0.039,C,0.07691339202145395
TCG,S,-0.789,G,0.08549987477482171
TCT,S,0.548,T,0.12575816158248695
AGA,R,1.453,A,0.19206855967807812
AGG,R,0.433,G,0.14379322747658052
CGA,R,0.761,A,0.17962343242651743
CGC,R,-0.44,C,0.059883610632141905
CGG,R,-0.189,G,0.07786681411251936
CGT,R,0.376,T,0.08257419844633698
CTA,L,0.382,A,0.18052581443149407
CTC,L,0.108,C,0.06050716909942496
CTG,L,-0.776,G,0.05087144931868288
CTT,L,0.731,T,0.06829529068013411
TTA,L,0.816,A,0.2665293607648397
TTG,L,0.734,G,0.09618559275633799
CCA,P,0.644,A,0.13824271023768692
CCC,P,0.492,C,0.07582205062744686
CCG,P,-0.75,G,0.07226757815893467
CCT,P,0.24,T,0.09970383460049768
CAC,H,0.32,C,0.11724540481966349
CAT,H,-0.32,T,0.11724540481966349
CAA,Q,1.05,A,0.12649520460653965
CAG,Q,-1.05,G,0.12649520460653965
GTA,V,0.734,A,0.11596419902921039
GTC,V,-0.073,C,0.0681586679622156
GTG,V,-0.592,G,0.06672000627501606
GTT,V,0.772,T,0.09129393748124434
GCA,A,0.507,A,0.06901291551761367
GCC,A,0.035,C,0.045821055472323347
GCG,A,-0.586,G,0.05095009700705737
GCT,A,0.533,T,0.07137845190162413
GAC,D,0.027,C,0.07053886270013236
GAT,D,-0.027,T,0.07053886270013236
GAA,E,0.792,A,0.07579295372038654
GAG,E,-0.792,G,0.07579295372038654
GGA,G,1.021,A,0.10538557666047814
GGC,G,-0.532,C,0.06589535985996738
GGG,G,-0.082,G,0.09118705993847002
GGT,G,0.345,T,0.09097169571787454
TTC,F,-0.585,C,0.088948903465028
TTT,F,0.585,T,0.08894890346502801
TAC,Y,0.064,C,0.1221581271442215
TAT,Y,-0.064,T,0.12215812714422151
TGC,C,-0.375,C,0.24606540866176937
TGT,C,0.375,T,0.24606540866176937
