codon,amino_acid,Gordonia,third_nucl,standard_error
ATA,I,0.962,A,0.1908314928338958
ATC,I,-1.068,C,0.1091327960281425
ATT,I,1.061,T,0.1299547348743774
ACA,T,0.934,A,0.08136714912736898
ACC,T,-0.185,C,0.04311530532318806
ACG,T,-0.36,G,0.04754704672134372
ACT,T,0.879,T,0.11163158186603966
AAC,N,-0.367,C,0.10101465187997599
AAT,N,0.367,T,0.101014651879976
AAA,K,0.846,A,0.11027373607976676
AAG,K,-0.846,G,0.11027373607976676
AGC,S,0.248,C,0.05598750497991955
AGT,S,0.59,T,0.08982204314245913
TCA,S,0.687,A,0.10073242348395513
TCC,S,0.022,C,0.052896043068107315
TCG,S,-0.743,G,0.04846488690293515
TCT,S,1.134,T,0.1399178847152438
AGA,R,1.631,A,0.16723626875383107
AGG,R,0.799,G,0.1159328145996723
CGA,R,0.481,A,0.0647776374829361
CGC,R,-0.289,C,0.04457358563699492
CGG,R,-0.409,G,0.04912158652340683
CGT,R,0.185,T,0.06030620007581581
CTA,L,0.261,A,0.16100819497693666
CTC,L,-0.116,C,0.04250381854895598
CTG,L,-0.211,G,0.04178825003385584
CTT,L,0.789,T,0.11472143622721809
TTA,L,1.355,A,0.4109855010514356
TTG,L,0.473,G,0.06740662924966066
CCA,P,0.975,A,0.09713676139080973
CCC,P,0.234,C,0.050541489799792304
CCG,P,-0.693,G,0.048623342970488204
CCT,P,1.053,T,0.12082050002428653
CAC,H,-0.158,C,0.0902505820141803
CAT,H,0.158,T,0.0902505820141803
CAA,Q,0.712,A,0.10127571406799882
CAG,Q,-0.712,G,0.10127571406799882
GTA,V,0.6,A,0.1123473243249019
GTC,V,-0.613,C,0.039560438090131565
GTG,V,0.379,G,0.039370382700321026
GTT,V,0.846,T,0.09639807638829619
GCA,A,0.764,A,0.05208347515806529
GCC,A,-0.143,C,0.03561207275202887
GCG,A,-0.402,G,0.03640348803547926
GCT,A,0.796,T,0.0809791652735033
GAC,D,-0.438,C,0.05215540475444376
GAT,D,0.438,T,0.05215540475444376
GAA,E,0.704,A,0.05964037484486878
GAG,E,-0.704,G,0.05964037484486878
GGA,G,0.482,A,0.059688101275475705
GGC,G,-0.406,C,0.04473244938378116
GGG,G,0.091,G,0.05739859277622595
GGT,G,0.129,T,0.05410876122640997
TTC,F,-1.083,C,0.1476318989867367
TTT,F,1.083,T,0.1476318989867367
TAC,Y,-0.388,C,0.1094668935946366
TAT,Y,0.388,T,0.1094668935946366
TGC,C,-0.71,C,0.17029082526180714
TGT,C,0.71,T,0.17029082526180714
