codon,amino_acid,Gottschalkia,third_nucl,standard_error
ATA,I,-0.127,A,0.04963836979198262
ATC,I,0.17,C,0.10426691472467985
ATT,I,0.096,T,0.051654307365736264
ACA,T,0.264,A,0.075336044007558
ACC,T,0.036,C,0.174783854602742
ACG,T,0.241,G,0.1521379658962357
ACT,T,-0.33,T,0.07550687683614997
AAC,N,-0.079,C,0.07892239931226995
AAT,N,0.079,T,0.07892239931226995
AAA,K,0.173,A,0.056110733352323396
AAG,K,-0.173,G,0.056110733352323396
AGC,S,0.328,C,0.10896329538799153
AGT,S,0.299,T,0.06626532347742406
TCA,S,-0.04,A,0.06888378802452846
TCC,S,0.145,C,0.197761449816658
TCG,S,0.466,G,0.17980356406744427
TCT,S,-0.554,T,0.07327044097216959
AGA,R,-0.198,A,0.09425061138347011
AGG,R,0.305,G,0.12262659182911896
CGA,R,0.458,A,0.22185538043881986
CGC,R,-0.039,C,0.394248863359394
CGG,R,0.882,G,0.592940438331177
CGT,R,-0.294,T,0.1684046805379294
CTA,L,-0.308,A,0.06785584311615148
CTC,L,-0.075,C,0.19605952105062105
CTG,L,-0.333,G,0.1453160004989343
CTT,L,-0.494,T,0.06833116385177702
TTA,L,0.024,A,0.050597114809736936
TTG,L,1.037,G,0.0809745148818401
CCA,P,0.113,A,0.11459108537886165
CCC,P,0.203,C,0.2945319883277208
CCG,P,0.072,G,0.249500205106301
CCT,P,-0.164,T,0.11702659447294426
CAC,H,-0.091,C,0.17427513618786847
CAT,H,0.091,T,0.17427513618786847
CAA,Q,0.25,A,0.13652386268782932
CAG,Q,-0.25,G,0.13652386268782932
GTA,V,-0.336,A,0.06438735498418172
GTC,V,0.271,C,0.15737240744917266
GTG,V,0.965,G,0.09988232343015159
GTT,V,-0.163,T,0.0682774434579813
GCA,A,0.177,A,0.08061657063053167
GCC,A,-0.148,C,0.18411245990416594
GCG,A,-0.048,G,0.17702394828338874
GCT,A,-0.14,T,0.08126601876972255
GAC,D,-0.157,C,0.08891056369633607
GAT,D,0.157,T,0.08891056369633607
GAA,E,0.086,A,0.0741750168356902
GAG,E,-0.086,G,0.0741750168356902
GGA,G,-0.073,A,0.07332131924978605
GGC,G,0.224,C,0.14768998173481937
GGG,G,-0.056,G,0.13262704118936453
GGT,G,0.042,T,0.07853770596862124
TTC,F,-0.43,C,0.10942388092840638
TTT,F,0.43,T,0.10942388092840638
TAC,Y,-0.01,C,0.10605562635894655
TAT,Y,0.01,T,0.10605562635894655
TGC,C,-0.204,C,0.20209159643552152
TGT,C,0.204,T,0.20209159643552152
