codon,amino_acid,Gracilinema,third_nucl,standard_error
ATA,I,0.488,A,0.06415412188101072
ATC,I,-0.342,C,0.0652370307571671
ATT,I,-0.132,T,0.05653565662195539
ACA,T,0.405,A,0.08089094856857916
ACC,T,-0.429,C,0.07088011687157346
ACG,T,0.01,G,0.10916118251852348
ACT,T,0.156,T,0.0835261661061159
AAC,N,0.22,C,0.08439099315179742
AAT,N,-0.22,T,0.08439099315179742
AAA,K,0.278,A,0.06546131630428313
AAG,K,-0.278,G,0.06546131630428313
AGC,S,0.111,C,0.09058947741424744
AGT,S,0.312,T,0.08362136812596846
TCA,S,0.176,A,0.0863985971487226
TCC,S,-0.374,C,0.08517058306054251
TCG,S,-0.274,G,0.12070812587165254
TCT,S,-0.067,T,0.080734564778278
AGA,R,0.694,A,0.10210795803094024
AGG,R,0.19,G,0.12047286672621016
CGA,R,0.294,A,0.09175577013318986
CGC,R,-0.258,C,0.10645382734096198
CGG,R,-0.71,G,0.08025754747933185
CGT,R,0.166,T,0.09359189426308898
CTA,L,0.484,A,0.09748465262370445
CTC,L,-0.413,C,0.06879176075330351
CTG,L,-0.259,G,0.06291059340078646
CTT,L,-0.259,T,0.05727600785387076
TTA,L,0.424,A,0.06354788003508575
TTG,L,0.419,G,0.0750530314401325
CCA,P,0.335,A,0.09967227910563065
CCC,P,-0.2,C,0.08899143171571972
CCG,P,-0.102,G,0.11156760041389627
CCT,P,0.0,T,0.09218389153484227
CAC,H,0.137,C,0.13173707411236796
CAT,H,-0.137,T,0.13173707411236799
CAA,Q,0.351,A,0.08518380873916377
CAG,Q,-0.351,G,0.08518380873916377
GTA,V,0.126,A,0.06953483645480216
GTC,V,-0.234,C,0.08989215616785738
GTG,V,0.039,G,0.0749725550775149
GTT,V,-0.018,T,0.06916219188038701
GCA,A,0.431,A,0.06836598104827268
GCC,A,-0.312,C,0.06928446434913403
GCG,A,0.039,G,0.09124333241070211
GCT,A,-0.153,T,0.07127408104900763
GAC,D,-0.149,C,0.08701162156274005
GAT,D,0.149,T,0.08701162156274005
GAA,E,0.308,A,0.08076147902719315
GAG,E,-0.308,G,0.08076147902719315
GGA,G,0.467,A,0.07795745652139047
GGC,G,-0.304,C,0.0880954410550872
GGG,G,-0.308,G,0.09348004331084607
GGT,G,0.007,T,0.07517363958558335
TTC,F,-0.135,C,0.09113007961354125
TTT,F,0.135,T,0.09113007961354125
TAC,Y,0.031,C,0.10408148493715083
TAT,Y,-0.031,T,0.10408148493715082
TGC,C,-0.11,C,0.1745740167731046
TGT,C,0.11,T,0.1745740167731046
