codon,amino_acid,Granulicella,third_nucl,standard_error
ATA,I,0.793,A,0.10928166588170903
ATC,I,-0.683,C,0.05676837712289954
ATT,I,0.509,T,0.06002299967020911
ACA,T,0.59,A,0.06516138228323268
ACC,T,-0.273,C,0.05054567975864189
ACG,T,-0.412,G,0.053568681725100015
ACT,T,0.548,T,0.07356506891929253
AAC,N,-0.371,C,0.07007322674794429
AAT,N,0.371,T,0.07007322674794429
AAA,K,0.968,A,0.06573067484629389
AAG,K,-0.968,G,0.06573067484629389
AGC,S,-0.278,C,0.05559942686206492
AGT,S,0.38,T,0.08540635150384973
TCA,S,0.625,A,0.08544605960060705
TCC,S,-0.028,C,0.0582451185439202
TCG,S,-0.464,G,0.05658160149507302
TCT,S,0.483,T,0.07296884046609829
AGA,R,1.075,A,0.09793997964048388
AGG,R,0.269,G,0.10479696330869359
CGA,R,0.621,A,0.08144297805504344
CGC,R,-0.584,C,0.050852790280824386
CGG,R,-0.361,G,0.06964093737194045
CGT,R,0.193,T,0.06364249831682635
CTA,L,0.662,A,0.09315901914572312
CTC,L,-0.122,C,0.04262830096991327
CTG,L,-0.84,G,0.042100441827227095
CTT,L,0.418,T,0.051292237953092866
TTA,L,1.1,A,0.11458393268440006
TTG,L,0.658,G,0.05701763635988865
CCA,P,0.51,A,0.07840341025105627
CCC,P,-0.015,C,0.058518645326670636
CCG,P,-0.471,G,0.05814118968433547
CCT,P,0.286,T,0.06931242601531563
CAC,H,-0.148,C,0.08532990039407642
CAT,H,0.148,T,0.08532990039407642
CAA,Q,1.187,A,0.07461232077239724
CAG,Q,-1.187,G,0.07461232077239723
GTA,V,0.503,A,0.06930525970088891
GTC,V,-0.528,C,0.051054168566993255
GTG,V,-0.033,G,0.05032641214253065
GTT,V,0.392,T,0.059211775558747015
GCA,A,0.819,A,0.04995656591345571
GCC,A,-0.301,C,0.04337124071774935
GCG,A,-0.585,G,0.04692282437457985
GCT,A,0.277,T,0.05328565595890929
GAC,D,-0.214,C,0.06190007920529354
GAT,D,0.214,T,0.06190007920529354
GAA,E,0.89,A,0.05825128043975181
GAG,E,-0.89,G,0.05825128043975181
GGA,G,0.452,A,0.06198790814674453
GGC,G,-0.557,C,0.05479145398389843
GGG,G,-0.062,G,0.07888299449672696
GGT,G,0.396,T,0.06695013502846947
TTC,F,-0.513,C,0.06547648013927093
TTT,F,0.513,T,0.06547648013927093
TAC,Y,-0.145,C,0.08750810447916303
TAT,Y,0.145,T,0.08750810447916303
TGC,C,-0.796,C,0.14617453168109742
TGT,C,0.796,T,0.14617453168109742
