codon,amino_acid,Granulosicoccus,third_nucl,standard_error
ATA,I,0.558,A,0.059084102997441316
ATC,I,-0.328,C,0.04349429093832598
ATT,I,0.016,T,0.04476607073982318
ACA,T,0.489,A,0.05005977731347555
ACC,T,-0.477,C,0.04573772048952407
ACG,T,-0.378,G,0.05288786316058487
ACT,T,0.458,T,0.05421880588391575
AAC,N,0.092,C,0.05448723984851635
AAT,N,-0.092,T,0.05448723984851634
AAA,K,0.67,A,0.050877529762224746
AAG,K,-0.67,G,0.050877529762224746
AGC,S,0.024,C,0.046343650103088364
AGT,S,-0.037,T,0.05028784919709182
TCA,S,0.186,A,0.050729663239239775
TCC,S,0.003,C,0.05307880930146613
TCG,S,-0.38,G,0.05600822070189322
TCT,S,0.168,T,0.05798846017190896
AGA,R,0.923,A,0.07049483445788621
AGG,R,0.292,G,0.09637145311370714
CGA,R,0.201,A,0.0573573320298783
CGC,R,-0.386,C,0.050093169270781696
CGG,R,-0.278,G,0.07368076166118556
CGT,R,-0.236,T,0.05218990504298197
CTA,L,0.624,A,0.06727585713032692
CTC,L,0.375,C,0.05013283919042052
CTG,L,-0.702,G,0.034006387326094144
CTT,L,0.277,T,0.049925121753298045
TTA,L,0.761,A,0.07197573137851988
TTG,L,0.086,G,0.04104256041499061
CCA,P,0.222,A,0.060722667606350963
CCC,P,0.142,C,0.0575754204101209
CCG,P,-0.472,G,0.05759383695535099
CCT,P,0.147,T,0.05914492297902797
CAC,H,0.21,C,0.07316350619876912
CAT,H,-0.21,T,0.07316350619876912
CAA,Q,0.714,A,0.05494737407374256
CAG,Q,-0.714,G,0.05494737407374256
GTA,V,0.36,A,0.05508739689801577
GTC,V,-0.326,C,0.04551765066119264
GTG,V,0.103,G,0.043383601466531134
GTT,V,-0.033,T,0.04789267602228572
GCA,A,0.368,A,0.04121044463141098
GCC,A,-0.206,C,0.039372256674257665
GCG,A,-0.218,G,0.047514034183421684
GCT,A,0.033,T,0.04473981894988508
GAC,D,0.18,C,0.04766260317257482
GAT,D,-0.18,T,0.04766260317257482
GAA,E,0.508,A,0.04980347195337233
GAG,E,-0.508,G,0.04980347195337233
GGA,G,0.469,A,0.0598417348300655
GGC,G,-0.001,C,0.04768167611411215
GGG,G,-0.084,G,0.072494244129866
GGT,G,-0.276,T,0.050380826320675864
TTC,F,-0.155,C,0.05617931933218031
TTT,F,0.155,T,0.0561793193321803
TAC,Y,0.184,C,0.07370922455014124
TAT,Y,-0.184,T,0.07370922455014124
TGC,C,0.155,C,0.10966192100095598
TGT,C,-0.155,T,0.10966192100095598
