codon,amino_acid,Grimontia,third_nucl,standard_error
ATA,I,0.692,A,0.09728692672903794
ATC,I,-0.344,C,0.05898626793622365
ATT,I,0.066,T,0.05800231750204006
ACA,T,0.624,A,0.07198519541706323
ACC,T,-0.628,C,0.06316379010948533
ACG,T,0.085,G,0.08065869877283142
ACT,T,0.128,T,0.0782197449154104
AAC,N,-0.177,C,0.07209243938669359
AAT,N,0.177,T,0.07209243938669359
AAA,K,0.126,A,0.0662526103234258
AAG,K,-0.126,G,0.0662526103234258
AGC,S,-0.102,C,0.06921528701037914
AGT,S,0.084,T,0.0776507600296951
TCA,S,0.218,A,0.07321047734819441
TCC,S,-0.13,C,0.0841927457262379
TCG,S,-0.304,G,0.09094854905503989
TCT,S,0.116,T,0.07362701761002488
AGA,R,1.027,A,0.11372284881779873
AGG,R,0.223,G,0.1392456504945953
CGA,R,0.755,A,0.11813564903433829
CGC,R,-0.27,C,0.0720237628888289
CGG,R,-0.387,G,0.11293870863929856
CGT,R,-0.367,T,0.07140896176539281
CTA,L,0.617,A,0.09797798595151862
CTC,L,0.209,C,0.07124174508912538
CTG,L,-0.783,G,0.04820023520439884
CTT,L,0.279,T,0.06000838975082026
TTA,L,0.789,A,0.07256607298507474
TTG,L,-0.019,G,0.057751632261619286
CCA,P,0.102,A,0.08187618276502688
CCC,P,0.12,C,0.0933649637209759
CCG,P,-0.484,G,0.08432023919547166
CCT,P,0.303,T,0.085690302726376
CAC,H,-0.183,C,0.09967583920258145
CAT,H,0.183,T,0.09967583920258145
CAA,Q,0.75,A,0.07343458757769883
CAG,Q,-0.75,G,0.07343458757769883
GTA,V,0.343,A,0.07319252333956412
GTC,V,-0.073,C,0.07006677742194375
GTG,V,-0.457,G,0.05872403468202871
GTT,V,0.33,T,0.06230364855313819
GCA,A,0.217,A,0.05695342853394091
GCC,A,-0.267,C,0.059704752503880784
GCG,A,-0.305,G,0.06085174656551947
GCT,A,0.403,T,0.06579133152597234
GAC,D,-0.051,C,0.06925655522574659
GAT,D,0.051,T,0.06925655522574659
GAA,E,0.433,A,0.07281255403829134
GAG,E,-0.433,G,0.07281255403829134
GGA,G,0.874,A,0.09087514877616804
GGC,G,-0.249,C,0.06916081268599171
GGG,G,-0.287,G,0.09688167080821944
GGT,G,-0.091,T,0.07016872897428209
TTC,F,-0.412,C,0.07511069598541364
TTT,F,0.412,T,0.07511069598541363
TAC,Y,-0.036,C,0.09126505113480872
TAT,Y,0.036,T,0.09126505113480872
TGC,C,0.067,C,0.14893640899140312
TGT,C,-0.067,T,0.14893640899140312
