codon,amino_acid,Gudongella,third_nucl,standard_error
ATA,I,0.016,A,0.061761660533934885
ATC,I,-0.26,C,0.0690708580892101
ATT,I,0.235,T,0.0687593898057853
ACA,T,0.075,A,0.08644835284520216
ACC,T,-0.253,C,0.09823693227771294
ACG,T,0.122,G,0.14083655035588902
ACT,T,0.094,T,0.0954263430824751
AAC,N,-0.11,C,0.08851669493689811
AAT,N,0.11,T,0.08851669493689811
AAA,K,0.614,A,0.06326390812950275
AAG,K,-0.614,G,0.06326390812950275
AGC,S,0.144,C,0.09174036407589345
AGT,S,0.513,T,0.1049098541649489
TCA,S,-0.037,A,0.08650235736139708
TCC,S,-0.609,C,0.12021976684491124
TCG,S,-0.174,G,0.1499531548886772
TCT,S,-0.084,T,0.11071829032674031
AGA,R,0.412,A,0.0813234778064098
AGG,R,-0.435,G,0.08948361312703883
CGA,R,0.531,A,0.17807347920669006
CGC,R,-0.551,C,0.25401775391159
CGG,R,-0.572,G,0.20109415812603063
CGT,R,-0.084,T,0.20618105484112387
CTA,L,0.434,A,0.10225388537529488
CTC,L,-0.986,C,0.1161152002565974
CTG,L,-0.326,G,0.0770221038938957
CTT,L,-0.693,T,0.06371551318301706
TTA,L,0.711,A,0.08228664529352413
TTG,L,0.864,G,0.07647185297129126
CCA,P,0.198,A,0.1217872345576709
CCC,P,-0.107,C,0.15317462614111554
CCG,P,0.145,G,0.14773231277306592
CCT,P,-0.227,T,0.12273300660139658
CAC,H,0.046,C,0.16812298591632818
CAT,H,-0.046,T,0.16812298591632818
CAA,Q,0.689,A,0.12315640872059418
CAG,Q,-0.689,G,0.12315640872059418
GTA,V,0.206,A,0.07587568458778791
GTC,V,-0.433,C,0.10154129541611329
GTG,V,0.35,G,0.09172692304136149
GTT,V,-0.214,T,0.07892020963716911
GCA,A,0.345,A,0.07967235600347236
GCC,A,-0.286,C,0.11026632745051779
GCG,A,-0.061,G,0.12840821031403354
GCT,A,-0.201,T,0.0877084292569664
GAC,D,-0.107,C,0.08342593568370409
GAT,D,0.107,T,0.08342593568370409
GAA,E,0.701,A,0.07313030978690634
GAG,E,-0.701,G,0.07313030978690634
GGA,G,0.062,A,0.07687889370749207
GGC,G,-0.042,C,0.09310214220671989
GGG,G,-0.221,G,0.1077902461624001
GGT,G,0.108,T,0.08779401770755696
TTC,F,-0.705,C,0.09752770311812572
TTT,F,0.705,T,0.09752770311812572
TAC,Y,0.073,C,0.10192771863522343
TAT,Y,-0.073,T,0.10192771863522343
TGC,C,-0.446,C,0.21492731866256973
TGT,C,0.446,T,0.21492731866256973
