codon,amino_acid,Gulosibacter,third_nucl,standard_error
ATA,I,0.976,A,0.24120280646703163
ATC,I,-0.83,C,0.07671578758408601
ATT,I,0.762,T,0.07874038961850423
ACA,T,0.704,A,0.10617411302079549
ACC,T,-0.22,C,0.05781911428930931
ACG,T,-0.541,G,0.06091830936467706
ACT,T,1.081,T,0.09740667686192608
AAC,N,-0.487,C,0.10644165800582306
AAT,N,0.487,T,0.10644165800582306
AAA,K,1.05,A,0.11449980390283317
AAG,K,-1.05,G,0.11449980390283317
AGC,S,0.231,C,0.07116558039428865
AGT,S,0.611,T,0.1241621476045693
TCA,S,0.722,A,0.11574038957793012
TCC,S,0.034,C,0.07641916964352229
TCG,S,-0.923,G,0.06391237176000095
TCT,S,1.121,T,0.13805139524003002
AGA,R,1.253,A,0.2147282371049341
AGG,R,0.327,G,0.14670928443466819
CGA,R,0.619,A,0.0834326472793484
CGC,R,-0.384,C,0.05882567929302208
CGG,R,-0.477,G,0.07788124165241521
CGT,R,0.344,T,0.08222214464453365
CTA,L,0.493,A,0.14155198070121744
CTC,L,-0.503,C,0.05236191512197647
CTG,L,-0.209,G,0.05855121893105339
CTT,L,0.564,T,0.08087276181207637
TTA,L,1.123,A,0.27394588148500276
TTG,L,0.845,G,0.08669407170516659
CCA,P,0.776,A,0.10428545830453322
CCC,P,0.214,C,0.07162238692255671
CCG,P,-0.692,G,0.06816182205844207
CCT,P,0.41,T,0.11466330618803758
CAC,H,-0.476,C,0.13550144089908883
CAT,H,0.476,T,0.13550144089908883
CAA,Q,0.9,A,0.1027424871338061
CAG,Q,-0.9,G,0.1027424871338061
GTA,V,0.825,A,0.11414958218991524
GTC,V,-0.617,C,0.056279900550926826
GTG,V,0.214,G,0.05474321257104297
GTT,V,0.388,T,0.08107228073780631
GCA,A,0.762,A,0.06274289682126788
GCC,A,-0.027,C,0.05064010335885135
GCG,A,-0.684,G,0.04969485816582301
GCT,A,0.535,T,0.0744165675959099
GAC,D,-0.311,C,0.06777995685922557
GAT,D,0.311,T,0.06777995685922557
GAA,E,0.879,A,0.0656136804977256
GAG,E,-0.879,G,0.0656136804977256
GGA,G,1.013,A,0.09042500715020602
GGC,G,-0.463,C,0.06130963844943152
GGG,G,-0.072,G,0.08177738768190426
GGT,G,0.06,T,0.07621785382515968
TTC,F,-0.86,C,0.10854344995888551
TTT,F,0.86,T,0.10854344995888551
TAC,Y,-0.588,C,0.13200843749867486
TAT,Y,0.588,T,0.13200843749867486
TGC,C,-0.017,C,0.2920878431038011
TGT,C,0.017,T,0.2920878431038011
