codon,amino_acid,Gynuella,third_nucl,standard_error
ATA,I,0.418,A,0.059057917981313664
ATC,I,-0.169,C,0.04734091840495009
ATT,I,-0.099,T,0.04512960620196342
ACA,T,0.469,A,0.060049715934104894
ACC,T,-0.346,C,0.05133450067214164
ACG,T,-0.226,G,0.0707648844235864
ACT,T,0.148,T,0.05916100244029727
AAC,N,-0.027,C,0.05900824064529161
AAT,N,0.027,T,0.05900824064529161
AAA,K,0.311,A,0.05573548239602122
AAG,K,-0.311,G,0.05573548239602122
AGC,S,-0.223,C,0.0582320273699394
AGT,S,0.125,T,0.05589839324683032
TCA,S,0.268,A,0.06029771041191428
TCC,S,-0.145,C,0.0597599025351128
TCG,S,-0.237,G,0.07524359907270961
TCT,S,0.124,T,0.06158257417156137
AGA,R,0.673,A,0.07364289968977232
AGG,R,0.214,G,0.10631675868303544
CGA,R,0.55,A,0.07847989580539073
CGC,R,-0.281,C,0.06655571863659465
CGG,R,-0.839,G,0.07651673332164013
CGT,R,-0.062,T,0.062064691856040057
CTA,L,0.522,A,0.07704204716042547
CTC,L,-0.039,C,0.05989840587123832
CTG,L,-0.666,G,0.03836560176791887
CTT,L,0.252,T,0.056506957536631854
TTA,L,0.689,A,0.05226507850665102
TTG,L,0.066,G,0.04437091240594447
CCA,P,0.203,A,0.0700478462289085
CCC,P,0.15,C,0.07341985747863512
CCG,P,-0.52,G,0.06928264208593404
CCT,P,0.214,T,0.07065085059947811
CAC,H,-0.014,C,0.08184061382220294
CAT,H,0.014,T,0.08184061382220294
CAA,Q,0.738,A,0.057458507679210555
CAG,Q,-0.738,G,0.057458507679210555
GTA,V,0.234,A,0.05899862777535741
GTC,V,-0.324,C,0.05622897355230611
GTG,V,-0.08,G,0.050871139644036986
GTT,V,0.178,T,0.051318079262549186
GCA,A,0.37,A,0.05034847159029515
GCC,A,-0.392,C,0.04905348270809307
GCG,A,-0.11,G,0.06073574961119303
GCT,A,0.145,T,0.053111663332075
GAC,D,-0.08,C,0.059443157193199994
GAT,D,0.08,T,0.0594431571932
GAA,E,0.601,A,0.06095693551257017
GAG,E,-0.601,G,0.06095693551257017
GGA,G,0.257,A,0.066884526399719
GGC,G,-0.034,C,0.060214088806367486
GGG,G,-0.17,G,0.08476559675410195
GGT,G,-0.074,T,0.05716683993160454
TTC,F,-0.197,C,0.0625311328179776
TTT,F,0.197,T,0.0625311328179776
TAC,Y,-0.015,C,0.07654342707899887
TAT,Y,0.015,T,0.07654342707899887
TGC,C,-0.096,C,0.12267987745157997
TGT,C,0.096,T,0.12267987745157997
