codon,amino_acid,Haemophilus,third_nucl,standard_error
ATA,I,0.445,A,0.14357950073354137
ATC,I,-0.143,C,0.07909021818616035
ATT,I,0.001,T,0.07502361629841041
ACA,T,0.578,A,0.10113373386471065
ACC,T,-0.418,C,0.08758936916057292
ACG,T,-0.135,G,0.12458953464210878
ACT,T,0.046,T,0.0971551248751991
AAC,N,-0.018,C,0.09408602950923242
AAT,N,0.018,T,0.09408602950923242
AAA,K,0.146,A,0.10149949759306207
AAG,K,-0.146,G,0.10149949759306207
AGC,S,-0.229,C,0.09552356277124968
AGT,S,-0.009,T,0.10009161083225174
TCA,S,0.39,A,0.10360834846351225
TCC,S,-0.081,C,0.10314252084454968
TCG,S,-0.332,G,0.15193605269218252
TCT,S,0.118,T,0.10392961450097304
AGA,R,1.064,A,0.16771264451341802
AGG,R,0.314,G,0.4881795246213091
CGA,R,0.428,A,0.15392552813857382
CGC,R,-0.238,C,0.10603254369671514
CGG,R,-0.242,G,0.18841916306283663
CGT,R,-0.291,T,0.0943882801887851
CTA,L,-0.121,A,0.0976700981291556
CTC,L,0.26,C,0.10298001564003195
CTG,L,-0.12,G,0.10470202544816423
CTT,L,0.589,T,0.0831701494626992
TTA,L,0.141,A,0.05867109727815054
TTG,L,-0.671,G,0.07246696604172997
CCA,P,-0.346,A,0.11271180653428328
CCC,P,0.623,C,0.15631512946671672
CCG,P,-0.576,G,0.11467897061964703
CCT,P,0.712,T,0.12348034326658199
CAC,H,0.131,C,0.15317838718764176
CAT,H,-0.131,T,0.15317838718764176
CAA,Q,0.451,A,0.10660201631343597
CAG,Q,-0.451,G,0.10660201631343597
GTA,V,-0.017,A,0.09295088034817256
GTC,V,0.02,C,0.12032473637494191
GTG,V,-0.306,G,0.08943706621092525
GTT,V,0.312,T,0.08868555615627068
GCA,A,0.376,A,0.07477701833395924
GCC,A,-0.106,C,0.07911528326202591
GCG,A,-0.34,G,0.0926798976101343
GCT,A,-0.064,T,0.08337118405819649
GAC,D,0.376,C,0.12074097057533104
GAT,D,-0.376,T,0.12074097057533104
GAA,E,0.417,A,0.11353498956466267
GAG,E,-0.417,G,0.11353498956466267
GGA,G,0.09,A,0.126796541656677
GGC,G,0.322,C,0.09618601123100162
GGG,G,-0.265,G,0.15736126469771916
GGT,G,-0.248,T,0.09331656279363527
TTC,F,-0.672,C,0.09968578884556444
TTT,F,0.672,T,0.09968578884556444
TAC,Y,0.268,C,0.1305252840859162
TAT,Y,-0.268,T,0.1305252840859162
TGC,C,-0.004,C,0.19970702934208473
TGT,C,0.004,T,0.19970702934208473
