codon,amino_acid,Haematobacter,third_nucl,standard_error
ATA,I,0.56,A,0.1354465147218596
ATC,I,-0.513,C,0.07653881478150454
ATT,I,0.426,T,0.08693279931080417
ACA,T,0.566,A,0.09248043099551072
ACC,T,0.001,C,0.05587734148261191
ACG,T,-0.393,G,0.05929642694666141
ACT,T,0.543,T,0.12217935648847049
AAC,N,0.058,C,0.10002284055972474
AAT,N,-0.058,T,0.10002284055972474
AAA,K,1.063,A,0.09377274304195499
AAG,K,-1.063,G,0.09377274304195499
AGC,S,0.163,C,0.0672425133977951
AGT,S,0.544,T,0.1476567947843573
TCA,S,0.517,A,0.14011128191132013
TCC,S,-0.184,C,0.06271988039377124
TCG,S,-0.489,G,0.07020484938135678
TCT,S,0.775,T,0.12495586287543244
AGA,R,1.792,A,0.18106681696764593
AGG,R,0.566,G,0.10809200142956278
CGA,R,0.586,A,0.10982100864960408
CGC,R,0.014,C,0.05061775450868775
CGG,R,-0.708,G,0.05757059114805967
CGT,R,0.185,T,0.07559232768496446
CTA,L,0.482,A,0.1880291123605546
CTC,L,0.225,C,0.04670481296165928
CTG,L,-0.567,G,0.0433158237221846
CTT,L,0.415,T,0.05656217364010293
TTA,L,0.175,A,0.31853381992950636
TTG,L,0.354,G,0.08130887639541873
CCA,P,0.37,A,0.11574384281627735
CCC,P,0.342,C,0.059941053938460206
CCG,P,-0.628,G,0.059332228230469096
CCT,P,0.528,T,0.09794699999417644
CAC,H,0.192,C,0.10148366266660544
CAT,H,-0.192,T,0.10148366266660544
CAA,Q,0.961,A,0.10771295764163916
CAG,Q,-0.961,G,0.10771295764163916
GTA,V,0.452,A,0.13063780526516178
GTC,V,-0.008,C,0.05493622795952075
GTG,V,-0.348,G,0.054446506077829714
GTT,V,0.605,T,0.08049659166370207
GCA,A,0.436,A,0.06300142851294353
GCC,A,0.119,C,0.04174047553916173
GCG,A,-0.498,G,0.04265974524929252
GCT,A,0.502,T,0.07171841350363785
GAC,D,0.07,C,0.060007920490748455
GAT,D,-0.07,T,0.060007920490748455
GAA,E,0.874,A,0.06349896876088205
GAG,E,-0.874,G,0.06349896876088205
GGA,G,0.542,A,0.08139748581425879
GGC,G,-0.169,C,0.054712372999259046
GGG,G,-0.234,G,0.06612854253783663
GGT,G,0.182,T,0.07600557313126365
TTC,F,-0.421,C,0.08703158798785034
TTT,F,0.421,T,0.08703158798785034
TAC,Y,-0.086,C,0.10406008498199552
TAT,Y,0.086,T,0.10406008498199554
TGC,C,-0.18,C,0.20947970869104982
TGT,C,0.18,T,0.20947970869104982
