codon,amino_acid,Haematospirillum,third_nucl,standard_error
ATA,I,0.401,A,0.11126429639184779
ATC,I,-0.134,C,0.0807824176137133
ATT,I,-0.082,T,0.08119289359389806
ACA,T,0.264,A,0.08128339024038819
ACC,T,-0.2,C,0.07622564971404765
ACG,T,-0.411,G,0.0899209353565579
ACT,T,0.594,T,0.11886998189758688
AAC,N,-0.028,C,0.1130897552716596
AAT,N,0.028,T,0.1130897552716596
AAA,K,0.573,A,0.09717138536905183
AAG,K,-0.573,G,0.09717138536905183
AGC,S,-0.155,C,0.09022713808014542
AGT,S,0.183,T,0.12206887573576439
TCA,S,0.011,A,0.10731390564011752
TCC,S,-0.088,C,0.08222148770091733
TCG,S,-0.204,G,0.1054462073113523
TCT,S,0.312,T,0.09319594090236782
AGA,R,0.721,A,0.15193915326599824
AGG,R,0.393,G,0.13814156293134947
CGA,R,0.253,A,0.15149518379859755
CGC,R,-0.152,C,0.073873684358999
CGG,R,-0.173,G,0.08607428822602392
CGT,R,-0.076,T,0.07538225513136966
CTA,L,-0.144,A,0.1499076081723547
CTC,L,0.369,C,0.0978855468188649
CTG,L,-0.371,G,0.05837403069641416
CTT,L,0.247,T,0.06679522914730467
TTA,L,0.439,A,0.16016309066625867
TTG,L,0.024,G,0.07281740820357414
CCA,P,0.035,A,0.10425334763813814
CCC,P,0.107,C,0.08629799061332696
CCG,P,-0.421,G,0.08491721324120545
CCT,P,0.364,T,0.09461721481841237
CAC,H,0.125,C,0.11781708914762212
CAT,H,-0.125,T,0.11781708914762212
CAA,Q,0.258,A,0.1142745307563801
CAG,Q,-0.258,G,0.11427453075638008
GTA,V,-0.083,A,0.10221175113082963
GTC,V,-0.339,C,0.07631350027190684
GTG,V,0.287,G,0.07282757626790888
GTT,V,0.056,T,0.06764691831002546
GCA,A,0.086,A,0.07308412151291994
GCC,A,-0.105,C,0.06143558903196918
GCG,A,-0.152,G,0.07903540952536904
GCT,A,0.19,T,0.07226457875182274
GAC,D,-0.043,C,0.07914072681182902
GAT,D,0.043,T,0.07914072681182902
GAA,E,0.529,A,0.08840077076931827
GAG,E,-0.529,G,0.08840077076931825
GGA,G,0.169,A,0.09242395072492024
GGC,G,-0.043,C,0.07914164766226672
GGG,G,-0.285,G,0.08850070694070225
GGT,G,0.167,T,0.08188183944449605
TTC,F,-0.34,C,0.0982610346785092
TTT,F,0.34,T,0.09826103467850922
TAC,Y,0.029,C,0.1298470492110661
TAT,Y,-0.029,T,0.1298470492110661
TGC,C,-0.396,C,0.17635446015631318
TGT,C,0.396,T,0.17635446015631318
