codon,amino_acid,Hahella,third_nucl,standard_error
ATA,I,0.63,A,0.06040227449424277
ATC,I,-0.468,C,0.04512096929804238
ATT,I,0.101,T,0.045588120334160626
ACA,T,0.639,A,0.06738105562848769
ACC,T,-0.364,C,0.049548182639230935
ACG,T,-0.326,G,0.05599460010433583
ACT,T,0.355,T,0.05946391382380183
AAC,N,-0.114,C,0.05588899599448787
AAT,N,0.114,T,0.05588899599448787
AAA,K,0.368,A,0.04675369422994172
AAG,K,-0.368,G,0.04675369422994172
AGC,S,-0.167,C,0.0472405879894002
AGT,S,0.172,T,0.06037258972199916
TCA,S,0.588,A,0.06792422899999681
TCC,S,-0.33,C,0.048866302712375825
TCG,S,-0.13,G,0.065838790350667
TCT,S,0.22,T,0.060438608213136104
AGA,R,0.864,A,0.06749481810225247
AGG,R,0.311,G,0.08876825581895126
CGA,R,0.612,A,0.07439508355315007
CGC,R,-0.62,C,0.04820855767484927
CGG,R,-0.265,G,0.06716405332928141
CGT,R,-0.076,T,0.056728571728935154
CTA,L,0.687,A,0.07020506153631974
CTC,L,0.281,C,0.05335180769318844
CTG,L,-0.787,G,0.0347402668803689
CTT,L,0.43,T,0.05166254095846175
TTA,L,0.958,A,0.05568960048420722
TTG,L,-0.149,G,0.039876855736425916
CCA,P,0.468,A,0.07154350432524886
CCC,P,-0.024,C,0.058918220514303205
CCG,P,-0.458,G,0.059803375760232126
CCT,P,0.181,T,0.0630333383180907
CAC,H,-0.036,C,0.07674319814334545
CAT,H,0.036,T,0.07674319814334545
CAA,Q,0.768,A,0.05653535488651124
CAG,Q,-0.768,G,0.05653535488651125
GTA,V,0.566,A,0.057543290127761965
GTC,V,-0.211,C,0.04878006402289045
GTG,V,-0.416,G,0.04448633661319471
GTT,V,0.335,T,0.0513604156197455
GCA,A,0.722,A,0.05439760744353014
GCC,A,-0.244,C,0.040445464286761636
GCG,A,-0.439,G,0.039993119027102314
GCT,A,0.453,T,0.04996226129555492
GAC,D,-0.226,C,0.04926353082874227
GAT,D,0.226,T,0.04926353082874227
GAA,E,0.605,A,0.04905799455954588
GAG,E,-0.605,G,0.04905799455954588
GGA,G,0.489,A,0.06053420593071328
GGC,G,-0.484,C,0.04899018826667685
GGG,G,-0.107,G,0.0703146362749712
GGT,G,0.381,T,0.06213790368839016
TTC,F,-0.555,C,0.05492556045374684
TTT,F,0.555,T,0.05492556045374684
TAC,Y,-0.046,C,0.06643423250747432
TAT,Y,0.046,T,0.06643423250747432
TGC,C,-0.28,C,0.11344162742280463
TGT,C,0.28,T,0.11344162742280464
