codon,amino_acid,Halalkalibacterium,third_nucl,standard_error
ATA,I,0.492,A,0.07840566214070241
ATC,I,-0.209,C,0.05449035203162734
ATT,I,-0.032,T,0.05102042037900953
ACA,T,0.395,A,0.06191958533023356
ACC,T,-0.137,C,0.0776369859836694
ACG,T,-0.407,G,0.061732812368605755
ACT,T,0.196,T,0.08623421823519008
AAC,N,-0.024,C,0.06988177288251088
AAT,N,0.024,T,0.06988177288251088
AAA,K,0.323,A,0.053417728809084526
AAG,K,-0.323,G,0.053417728809084526
AGC,S,0.069,C,0.07593110874510171
AGT,S,0.201,T,0.07205659779413325
TCA,S,0.416,A,0.06973872396413222
TCC,S,-0.419,C,0.09146869383431054
TCG,S,-0.351,G,0.08331946805335454
TCT,S,-0.209,T,0.07850576476331957
AGA,R,0.761,A,0.08246344778142693
AGG,R,0.047,G,0.11578948643973379
CGA,R,0.207,A,0.07148549797559671
CGC,R,-0.484,C,0.08773297757664802
CGG,R,-0.491,G,0.09422855734001843
CGT,R,-0.215,T,0.07135160403627547
CTA,L,-0.024,A,0.06414030120651507
CTC,L,-0.561,C,0.06839000616293914
CTG,L,-0.356,G,0.08148397102712607
CTT,L,-0.35,T,0.053543330943233054
TTA,L,0.247,A,0.046160662777446314
TTG,L,0.547,G,0.05433676951860629
CCA,P,0.262,A,0.07802300688259874
CCC,P,0.176,C,0.12863689569902093
CCG,P,-0.352,G,0.08767093201511171
CCT,P,-0.049,T,0.08650370872606827
CAC,H,-0.167,C,0.1010035268717621
CAT,H,0.167,T,0.10100352687176209
CAA,Q,0.168,A,0.07314164277480723
CAG,Q,-0.168,G,0.07314164277480724
GTA,V,0.205,A,0.05996992991319224
GTC,V,-0.429,C,0.060391997056449216
GTG,V,0.263,G,0.05460432297848304
GTT,V,-0.082,T,0.055285004074233854
GCA,A,0.491,A,0.060468605085533235
GCC,A,-0.357,C,0.07524570589864789
GCG,A,-0.164,G,0.06674861216466274
GCT,A,-0.129,T,0.06486726726479919
GAC,D,-0.128,C,0.07028104122410027
GAT,D,0.128,T,0.07028104122410027
GAA,E,0.308,A,0.05577871785591233
GAG,E,-0.308,G,0.05577871785591233
GGA,G,0.364,A,0.06072458923194692
GGC,G,-0.268,C,0.07754130007451925
GGG,G,-0.314,G,0.07293151954484739
GGT,G,0.035,T,0.06622513528346165
TTC,F,-0.374,C,0.07305063979780133
TTT,F,0.374,T,0.07305063979780131
TAC,Y,-0.007,C,0.08439972216494866
TAT,Y,0.007,T,0.08439972216494866
TGC,C,-0.417,C,0.16665976300940882
TGT,C,0.417,T,0.16665976300940882
