codon,amino_acid,Halarcobacter,third_nucl,standard_error
ATA,I,0.341,A,0.050329361438790736
ATC,I,-0.166,C,0.08285939799285882
ATT,I,-0.27,T,0.0491628131769826
ACA,T,0.422,A,0.07303798966260061
ACC,T,-0.344,C,0.13763474174163845
ACG,T,0.32,G,0.21296440640502648
ACT,T,-0.389,T,0.07582081730279003
AAC,N,-0.046,C,0.07738961883541569
AAT,N,0.046,T,0.07738961883541567
AAA,K,-0.23,A,0.0732764125321932
AAG,K,0.23,G,0.0732764125321932
AGC,S,0.38,C,0.12413071801825472
AGT,S,0.296,T,0.06582248719435063
TCA,S,-0.084,A,0.06596688342999335
TCC,S,-0.235,C,0.2434949705810275
TCG,S,0.713,G,0.22767981344406485
TCT,S,-0.421,T,0.07099586404498807
AGA,R,0.046,A,0.1301629730688669
AGG,R,-0.61,G,0.18044899263433833
CGA,R,0.873,A,0.3066820631062338
CGC,R,-0.821,C,0.8379088889540268
CGG,R,1.356,G,0.8030887330192288
CGT,R,0.361,T,0.2562207796250479
CTA,L,0.092,A,0.06792294042131725
CTC,L,0.134,C,0.15702507145311703
CTG,L,-0.017,G,0.19053814092193863
CTT,L,-0.635,T,0.057299416288115454
TTA,L,0.177,A,0.047424615608517885
TTG,L,0.49,G,0.07475078249591094
CCA,P,0.171,A,0.11170344026396488
CCC,P,0.539,C,0.2271135773364427
CCG,P,1.15,G,0.38305341826233413
CCT,P,-0.424,T,0.11617361788776702
CAC,H,0.079,C,0.15181472510575217
CAT,H,-0.079,T,0.15181472510575217
CAA,Q,-0.132,A,0.15159546819962635
CAG,Q,0.132,G,0.15159546819962635
GTA,V,0.283,A,0.06865516394094279
GTC,V,0.48,C,0.1877973260440843
GTG,V,1.062,G,0.12705685723419355
GTT,V,-0.671,T,0.06820827172900355
GCA,A,0.056,A,0.07418406892689608
GCC,A,0.444,C,0.14824573163861227
GCG,A,0.78,G,0.2013437010563508
GCT,A,-0.298,T,0.07809772703249225
GAC,D,0.258,C,0.10743844352292513
GAT,D,-0.258,T,0.10743844352292513
GAA,E,0.435,A,0.06399984596356605
GAG,E,-0.435,G,0.06399984596356605
GGA,G,-0.019,A,0.0808848814638158
GGC,G,0.452,C,0.16685605012484925
GGG,G,-0.415,G,0.14130667843392436
GGT,G,0.062,T,0.08102322833939837
TTC,F,-0.113,C,0.10805354752101443
TTT,F,0.113,T,0.10805354752101443
TAC,Y,0.376,C,0.108005882110894
TAT,Y,-0.376,T,0.108005882110894
TGC,C,0.041,C,0.2308145640014604
TGT,C,-0.041,T,0.2308145640014604
