codon,amino_acid,Halanaerobium,third_nucl,standard_error
ATA,I,0.247,A,0.060789470084816076
ATC,I,-0.392,C,0.08443962996642984
ATT,I,-0.041,T,0.058039508935421966
ACA,T,0.459,A,0.08842046071063688
ACC,T,-0.792,C,0.12958795627060657
ACG,T,0.41,G,0.22321173332618022
ACT,T,-0.127,T,0.08898472520665042
AAC,N,0.14,C,0.0960535777864958
AAT,N,-0.14,T,0.0960535777864958
AAA,K,0.163,A,0.07242997137752226
AAG,K,-0.163,G,0.07242997137752226
AGC,S,-0.062,C,0.10928112089010805
AGT,S,0.233,T,0.08125181653011555
TCA,S,0.122,A,0.0903459167996844
TCC,S,-0.189,C,0.16797048484784216
TCG,S,0.004,G,0.2160283036660816
TCT,S,-0.283,T,0.08651748801751832
AGA,R,0.23,A,0.09507008682466485
AGG,R,-0.312,G,0.13728904919284554
CGA,R,0.76,A,0.19076715455328677
CGC,R,-0.705,C,0.20980552710767142
CGG,R,-0.116,G,0.2574281141125995
CGT,R,-0.28,T,0.16128770404015658
CTA,L,0.092,A,0.09651286052101858
CTC,L,-0.385,C,0.14899915152732507
CTG,L,-0.528,G,0.09898157116050715
CTT,L,-0.633,T,0.07242695390595193
TTA,L,0.148,A,0.05481499959632728
TTG,L,0.813,G,0.08069799596330776
CCA,P,0.145,A,0.11810004362826271
CCC,P,-0.254,C,0.19999054423137044
CCG,P,-0.087,G,0.19208236827969558
CCT,P,-0.02,T,0.12031043518348866
CAC,H,0.122,C,0.20154262474726733
CAT,H,-0.122,T,0.20154262474726736
CAA,Q,0.583,A,0.10798279275229342
CAG,Q,-0.583,G,0.10798279275229342
GTA,V,-0.057,A,0.0799788954104844
GTC,V,-0.255,C,0.14084108155299294
GTG,V,1.155,G,0.1151078075838222
GTT,V,-0.429,T,0.07541095350588635
GCA,A,0.328,A,0.07795641119969805
GCC,A,-0.379,C,0.11949191420213394
GCG,A,0.41,G,0.18694524857524433
GCT,A,-0.223,T,0.07750242054803709
GAC,D,-0.119,C,0.11910445106505937
GAT,D,0.119,T,0.11910445106505937
GAA,E,0.302,A,0.08390292197417816
GAG,E,-0.302,G,0.08390292197417816
GGA,G,0.346,A,0.08576934001429186
GGC,G,-0.214,C,0.132286194157286
GGG,G,-0.082,G,0.13645640267719933
GGT,G,-0.211,T,0.08457960478236812
TTC,F,-0.221,C,0.13092643051616495
TTT,F,0.221,T,0.13092643051616495
TAC,Y,-0.042,C,0.1365741230407816
TAT,Y,0.042,T,0.1365741230407816
TGC,C,0.061,C,0.2799748772752163
TGT,C,-0.061,T,0.2799748772752163
