codon,amino_acid,Haliscomenobacter,third_nucl,standard_error
ATA,I,0.903,A,0.06366436269156701
ATC,I,-0.127,C,0.038776387279165304
ATT,I,-0.261,T,0.03895202495845662
ACA,T,0.934,A,0.06202404056573041
ACC,T,-0.343,C,0.043984251047071404
ACG,T,-0.471,G,0.059665533862459735
ACT,T,0.126,T,0.054760151925680775
AAC,N,0.099,C,0.048288798880473924
AAT,N,-0.099,T,0.048288798880473924
AAA,K,0.093,A,0.04594335821112047
AAG,K,-0.093,G,0.04594335821112047
AGC,S,-0.115,C,0.051507921403613745
AGT,S,-0.172,T,0.05513544290013967
TCA,S,0.758,A,0.06614382505689277
TCC,S,-0.02,C,0.05342846490438097
TCG,S,-0.565,G,0.06917108263485165
TCT,S,0.168,T,0.061338111203500974
AGA,R,1.387,A,0.07715554447867715
AGG,R,0.27,G,0.09732385323240174
CGA,R,0.352,A,0.07953196921172448
CGC,R,-0.434,C,0.053613900611529645
CGG,R,-0.916,G,0.07621704231134072
CGT,R,-0.124,T,0.06534933540376106
CTA,L,0.727,A,0.059984493946380675
CTC,L,0.297,C,0.042190803779162074
CTG,L,-0.537,G,0.037063152747568794
CTT,L,0.56,T,0.04768628252215568
TTA,L,0.539,A,0.047939355395739826
TTG,L,-0.62,G,0.03469169544264694
CCA,P,0.821,A,0.06138579351018853
CCC,P,-0.45,C,0.05778815424606766
CCG,P,-0.342,G,0.07574163316970113
CCT,P,-0.093,T,0.06344304929185399
CAC,H,0.052,C,0.07431441957976971
CAT,H,-0.052,T,0.0743144195797697
CAA,Q,0.473,A,0.05629119954220304
CAG,Q,-0.473,G,0.05629119954220304
GTA,V,0.145,A,0.04999325271454554
GTC,V,0.099,C,0.05811617910650055
GTG,V,-0.658,G,0.05321507409129173
GTT,V,0.437,T,0.05250206947475194
GCA,A,0.821,A,0.047811078436444915
GCC,A,-0.435,C,0.0435183529838638
GCG,A,-0.545,G,0.06011235895671168
GCT,A,0.085,T,0.049328742823444835
GAC,D,0.097,C,0.05417904761790653
GAT,D,-0.097,T,0.05417904761790653
GAA,E,0.328,A,0.05661802736975443
GAG,E,-0.328,G,0.05661802736975443
GGA,G,0.651,A,0.05907258262990197
GGC,G,-0.15,C,0.05460908850342226
GGG,G,-0.521,G,0.07645158934388918
GGT,G,-0.105,T,0.05946990566586215
TTC,F,0.315,C,0.04801525935070052
TTT,F,-0.315,T,0.04801525935070052
TAC,Y,0.171,C,0.05834358948324805
TAT,Y,-0.171,T,0.05834358948324805
TGC,C,0.33,C,0.10802929130267143
TGT,C,-0.33,T,0.10802929130267144
