codon,amino_acid,Haliangium,third_nucl,standard_error
ATA,I,1.115,A,0.1706528152910059
ATC,I,-1.188,C,0.08040749920217144
ATT,I,1.127,T,0.08860843087016446
ACA,T,1.452,A,0.11540426840808608
ACC,T,-0.585,C,0.04625275863811066
ACG,T,-0.1,G,0.04841625376726882
ACT,T,1.739,T,0.13164614030628205
AAC,N,-0.721,C,0.09130468138657259
AAT,N,0.721,T,0.09130468138657259
AAA,K,1.114,A,0.0775213436932002
AAG,K,-1.114,G,0.07752134369320018
AGC,S,-0.506,C,0.04087581911729897
AGT,S,1.152,T,0.11238331643856557
TCA,S,1.33,A,0.1401689346161201
TCC,S,0.674,C,0.05399667841286837
TCG,S,-0.658,G,0.04347777733886461
TCT,S,1.68,T,0.12671908078992275
AGA,R,2.319,A,0.1890936892344768
AGG,R,1.443,G,0.13999353977939355
CGA,R,1.744,A,0.07856275985489669
CGC,R,-1.073,C,0.03835298131628294
CGG,R,-0.221,G,0.05156175182813666
CGT,R,0.878,T,0.06900177459739053
CTA,L,1.195,A,0.11888324715330358
CTC,L,0.128,C,0.03387859470055244
CTG,L,-0.83,G,0.033835365455542984
CTT,L,1.441,T,0.0986689168943145
TTA,L,1.713,A,0.22917944841518775
TTG,L,1.006,G,0.061685831724689534
CCA,P,1.535,A,0.1152082297714825
CCC,P,-0.013,C,0.043560634834078044
CCG,P,-0.611,G,0.043791376396509984
CCT,P,1.32,T,0.10243679608818737
CAC,H,-0.939,C,0.0844581792069428
CAT,H,0.939,T,0.0844581792069428
CAA,Q,1.681,A,0.08416038042263028
CAG,Q,-1.681,G,0.08416038042263028
GTA,V,1.267,A,0.0992920459668949
GTC,V,-0.328,C,0.03995671473348843
GTG,V,-0.173,G,0.038696379306188175
GTT,V,1.426,T,0.10552173184131365
GCA,A,1.5,A,0.06993976113168664
GCC,A,-0.438,C,0.031099490259043846
GCG,A,-0.244,G,0.03181296693163571
GCT,A,1.274,T,0.06849026411264345
GAC,D,-0.667,C,0.05039337335122223
GAT,D,0.667,T,0.05039337335122223
GAA,E,1.489,A,0.05554269523044325
GAG,E,-1.489,G,0.05554269523044325
GGA,G,1.248,A,0.0723158515834699
GGC,G,-0.949,C,0.04469807665675653
GGG,G,0.26,G,0.06296764218911906
GGT,G,0.73,T,0.0662506698860603
TTC,F,-0.702,C,0.07064725222451546
TTT,F,0.702,T,0.07064725222451546
TAC,Y,-0.591,C,0.08944768032257087
TAT,Y,0.591,T,0.08944768032257087
TGC,C,-0.969,C,0.12499942143676174
TGT,C,0.969,T,0.12499942143676174
