codon,amino_acid,Halomicronema,third_nucl,standard_error
ATA,I,0.322,A,0.0986633910504306
ATC,I,-0.17,C,0.05175647792206498
ATT,I,0.079,T,0.051360630804135006
ACA,T,0.449,A,0.07450633539340869
ACC,T,-0.489,C,0.04870233512973258
ACG,T,0.035,G,0.06287513434674703
ACT,T,0.382,T,0.05844887157968832
AAC,N,0.045,C,0.07125182106014416
AAT,N,-0.045,T,0.07125182106014416
AAA,K,0.553,A,0.06849382524221811
AAG,K,-0.553,G,0.06849382524221811
AGC,S,-0.543,C,0.05849639551339929
AGT,S,-0.2,T,0.06321638563625231
TCA,S,0.485,A,0.07829950892295391
TCC,S,0.111,C,0.059765132499949296
TCG,S,-0.123,G,0.06896393714591226
TCT,S,0.413,T,0.06009479865109759
AGA,R,0.922,A,0.1035013395388514
AGG,R,0.487,G,0.11359663693650598
CGA,R,0.143,A,0.06331841952352171
CGC,R,-0.261,C,0.05290518822703479
CGG,R,-0.601,G,0.06023698067905539
CGT,R,0.448,T,0.06762671748866025
CTA,L,-0.013,A,0.05252076507951638
CTC,L,0.068,C,0.04771497513530636
CTG,L,-0.356,G,0.03906230573718669
CTT,L,0.683,T,0.06920247655311414
TTA,L,0.207,A,0.05642862086488669
TTG,L,-0.014,G,0.045457881690440585
CCA,P,0.218,A,0.06384503517323181
CCC,P,-0.159,C,0.05076992422021417
CCG,P,-0.398,G,0.0633462203366887
CCT,P,0.373,T,0.05934097056359839
CAC,H,0.009,C,0.08237587005308153
CAT,H,-0.009,T,0.08237587005308153
CAA,Q,0.355,A,0.05268044975287409
CAG,Q,-0.355,G,0.05268044975287409
GTA,V,-0.101,A,0.07121307103601343
GTC,V,-0.21,C,0.05274226317511243
GTG,V,-0.288,G,0.04793647900952029
GTT,V,0.721,T,0.05826303803278983
GCA,A,0.615,A,0.056276633540011556
GCC,A,-0.499,C,0.04155344682533892
GCG,A,-0.08,G,0.05570787960329133
GCT,A,0.289,T,0.04871285716246544
GAC,D,0.077,C,0.05582780840698625
GAT,D,-0.077,T,0.05582780840698625
GAA,E,0.322,A,0.057653700240819276
GAG,E,-0.322,G,0.057653700240819276
GGA,G,0.33,A,0.06873719173345305
GGC,G,-0.212,C,0.05409715208482569
GGG,G,-0.11,G,0.06300570865761773
GGT,G,0.14,T,0.06561427153723044
TTC,F,-0.065,C,0.06767677769327646
TTT,F,0.065,T,0.06767677769327646
TAC,Y,0.01,C,0.07540739480087603
TAT,Y,-0.01,T,0.07540739480087603
TGC,C,-0.248,C,0.12603781494568222
TGT,C,0.248,T,0.12603781494568222
