codon,amino_acid,Halobacillus,third_nucl,standard_error
ATA,I,0.531,A,0.06108381714369057
ATC,I,-0.218,C,0.05606849059117489
ATT,I,-0.189,T,0.04935409396644856
ACA,T,0.432,A,0.06416694692055211
ACC,T,-0.342,C,0.07496617904696479
ACG,T,-0.244,G,0.0707356522372315
ACT,T,0.023,T,0.07118448685224098
AAC,N,-0.214,C,0.06720028481381593
AAT,N,0.214,T,0.06720028481381593
AAA,K,0.155,A,0.05396787789768746
AAG,K,-0.155,G,0.05396787789768746
AGC,S,0.005,C,0.08046219829483031
AGT,S,0.407,T,0.06709066615419669
TCA,S,0.326,A,0.0703663067507577
TCC,S,-0.533,C,0.07870478500446443
TCG,S,-0.196,G,0.0983748367000131
TCT,S,-0.223,T,0.06818422952913988
AGA,R,0.601,A,0.07527909646919854
AGG,R,0.077,G,0.10683888508964463
CGA,R,0.11,A,0.09214898124874736
CGC,R,-0.302,C,0.09423303337171965
CGG,R,-0.622,G,0.11468171260289069
CGT,R,-0.255,T,0.07509341771600996
CTA,L,0.297,A,0.07499048148810138
CTC,L,-0.542,C,0.08343602097971907
CTG,L,-0.576,G,0.06269160775706015
CTT,L,-0.561,T,0.05484253674051387
TTA,L,0.446,A,0.04807287672435151
TTG,L,0.571,G,0.0589571671849203
CCA,P,0.532,A,0.08485054886430252
CCC,P,0.138,C,0.11909779123707573
CCG,P,-0.33,G,0.09710251645207389
CCT,P,-0.318,T,0.08290784554645497
CAC,H,-0.139,C,0.0978062489834031
CAT,H,0.139,T,0.0978062489834031
CAA,Q,0.679,A,0.06911972411260074
CAG,Q,-0.679,G,0.06911972411260074
GTA,V,0.127,A,0.05580774422241266
GTC,V,-0.291,C,0.06902001870952533
GTG,V,0.311,G,0.060233694505002
GTT,V,-0.219,T,0.05827083288206556
GCA,A,0.532,A,0.06408444616096214
GCC,A,-0.258,C,0.07380324538102491
GCG,A,-0.195,G,0.08143619242076042
GCT,A,-0.187,T,0.06085384369470461
GAC,D,-0.171,C,0.07266726891037385
GAT,D,0.171,T,0.07266726891037385
GAA,E,0.343,A,0.061035004007073373
GAG,E,-0.343,G,0.06103500400707337
GGA,G,0.168,A,0.060360687295281594
GGC,G,-0.375,C,0.08045780781349414
GGG,G,-0.157,G,0.07782124872409917
GGT,G,0.178,T,0.06594441404265279
TTC,F,-0.45,C,0.07070109212280808
TTT,F,0.45,T,0.07070109212280808
TAC,Y,-0.021,C,0.0809077665969078
TAT,Y,0.021,T,0.0809077665969078
TGC,C,-0.443,C,0.17680208228925348
TGT,C,0.443,T,0.17680208228925348
