codon,amino_acid,Halothermothrix,third_nucl,standard_error
ATA,I,0.152,A,0.059695391779374066
ATC,I,-0.41,C,0.08579311285009067
ATT,I,0.045,T,0.05793232458739598
ACA,T,0.658,A,0.08750890431049171
ACC,T,-0.672,C,0.08958978631825916
ACG,T,-0.13,G,0.18766127318552622
ACT,T,0.014,T,0.08826008277365067
AAC,N,-0.108,C,0.08546843950843025
AAT,N,0.108,T,0.08546843950843024
AAA,K,0.141,A,0.06349420632166244
AAG,K,-0.141,G,0.06349420632166244
AGC,S,0.002,C,0.13094199993353242
AGT,S,0.162,T,0.08370145637113599
TCA,S,0.079,A,0.09631116528701034
TCC,S,-0.432,C,0.11439350308424681
TCG,S,0.01,G,0.2169209359930242
TCT,S,0.017,T,0.09760635451571449
AGA,R,0.66,A,0.08456962171988061
AGG,R,-0.104,G,0.08507849116577818
CGA,R,0.056,A,0.18564543417486254
CGC,R,-0.031,C,0.2006135978151317
CGG,R,-0.933,G,0.12458659170214666
CGT,R,-0.258,T,0.1391370906400079
CTA,L,0.232,A,0.10628982547819335
CTC,L,-0.897,C,0.12219180016413664
CTG,L,-0.625,G,0.06925258630890306
CTT,L,-0.385,T,0.071591387023204
TTA,L,0.273,A,0.05703533060123965
TTG,L,1.032,G,0.08254644795398816
CCA,P,0.578,A,0.11886061638485254
CCC,P,-0.416,C,0.11981083101132067
CCG,P,-0.265,G,0.13698121450368134
CCT,P,0.047,T,0.11132915341222752
CAC,H,0.369,C,0.18151843668802617
CAT,H,-0.369,T,0.18151843668802617
CAA,Q,0.441,A,0.11844716435397451
CAG,Q,-0.441,G,0.11844716435397451
GTA,V,0.207,A,0.07041541465602863
GTC,V,-0.566,C,0.10515027197252845
GTG,V,0.89,G,0.0982886051376676
GTT,V,-0.396,T,0.06648171251381568
GCA,A,0.661,A,0.09501190550496344
GCC,A,-0.44,C,0.08902440353196976
GCG,A,0.009,G,0.19575768828338252
GCT,A,-0.122,T,0.08740579921426875
GAC,D,-0.224,C,0.09828929199774508
GAT,D,0.224,T,0.09828929199774508
GAA,E,0.122,A,0.07887924873617065
GAG,E,-0.122,G,0.07887924873617065
GGA,G,0.381,A,0.07642037137120462
GGC,G,-0.373,C,0.12904980291321602
GGG,G,-0.23,G,0.090064675294227
GGT,G,-0.068,T,0.07382753000474318
TTC,F,-0.138,C,0.12018992481522053
TTT,F,0.138,T,0.12018992481522053
TAC,Y,-0.156,C,0.1133817318437551
TAT,Y,0.156,T,0.1133817318437551
TGC,C,0.101,C,0.2712036240320792
TGT,C,-0.101,T,0.2712036240320792
