codon,amino_acid,Halopseudomonas,third_nucl,standard_error
ATA,I,0.613,A,0.11337724234879493
ATC,I,-0.351,C,0.06393240743717338
ATT,I,0.156,T,0.06623335756031876
ACA,T,1.315,A,0.12642547529262227
ACC,T,-0.636,C,0.06450853675417058
ACG,T,-0.083,G,0.08279120438290823
ACT,T,0.473,T,0.09113335092019433
AAC,N,-0.348,C,0.08480325202721688
AAT,N,0.348,T,0.08480325202721688
AAA,K,1.253,A,0.07757320396133822
AAG,K,-1.253,G,0.07757320396133822
AGC,S,-0.383,C,0.057396581961833025
AGT,S,0.197,T,0.08234533102628838
TCA,S,0.644,A,0.10801277198875162
TCC,S,0.247,C,0.07546703581554304
TCG,S,-0.547,G,0.07916865651099116
TCT,S,0.844,T,0.11651863649685877
AGA,R,1.927,A,0.2033236028073394
AGG,R,0.775,G,0.1927760016944674
CGA,R,0.941,A,0.12516268201792824
CGC,R,-0.471,C,0.05806522944775181
CGG,R,-0.433,G,0.09071820711127024
CGT,R,0.151,T,0.06872617592596923
CTA,L,0.617,A,0.1033438542499629
CTC,L,0.189,C,0.061675745423914734
CTG,L,-0.672,G,0.04210507690617573
CTT,L,0.826,T,0.08060971837699492
TTA,L,0.909,A,0.12966864873428433
TTG,L,0.226,G,0.05577892052900452
CCA,P,0.618,A,0.0942741239464923
CCC,P,0.299,C,0.06888204703314997
CCG,P,-0.836,G,0.0673107742278146
CCT,P,0.529,T,0.09994212065592452
CAC,H,-0.115,C,0.10046743224991046
CAT,H,0.115,T,0.10046743224991045
CAA,Q,0.815,A,0.07388452811915885
CAG,Q,-0.815,G,0.07388452811915885
GTA,V,0.392,A,0.07709721508163929
GTC,V,-0.14,C,0.06532799120127006
GTG,V,-0.436,G,0.057871631550805686
GTT,V,0.534,T,0.07402436247820939
GCA,A,0.739,A,0.06414808696096064
GCC,A,-0.219,C,0.04669915840169084
GCG,A,-0.454,G,0.05298969218929082
GCT,A,0.379,T,0.06751754292987426
GAC,D,-0.216,C,0.06559466770262529
GAT,D,0.216,T,0.06559466770262529
GAA,E,0.783,A,0.06675979350749676
GAG,E,-0.783,G,0.06675979350749676
GGA,G,1.167,A,0.11944081728528208
GGC,G,-0.504,C,0.062080321881949174
GGG,G,0.144,G,0.09622735738625295
GGT,G,0.155,T,0.07006649288978012
TTC,F,-0.342,C,0.07668220516873854
TTT,F,0.342,T,0.07668220516873854
TAC,Y,-0.193,C,0.09996705061799692
TAT,Y,0.193,T,0.09996705061799692
TGC,C,-0.643,C,0.158782600849674
TGT,C,0.643,T,0.158782600849674
