codon,amino_acid,Halomonas,third_nucl,standard_error
ATA,I,0.547,A,0.07992378578054532
ATC,I,-0.269,C,0.054524977101481506
ATT,I,0.004,T,0.05322669273862628
ACA,T,0.708,A,0.07385665052814741
ACC,T,-0.63,C,0.05212498722923161
ACG,T,0.091,G,0.06136203712360323
ACT,T,0.299,T,0.0680733986284899
AAC,N,-0.197,C,0.0692247486641164
AAT,N,0.197,T,0.0692247486641164
AAA,K,0.243,A,0.06457517882845686
AAG,K,-0.243,G,0.06457517882845686
AGC,S,-0.455,C,0.05273202145965298
AGT,S,0.165,T,0.06810704124280646
TCA,S,0.474,A,0.0733257989210297
TCC,S,-0.002,C,0.07055203940043095
TCG,S,-0.234,G,0.06867846124185681
TCT,S,0.418,T,0.07106537012933234
AGA,R,0.767,A,0.11486918122212407
AGG,R,0.241,G,0.12801867743055076
CGA,R,0.457,A,0.08217821797546171
CGC,R,-0.252,C,0.05048150907052612
CGG,R,-0.478,G,0.0800044059661564
CGT,R,0.104,T,0.057474680441069584
CTA,L,0.264,A,0.05692721008396399
CTC,L,0.095,C,0.05629560266013022
CTG,L,-0.541,G,0.04082699878450988
CTT,L,0.23,T,0.05334695653714064
TTA,L,0.444,A,0.05634369852800664
TTG,L,-0.014,G,0.05162904540077969
CCA,P,0.322,A,0.07306101891760407
CCC,P,0.137,C,0.061558794546280146
CCG,P,-0.642,G,0.06465053570691039
CCT,P,0.273,T,0.06750194157744543
CAC,H,0.175,C,0.07786017588405462
CAT,H,-0.175,T,0.07786017588405462
CAA,Q,0.573,A,0.0613839690439746
CAG,Q,-0.573,G,0.0613839690439746
GTA,V,0.161,A,0.06397961629806162
GTC,V,-0.213,C,0.06025836368670844
GTG,V,-0.284,G,0.05132207066211935
GTT,V,0.434,T,0.05813368139942674
GCA,A,0.361,A,0.05230444460570317
GCC,A,-0.187,C,0.043667167890061795
GCG,A,-0.354,G,0.04816564688256155
GCT,A,0.332,T,0.051931983586326426
GAC,D,-0.238,C,0.058547268133930214
GAT,D,0.238,T,0.05854726813393022
GAA,E,0.526,A,0.058701144220771904
GAG,E,-0.526,G,0.058701144220771904
GGA,G,0.723,A,0.08884402602781086
GGC,G,-0.187,C,0.05610381999462012
GGG,G,-0.148,G,0.078224412306837
GGT,G,-0.015,T,0.06259565417057326
TTC,F,-0.277,C,0.07053782609481854
TTT,F,0.277,T,0.07053782609481854
TAC,Y,-0.176,C,0.08546823705446079
TAT,Y,0.176,T,0.08546823705446079
TGC,C,-0.409,C,0.1416367189312547
TGT,C,0.409,T,0.1416367189312547
