codon,amino_acid,Halothiobacillus,third_nucl,standard_error
ATA,I,0.61,A,0.14069379922481998
ATC,I,-0.497,C,0.07311021007827853
ATT,I,0.328,T,0.07351072909028884
ACA,T,0.512,A,0.0943562738946174
ACC,T,-0.311,C,0.0721065729847706
ACG,T,-0.388,G,0.08301076610894036
ACT,T,0.655,T,0.11230035220349491
AAC,N,-0.069,C,0.09138387225854054
AAT,N,0.069,T,0.09138387225854054
AAA,K,0.931,A,0.08814238723806103
AAG,K,-0.931,G,0.08814238723806102
AGC,S,-0.254,C,0.08481353333537432
AGT,S,0.344,T,0.10227012050348193
TCA,S,0.429,A,0.10152421887748796
TCC,S,-0.057,C,0.0880852374283294
TCG,S,-0.497,G,0.08955913693254709
TCT,S,0.284,T,0.10544996232270666
AGA,R,0.719,A,0.17725375578192795
AGG,R,-0.021,G,0.22275142194762934
CGA,R,0.319,A,0.10522720125160863
CGC,R,-0.24,C,0.07553156590816977
CGG,R,-0.556,G,0.10710611424273322
CGT,R,0.268,T,0.08233972822521662
CTA,L,0.51,A,0.13543443551320877
CTC,L,-0.21,C,0.07474881049202431
CTG,L,-0.526,G,0.06023432051401152
CTT,L,0.322,T,0.08258135097132768
TTA,L,0.849,A,0.10337187564884183
TTG,L,0.096,G,0.0645713885930409
CCA,P,0.391,A,0.10086602040618538
CCC,P,0.244,C,0.08449198227067671
CCG,P,-0.745,G,0.08375300627480868
CCT,P,0.383,T,0.10416818137485027
CAC,H,0.292,C,0.11284785080142143
CAT,H,-0.292,T,0.11284785080142143
CAA,Q,0.85,A,0.08729606072186635
CAG,Q,-0.85,G,0.08729606072186634
GTA,V,0.363,A,0.10445284906508287
GTC,V,-0.307,C,0.08190727718571932
GTG,V,-0.163,G,0.0741611296962615
GTT,V,0.281,T,0.08056573609787052
GCA,A,0.461,A,0.0742796164778109
GCC,A,-0.108,C,0.061961489588492215
GCG,A,-0.534,G,0.06994692055063875
GCT,A,0.401,T,0.08218362602745866
GAC,D,0.023,C,0.08393714793749413
GAT,D,-0.023,T,0.08393714793749413
GAA,E,0.629,A,0.09047241945489774
GAG,E,-0.629,G,0.09047241945489774
GGA,G,0.57,A,0.11974694144612556
GGC,G,-0.252,C,0.08236725618244382
GGG,G,-0.138,G,0.11573982352641073
GGT,G,0.075,T,0.08690961446753431
TTC,F,-0.493,C,0.09118126086247551
TTT,F,0.493,T,0.09118126086247551
TAC,Y,0.001,C,0.13026438933641488
TAT,Y,-0.001,T,0.13026438933641488
TGC,C,-0.449,C,0.21909516216158917
TGT,C,0.449,T,0.21909516216158917
