codon,amino_acid,Halobacteriovorax,third_nucl,standard_error
ATA,I,0.579,A,0.06243483435602078
ATC,I,-0.271,C,0.062313820806406205
ATT,I,-0.225,T,0.05110021694334059
ACA,T,0.381,A,0.06813067684343861
ACC,T,0.252,C,0.1320825368417658
ACG,T,-0.014,G,0.1079463290728284
ACT,T,-0.451,T,0.06868761467713014
AAC,N,-0.174,C,0.07508917518365904
AAT,N,0.174,T,0.07508917518365903
AAA,K,0.498,A,0.04958317522212555
AAG,K,-0.498,G,0.04958317522212555
AGC,S,0.148,C,0.08961148533412737
AGT,S,0.264,T,0.06376910672855962
TCA,S,0.068,A,0.0622640119177568
TCC,S,0.114,C,0.12651644850356625
TCG,S,0.144,G,0.12433264866295922
TCT,S,-0.444,T,0.06197868290670034
AGA,R,0.161,A,0.08273902245146733
AGG,R,-0.316,G,0.13066163810672937
CGA,R,-0.016,A,0.1560815375595519
CGC,R,-0.084,C,0.15608048222536824
CGG,R,0.66,G,0.4943196422558206
CGT,R,-0.062,T,0.13905568441789354
CTA,L,0.032,A,0.05669467662747696
CTC,L,-0.475,C,0.06680874711974445
CTG,L,-0.06,G,0.12093807649982706
CTT,L,-0.588,T,0.051467226957941745
TTA,L,0.539,A,0.048035884964158344
TTG,L,0.487,G,0.08041193305676773
CCA,P,0.138,A,0.1001390112326533
CCC,P,0.31,C,0.16973359607112884
CCG,P,-0.007,G,0.2162515555130188
CCT,P,-0.255,T,0.10359515610677263
CAC,H,-0.248,C,0.12326479054636699
CAT,H,0.248,T,0.12326479054636699
CAA,Q,0.184,A,0.11178045987296852
CAG,Q,-0.184,G,0.11178045987296853
GTA,V,0.237,A,0.07087784916720158
GTC,V,-0.211,C,0.09471989925184394
GTG,V,0.698,G,0.08658816536875612
GTT,V,-0.484,T,0.06416836990041994
GCA,A,0.486,A,0.07089737385485387
GCC,A,-0.046,C,0.08315445347586664
GCG,A,-0.131,G,0.11370094892616611
GCT,A,-0.441,T,0.07533535513410776
GAC,D,-0.007,C,0.08358503604139819
GAT,D,0.007,T,0.08358503604139819
GAA,E,0.767,A,0.0692892902034745
GAG,E,-0.767,G,0.0692892902034745
GGA,G,0.074,A,0.0793097744508252
GGC,G,0.166,C,0.1138961486033368
GGG,G,-0.426,G,0.1413547617966004
GGT,G,-0.006,T,0.08081225205508494
TTC,F,-0.249,C,0.07296929987198028
TTT,F,0.249,T,0.07296929987198028
TAC,Y,-0.135,C,0.09202250363542558
TAT,Y,0.135,T,0.09202250363542558
TGC,C,0.673,C,0.17561347285425055
TGT,C,-0.673,T,0.17561347285425055
