codon,amino_acid,Hankyongella,third_nucl,standard_error
ATA,I,0.352,A,0.16818995680082158
ATC,I,-0.354,C,0.09076725593953126
ATT,I,0.306,T,0.10036179591276594
ACA,T,0.314,A,0.12030667462073075
ACC,T,-0.108,C,0.06917392712320633
ACG,T,-0.062,G,0.07211035889607084
ACT,T,0.258,T,0.14437067322439037
AAC,N,-0.052,C,0.1128178302952314
AAT,N,0.052,T,0.1128178302952314
AAA,K,0.542,A,0.11441152243113425
AAG,K,-0.542,G,0.11441152243113425
AGC,S,-0.167,C,0.07347498043434655
AGT,S,0.644,T,0.14906160403396393
TCA,S,0.185,A,0.15244115710806952
TCC,S,0.105,C,0.08469286567445972
TCG,S,-0.182,G,0.07809563272788465
TCT,S,0.162,T,0.1522535899333909
AGA,R,0.782,A,0.2132042525626322
AGG,R,0.227,G,0.15443014713634207
CGA,R,0.32,A,0.13491274392552308
CGC,R,-0.131,C,0.05841969145342902
CGG,R,-0.186,G,0.06849163819036597
CGT,R,0.262,T,0.09092556418720164
CTA,L,0.523,A,0.1915767898649255
CTC,L,-0.024,C,0.060473488162215094
CTG,L,-0.427,G,0.049980225648851045
CTT,L,0.277,T,0.08181840814024945
TTA,L,0.758,A,0.2689966461670734
TTG,L,0.661,G,0.07978336652529991
CCA,P,0.204,A,0.12472219452610132
CCC,P,0.244,C,0.08420369809221645
CCG,P,-0.435,G,0.07252877067118221
CCT,P,0.598,T,0.13249189406724354
CAC,H,-0.113,C,0.11972523193163832
CAT,H,0.113,T,0.11972523193163832
CAA,Q,0.89,A,0.11610974799418286
CAG,Q,-0.89,G,0.11610974799418286
GTA,V,0.101,A,0.1545562136441721
GTC,V,-0.543,C,0.060705105967404874
GTG,V,0.494,G,0.05969602591433618
GTT,V,0.044,T,0.09619238375940539
GCA,A,0.281,A,0.07152548516404576
GCC,A,-0.143,C,0.047423883596868735
GCG,A,-0.143,G,0.04671131967387835
GCT,A,0.488,T,0.08203027579421773
GAC,D,-0.166,C,0.07192259524055405
GAT,D,0.166,T,0.07192259524055405
GAA,E,0.291,A,0.07996670285411428
GAG,E,-0.291,G,0.07996670285411428
GGA,G,0.551,A,0.11527877248333168
GGC,G,-0.288,C,0.06219785980028928
GGG,G,0.143,G,0.08096731645693735
GGT,G,0.084,T,0.08753678376090493
TTC,F,-0.586,C,0.11002963688732782
TTT,F,0.586,T,0.11002963688732782
TAC,Y,-0.055,C,0.12248430728506658
TAT,Y,0.055,T,0.12248430728506658
TGC,C,0.004,C,0.23383194042082076
TGT,C,-0.004,T,0.23383194042082078
