codon,amino_acid,Haploplasma,third_nucl,standard_error
ATA,I,0.625,A,0.06772173952203552
ATC,I,-0.245,C,0.10937717901432109
ATT,I,-0.495,T,0.0645804265060359
ACA,T,0.138,A,0.09637586680217114
ACC,T,-0.017,C,0.2352936270835673
ACG,T,0.028,G,0.20256522114804673
ACT,T,-0.154,T,0.10069082239633464
AAC,N,0.121,C,0.1068324543315943
AAT,N,-0.121,T,0.1068324543315943
AAA,K,0.146,A,0.07956973002872557
AAG,K,-0.146,G,0.07956973002872555
AGC,S,0.026,C,0.18893064391834777
AGT,S,0.387,T,0.09294464403719233
TCA,S,-0.241,A,0.09622955610930574
TCC,S,-0.477,C,0.33520235609630017
TCG,S,-0.05,G,0.24361837080499463
TCT,S,-0.234,T,0.13207883729344747
AGA,R,0.314,A,0.12483082058161579
AGG,R,-0.164,G,0.2790415533257722
CGA,R,-0.066,A,0.23986052773870917
CGC,R,-0.596,C,0.3517561872598076
CGG,R,1.383,G,1.1194850431350625
CGT,R,-0.321,T,0.15557808696051517
CTA,L,0.15,A,0.10407236536351286
CTC,L,-0.056,C,0.30003644773024213
CTG,L,0.379,G,0.3160880894456319
CTT,L,-0.697,T,0.0909933259732011
TTA,L,0.141,A,0.06679491832187519
TTG,L,0.459,G,0.10931967456938736
CCA,P,-0.047,A,0.15668703523696237
CCC,P,0.669,C,0.5060862296018652
CCG,P,-0.13,G,0.29602919683622986
CCT,P,0.025,T,0.16612077597937802
CAC,H,0.011,C,0.25019845685352254
CAT,H,-0.011,T,0.25019845685352254
CAA,Q,-0.555,A,0.2600917265786491
CAG,Q,0.555,G,0.2600917265786491
GTA,V,0.455,A,0.08988738830388115
GTC,V,0.059,C,0.1972311318008762
GTG,V,0.673,G,0.15305609854794922
GTT,V,-0.62,T,0.08449940304839637
GCA,A,0.158,A,0.10836766468774518
GCC,A,0.463,C,0.27780781717193354
GCG,A,0.66,G,0.19497263617717253
GCT,A,-0.489,T,0.11796790931351876
GAC,D,-0.053,C,0.14562503061769078
GAT,D,0.053,T,0.14562503061769078
GAA,E,0.047,A,0.11677348675016137
GAG,E,-0.047,G,0.11677348675016136
GGA,G,0.265,A,0.10303631345197584
GGC,G,0.032,C,0.21855817073992498
GGG,G,0.266,G,0.185898749484103
GGT,G,-0.368,T,0.10636774819773394
TTC,F,-0.57,C,0.14363691608445997
TTT,F,0.57,T,0.14363691608446
TAC,Y,-0.162,C,0.13687363809392614
TAT,Y,0.162,T,0.13687363809392614
TGC,C,1.201,C,0.4936628480236253
TGT,C,-1.201,T,0.4936628480236253
