codon,amino_acid,Hartmannibacter,third_nucl,standard_error
ATA,I,1.25,A,0.18596696745996066
ATC,I,-0.877,C,0.06506785530918216
ATT,I,0.763,T,0.06782207982375973
ACA,T,1.101,A,0.09384324817486628
ACC,T,-0.144,C,0.049717694856999645
ACG,T,-0.494,G,0.05119983725836383
ACT,T,1.35,T,0.14249851665520016
AAC,N,-0.215,C,0.08187567840248344
AAT,N,0.215,T,0.08187567840248344
AAA,K,1.159,A,0.08202456595329266
AAG,K,-1.159,G,0.08202456595329267
AGC,S,0.03,C,0.05622533334284134
AGT,S,0.831,T,0.12224535583601405
TCA,S,0.978,A,0.12347827994289196
TCC,S,0.075,C,0.05460725995418636
TCG,S,-0.749,G,0.05528156033300034
TCT,S,0.954,T,0.12581283274467053
AGA,R,1.504,A,0.13433124354373951
AGG,R,0.554,G,0.09346691786682312
CGA,R,1.008,A,0.09977380460834183
CGC,R,-0.5,C,0.046974963002287894
CGG,R,-0.45,G,0.05689995759528479
CGT,R,0.407,T,0.07400835880816295
CTA,L,0.638,A,0.20808363414454006
CTC,L,-0.331,C,0.040275853612811566
CTG,L,-0.413,G,0.040031221449363344
CTT,L,0.505,T,0.05072394016785436
TTA,L,0.803,A,0.28559507636047304
TTG,L,1.137,G,0.07472323405471257
CCA,P,0.87,A,0.11031484060695365
CCC,P,0.336,C,0.05821637091640467
CCG,P,-0.833,G,0.05513012304888558
CCT,P,1.063,T,0.10946172928386598
CAC,H,-0.292,C,0.08957307172695286
CAT,H,0.292,T,0.08957307172695286
CAA,Q,1.133,A,0.10069986993386133
CAG,Q,-1.133,G,0.10069986993386133
GTA,V,0.846,A,0.15571680205273045
GTC,V,-0.447,C,0.04689909115102874
GTG,V,0.012,G,0.049975527778578395
GTT,V,0.692,T,0.06619182550420966
GCA,A,0.879,A,0.06166454801981032
GCC,A,-0.217,C,0.03685507094563098
GCG,A,-0.36,G,0.03997477483062588
GCT,A,0.678,T,0.07067865348033651
GAC,D,-0.293,C,0.053872322705365225
GAT,D,0.293,T,0.05387232270536522
GAA,E,0.72,A,0.05619210260011431
GAG,E,-0.72,G,0.05619210260011432
GGA,G,0.996,A,0.07351978698746982
GGC,G,-0.805,C,0.049789696206847804
GGG,G,0.227,G,0.06987445026793433
GGT,G,0.495,T,0.07124553059442604
TTC,F,-0.747,C,0.07678886689878965
TTT,F,0.747,T,0.07678886689878965
TAC,Y,-0.218,C,0.09660039964758935
TAT,Y,0.218,T,0.09660039964758935
TGC,C,-0.725,C,0.1898495636312342
TGT,C,0.725,T,0.1898495636312342
