codon,amino_acid,Heliorestis,third_nucl,standard_error
ATA,I,0.298,A,0.07181765930397128
ATC,I,0.086,C,0.06390127871102225
ATT,I,-0.275,T,0.05886216826790413
ACA,T,0.087,A,0.07237088354824811
ACC,T,-0.04,C,0.08076553492356
ACG,T,-0.028,G,0.0900886426942323
ACT,T,-0.054,T,0.08701545716212557
AAC,N,0.171,C,0.0822017828413204
AAT,N,-0.171,T,0.08220178284132039
AAA,K,0.064,A,0.0635247568062991
AAG,K,-0.064,G,0.0635247568062991
AGC,S,0.144,C,0.08444374216275807
AGT,S,0.149,T,0.08408859694430353
TCA,S,0.158,A,0.08726819353631053
TCC,S,-0.035,C,0.10282823103374379
TCG,S,-0.227,G,0.11966688582174852
TCT,S,-0.264,T,0.07855930845523058
AGA,R,0.382,A,0.08064252823119904
AGG,R,0.619,G,0.13749538374816234
CGA,R,-0.127,A,0.08411897164478407
CGC,R,-0.476,C,0.08852989565407078
CGG,R,0.048,G,0.13235397439201035
CGT,R,-0.11,T,0.08280162300038353
CTA,L,0.116,A,0.06982912582594124
CTC,L,-0.23,C,0.07831435489467485
CTG,L,-0.055,G,0.08002086102571303
CTT,L,-0.297,T,0.06055438942237624
TTA,L,-0.161,A,0.06071296974208109
TTG,L,0.498,G,0.05897673884429109
CCA,P,0.171,A,0.09417958751446556
CCC,P,0.29,C,0.1030264850521631
CCG,P,-0.197,G,0.12323403417753702
CCT,P,-0.263,T,0.08938997010978819
CAC,H,-0.164,C,0.12476049438991571
CAT,H,0.164,T,0.12476049438991572
CAA,Q,0.195,A,0.08493732626927712
CAG,Q,-0.195,G,0.08493732626927712
GTA,V,-0.202,A,0.06754030191177547
GTC,V,-0.151,C,0.07809737200879328
GTG,V,0.821,G,0.07507938769010071
GTT,V,-0.379,T,0.06740357629408895
GCA,A,0.101,A,0.07218018597210377
GCC,A,-0.084,C,0.0715961626752202
GCG,A,-0.004,G,0.10092777723061648
GCT,A,-0.011,T,0.06801215061965113
GAC,D,-0.013,C,0.08337809898692104
GAT,D,0.013,T,0.08337809898692104
GAA,E,0.028,A,0.07051938702367569
GAG,E,-0.028,G,0.0705193870236757
GGA,G,0.288,A,0.0775385978243274
GGC,G,-0.184,C,0.07745285491973898
GGG,G,0.006,G,0.10827213375663682
GGT,G,-0.089,T,0.0722939249088206
TTC,F,0.125,C,0.09636937124131294
TTT,F,-0.125,T,0.09636937124131292
TAC,Y,0.15,C,0.09842138534223993
TAT,Y,-0.15,T,0.09842138534223993
TGC,C,-0.261,C,0.17717931786978414
TGT,C,0.261,T,0.17717931786978414
