codon,amino_acid,Herbaspirillum,third_nucl,standard_error
ATA,I,0.951,A,0.16548915152783306
ATC,I,-0.753,C,0.06707208207633804
ATT,I,0.655,T,0.071029821104064
ACA,T,1.32,A,0.11398671824430122
ACC,T,-0.499,C,0.05289480031768364
ACG,T,-0.472,G,0.06307011388520663
ACT,T,1.205,T,0.09797080033867167
AAC,N,-0.071,C,0.0701060973635255
AAT,N,0.071,T,0.07010609736352548
AAA,K,1.829,A,0.07356137163630361
AAG,K,-1.829,G,0.0735613716363036
AGC,S,-0.366,C,0.05132132148169742
AGT,S,0.308,T,0.10016874213048779
TCA,S,0.893,A,0.11358757628618735
TCC,S,0.555,C,0.053367681959594404
TCG,S,-1.028,G,0.05912003309681768
TCT,S,1.044,T,0.10250112193599659
AGA,R,1.702,A,0.1711337345428645
AGG,R,0.486,G,0.1419002631310227
CGA,R,1.338,A,0.12459512602120122
CGC,R,-0.679,C,0.05040910213585111
CGG,R,-0.389,G,0.08317900923691131
CGT,R,0.469,T,0.06304613492669806
CTA,L,0.935,A,0.16066323287408374
CTC,L,0.714,C,0.04833784299199904
CTG,L,-1.047,G,0.03913058173998335
CTT,L,1.234,T,0.09058940270986585
TTA,L,1.277,A,0.16889266004244488
TTG,L,0.364,G,0.05777828140456926
CCA,P,0.872,A,0.10022385327433489
CCC,P,0.529,C,0.05522005523271978
CCG,P,-1.207,G,0.055554532019541115
CCT,P,0.956,T,0.08864340099917448
CAC,H,-0.064,C,0.07713113451908707
CAT,H,0.064,T,0.07713113451908707
CAA,Q,1.443,A,0.0658633490109457
CAG,Q,-1.443,G,0.0658633490109457
GTA,V,0.669,A,0.09198732850903897
GTC,V,0.455,C,0.05099584438284142
GTG,V,-0.999,G,0.0522659157719375
GTT,V,1.111,T,0.09438094151983156
GCA,A,0.808,A,0.054441115779393964
GCC,A,-0.273,C,0.03806428857588681
GCG,A,-0.557,G,0.04689082037305931
GCT,A,0.685,T,0.06346033088392584
GAC,D,0.129,C,0.05735832605825949
GAT,D,-0.129,T,0.05735832605825949
GAA,E,0.602,A,0.06291193650974286
GAG,E,-0.602,G,0.06291193650974285
GGA,G,0.873,A,0.08909043245480902
GGC,G,-0.347,C,0.05723697778924439
GGG,G,-0.088,G,0.0942430692940907
GGT,G,0.059,T,0.07332798634719495
TTC,F,-0.702,C,0.07832621057048578
TTT,F,0.702,T,0.07832621057048578
TAC,Y,0.195,C,0.0906232274851692
TAT,Y,-0.195,T,0.0906232274851692
TGC,C,-0.948,C,0.1787527075176286
TGT,C,0.948,T,0.1787527075176286
