codon,amino_acid,Herbinix,third_nucl,standard_error
ATA,I,0.144,A,0.05755329275666797
ATC,I,-0.159,C,0.08651592922884063
ATT,I,-0.072,T,0.05686483424928536
ACA,T,0.425,A,0.0843820418263577
ACC,T,-0.447,C,0.09833124900370702
ACG,T,0.476,G,0.1863595020485691
ACT,T,-0.217,T,0.09030635467303313
AAC,N,0.002,C,0.08979142752520713
AAT,N,-0.002,T,0.08979142752520713
AAA,K,0.47,A,0.05976226797937915
AAG,K,-0.47,G,0.05976226797937915
AGC,S,-0.019,C,0.10802183605111151
AGT,S,0.346,T,0.08278966254084814
TCA,S,0.294,A,0.08971544269658518
TCC,S,-0.677,C,0.11662180797551369
TCG,S,0.103,G,0.20161447993809847
TCT,S,-0.292,T,0.09223365992596953
AGA,R,0.657,A,0.08692255395901026
AGG,R,-0.225,G,0.10498469379623743
CGA,R,-0.025,A,0.1732236070994822
CGC,R,-0.805,C,0.2161634625280761
CGG,R,-0.526,G,0.18388489788628282
CGT,R,-0.579,T,0.13443658605114597
CTA,L,-0.091,A,0.08775857944358076
CTC,L,-0.467,C,0.20558261237981976
CTG,L,-0.451,G,0.10392583687454823
CTT,L,-0.507,T,0.07295435351677751
TTA,L,0.319,A,0.05968058075599594
TTG,L,0.497,G,0.08379822356769609
CCA,P,0.52,A,0.13558503642271952
CCC,P,-0.108,C,0.1474830768004548
CCG,P,-0.204,G,0.15633295592295143
CCT,P,-0.215,T,0.12418376749454596
CAC,H,0.087,C,0.21257640376869996
CAT,H,-0.087,T,0.21257640376869996
CAA,Q,0.554,A,0.11458231235679091
CAG,Q,-0.554,G,0.1145823123567909
GTA,V,-0.004,A,0.07440832330881875
GTC,V,0.018,C,0.14616340094166605
GTG,V,0.441,G,0.10078220491250782
GTT,V,-0.255,T,0.07646023483110324
GCA,A,0.53,A,0.0804411712226086
GCC,A,-0.829,C,0.10127574842905163
GCG,A,0.129,G,0.16300895244344296
GCT,A,0.02,T,0.08470445072697065
GAC,D,-0.116,C,0.10023042778332975
GAT,D,0.116,T,0.10023042778332975
GAA,E,0.302,A,0.08194005007133127
GAG,E,-0.302,G,0.08194005007133127
GGA,G,0.043,A,0.08117974546618141
GGC,G,-0.015,C,0.10691365404067373
GGG,G,-0.031,G,0.13262676985158373
GGT,G,-0.024,T,0.08233421727480422
TTC,F,0.015,C,0.12281146464165134
TTT,F,-0.015,T,0.12281146464165132
TAC,Y,0.119,C,0.11616125816709755
TAT,Y,-0.119,T,0.11616125816709756
TGC,C,-0.252,C,0.19033350216843184
TGT,C,0.252,T,0.19033350216843184
