codon,amino_acid,Herminiimonas,third_nucl,standard_error
ATA,I,0.255,A,0.08194520323864996
ATC,I,-0.416,C,0.05730844288769634
ATT,I,0.314,T,0.0595992427326787
ACA,T,0.516,A,0.0710126049851108
ACC,T,-0.19,C,0.06359309556652079
ACG,T,-0.565,G,0.06929823343542693
ACT,T,0.312,T,0.07324998654240684
AAC,N,0.102,C,0.07352977658516892
AAT,N,-0.102,T,0.07352977658516892
AAA,K,0.852,A,0.06600774980727855
AAG,K,-0.852,G,0.06600774980727855
AGC,S,-0.215,C,0.06714670270986424
AGT,S,-0.032,T,0.08393224811350464
TCA,S,0.407,A,0.08411598209124915
TCC,S,0.196,C,0.07235434035627109
TCG,S,-0.756,G,0.07355151791627183
TCT,S,0.662,T,0.08694705550419446
AGA,R,0.787,A,0.12576636343364342
AGG,R,0.343,G,0.2387406564180672
CGA,R,0.799,A,0.11968111843669661
CGC,R,-0.315,C,0.06523970025256944
CGG,R,0.427,G,0.1412632267377399
CGT,R,-0.301,T,0.06859847021520415
CTA,L,0.594,A,0.09927417238983982
CTC,L,0.434,C,0.06500506906372308
CTG,L,-0.686,G,0.049378686802246816
CTT,L,0.977,T,0.07820061565267819
TTA,L,0.854,A,0.07942117046845686
TTG,L,-0.524,G,0.05043847223485843
CCA,P,0.036,A,0.07696024451815639
CCC,P,0.831,C,0.10507829164994374
CCG,P,-0.827,G,0.07682156460227238
CCT,P,0.378,T,0.0796869101558158
CAC,H,0.021,C,0.10081857710342752
CAT,H,-0.021,T,0.10081857710342752
CAA,Q,0.39,A,0.0765047695857102
CAG,Q,-0.39,G,0.07650476958571019
GTA,V,0.319,A,0.07515222200348777
GTC,V,-0.04,C,0.06411038224536858
GTG,V,-0.487,G,0.06673445279449909
GTT,V,0.314,T,0.06857804561428085
GCA,A,0.305,A,0.05201230458296369
GCC,A,0.06,C,0.05614429060044754
GCG,A,-0.5,G,0.060317687639841126
GCT,A,0.046,T,0.06222597689552838
GAC,D,0.287,C,0.06949806536589606
GAT,D,-0.287,T,0.06949806536589606
GAA,E,0.677,A,0.08499102715899419
GAG,E,-0.677,G,0.08499102715899419
GGA,G,0.872,A,0.09420963966325226
GGC,G,-0.226,C,0.06796786205074706
GGG,G,0.338,G,0.13417819061382372
GGT,G,-0.332,T,0.0742602679278509
TTC,F,-0.607,C,0.07381988048087107
TTT,F,0.607,T,0.07381988048087108
TAC,Y,0.115,C,0.10054453258872656
TAT,Y,-0.115,T,0.10054453258872656
TGC,C,-0.189,C,0.16721361806585242
TGT,C,0.189,T,0.16721361806585242
