codon,amino_acid,Heyndrickxia,third_nucl,standard_error
ATA,I,0.384,A,0.05287324874301841
ATC,I,-0.22,C,0.05573488759275595
ATT,I,-0.139,T,0.04489405157194216
ACA,T,0.149,A,0.05937986614938315
ACC,T,-0.347,C,0.09278741080422416
ACG,T,-0.005,G,0.0767552622413621
ACT,T,-0.001,T,0.06828748089857965
AAC,N,0.045,C,0.07081785997526166
AAT,N,-0.045,T,0.07081785997526166
AAA,K,0.087,A,0.052592388028199044
AAG,K,-0.087,G,0.05259238802819904
AGC,S,0.038,C,0.0937579716399227
AGT,S,0.309,T,0.06709902780481158
TCA,S,0.113,A,0.062023395521558514
TCC,S,-0.465,C,0.09248935989398457
TCG,S,-0.153,G,0.09442450471201935
TCT,S,-0.143,T,0.07019281954943002
AGA,R,0.32,A,0.0719932648323924
AGG,R,0.082,G,0.11014089289792378
CGA,R,-0.048,A,0.086737007382517
CGC,R,-0.087,C,0.12451502601489187
CGG,R,-0.451,G,0.14057142461184494
CGT,R,-0.2,T,0.0772250073058204
CTA,L,-0.121,A,0.06534364156753136
CTC,L,-0.347,C,0.10461804991409433
CTG,L,-0.191,G,0.10435553510577825
CTT,L,-0.394,T,0.0553452134862611
TTA,L,0.06,A,0.04311351644617469
TTG,L,0.547,G,0.05679783725056669
CCA,P,0.321,A,0.08223600396077792
CCC,P,0.106,C,0.14619886554170508
CCG,P,-0.451,G,0.10446477752669561
CCT,P,-0.069,T,0.08887978636081709
CAC,H,-0.046,C,0.12582861696825923
CAT,H,0.046,T,0.12582861696825923
CAA,Q,-0.017,A,0.08872610891249874
CAG,Q,0.017,G,0.08872610891249874
GTA,V,0.032,A,0.05670623146529268
GTC,V,-0.234,C,0.08064868678994737
GTG,V,0.595,G,0.06830023287928334
GTT,V,-0.318,T,0.05531538882443014
GCA,A,0.267,A,0.06168921071947232
GCC,A,-0.277,C,0.09548863363226448
GCG,A,-0.223,G,0.08842131188904911
GCT,A,-0.045,T,0.06824723933003946
GAC,D,-0.04,C,0.08389853144665933
GAT,D,0.04,T,0.08389853144665933
GAA,E,0.073,A,0.06485507254980238
GAG,E,-0.073,G,0.06485507254980238
GGA,G,0.21,A,0.06063065338096617
GGC,G,-0.339,C,0.08733584423346015
GGG,G,0.016,G,0.0817392725534277
GGT,G,-0.053,T,0.06368734472873894
TTC,F,-0.37,C,0.07742888247013777
TTT,F,0.37,T,0.07742888247013777
TAC,Y,-0.108,C,0.09248894951112045
TAT,Y,0.108,T,0.09248894951112045
TGC,C,-0.136,C,0.17800555079517533
TGT,C,0.136,T,0.1780055507951753
