codon,amino_acid,Hoeflea,third_nucl,standard_error
ATA,I,0.761,A,0.12711506886747154
ATC,I,-0.61,C,0.05926432389197887
ATT,I,0.478,T,0.06213482140826805
ACA,T,0.83,A,0.07318163502199923
ACC,T,-0.442,C,0.05496096773166701
ACG,T,-0.37,G,0.0665466779817472
ACT,T,0.489,T,0.09535544234807632
AAC,N,0.152,C,0.07784445081115574
AAT,N,-0.152,T,0.07784445081115572
AAA,K,1.067,A,0.07114015850173361
AAG,K,-1.067,G,0.07114015850173361
AGC,S,0.128,C,0.061485948453695115
AGT,S,0.543,T,0.10877785778752348
TCA,S,0.575,A,0.08506515628240054
TCC,S,0.033,C,0.06389077544178987
TCG,S,-0.847,G,0.06347213850555247
TCT,S,0.411,T,0.10362417946925916
AGA,R,1.309,A,0.1290537136380209
AGG,R,0.201,G,0.10281504025862528
CGA,R,0.894,A,0.10983058508395611
CGC,R,-0.318,C,0.053046322498811756
CGG,R,-0.473,G,0.06515933784227684
CGT,R,0.187,T,0.0741376120804712
CTA,L,0.587,A,0.15014815104369592
CTC,L,-0.019,C,0.0502607747517409
CTG,L,-0.625,G,0.043995010423674374
CTT,L,0.414,T,0.054342908879312216
TTA,L,1.171,A,0.23626065447255584
TTG,L,0.506,G,0.06030974541540965
CCA,P,0.647,A,0.08691835826026696
CCC,P,0.219,C,0.06658437398931376
CCG,P,-0.746,G,0.06188048191758816
CCT,P,0.52,T,0.0946780441763969
CAC,H,0.008,C,0.09572279775500334
CAT,H,-0.008,T,0.09572279775500332
CAA,Q,0.879,A,0.0854654434070257
CAG,Q,-0.879,G,0.0854654434070257
GTA,V,1.119,A,0.12435424105315397
GTC,V,-0.236,C,0.054980219188830504
GTG,V,-0.345,G,0.05495128069562365
GTT,V,0.46,T,0.06383766282789809
GCA,A,0.587,A,0.05228748311611129
GCC,A,-0.225,C,0.04248556498062121
GCG,A,-0.378,G,0.046264210851585934
GCT,A,0.353,T,0.06363019351867492
GAC,D,0.164,C,0.05762030124188301
GAT,D,-0.164,T,0.05762030124188301
GAA,E,0.658,A,0.0628019326610194
GAG,E,-0.658,G,0.0628019326610194
GGA,G,0.802,A,0.07439752866499043
GGC,G,-0.513,C,0.05407647998649732
GGG,G,-0.003,G,0.0781580719587161
GGT,G,0.171,T,0.06973550032789119
TTC,F,-0.552,C,0.07070588453893298
TTT,F,0.552,T,0.07070588453893298
TAC,Y,0.046,C,0.09902220945746776
TAT,Y,-0.046,T,0.09902220945746777
TGC,C,-0.405,C,0.17539264589905645
TGT,C,0.405,T,0.17539264589905645
