codon,amino_acid,Hoylesella,third_nucl,standard_error
ATA,I,0.626,A,0.06899074809849147
ATC,I,-0.616,C,0.06354945805509632
ATT,I,0.061,T,0.0642551714003861
ACA,T,1.15,A,0.0791528057806323
ACC,T,-0.759,C,0.08312669580505895
ACG,T,-0.622,G,0.09357161542520186
ACT,T,-0.087,T,0.09704576025978857
AAC,N,-0.249,C,0.07566556775546196
AAT,N,0.249,T,0.07566556775546196
AAA,K,0.71,A,0.05888261734352656
AAG,K,-0.71,G,0.05888261734352656
AGC,S,-0.402,C,0.08990652488637739
AGT,S,0.308,T,0.09009874435151205
TCA,S,0.796,A,0.09413420889400972
TCC,S,-0.261,C,0.11172897228145588
TCG,S,-0.641,G,0.1079404248024612
TCT,S,-0.031,T,0.10124541408765589
AGA,R,1.523,A,0.09315621315768843
AGG,R,-0.324,G,0.13076049645172086
CGA,R,0.271,A,0.11259099650432076
CGC,R,-1.091,C,0.10798630746007049
CGG,R,-0.761,G,0.16171642046322512
CGT,R,-0.559,T,0.09990699754461355
CTA,L,0.643,A,0.11097132252268789
CTC,L,-0.252,C,0.07926159988486621
CTG,L,-0.656,G,0.06686408775638311
CTT,L,-0.149,T,0.07343274503395952
TTA,L,1.416,A,0.08141684163707504
TTG,L,-0.403,G,0.06156788057141596
CCA,P,0.373,A,0.11543383104252414
CCC,P,-0.133,C,0.1208549967646942
CCG,P,0.012,G,0.14038729144727152
CCT,P,-0.294,T,0.12601856810433565
CAC,H,-0.544,C,0.12514169764630792
CAT,H,0.544,T,0.12514169764630792
CAA,Q,0.599,A,0.0919754257814658
CAG,Q,-0.599,G,0.0919754257814658
GTA,V,0.717,A,0.08145172872709966
GTC,V,-0.045,C,0.09837226437355967
GTG,V,-0.905,G,0.08537162927777418
GTT,V,0.218,T,0.08226678323698831
GCA,A,0.695,A,0.07501169918013897
GCC,A,-0.651,C,0.08195017667834449
GCG,A,-0.077,G,0.10392163749866373
GCT,A,-0.104,T,0.08486701372804048
GAC,D,-0.312,C,0.08285287516566746
GAT,D,0.312,T,0.08285287516566746
GAA,E,0.807,A,0.08055119788730782
GAG,E,-0.807,G,0.08055119788730782
GGA,G,0.572,A,0.08757057750841561
GGC,G,-0.356,C,0.09548803664247443
GGG,G,-0.269,G,0.1502505274739005
GGT,G,-0.169,T,0.0919914337495432
TTC,F,-0.65,C,0.08004685545937797
TTT,F,0.65,T,0.08004685545937797
TAC,Y,-0.206,C,0.08841836223515909
TAT,Y,0.206,T,0.08841836223515909
TGC,C,-0.358,C,0.15328773275775123
TGT,C,0.358,T,0.15328773275775123
