codon,amino_acid,Humibacter,third_nucl,standard_error
ATA,I,0.802,A,0.32373200448538925
ATC,I,-0.805,C,0.139880490161337
ATT,I,0.785,T,0.1533431353465034
ACA,T,0.928,A,0.10823793270934158
ACC,T,0.051,C,0.05255141770684303
ACG,T,-0.572,G,0.053704581419018356
ACT,T,1.226,T,0.14064037426702505
AAC,N,-0.44,C,0.1481225697491467
AAT,N,0.44,T,0.1481225697491467
AAA,K,1.133,A,0.17341010986933605
AAG,K,-1.133,G,0.17341010986933605
AGC,S,0.074,C,0.06088788611503661
AGT,S,0.653,T,0.13963940216301737
TCA,S,0.943,A,0.13348766706606535
TCC,S,0.108,C,0.06420484866670476
TCG,S,-0.695,G,0.05841307328071903
TCT,S,1.044,T,0.15028211915056608
AGA,R,1.153,A,0.16030287239597443
AGG,R,0.156,G,0.10847429576763304
CGA,R,0.538,A,0.08445606253635377
CGC,R,-0.386,C,0.05201097267321476
CGG,R,-0.237,G,0.06625184030036113
CGT,R,0.325,T,0.07951623978383744
CTA,L,0.455,A,0.28820894493401694
CTC,L,-0.145,C,0.04785245185792692
CTG,L,-0.217,G,0.048830565957606466
CTT,L,0.832,T,0.102579318434677
TTA,L,3.386,A,1.444827403536192
TTG,L,0.603,G,0.10074200632924861
CCA,P,0.764,A,0.13634738675776656
CCC,P,0.18,C,0.06149212740472643
CCG,P,-0.503,G,0.059301026768049596
CCT,P,0.653,T,0.11886136272524554
CAC,H,-0.313,C,0.12283970144155239
CAT,H,0.313,T,0.12283970144155239
CAA,Q,0.644,A,0.13919283122966672
CAG,Q,-0.644,G,0.13919283122966672
GTA,V,0.72,A,0.1820977879455714
GTC,V,-0.362,C,0.04758152866320075
GTG,V,0.167,G,0.04658786844455828
GTT,V,0.659,T,0.10765881542252875
GCA,A,0.941,A,0.062087380419385066
GCC,A,-0.194,C,0.04115020896536242
GCG,A,-0.414,G,0.04161788252937153
GCT,A,0.59,T,0.08049404338445852
GAC,D,-0.138,C,0.0672796327161529
GAT,D,0.138,T,0.0672796327161529
GAA,E,0.923,A,0.0753644264936848
GAG,E,-0.923,G,0.0753644264936848
GGA,G,0.402,A,0.07269506141765643
GGC,G,-0.387,C,0.05346209697121007
GGG,G,0.163,G,0.07131165504019368
GGT,G,0.177,T,0.07780429569836046
TTC,F,-0.656,C,0.19343952073256904
TTT,F,0.656,T,0.19343952073256904
TAC,Y,-0.205,C,0.14919725719863688
TAT,Y,0.205,T,0.14919725719863688
TGC,C,-0.263,C,0.3295604340493425
TGT,C,0.263,T,0.32956043404934254
