codon,amino_acid,Hydrocarboniclastica,third_nucl,standard_error
ATA,I,0.265,A,0.08371283711427711
ATC,I,-0.424,C,0.06163539699212911
ATT,I,0.316,T,0.06559634635961077
ACA,T,0.512,A,0.08332880698184293
ACC,T,-0.402,C,0.06053477583079701
ACG,T,-0.137,G,0.06972607452321057
ACT,T,0.406,T,0.08281524063607741
AAC,N,-0.024,C,0.08025264375299761
AAT,N,0.024,T,0.08025264375299761
AAA,K,0.56,A,0.07006070575313059
AAG,K,-0.56,G,0.07006070575313059
AGC,S,-0.192,C,0.06072892225009941
AGT,S,0.282,T,0.08003102141906704
TCA,S,0.412,A,0.08382083736357956
TCC,S,-0.105,C,0.07101922301422815
TCG,S,-0.339,G,0.0735228648396609
TCT,S,0.245,T,0.09150168231992468
AGA,R,0.995,A,0.10265969996039045
AGG,R,0.347,G,0.1060030579625519
CGA,R,0.454,A,0.08495370132995839
CGC,R,-0.299,C,0.058649494984295766
CGG,R,-0.67,G,0.0690812039315674
CGT,R,0.181,T,0.07135099096670776
CTA,L,0.541,A,0.09372511936894444
CTC,L,-0.03,C,0.05599997933239385
CTG,L,-0.54,G,0.04380466756954035
CTT,L,0.191,T,0.061302832545495706
TTA,L,1.028,A,0.11582057002241439
TTG,L,0.36,G,0.06308917001043313
CCA,P,0.362,A,0.08987897494428712
CCC,P,0.169,C,0.06768984270331575
CCG,P,-0.556,G,0.06867466178627041
CCT,P,0.27,T,0.08512508658996226
CAC,H,-0.074,C,0.09680077102348475
CAT,H,0.074,T,0.09680077102348475
CAA,Q,0.926,A,0.08213532770604177
CAG,Q,-0.926,G,0.08213532770604176
GTA,V,0.353,A,0.07456112469072632
GTC,V,-0.318,C,0.059045402563619884
GTG,V,-0.101,G,0.05801460133476358
GTT,V,0.254,T,0.06591895193796854
GCA,A,0.537,A,0.060088375693613826
GCC,A,-0.242,C,0.04936966081653912
GCG,A,-0.331,G,0.05538609243123458
GCT,A,0.222,T,0.060804400904503494
GAC,D,-0.175,C,0.06493399067030213
GAT,D,0.175,T,0.06493399067030212
GAA,E,0.754,A,0.06373918898942756
GAG,E,-0.754,G,0.06373918898942756
GGA,G,0.706,A,0.08924640558989952
GGC,G,-0.42,C,0.060986772850742284
GGG,G,-0.125,G,0.08146656736954111
GGT,G,0.243,T,0.0712116881859121
TTC,F,-0.204,C,0.07369304763898914
TTT,F,0.204,T,0.07369304763898912
TAC,Y,-0.043,C,0.09880050990926978
TAT,Y,0.043,T,0.09880050990926978
TGC,C,-0.182,C,0.16417283426184653
TGT,C,0.182,T,0.16417283426184656
