codon,amino_acid,Hydrogenobacter,third_nucl,standard_error
ATA,I,-0.264,A,0.07582723965056734
ATC,I,0.152,C,0.09999875013764807
ATT,I,0.256,T,0.09155217372616256
ACA,T,0.294,A,0.10574358158224817
ACC,T,-0.279,C,0.10756788465706268
ACG,T,0.256,G,0.14282443776152737
ACT,T,-0.2,T,0.11757125536715737
AAC,N,-0.242,C,0.12084167903702898
AAT,N,0.242,T,0.12084167903702898
AAA,K,-0.1,A,0.06817124567381558
AAG,K,0.1,G,0.06817124567381558
AGC,S,0.19,C,0.09600934140385668
AGT,S,0.7,T,0.11409678190517424
TCA,S,-0.065,A,0.12855255756502842
TCC,S,-0.346,C,0.11405370189755304
TCG,S,0.152,G,0.195700670604564
TCT,S,-0.581,T,0.11079821830713434
AGA,R,-0.114,A,0.08157761239473495
AGG,R,-0.0,G,0.08185834962315713
CGA,R,0.34,A,0.3474461674196399
CGC,R,0.033,C,0.18899087455287958
CGG,R,0.608,G,0.2929342016237245
CGT,R,0.358,T,0.2512400723918286
CTA,L,-0.023,A,0.09942584484891848
CTC,L,-0.219,C,0.08066341023759142
CTG,L,-0.087,G,0.07755796164375084
CTT,L,-0.106,T,0.059303576809877044
TTA,L,0.228,A,0.0866399547469802
TTG,L,0.37,G,0.08812455591231728
CCA,P,0.021,A,0.13155009529073988
CCC,P,-0.117,C,0.12425302613624892
CCG,P,0.137,G,0.1870258991802857
CCT,P,0.033,T,0.11458047985311749
CAC,H,-0.312,C,0.16131512567818856
CAT,H,0.312,T,0.16131512567818856
CAA,Q,0.308,A,0.1378580138867294
CAG,Q,-0.308,G,0.1378580138867294
GTA,V,-0.029,A,0.07732673546435705
GTC,V,-0.105,C,0.11527624400197521
GTG,V,-0.108,G,0.07410492302332335
GTT,V,0.213,T,0.08129454491094737
GCA,A,-0.013,A,0.09147011780775112
GCC,A,-0.327,C,0.1122465644958502
GCG,A,0.024,G,0.11826177235079637
GCT,A,0.206,T,0.08816676308574162
GAC,D,-0.247,C,0.09749019480803378
GAT,D,0.247,T,0.09749019480803378
GAA,E,0.122,A,0.07165617531560109
GAG,E,-0.122,G,0.07165617531560109
GGA,G,0.159,A,0.09096455108465218
GGC,G,-0.328,C,0.10513062982455063
GGG,G,0.157,G,0.11731588407190804
GGT,G,-0.001,T,0.08681399950738188
TTC,F,-0.111,C,0.107987148366149
TTT,F,0.111,T,0.107987148366149
TAC,Y,-0.096,C,0.10722717285063102
TAT,Y,0.096,T,0.107227172850631
TGC,C,-0.097,C,0.20644493039037146
TGT,C,0.097,T,0.20644493039037146
