codon,amino_acid,Hymenobacter,third_nucl,standard_error
ATA,I,0.326,A,0.07924175915655193
ATC,I,-0.3,C,0.05720890694429312
ATT,I,0.122,T,0.05597939917885314
ACA,T,0.473,A,0.08187682498175296
ACC,T,-0.266,C,0.04760382255206987
ACG,T,-0.662,G,0.05599942557227976
ACT,T,0.875,T,0.06020272919024428
AAC,N,-0.566,C,0.06974832420862004
AAT,N,0.566,T,0.06974832420862004
AAA,K,0.845,A,0.057122972262894894
AAG,K,-0.845,G,0.057122972262894894
AGC,S,-0.912,C,0.05689051729970736
AGT,S,-0.124,T,0.08034340283852906
TCA,S,0.493,A,0.09286830236228125
TCC,S,0.53,C,0.060570330559797145
TCG,S,-0.748,G,0.06464039440268508
TCT,S,1.215,T,0.0730008971091883
AGA,R,1.511,A,0.14356439938041674
AGG,R,0.27,G,0.17378855728170198
CGA,R,0.403,A,0.09926246630838023
CGC,R,-0.242,C,0.05215640410397686
CGG,R,-0.786,G,0.06766292650220788
CGT,R,0.571,T,0.06754693340841078
CTA,L,-0.004,A,0.053414186187871596
CTC,L,0.093,C,0.04577307573543978
CTG,L,-0.563,G,0.03761339799629687
CTT,L,0.933,T,0.05432059389374131
TTA,L,0.647,A,0.07185243677742893
TTG,L,-0.287,G,0.04402708806189975
CCA,P,0.001,A,0.07162721847319939
CCC,P,-0.065,C,0.054096061120997685
CCG,P,-0.588,G,0.06148143024876373
CCT,P,0.647,T,0.061287303838682396
CAC,H,-0.354,C,0.08604889336340321
CAT,H,0.354,T,0.08604889336340321
CAA,Q,0.683,A,0.06125210855433955
CAG,Q,-0.683,G,0.06125210855433955
GTA,V,0.009,A,0.056577079378453986
GTC,V,0.563,C,0.07093081338139207
GTG,V,-1.014,G,0.05163767977892228
GTT,V,1.019,T,0.06061225111550619
GCA,A,0.382,A,0.06142060701398307
GCC,A,-0.285,C,0.04192191659842634
GCG,A,-0.496,G,0.05606245115743941
GCT,A,0.497,T,0.046877339118894426
GAC,D,-0.297,C,0.06343811786562495
GAT,D,0.297,T,0.06343811786562495
GAA,E,0.811,A,0.06391222176663441
GAG,E,-0.811,G,0.06391222176663441
GGA,G,0.608,A,0.09001838457506921
GGC,G,-0.367,C,0.058182221142758235
GGG,G,-0.162,G,0.08205256585071227
GGT,G,0.324,T,0.07095518428057865
TTC,F,-0.41,C,0.057775018922026224
TTT,F,0.41,T,0.05777501892202624
TAC,Y,-0.324,C,0.07492285745847123
TAT,Y,0.324,T,0.07492285745847123
TGC,C,-0.37,C,0.15854747563727634
TGT,C,0.37,T,0.15854747563727634
