codon,amino_acid,Hypericibacter,third_nucl,standard_error
ATA,I,0.736,A,0.1860939248124822
ATC,I,-1.082,C,0.07963421486580789
ATT,I,1.101,T,0.08619925872462694
ACA,T,1.256,A,0.12092118932219094
ACC,T,-0.244,C,0.04883067754006374
ACG,T,-0.219,G,0.0508412918876696
ACT,T,1.054,T,0.13364630039455008
AAC,N,-0.223,C,0.07753599511284635
AAT,N,0.223,T,0.07753599511284635
AAA,K,1.289,A,0.08017189832929868
AAG,K,-1.289,G,0.08017189832929868
AGC,S,-0.026,C,0.05140673896285998
AGT,S,0.67,T,0.1291863432969533
TCA,S,1.339,A,0.15485236507729228
TCC,S,0.154,C,0.05935838593703504
TCG,S,-0.628,G,0.05231375515782737
TCT,S,1.088,T,0.13958182370796884
AGA,R,1.985,A,0.18647559376510822
AGG,R,0.713,G,0.10714992222507128
CGA,R,1.221,A,0.10094453833680221
CGC,R,-0.602,C,0.04326333335473401
CGG,R,-0.294,G,0.0504812514146522
CGT,R,0.681,T,0.0770126854920146
CTA,L,0.995,A,0.1928365365518143
CTC,L,-0.046,C,0.03889439763610658
CTG,L,-0.601,G,0.037468314328172554
CTT,L,0.923,T,0.07663779389491493
TTA,L,1.193,A,0.27999319621867685
TTG,L,0.849,G,0.06133702175437863
CCA,P,1.074,A,0.1279427126851115
CCC,P,0.228,C,0.05088416006684514
CCG,P,-0.604,G,0.0495608978683017
CCT,P,0.774,T,0.10264589789636988
CAC,H,0.272,C,0.09127664893503751
CAT,H,-0.272,T,0.09127664893503751
CAA,Q,1.113,A,0.09158747049686917
CAG,Q,-1.113,G,0.09158747049686917
GTA,V,0.732,A,0.15972760285866813
GTC,V,-0.19,C,0.0463421625356644
GTG,V,-0.25,G,0.04788654316067288
GTT,V,1.203,T,0.09090034224959691
GCA,A,0.939,A,0.07078971799347022
GCC,A,-0.071,C,0.034806809062178055
GCG,A,-0.437,G,0.03621799775418497
GCT,A,1.036,T,0.0781583175837549
GAC,D,-0.275,C,0.05385415049385521
GAT,D,0.275,T,0.05385415049385521
GAA,E,1.076,A,0.05829073388126462
GAG,E,-1.076,G,0.05829073388126462
GGA,G,1.065,A,0.07826599920537274
GGC,G,-0.623,C,0.04773095667120345
GGG,G,-0.078,G,0.06471780991785736
GGT,G,0.633,T,0.07484569098476189
TTC,F,-0.908,C,0.09463387040722665
TTT,F,0.908,T,0.09463387040722664
TAC,Y,0.27,C,0.08970128952195139
TAT,Y,-0.27,T,0.08970128952195139
TGC,C,-0.746,C,0.19710301484501005
TGT,C,0.746,T,0.19710301484501005
