codon,amino_acid,Hyphomonas,third_nucl,standard_error
ATA,I,0.542,A,0.12393879468638927
ATC,I,-0.542,C,0.06561013022583953
ATT,I,0.433,T,0.06948095349762468
ACA,T,0.708,A,0.08509985119577625
ACC,T,-0.074,C,0.05946888071350576
ACG,T,-0.696,G,0.06528550716268161
ACT,T,0.903,T,0.11576700655534891
AAC,N,0.143,C,0.09348765111842357
AAT,N,-0.143,T,0.09348765111842357
AAA,K,0.961,A,0.07436871505096646
AAG,K,-0.961,G,0.07436871505096646
AGC,S,-0.021,C,0.06609013862463188
AGT,S,0.458,T,0.1284878607854133
TCA,S,0.532,A,0.10292348595189597
TCC,S,-0.022,C,0.06827107950450288
TCG,S,-0.609,G,0.07389314764588101
TCT,S,0.369,T,0.09740939487139083
AGA,R,1.7,A,0.16309909897285824
AGG,R,0.622,G,0.15222780144021644
CGA,R,0.855,A,0.14040958845954377
CGC,R,-0.452,C,0.056793602698445085
CGG,R,-0.467,G,0.0722345799198645
CGT,R,0.469,T,0.08577244730654024
CTA,L,0.724,A,0.19078445465253566
CTC,L,0.039,C,0.05073857001776549
CTG,L,-0.651,G,0.0466444194761242
CTT,L,0.492,T,0.06132341957395238
TTA,L,0.941,A,0.24870365635489058
TTG,L,0.797,G,0.08814074162798652
CCA,P,0.676,A,0.10987516244216342
CCC,P,0.18,C,0.06370599142453556
CCG,P,-0.689,G,0.06336665705615444
CCT,P,0.565,T,0.09269391155136626
CAC,H,0.381,C,0.10778974166781291
CAT,H,-0.381,T,0.10778974166781291
CAA,Q,0.967,A,0.11084179117520347
CAG,Q,-0.967,G,0.11084179117520347
GTA,V,0.822,A,0.11123226070207345
GTC,V,-0.242,C,0.06157155892122119
GTG,V,-0.378,G,0.06102607293922335
GTT,V,0.525,T,0.07328796088404703
GCA,A,0.63,A,0.06233722210160999
GCC,A,-0.102,C,0.042932479318155504
GCG,A,-0.514,G,0.04754802046251687
GCT,A,0.535,T,0.06669922285660597
GAC,D,-0.113,C,0.06388251409062988
GAT,D,0.113,T,0.06388251409062988
GAA,E,0.577,A,0.06823221680585144
GAG,E,-0.577,G,0.06823221680585144
GGA,G,1.077,A,0.0921992280744667
GGC,G,-0.615,C,0.059154058343687727
GGG,G,-0.09,G,0.08029415939251235
GGT,G,0.479,T,0.0860601321531224
TTC,F,-0.432,C,0.07872032472168455
TTT,F,0.432,T,0.07872032472168454
TAC,Y,0.31,C,0.11213701398901779
TAT,Y,-0.31,T,0.11213701398901779
TGC,C,-0.19,C,0.21505170453525627
TGT,C,0.19,T,0.21505170453525627
