codon,amino_acid,Hyphomicrobium,third_nucl,standard_error
ATA,I,1.222,A,0.20518630961676618
ATC,I,-0.709,C,0.08034928780134551
ATT,I,0.547,T,0.08469796480845225
ACA,T,1.013,A,0.10442853526194408
ACC,T,0.056,C,0.0627636930308976
ACG,T,-0.627,G,0.06076836694614411
ACT,T,0.85,T,0.1465487467388318
AAC,N,-0.35,C,0.10612824303718
AAT,N,0.35,T,0.10612824303718
AAA,K,0.85,A,0.08368609899278376
AAG,K,-0.85,G,0.08368609899278374
AGC,S,-0.089,C,0.06773893239826756
AGT,S,0.781,T,0.1589763535896305
TCA,S,1.019,A,0.1523646529156934
TCC,S,0.012,C,0.07197867059373432
TCG,S,-0.573,G,0.06596451995473399
TCT,S,0.832,T,0.12528556239987873
AGA,R,1.474,A,0.15539743634117145
AGG,R,0.666,G,0.12196145202320446
CGA,R,1.028,A,0.12590329122933486
CGC,R,-0.731,C,0.05449031938205571
CGG,R,-0.141,G,0.06754229462186156
CGT,R,0.463,T,0.0785767503307551
CTA,L,0.948,A,0.19403877907460668
CTC,L,-0.36,C,0.04906507984507828
CTG,L,-0.317,G,0.05271271179444253
CTT,L,0.371,T,0.0650751628991577
TTA,L,1.226,A,0.28689363833692305
TTG,L,0.761,G,0.07899275521888394
CCA,P,0.825,A,0.12722352566794937
CCC,P,0.138,C,0.069378253835143
CCG,P,-0.629,G,0.06589937076951181
CCT,P,0.662,T,0.10504094220881134
CAC,H,-0.158,C,0.10803365174632387
CAT,H,0.158,T,0.10803365174632387
CAA,Q,0.762,A,0.10271772029006421
CAG,Q,-0.762,G,0.10271772029006422
GTA,V,0.932,A,0.14622865012649283
GTC,V,-0.271,C,0.057419349042310615
GTG,V,-0.261,G,0.05769010795908716
GTT,V,0.692,T,0.07920480350238361
GCA,A,0.698,A,0.06486995868458068
GCC,A,-0.087,C,0.04559065979278563
GCG,A,-0.548,G,0.04594284619318971
GCT,A,0.673,T,0.07196641560753185
GAC,D,0.032,C,0.06836002626992824
GAT,D,-0.032,T,0.06836002626992824
GAA,E,0.35,A,0.06656446158116419
GAG,E,-0.35,G,0.06656446158116419
GGA,G,0.691,A,0.08360732250580108
GGC,G,-0.596,C,0.05951796912910261
GGG,G,0.169,G,0.07831848691027814
GGT,G,0.352,T,0.08842643172983101
TTC,F,-0.609,C,0.0908484049155358
TTT,F,0.609,T,0.0908484049155358
TAC,Y,-0.007,C,0.11988164369357837
TAT,Y,0.007,T,0.11988164369357837
TGC,C,-0.69,C,0.21694712888152423
TGT,C,0.69,T,0.21694712888152423
