codon,amino_acid,Iamia,third_nucl,standard_error
ATA,I,0.089,A,0.7081746166329925
ATC,I,-0.41,C,0.4662905260289595
ATT,I,0.651,T,0.6279890952542878
ACA,T,1.223,A,0.24132807032174314
ACC,T,-0.219,C,0.05987090462599588
ACG,T,0.092,G,0.062254361421134156
ACT,T,0.667,T,0.28410614999891
AAC,N,-1.477,C,0.6802157932965877
AAT,N,1.477,T,0.6802157932965877
AAA,K,0.024,A,0.7095000406922161
AAG,K,-0.024,G,0.709500040692216
AGC,S,0.475,C,0.06486680828915349
AGT,S,1.003,T,0.29660169159093747
TCA,S,0.457,A,0.27113967832188185
TCC,S,0.154,C,0.06353734825123909
TCG,S,-0.804,G,0.06566428687439943
TCT,S,1.009,T,0.2709332690428613
AGA,R,1.639,A,0.3864314378382431
AGG,R,1.604,G,0.1526332669305316
CGA,R,1.265,A,0.11244121711106296
CGC,R,-0.014,C,0.04545334990277962
CGG,R,-0.76,G,0.0487666108482285
CGT,R,1.095,T,0.11762243419272767
CTA,L,2.136,A,0.6175949578476462
CTC,L,0.054,C,0.04334672197870684
CTG,L,-0.211,G,0.043505508405496385
CTT,L,0.847,T,0.24276672780813727
TTA,L,0.879,A,1.2249366523380083
TTG,L,1.291,G,0.16683621263304124
CCA,P,0.591,A,0.1716894422908596
CCC,P,0.037,C,0.04774376233731048
CCG,P,-0.196,G,0.04893813332864501
CCT,P,0.75,T,0.14289803718750138
CAC,H,-0.891,C,0.28610778102303686
CAT,H,0.891,T,0.28610778102303686
CAA,Q,1.236,A,0.27789292744957067
CAG,Q,-1.236,G,0.27789292744957067
GTA,V,0.185,A,0.36450790411982276
GTC,V,-0.469,C,0.039801180995715564
GTG,V,0.452,G,0.03971002262974314
GTT,V,0.532,T,0.26286677419983967
GCA,A,1.257,A,0.09761459491435426
GCC,A,-0.46,C,0.03960279355527519
GCG,A,0.055,G,0.04356712054089555
GCT,A,1.175,T,0.11447913464262889
GAC,D,-0.749,C,0.11304210008524455
GAT,D,0.749,T,0.11304210008524455
GAA,E,1.276,A,0.14938730733260328
GAG,E,-1.276,G,0.14938730733260328
GGA,G,1.657,A,0.11236186573259657
GGC,G,-0.66,C,0.04813937600006221
GGG,G,0.112,G,0.05302253628323319
GGT,G,0.658,T,0.0881960944158027
TTC,F,-0.825,C,0.5421499179410967
TTT,F,0.825,T,0.5421499179410966
TAC,Y,-0.027,C,0.5116128724132915
TAT,Y,0.027,T,0.5116128724132915
TGC,C,-1.436,C,0.4298946481241662
TGT,C,1.436,T,0.4298946481241662
