codon,amino_acid,Ichthyobacterium,third_nucl,standard_error
ATA,I,-0.097,A,0.07440915578795167
ATC,I,-0.13,C,0.1206683318138506
ATT,I,0.164,T,0.07888651926765214
ACA,T,0.869,A,0.10658036847795242
ACC,T,-0.225,C,0.15926882168735823
ACG,T,-0.036,G,0.20701966780270625
ACT,T,-0.742,T,0.10543127572225817
AAC,N,0.403,C,0.11077418662291984
AAT,N,-0.403,T,0.11077418662291984
AAA,K,0.213,A,0.07924903993132437
AAG,K,-0.213,G,0.07924903993132437
AGC,S,-0.328,C,0.1470414249274946
AGT,S,0.318,T,0.1025539434674139
TCA,S,0.454,A,0.10476794132893769
TCC,S,-0.012,C,0.1750533720022993
TCG,S,0.215,G,0.17957592300580474
TCT,S,-0.511,T,0.09152670297570262
AGA,R,-0.013,A,0.1202136353145096
AGG,R,0.272,G,0.1437568976409502
CGA,R,-0.071,A,0.25907127685269055
CGC,R,-0.595,C,0.45321372017019
CGG,R,0.822,G,0.8387104520406362
CGT,R,-0.396,T,0.20356713891620018
CTA,L,-0.197,A,0.10930581197708909
CTC,L,-0.423,C,0.17015865521951157
CTG,L,-0.195,G,0.17681357590185587
CTT,L,-0.108,T,0.11058620032329938
TTA,L,0.419,A,0.07696565849696259
TTG,L,-0.232,G,0.09473423550007404
CCA,P,0.337,A,0.16417562715083744
CCC,P,0.16,C,0.23400774475348843
CCG,P,0.61,G,0.4440262458796555
CCT,P,-0.441,T,0.1562400502094148
CAC,H,-0.088,C,0.21892420488979975
CAT,H,0.088,T,0.21892420488979975
CAA,Q,0.042,A,0.17330960325921133
CAG,Q,-0.042,G,0.17330960325921133
GTA,V,0.329,A,0.0981099443480181
GTC,V,-0.249,C,0.1651801487892305
GTG,V,0.397,G,0.13183361774615726
GTT,V,-0.499,T,0.10319436265274219
GCA,A,0.672,A,0.13397988484042048
GCC,A,0.107,C,0.18560117601653534
GCG,A,0.408,G,0.24299281682542181
GCT,A,-0.699,T,0.12347341044881631
GAC,D,-0.006,C,0.14214980427022378
GAT,D,0.006,T,0.14214980427022378
GAA,E,0.069,A,0.11517158132343727
GAG,E,-0.069,G,0.11517158132343727
GGA,G,0.193,A,0.1144354948861732
GGC,G,-0.279,C,0.16764643503925325
GGG,G,0.242,G,0.153192753201958
GGT,G,-0.212,T,0.12206628504441357
TTC,F,-0.341,C,0.12877953323808683
TTT,F,0.341,T,0.12877953323808683
TAC,Y,0.1,C,0.13588950225738936
TAT,Y,-0.1,T,0.13588950225738936
TGC,C,-0.464,C,0.2666024002645884
TGT,C,0.464,T,0.2666024002645884
