codon,amino_acid,Ideonella,third_nucl,standard_error
ATA,I,1.427,A,0.49664033644233624
ATC,I,-1.229,C,0.12800797275215678
ATT,I,1.195,T,0.13182155760977557
ACA,T,0.994,A,0.15171640793443328
ACC,T,-0.08,C,0.05936359794032577
ACG,T,-0.393,G,0.06558499538233103
ACT,T,1.209,T,0.16502300182737187
AAC,N,-0.435,C,0.126474531478442
AAT,N,0.435,T,0.12647453147844204
AAA,K,1.877,A,0.1411582556011116
AAG,K,-1.877,G,0.14115825560111156
AGC,S,-0.649,C,0.05726516695589342
AGT,S,0.446,T,0.14068192660145562
TCA,S,0.96,A,0.1933299132459336
TCC,S,0.69,C,0.062458641519677165
TCG,S,-0.648,G,0.06715197752304557
TCT,S,1.604,T,0.1648938177784822
AGA,R,1.669,A,0.2762139955581623
AGG,R,0.408,G,0.1747571542901386
CGA,R,1.224,A,0.12617185967975786
CGC,R,-0.317,C,0.051624149848488794
CGG,R,-0.706,G,0.06911582603476496
CGT,R,0.855,T,0.08142083659687188
CTA,L,0.639,A,0.2907303115486245
CTC,L,0.767,C,0.056573513310233074
CTG,L,-1.084,G,0.04677504783814298
CTT,L,1.714,T,0.13554611618739332
TTA,L,1.014,A,0.4752748181408262
TTG,L,0.758,G,0.08043186934083146
CCA,P,0.66,A,0.13348395451472772
CCC,P,0.333,C,0.052387695933059614
CCG,P,-0.812,G,0.05396904237261813
CCT,P,1.251,T,0.1181253083883368
CAC,H,0.145,C,0.10143402753480672
CAT,H,-0.145,T,0.10143402753480672
CAA,Q,1.71,A,0.0951994586668313
CAG,Q,-1.71,G,0.09519945866683129
GTA,V,1.216,A,0.2715559892293372
GTC,V,0.568,C,0.05556343726698656
GTG,V,-0.966,G,0.05464332198236108
GTT,V,1.852,T,0.14308426018865608
GCA,A,1.077,A,0.08351186462104702
GCC,A,-0.265,C,0.04082007638749732
GCG,A,-0.378,G,0.047545912818727984
GCT,A,1.112,T,0.08938855264657097
GAC,D,-0.445,C,0.0732963441611728
GAT,D,0.445,T,0.0732963441611728
GAA,E,1.1,A,0.07030953929829824
GAG,E,-1.1,G,0.07030953929829824
GGA,G,1.319,A,0.1269370235886409
GGC,G,-0.603,C,0.06235366284772768
GGG,G,-0.006,G,0.08885292437586194
GGT,G,0.553,T,0.08709139560032558
TTC,F,-0.87,C,0.10919621789359443
TTT,F,0.87,T,0.10919621789359443
TAC,Y,-0.138,C,0.13892739407974447
TAT,Y,0.138,T,0.13892739407974447
TGC,C,-0.929,C,0.22568460392402287
TGT,C,0.929,T,0.22568460392402287
