codon,amino_acid,Idiomarina,third_nucl,standard_error
ATA,I,0.413,A,0.08410212383212284
ATC,I,0.196,C,0.08859935962961644
ATT,I,-0.41,T,0.06977422220117419
ACA,T,0.663,A,0.08651346508507037
ACC,T,-0.375,C,0.07716026090684863
ACG,T,-0.159,G,0.09622954599218589
ACT,T,-0.084,T,0.08062424252911655
AAC,N,-0.21,C,0.08292655893578733
AAT,N,0.21,T,0.08292655893578733
AAA,K,0.186,A,0.07491436666171454
AAG,K,-0.186,G,0.07491436666171454
AGC,S,-0.218,C,0.07810321578315373
AGT,S,0.256,T,0.07822397206924249
TCA,S,0.359,A,0.07920529742789696
TCC,S,-0.108,C,0.10955449264736153
TCG,S,-0.319,G,0.09861212902924671
TCT,S,-0.163,T,0.08465181712209846
AGA,R,0.81,A,0.11749531524884874
AGG,R,0.181,G,0.19985695293196723
CGA,R,0.576,A,0.11427676655352388
CGC,R,-0.133,C,0.08189631559687288
CGG,R,-0.586,G,0.12451894037912753
CGT,R,-0.332,T,0.08006353871290509
CTA,L,0.542,A,0.09606403198806582
CTC,L,0.294,C,0.10147672413312854
CTG,L,-0.62,G,0.06067779756640075
CTT,L,0.057,T,0.07302697240578551
TTA,L,0.315,A,0.05625128429864258
TTG,L,-0.133,G,0.06672309729423395
CCA,P,0.344,A,0.10443068664629812
CCC,P,0.075,C,0.1137518653214349
CCG,P,-0.173,G,0.0970219140248009
CCT,P,-0.188,T,0.10124764005621065
CAC,H,-0.023,C,0.12113524873863077
CAT,H,0.023,T,0.12113524873863077
CAA,Q,0.738,A,0.0779813259542769
CAG,Q,-0.738,G,0.07798132595427691
GTA,V,0.415,A,0.07785907933360899
GTC,V,-0.115,C,0.08746308061608436
GTG,V,-0.074,G,0.07504756341617645
GTT,V,-0.181,T,0.06680969274356449
GCA,A,0.477,A,0.06674500003064583
GCC,A,-0.239,C,0.06989987518778963
GCG,A,-0.222,G,0.07524920462270714
GCT,A,-0.083,T,0.06732087690044589
GAC,D,-0.38,C,0.0789382302503382
GAT,D,0.38,T,0.0789382302503382
GAA,E,0.477,A,0.0794816958280592
GAG,E,-0.477,G,0.0794816958280592
GGA,G,0.473,A,0.10527162666719304
GGC,G,-0.103,C,0.08226389129654137
GGG,G,-0.209,G,0.13612517547243547
GGT,G,-0.09,T,0.07883393901569101
TTC,F,-0.355,C,0.09355841968685882
TTT,F,0.355,T,0.09355841968685882
TAC,Y,-0.069,C,0.10542005028590255
TAT,Y,0.069,T,0.10542005028590255
TGC,C,-0.17,C,0.1858789850762866
TGT,C,0.17,T,0.18587898507628658
