codon,amino_acid,Ignavibacterium,third_nucl,standard_error
ATA,I,0.454,A,0.05361790032328402
ATC,I,-0.042,C,0.06570569141522471
ATT,I,-0.363,T,0.04889462668677367
ACA,T,0.345,A,0.07094632411125515
ACC,T,0.059,C,0.10555310805594315
ACG,T,0.004,G,0.15433213987157213
ACT,T,-0.419,T,0.07554443455573889
AAC,N,0.208,C,0.07183691377295447
AAT,N,-0.208,T,0.07183691377295447
AAA,K,0.439,A,0.06396953462748836
AAG,K,-0.439,G,0.06396953462748835
AGC,S,0.026,C,0.10222657855069117
AGT,S,-0.091,T,0.08050343203528579
TCA,S,0.033,A,0.06351176149772927
TCC,S,0.265,C,0.11207959355789204
TCG,S,-0.003,G,0.11374380310065953
TCT,S,-0.096,T,0.0741513702289672
AGA,R,0.115,A,0.08650905104181886
AGG,R,-0.205,G,0.1676978606131348
CGA,R,0.181,A,0.14321847027471127
CGC,R,0.165,C,0.19547174304741385
CGG,R,-0.145,G,0.2151251865912258
CGT,R,-0.31,T,0.13284475526630193
CTA,L,0.467,A,0.09519774801595086
CTC,L,0.008,C,0.09307917033557173
CTG,L,-0.058,G,0.08089148518536361
CTT,L,-0.623,T,0.05284387288655148
TTA,L,0.437,A,0.05060245638805469
TTG,L,0.016,G,0.06551729689985829
CCA,P,0.286,A,0.09789234517855071
CCC,P,0.283,C,0.15428290801702946
CCG,P,-0.535,G,0.12514264451071946
CCT,P,-0.047,T,0.10156498843784857
CAC,H,0.307,C,0.14355187537535405
CAT,H,-0.307,T,0.14355187537535405
CAA,Q,0.802,A,0.09735563297144154
CAG,Q,-0.802,G,0.09735563297144154
GTA,V,0.286,A,0.07267825548562931
GTC,V,0.13,C,0.12139420586296377
GTG,V,0.347,G,0.1052932974662324
GTT,V,-0.405,T,0.06581235212856429
GCA,A,0.163,A,0.07366228791859919
GCC,A,-0.011,C,0.11983855027663191
GCG,A,-0.05,G,0.15253758960600824
GCT,A,-0.16,T,0.0772080028126127
GAC,D,0.402,C,0.0965312533758135
GAT,D,-0.402,T,0.0965312533758135
GAA,E,0.247,A,0.09223512973324671
GAG,E,-0.247,G,0.09223512973324671
GGA,G,0.021,A,0.08202678776685099
GGC,G,0.379,C,0.11379245118947623
GGG,G,-0.173,G,0.1950134334272174
GGT,G,-0.191,T,0.08552434379703723
TTC,F,0.098,C,0.06946598009864843
TTT,F,-0.098,T,0.06946598009864843
TAC,Y,0.379,C,0.09358063068865059
TAT,Y,-0.379,T,0.09358063068865059
TGC,C,-0.167,C,0.20988289617745653
TGT,C,0.167,T,0.20988289617745653
