codon,amino_acid,Ilyobacter,third_nucl,standard_error
ATA,I,-0.114,A,0.050613250345855454
ATC,I,-0.309,C,0.07430929901946953
ATT,I,0.294,T,0.05446502926903766
ACA,T,0.265,A,0.07763976764644943
ACC,T,-0.271,C,0.11502922095568494
ACG,T,0.546,G,0.1566979657915934
ACT,T,-0.295,T,0.08071321973292878
AAC,N,-0.172,C,0.07765032253168606
AAT,N,0.172,T,0.07765032253168606
AAA,K,0.377,A,0.05534791074930956
AAG,K,-0.377,G,0.05534791074930955
AGC,S,0.105,C,0.10953290711087006
AGT,S,0.355,T,0.0775800535487041
TCA,S,0.187,A,0.08109498019232546
TCC,S,-0.353,C,0.14333927700291968
TCG,S,0.552,G,0.16609548620791215
TCT,S,-0.6,T,0.08033461726443335
AGA,R,0.482,A,0.08982169024567108
AGG,R,-0.422,G,0.10311669761122122
CGA,R,-0.098,A,0.25143213941389614
CGC,R,1.731,C,1.080875667997623
CGG,R,-1.034,G,0.37430934304220503
CGT,R,-0.425,T,0.18611374600777716
CTA,L,-0.418,A,0.07946201542220918
CTC,L,-0.67,C,0.11572166370210456
CTG,L,-0.151,G,0.08998801110895473
CTT,L,-0.836,T,0.0608534074623791
TTA,L,0.681,A,0.056417850121579835
TTG,L,0.716,G,0.07112956425963546
CCA,P,0.233,A,0.12189027702261152
CCC,P,0.12,C,0.2025610510689838
CCG,P,0.216,G,0.18628917633355616
CCT,P,-0.327,T,0.11606449263592437
CAC,H,0.079,C,0.14892451166785617
CAT,H,-0.079,T,0.14892451166785617
CAA,Q,0.729,A,0.12056590247434233
CAG,Q,-0.729,G,0.12056590247434233
GTA,V,-0.15,A,0.06436933687575368
GTC,V,-0.14,C,0.11246670483888428
GTG,V,0.196,G,0.08189930836791658
GTT,V,0.083,T,0.06789566212997734
GCA,A,0.305,A,0.07693655333277506
GCC,A,-0.648,C,0.11704019935984866
GCG,A,0.373,G,0.1569058455284594
GCT,A,-0.089,T,0.07946798525095485
GAC,D,-0.498,C,0.08399508272450106
GAT,D,0.498,T,0.08399508272450106
GAA,E,0.334,A,0.06602117726118246
GAG,E,-0.334,G,0.06602117726118246
GGA,G,0.056,A,0.06748705888646024
GGC,G,0.017,C,0.13882742876524376
GGG,G,-0.082,G,0.09442025478319908
GGT,G,-0.024,T,0.07730769755907228
TTC,F,-0.569,C,0.10368207271798026
TTT,F,0.569,T,0.10368207271798026
TAC,Y,-0.1,C,0.09966959749407142
TAT,Y,0.1,T,0.09966959749407142
TGC,C,-0.447,C,0.18048471686866874
TGT,C,0.447,T,0.18048471686866874
