codon,amino_acid,Immundisolibacter,third_nucl,standard_error
ATA,I,0.4,A,0.2022999125199437
ATC,I,-0.593,C,0.09465340130304613
ATT,I,0.59,T,0.10248324689565753
ACA,T,1.005,A,0.15031407002625988
ACC,T,-0.003,C,0.06639835487627666
ACG,T,-0.468,G,0.07170736771911089
ACT,T,0.82,T,0.1557620564795297
AAC,N,-0.375,C,0.12022898057786395
AAT,N,0.375,T,0.12022898057786395
AAA,K,1.237,A,0.10432273063744178
AAG,K,-1.237,G,0.10432273063744178
AGC,S,-0.075,C,0.07029746226882275
AGT,S,0.47,T,0.13719027258317493
TCA,S,0.649,A,0.18454098041570863
TCC,S,0.321,C,0.08519553519306372
TCG,S,-0.695,G,0.081549991671086
TCT,S,1.261,T,0.254403741637161
AGA,R,1.379,A,0.25510293919885624
AGG,R,0.62,G,0.16751271081008146
CGA,R,1.001,A,0.1351067494496151
CGC,R,-0.308,C,0.05697412875383076
CGG,R,-0.412,G,0.07209295875317567
CGT,R,0.517,T,0.09074310793823065
CTA,L,0.893,A,0.22914965979041133
CTC,L,0.388,C,0.06688996421752673
CTG,L,-0.705,G,0.05126834813401424
CTT,L,0.747,T,0.10389246678654677
TTA,L,0.52,A,0.252588721765099
TTG,L,0.596,G,0.0854695356601568
CCA,P,0.795,A,0.13093494336616363
CCC,P,0.708,C,0.07232073363535896
CCG,P,-1.019,G,0.0667839339474614
CCT,P,0.993,T,0.15478724010365522
CAC,H,-0.168,C,0.117573392263969
CAT,H,0.168,T,0.117573392263969
CAA,Q,1.453,A,0.1111280865014941
CAG,Q,-1.453,G,0.1111280865014941
GTA,V,0.694,A,0.13116417847460296
GTC,V,0.087,C,0.05975793144429912
GTG,V,-0.522,G,0.05683145481059551
GTT,V,1.13,T,0.11607513076351876
GCA,A,0.848,A,0.0840088451863483
GCC,A,-0.015,C,0.045635082344031914
GCG,A,-0.5,G,0.04958224347210973
GCT,A,0.87,T,0.10484195251326972
GAC,D,-0.195,C,0.07568391146509545
GAT,D,0.195,T,0.07568391146509545
GAA,E,0.952,A,0.07486857572616752
GAG,E,-0.952,G,0.07486857572616752
GGA,G,0.946,A,0.1255607775990646
GGC,G,-0.413,C,0.06674082267120146
GGG,G,0.062,G,0.0960143424628439
GGT,G,0.224,T,0.09404430146247068
TTC,F,-0.574,C,0.10066740121743678
TTT,F,0.574,T,0.10066740121743678
TAC,Y,-0.295,C,0.12719723065408634
TAT,Y,0.295,T,0.12719723065408634
TGC,C,-0.792,C,0.21830215090349875
TGT,C,0.792,T,0.21830215090349875
