codon,amino_acid,Indioceanicola,third_nucl,standard_error
ATA,I,0.939,A,0.1691217853403469
ATC,I,-0.639,C,0.07673904230199843
ATT,I,0.507,T,0.08343759279783078
ACA,T,0.866,A,0.1088739965257455
ACC,T,-0.148,C,0.05216207102246947
ACG,T,-0.245,G,0.055927644987662645
ACT,T,0.631,T,0.12125956697040265
AAC,N,-0.143,C,0.08797951568250663
AAT,N,0.143,T,0.08797951568250663
AAA,K,1.124,A,0.10432422144589693
AAG,K,-1.124,G,0.10432422144589693
AGC,S,-0.196,C,0.05511103315856104
AGT,S,0.441,T,0.1301350598367415
TCA,S,0.711,A,0.15128985990435392
TCC,S,0.021,C,0.054790684920626366
TCG,S,-0.277,G,0.07015745386800046
TCT,S,0.865,T,0.14318076274571173
AGA,R,1.777,A,0.17963463175419606
AGG,R,0.649,G,0.09702475106905495
CGA,R,0.939,A,0.11523101567626211
CGC,R,-0.245,C,0.04437076425826776
CGG,R,-0.562,G,0.04932062160366221
CGT,R,0.59,T,0.0715056726665053
CTA,L,0.437,A,0.15214553091968822
CTC,L,0.417,C,0.04835091330206403
CTG,L,-0.838,G,0.03963637021758198
CTT,L,0.777,T,0.06229150366367041
TTA,L,1.334,A,0.3270477084286008
TTG,L,0.543,G,0.0682744171270528
CCA,P,0.677,A,0.10687536848934659
CCC,P,0.367,C,0.05312082115146488
CCG,P,-0.679,G,0.051377609557275855
CCT,P,0.544,T,0.09292015825318099
CAC,H,0.267,C,0.08875547207029333
CAT,H,-0.267,T,0.08875547207029333
CAA,Q,0.591,A,0.10465640315456526
CAG,Q,-0.591,G,0.10465640315456526
GTA,V,0.41,A,0.11582979448172112
GTC,V,0.07,C,0.04879250658143489
GTG,V,-0.413,G,0.04806492876972372
GTT,V,0.746,T,0.08030006285213964
GCA,A,0.931,A,0.06731238922457215
GCC,A,-0.183,C,0.03661602711692298
GCG,A,-0.316,G,0.04006865636562046
GCT,A,0.511,T,0.06805107197452244
GAC,D,-0.127,C,0.05588298439760968
GAT,D,0.127,T,0.05588298439760968
GAA,E,0.859,A,0.06087782556405894
GAG,E,-0.859,G,0.06087782556405894
GGA,G,0.604,A,0.07442894544110189
GGC,G,-0.355,C,0.04842019439059956
GGG,G,-0.074,G,0.059005685836358415
GGT,G,0.388,T,0.07620762886335157
TTC,F,-0.822,C,0.10744799120158598
TTT,F,0.822,T,0.10744799120158598
TAC,Y,0.094,C,0.09866199473033224
TAT,Y,-0.094,T,0.09866199473033223
TGC,C,-0.769,C,0.2034164307548096
TGT,C,0.769,T,0.2034164307548096
