codon,amino_acid,Intestinibaculum,third_nucl,standard_error
ATA,I,0.853,A,0.09569108875501325
ATC,I,-0.577,C,0.06020700124080455
ATT,I,0.179,T,0.0562770584356235
ACA,T,1.016,A,0.07451690077711674
ACC,T,-0.637,C,0.0883384281855173
ACG,T,-0.598,G,0.09124886560301684
ACT,T,-0.233,T,0.083767881382336
AAC,N,0.03,C,0.0793714516937359
AAT,N,-0.03,T,0.0793714516937359
AAA,K,0.524,A,0.05717492969540247
AAG,K,-0.524,G,0.057174929695402464
AGC,S,-0.243,C,0.09745080392437523
AGT,S,0.548,T,0.08009168950849446
TCA,S,0.211,A,0.07869954524109726
TCC,S,-0.453,C,0.11883114711479992
TCG,S,-0.385,G,0.13519854013228597
TCT,S,-0.281,T,0.08517519702996806
AGA,R,1.075,A,0.08393992929996481
AGG,R,0.137,G,0.18285971838491774
CGA,R,0.546,A,0.15168262741072683
CGC,R,-0.831,C,0.10881778848562411
CGG,R,-0.586,G,0.17830767201995934
CGT,R,-0.698,T,0.08649506143273963
CTA,L,0.104,A,0.1229704560726345
CTC,L,-0.112,C,0.09026171682606965
CTG,L,-0.237,G,0.08325922033206655
CTT,L,-0.353,T,0.07534099928248268
TTA,L,0.25,A,0.0522954307430226
TTG,L,0.101,G,0.08875581483507673
CCA,P,0.185,A,0.1068614287240782
CCC,P,0.364,C,0.15987096737680098
CCG,P,-0.633,G,0.1433250321514009
CCT,P,0.048,T,0.11548283832879556
CAC,H,0.038,C,0.15254609959668142
CAT,H,-0.038,T,0.15254609959668142
CAA,Q,1.04,A,0.09572792939301203
CAG,Q,-1.04,G,0.09572792939301203
GTA,V,0.838,A,0.08171018992819559
GTC,V,-0.504,C,0.0728675352875082
GTG,V,0.009,G,0.07783411232664689
GTT,V,-0.179,T,0.07083294504989167
GCA,A,0.763,A,0.07382481925813537
GCC,A,-0.366,C,0.07979866851686081
GCG,A,-0.473,G,0.08445009661630666
GCT,A,-0.061,T,0.07185999223845392
GAC,D,-0.291,C,0.09178758572622056
GAT,D,0.291,T,0.09178758572622056
GAA,E,0.203,A,0.08769505474582598
GAG,E,-0.203,G,0.08769505474582598
GGA,G,1.039,A,0.08963812290761937
GGC,G,-0.535,C,0.08257256561404634
GGG,G,-0.301,G,0.11080847055085638
GGT,G,-0.155,T,0.08145241427214626
TTC,F,-0.766,C,0.08879277788117414
TTT,F,0.766,T,0.08879277788117414
TAC,Y,0.04,C,0.09193585074583575
TAT,Y,-0.04,T,0.09193585074583575
TGC,C,-0.262,C,0.1562569832940088
TGT,C,0.262,T,0.15625698329400878
