codon,amino_acid,Intrasporangium,third_nucl,standard_error
ATA,I,0.832,A,0.45925682691505826
ATC,I,-1.153,C,0.1926658413850879
ATT,I,1.199,T,0.21112567020956005
ACA,T,1.244,A,0.17056043109901767
ACC,T,-0.006,C,0.05421772444285044
ACG,T,-0.412,G,0.05607463768358612
ACT,T,1.245,T,0.15389584755367505
AAC,N,-1.199,C,0.29970610320326413
AAT,N,1.199,T,0.29970610320326413
AAA,K,0.997,A,0.2566838373428404
AAG,K,-0.997,G,0.2566838373428404
AGC,S,0.547,C,0.06452516668120262
AGT,S,1.115,T,0.161757546862399
TCA,S,0.626,A,0.1436383689559843
TCC,S,-0.208,C,0.06423007073707208
TCG,S,-0.854,G,0.0651860901216129
TCT,S,0.947,T,0.2018261252781734
AGA,R,1.313,A,0.20304828302990596
AGG,R,0.928,G,0.11340421329213679
CGA,R,0.733,A,0.0862449451957444
CGC,R,-0.31,C,0.05113691554432797
CGG,R,-0.57,G,0.05464282899963271
CGT,R,0.567,T,0.08470372731361533
CTA,L,0.698,A,0.26798347585055055
CTC,L,-0.27,C,0.047237177356432083
CTG,L,-0.027,G,0.04853798874524988
CTT,L,0.951,T,0.13696345138113108
TTA,L,1.547,A,0.6517652072884074
TTG,L,0.783,G,0.11415305264138469
CCA,P,0.814,A,0.12203938497035599
CCC,P,0.061,C,0.058129347498220706
CCG,P,-0.435,G,0.05681435424105454
CCT,P,0.759,T,0.12524898569395912
CAC,H,-0.402,C,0.15108871169294213
CAT,H,0.402,T,0.15108871169294213
CAA,Q,0.544,A,0.1616468042910092
CAG,Q,-0.544,G,0.1616468042910092
GTA,V,1.011,A,0.28316602919767386
GTC,V,-0.952,C,0.0471550598522723
GTG,V,0.804,G,0.047423672339931756
GTT,V,0.894,T,0.12793139566600994
GCA,A,0.964,A,0.07676460247455869
GCC,A,-0.255,C,0.042273771428700535
GCG,A,-0.229,G,0.04509621886342112
GCT,A,0.523,T,0.08099212887967099
GAC,D,-0.644,C,0.10002396064095086
GAT,D,0.644,T,0.10002396064095086
GAA,E,0.971,A,0.10388159583352852
GAG,E,-0.971,G,0.10388159583352852
GGA,G,0.79,A,0.08170061925533048
GGC,G,-0.37,C,0.0530599092586224
GGG,G,-0.218,G,0.06209980831315074
GGT,G,0.41,T,0.07522242921061673
TTC,F,-1.111,C,0.2589384250199672
TTT,F,1.111,T,0.2589384250199672
TAC,Y,-0.755,C,0.19688664000136813
TAT,Y,0.755,T,0.1968866400013681
TGC,C,-0.299,C,0.2921423484949754
TGT,C,0.299,T,0.2921423484949754
