codon,amino_acid,Iodobacter,third_nucl,standard_error
ATA,I,0.485,A,0.09795607644154011
ATC,I,0.019,C,0.06278440449838907
ATT,I,-0.202,T,0.05909033388125599
ACA,T,0.143,A,0.07704154238962628
ACC,T,-0.205,C,0.069833919042788
ACG,T,-0.315,G,0.09028396599571427
ACT,T,0.35,T,0.07947710855514528
AAC,N,0.1,C,0.0824989048865044
AAT,N,-0.1,T,0.0824989048865044
AAA,K,0.249,A,0.07215790155406417
AAG,K,-0.249,G,0.07215790155406417
AGC,S,-0.313,C,0.06385889248480632
AGT,S,0.209,T,0.07904589763194617
TCA,S,0.154,A,0.08306746926701998
TCC,S,0.192,C,0.08363294835502867
TCG,S,-0.528,G,0.09576523451018307
TCT,S,0.306,T,0.07719095779423713
AGA,R,0.579,A,0.12114957555507176
AGG,R,-0.294,G,0.15734412697030978
CGA,R,0.523,A,0.12702018741649865
CGC,R,-0.145,C,0.06785955561300117
CGG,R,-0.541,G,0.10955981634169683
CGT,R,0.09,T,0.07294417554337779
CTA,L,0.345,A,0.08237745773253043
CTC,L,0.498,C,0.07849485698548583
CTG,L,-0.768,G,0.04925640369173851
CTT,L,0.542,T,0.06032272280928682
TTA,L,0.183,A,0.05333787361166547
TTG,L,-0.119,G,0.058998550968635474
CCA,P,0.037,A,0.08613218758012683
CCC,P,0.38,C,0.08492858685988765
CCG,P,-0.62,G,0.08831353554362743
CCT,P,0.159,T,0.08009221719732361
CAC,H,-0.173,C,0.10351350602193336
CAT,H,0.173,T,0.10351350602193338
CAA,Q,0.721,A,0.07379855806441625
CAG,Q,-0.721,G,0.07379855806441626
GTA,V,-0.075,A,0.07266936266432503
GTC,V,0.273,C,0.08578387503823827
GTG,V,-0.484,G,0.0658660459375701
GTT,V,0.397,T,0.06593674875910467
GCA,A,0.193,A,0.056611616127876276
GCC,A,-0.049,C,0.055197260394227544
GCG,A,-0.426,G,0.0724936905983479
GCT,A,0.142,T,0.05867415075535576
GAC,D,0.292,C,0.08274098836401333
GAT,D,-0.292,T,0.08274098836401333
GAA,E,0.572,A,0.08043593894756841
GAG,E,-0.572,G,0.08043593894756841
GGA,G,0.371,A,0.10555005739103883
GGC,G,-0.158,C,0.06919435734512365
GGG,G,-0.229,G,0.10125226957201687
GGT,G,0.135,T,0.07457341548614488
TTC,F,0.239,C,0.09131145264451213
TTT,F,-0.239,T,0.09131145264451213
TAC,Y,0.025,C,0.0998502015707803
TAT,Y,-0.025,T,0.0998502015707803
TGC,C,-0.169,C,0.14685580061120695
TGT,C,0.169,T,0.14685580061120695
