codon,amino_acid,Isoalcanivorax,third_nucl,standard_error
ATA,I,0.872,A,0.13363898559864143
ATC,I,-0.565,C,0.0675854634490261
ATT,I,0.356,T,0.07133166033175321
ACA,T,0.862,A,0.09065411414685129
ACC,T,-0.394,C,0.059319274292616284
ACG,T,-0.335,G,0.06927039847978507
ACT,T,0.747,T,0.11470732561403355
AAC,N,-0.239,C,0.09165749525022288
AAT,N,0.239,T,0.09165749525022289
AAA,K,0.555,A,0.07869513754082919
AAG,K,-0.555,G,0.07869513754082919
AGC,S,-0.408,C,0.06131268863225692
AGT,S,0.347,T,0.09548979970420769
TCA,S,0.603,A,0.10699376909507288
TCC,S,0.143,C,0.06959091067406932
TCG,S,-0.526,G,0.08225520404046681
TCT,S,0.975,T,0.13634781724527145
AGA,R,1.577,A,0.16021802437595048
AGG,R,0.671,G,0.15460066217625676
CGA,R,1.533,A,0.1338664472948952
CGC,R,-0.483,C,0.051942263512090775
CGG,R,-0.404,G,0.06739513546760043
CGT,R,0.161,T,0.06465252001689585
CTA,L,0.944,A,0.1760361939834893
CTC,L,0.18,C,0.059686313988457924
CTG,L,-0.694,G,0.04420852158565478
CTT,L,1.024,T,0.09182700948109826
TTA,L,1.095,A,0.1691377165773566
TTG,L,0.423,G,0.06898250298699549
CCA,P,0.508,A,0.10685173252352333
CCC,P,0.677,C,0.07069036939755997
CCG,P,-1.072,G,0.06393136037305255
CCT,P,1.025,T,0.11423604753529425
CAC,H,-0.111,C,0.09338364043463153
CAT,H,0.111,T,0.09338364043463153
CAA,Q,0.87,A,0.08766633747990162
CAG,Q,-0.87,G,0.08766633747990162
GTA,V,0.818,A,0.09286090480153479
GTC,V,0.096,C,0.062180979293415185
GTG,V,-0.779,G,0.055384463262733274
GTT,V,1.12,T,0.09536700582684901
GCA,A,0.672,A,0.06263488532869835
GCC,A,-0.148,C,0.0449025385671049
GCG,A,-0.527,G,0.05126320676237001
GCT,A,0.671,T,0.08056341424363427
GAC,D,-0.335,C,0.0630573027314726
GAT,D,0.335,T,0.0630573027314726
GAA,E,0.46,A,0.06918641994597749
GAG,E,-0.46,G,0.06918641994597749
GGA,G,1.23,A,0.12272793854588651
GGC,G,-0.536,C,0.061521643425085204
GGG,G,0.041,G,0.08676643720477464
GGT,G,0.3,T,0.07548121891461917
TTC,F,-0.495,C,0.07934297398834565
TTT,F,0.495,T,0.07934297398834565
TAC,Y,-0.062,C,0.09863497032964773
TAT,Y,0.062,T,0.09863497032964773
TGC,C,-0.634,C,0.16569181521446658
TGT,C,0.634,T,0.16569181521446658
