codon,amino_acid,Isoptericola,third_nucl,standard_error
ATA,I,2.168,A,1.0550178901717973
ATC,I,-1.671,C,0.48888602598513553
ATT,I,1.481,T,0.5545435387052062
ACA,T,1.265,A,0.2174783214874463
ACC,T,0.193,C,0.05224125347991981
ACG,T,-0.417,G,0.053202490797988534
ACT,T,2.255,T,0.3902535986048535
AAC,N,-1.75,C,0.6321603078243598
AAT,N,1.75,T,0.6321603078243598
AAA,K,0.407,A,0.4381557901541241
AAG,K,-0.407,G,0.4381557901541241
AGC,S,0.818,C,0.07433951229161574
AGT,S,1.585,T,0.3577883241352139
TCA,S,1.198,A,0.27693169900476844
TCC,S,-0.206,C,0.06597479300775977
TCG,S,-0.909,G,0.07146154827847387
TCT,S,1.579,T,0.3105069806368331
AGA,R,3.33,A,0.5879001401247972
AGG,R,1.229,G,0.15401918964092928
CGA,R,1.402,A,0.12168697326570015
CGC,R,-0.236,C,0.051316622529749494
CGG,R,-0.642,G,0.05800607876042504
CGT,R,0.41,T,0.08701005446191905
CTA,L,1.053,A,0.6905040521879521
CTC,L,-0.143,C,0.04926475327206
CTG,L,-0.046,G,0.04919626735951248
CTT,L,1.675,T,0.24976040050051423
TTA,L,1.815,A,1.5493884278497194
TTG,L,1.226,G,0.19928772144377072
CCA,P,0.909,A,0.24334528099288083
CCC,P,0.33,C,0.055840686315734724
CCG,P,-0.624,G,0.05590189455183325
CCT,P,1.46,T,0.16754237344897352
CAC,H,-0.639,C,0.26322682361637717
CAT,H,0.639,T,0.2632268236163772
CAA,Q,1.329,A,0.3879547263550828
CAG,Q,-1.329,G,0.3879547263550828
GTA,V,0.602,A,0.31419234553156505
GTC,V,-0.596,C,0.04523414020542782
GTG,V,0.536,G,0.04521996432311514
GTT,V,1.179,T,0.24630468035829503
GCA,A,1.641,A,0.09860505077356645
GCC,A,-0.047,C,0.04080306703916189
GCG,A,-0.556,G,0.043128219851614115
GCT,A,1.453,T,0.13264894400123647
GAC,D,-1.488,C,0.19078917032553114
GAT,D,1.488,T,0.19078917032553114
GAA,E,1.247,A,0.1367664287299365
GAG,E,-1.247,G,0.1367664287299365
GGA,G,1.434,A,0.11127428131429566
GGC,G,-0.472,C,0.05627873132691764
GGG,G,-0.145,G,0.06565819683611608
GGT,G,0.428,T,0.08772019699906047
TTC,F,-0.854,C,0.5296607826556428
TTT,F,0.854,T,0.5296607826556429
TAC,Y,-0.755,C,0.39893302819240517
TAT,Y,0.755,T,0.3989330281924052
TGC,C,-1.823,C,0.6886429651420681
TGT,C,1.823,T,0.6886429651420682
