codon,amino_acid,Isorropodon,third_nucl,standard_error
ATA,I,0.448,A,0.0945993013505508
ATC,I,-0.079,C,0.1016489874651291
ATT,I,-0.263,T,0.07763206392620864
ACA,T,0.413,A,0.09668290234950913
ACC,T,-0.29,C,0.11003073008431968
ACG,T,-0.032,G,0.15301343905737133
ACT,T,-0.191,T,0.0997392018483775
AAC,N,0.359,C,0.09855518579047444
AAT,N,-0.359,T,0.09855518579047444
AAA,K,0.348,A,0.09575426045757096
AAG,K,-0.348,G,0.09575426045757097
AGC,S,-0.109,C,0.12170156851505586
AGT,S,0.149,T,0.09643717908775272
TCA,S,0.16,A,0.09353234521736002
TCC,S,0.159,C,0.1791938596084272
TCG,S,-0.131,G,0.19112573077067463
TCT,S,-0.315,T,0.10585690701712161
AGA,R,0.953,A,0.12468690455869469
AGG,R,0.066,G,0.19861939557217995
CGA,R,0.009,A,0.19826139002230966
CGC,R,-0.684,C,0.16706823456341688
CGG,R,-0.151,G,0.43766809854694155
CGT,R,-0.715,T,0.1410295157006717
CTA,L,0.239,A,0.09672760154532735
CTC,L,0.163,C,0.1709181078712447
CTG,L,-0.197,G,0.15306049082543097
CTT,L,-0.401,T,0.09392550571171358
TTA,L,0.248,A,0.0690613123010737
TTG,L,-0.212,G,0.08435563763610442
CCA,P,0.05,A,0.12876789472111422
CCC,P,0.206,C,0.19360733481237083
CCG,P,0.052,G,0.2475545159486526
CCT,P,-0.164,T,0.13262483180778928
CAC,H,0.494,C,0.16498242558855097
CAT,H,-0.494,T,0.16498242558855097
CAA,Q,0.039,A,0.14290535098094936
CAG,Q,-0.039,G,0.14290535098094936
GTA,V,0.166,A,0.11232569994271764
GTC,V,0.072,C,0.14673685826020258
GTG,V,0.038,G,0.10173209094496802
GTT,V,-0.169,T,0.09167475203993232
GCA,A,0.194,A,0.0935276587931058
GCC,A,-0.094,C,0.12040806700592632
GCG,A,-0.037,G,0.1575952823433031
GCT,A,-0.137,T,0.09860193546300743
GAC,D,0.017,C,0.11142560914113261
GAT,D,-0.017,T,0.11142560914113261
GAA,E,0.634,A,0.11948383421225724
GAG,E,-0.634,G,0.11948383421225724
GGA,G,0.87,A,0.14845819657727446
GGC,G,-0.193,C,0.11093136823763047
GGG,G,0.119,G,0.1632786943571277
GGT,G,-0.292,T,0.10298808128285175
TTC,F,0.123,C,0.16538142779679818
TTT,F,-0.123,T,0.16538142779679818
TAC,Y,0.236,C,0.14571197320652862
TAT,Y,-0.236,T,0.14571197320652862
TGC,C,0.147,C,0.24358690687158796
TGT,C,-0.147,T,0.24358690687158796
