codon,amino_acid,Isosphaera,third_nucl,standard_error
ATA,I,1.38,A,0.2970773967990622
ATC,I,-0.274,C,0.07308495322658062
ATT,I,0.174,T,0.07427495694268442
ACA,T,0.777,A,0.12679638247056652
ACC,T,-0.607,C,0.05840082684813916
ACG,T,0.415,G,0.06596348211257527
ACT,T,0.236,T,0.09215166535404778
AAC,N,-0.59,C,0.10101949830484994
AAT,N,0.59,T,0.10101949830484994
AAA,K,0.173,A,0.09041978729611085
AAG,K,-0.173,G,0.09041978729611085
AGC,S,-0.464,C,0.07231996297911614
AGT,S,0.134,T,0.10237864331888484
TCA,S,0.343,A,0.11200479117592675
TCC,S,0.319,C,0.06122789625370669
TCG,S,-0.381,G,0.059269772528365836
TCT,S,0.677,T,0.11196260059460098
AGA,R,0.963,A,0.17016441247869232
AGG,R,0.967,G,0.14169052401731833
CGA,R,0.492,A,0.06982833345014033
CGC,R,-0.336,C,0.051548348081892986
CGG,R,-0.393,G,0.05932485668679909
CGT,R,0.175,T,0.06197988841992525
CTA,L,-0.316,A,0.1279026181913241
CTC,L,-0.086,C,0.053097008156365456
CTG,L,-0.508,G,0.05003849031058953
CTT,L,0.498,T,0.07439142088295862
TTA,L,0.018,A,0.14835467598991786
TTG,L,0.444,G,0.051658492118302965
CCA,P,0.167,A,0.08018477872115869
CCC,P,-0.182,C,0.05243569736736639
CCG,P,-0.005,G,0.056191504324742854
CCT,P,0.229,T,0.07484013217992164
CAC,H,-0.025,C,0.10121943261565933
CAT,H,0.025,T,0.10121943261565931
CAA,Q,0.262,A,0.08495600901200585
CAG,Q,-0.262,G,0.08495600901200585
GTA,V,0.063,A,0.15036425945303702
GTC,V,-0.441,C,0.055986556177271
GTG,V,0.159,G,0.05373402689246056
GTT,V,0.446,T,0.07291936405001034
GCA,A,0.544,A,0.09438319877950904
GCC,A,-0.337,C,0.04631863807679788
GCG,A,0.089,G,0.04850281095613664
GCT,A,0.28,T,0.06928441951220221
GAC,D,-0.329,C,0.06721058234303066
GAT,D,0.329,T,0.06721058234303066
GAA,E,0.24,A,0.06695171321822564
GAG,E,-0.24,G,0.06695171321822564
GGA,G,0.364,A,0.07089354443472197
GGC,G,-0.536,C,0.05750768759110223
GGG,G,0.059,G,0.07173934847556306
GGT,G,0.39,T,0.06793757027062988
TTC,F,-0.353,C,0.08814562481979782
TTT,F,0.353,T,0.0881456248197978
TAC,Y,-0.229,C,0.13169081065418428
TAT,Y,0.229,T,0.13169081065418428
TGC,C,-0.403,C,0.16695508823173874
TGT,C,0.403,T,0.16695508823173874
