codon,amino_acid,Janibacter,third_nucl,standard_error
ATA,I,0.619,A,0.7083814392159855
ATC,I,-0.708,C,0.35159983122756655
ATT,I,0.731,T,0.40364755958542237
ACA,T,1.276,A,0.24307431153647358
ACC,T,0.151,C,0.05627689624831595
ACG,T,-0.415,G,0.05800742904806267
ACT,T,1.643,T,0.25773248882470307
AAC,N,-1.545,C,0.4765534331039643
AAT,N,1.545,T,0.4765534331039643
AAA,K,-0.074,A,0.5208305111876979
AAG,K,0.074,G,0.5208305111876979
AGC,S,0.798,C,0.062481688282493404
AGT,S,1.668,T,0.35660886354488464
TCA,S,1.243,A,0.24193933745559565
TCC,S,-0.34,C,0.06906521060814601
TCG,S,-1.009,G,0.06931447998647661
TCT,S,0.873,T,0.21404831919278194
AGA,R,2.256,A,0.3980695117470861
AGG,R,1.506,G,0.1792984875278097
CGA,R,1.38,A,0.12430409864161708
CGC,R,-0.419,C,0.05216892346422006
CGG,R,-0.507,G,0.06175534103793073
CGT,R,0.56,T,0.08517181273710808
CTA,L,0.423,A,0.45015517475853584
CTC,L,-0.275,C,0.05080988382556526
CTG,L,0.161,G,0.05158196902451411
CTT,L,0.964,T,0.2446556545421038
TTA,L,0.915,A,0.8663822036390915
TTG,L,1.019,G,0.2148582709223519
CCA,P,1.061,A,0.2169580003289085
CCC,P,0.302,C,0.058210728705767094
CCG,P,-0.668,G,0.05893554848472714
CCT,P,1.476,T,0.1695768020487415
CAC,H,-1.222,C,0.22566053848637674
CAT,H,1.222,T,0.22566053848637674
CAA,Q,1.709,A,0.4460851375368325
CAG,Q,-1.709,G,0.4460851375368325
GTA,V,0.841,A,0.32285031709609524
GTC,V,-0.866,C,0.049340787215865115
GTG,V,0.829,G,0.049681998671000274
GTT,V,0.813,T,0.2716668368690778
GCA,A,1.624,A,0.11183193794235041
GCC,A,-0.184,C,0.0442104956874294
GCG,A,-0.383,G,0.046666447146747864
GCT,A,1.144,T,0.1179894052218684
GAC,D,-1.025,C,0.16073189806239602
GAT,D,1.025,T,0.16073189806239602
GAA,E,0.966,A,0.17417701311849487
GAG,E,-0.966,G,0.17417701311849487
GGA,G,1.482,A,0.12404260680398907
GGC,G,-0.551,C,0.057492911815112964
GGG,G,0.033,G,0.06609729954249167
GGT,G,0.396,T,0.08664035877254399
TTC,F,-0.997,C,0.5193672965818913
TTT,F,0.997,T,0.5193672965818913
TAC,Y,-1.183,C,0.3723264162611812
TAT,Y,1.183,T,0.3723264162611812
TGC,C,-1.609,C,0.5700804007611553
TGT,C,1.609,T,0.5700804007611553
