codon,amino_acid,Janthinobacterium,third_nucl,standard_error
ATA,I,1.28,A,0.11830001346056444
ATC,I,-1.081,C,0.061346226279556076
ATT,I,0.83,T,0.06726235540899389
ACA,T,1.656,A,0.10160868275588432
ACC,T,0.195,C,0.04790112398716572
ACG,T,-1.334,G,0.05200109995555745
ACT,T,1.427,T,0.10250323547473958
AAC,N,-0.469,C,0.06723258662879905
AAT,N,0.469,T,0.06723258662879905
AAA,K,1.332,A,0.05935843712146582
AAG,K,-1.332,G,0.05935843712146582
AGC,S,-0.386,C,0.04838640487515846
AGT,S,0.848,T,0.10016097716448956
TCA,S,1.581,A,0.14144731298607724
TCC,S,0.6,C,0.057274768031444837
TCG,S,-1.13,G,0.05686964032529073
TCT,S,1.526,T,0.13560856508105193
AGA,R,1.77,A,0.1877162013443219
AGG,R,0.559,G,0.15317014725247508
CGA,R,1.539,A,0.15962565258373976
CGC,R,-0.801,C,0.05181800728142403
CGG,R,-0.27,G,0.07959644940738436
CGT,R,0.821,T,0.07095775255107156
CTA,L,1.405,A,0.1551744481629932
CTC,L,0.489,C,0.05015883885886369
CTG,L,-1.108,G,0.036231334487109725
CTT,L,1.556,T,0.09448456463637878
TTA,L,2.422,A,0.16590713287645542
TTG,L,0.346,G,0.045640266268286635
CCA,P,0.939,A,0.07950313943848197
CCC,P,0.232,C,0.05350302889618572
CCG,P,-1.066,G,0.052798359484352145
CCT,P,0.961,T,0.08442361707587231
CAC,H,-0.211,C,0.07538073843776427
CAT,H,0.211,T,0.07538073843776427
CAA,Q,1.275,A,0.06157251396745139
CAG,Q,-1.275,G,0.06157251396745139
GTA,V,1.526,A,0.09307562061749858
GTC,V,0.089,C,0.05018436977878801
GTG,V,-1.036,G,0.04942774863649254
GTT,V,1.376,T,0.08764165677464889
GCA,A,1.27,A,0.05684814853497834
GCC,A,-0.162,C,0.03520671292453897
GCG,A,-0.72,G,0.040302067591653244
GCT,A,0.69,T,0.06656472800622155
GAC,D,-0.474,C,0.05588171226469507
GAT,D,0.474,T,0.05588171226469507
GAA,E,0.615,A,0.06520456361986504
GAG,E,-0.615,G,0.06520456361986504
GGA,G,1.062,A,0.09856268986353228
GGC,G,-0.735,C,0.05775311425176715
GGG,G,0.123,G,0.10278009240093529
GGT,G,0.594,T,0.07639722185746162
TTC,F,-0.758,C,0.06403327792549535
TTT,F,0.758,T,0.06403327792549535
TAC,Y,-0.122,C,0.0825889787242716
TAT,Y,0.122,T,0.08258897872427161
TGC,C,-1.175,C,0.18309025518107935
TGT,C,1.175,T,0.18309025518107935
