codon,amino_acid,Jejubacter,third_nucl,standard_error
ATA,I,0.834,A,0.08695794100868696
ATC,I,-0.502,C,0.05179326447180845
ATT,I,0.17,T,0.05127379426988304
ACA,T,1.107,A,0.090403127488947
ACC,T,-0.764,C,0.05422859278019433
ACG,T,0.065,G,0.06294403701869786
ACT,T,0.479,T,0.07610904809793952
AAC,N,-0.337,C,0.06505295532796193
AAT,N,0.337,T,0.06505295532796193
AAA,K,0.704,A,0.06055757164422383
AAG,K,-0.704,G,0.06055757164422383
AGC,S,-0.538,C,0.05464710244825501
AGT,S,0.611,T,0.07639081569786728
TCA,S,0.71,A,0.0823189944292633
TCC,S,-0.076,C,0.06560206925912548
TCG,S,-0.518,G,0.0738902781561321
TCT,S,0.421,T,0.07679806770457961
AGA,R,1.351,A,0.11470820980006863
AGG,R,0.575,G,0.11765223282979125
CGA,R,0.737,A,0.09758900935634943
CGC,R,-0.472,C,0.05231712509122225
CGG,R,-0.495,G,0.07381669779368462
CGT,R,0.055,T,0.05761856190986884
CTA,L,0.302,A,0.08807494177156908
CTC,L,0.414,C,0.06664014850854927
CTG,L,-1.066,G,0.039682254870001495
CTT,L,0.597,T,0.06271114013510729
TTA,L,1.497,A,0.07584483045963007
TTG,L,0.353,G,0.06980578185257007
CCA,P,0.749,A,0.09266530839829644
CCC,P,0.251,C,0.0677268807433087
CCG,P,-0.817,G,0.06222812141096366
CCT,P,0.494,T,0.08174475005212571
CAC,H,-0.239,C,0.08652807914645831
CAT,H,0.239,T,0.08652807914645831
CAA,Q,1.423,A,0.07533964854241747
CAG,Q,-1.423,G,0.07533964854241745
GTA,V,0.405,A,0.06714932333285165
GTC,V,-0.06,C,0.05951654670623664
GTG,V,-0.553,G,0.05079892119506146
GTT,V,0.508,T,0.05967464826115684
GCA,A,0.858,A,0.06053508907187845
GCC,A,-0.387,C,0.04531347183585821
GCG,A,-0.372,G,0.04731739485829892
GCT,A,0.42,T,0.059622656200471524
GAC,D,-0.165,C,0.060413137441138784
GAT,D,0.165,T,0.06041313744113879
GAA,E,0.525,A,0.060738816080042085
GAG,E,-0.525,G,0.060738816080042085
GGA,G,0.671,A,0.07782458509270486
GGC,G,-0.327,C,0.055227267230732346
GGG,G,-0.126,G,0.07234799984844431
GGT,G,0.1,T,0.06332029304297407
TTC,F,-0.642,C,0.06803930413410147
TTT,F,0.642,T,0.06803930413410147
TAC,Y,-0.169,C,0.08335437535787882
TAT,Y,0.169,T,0.0833543753578788
TGC,C,-0.586,C,0.12645484706556817
TGT,C,0.586,T,0.12645484706556817
