codon,amino_acid,Jeotgalibaca,third_nucl,standard_error
ATA,I,0.805,A,0.07590383578229963
ATC,I,-0.224,C,0.06972409254423322
ATT,I,-0.35,T,0.058344266826532334
ACA,T,0.478,A,0.07415278527658184
ACC,T,-0.286,C,0.11176341835277397
ACG,T,-0.315,G,0.09893571050597934
ACT,T,-0.227,T,0.08415073662209739
AAC,N,-0.165,C,0.08238889604092027
AAT,N,0.165,T,0.08238889604092027
AAA,K,0.021,A,0.07011338989602325
AAG,K,-0.021,G,0.07011338989602325
AGC,S,-0.042,C,0.11118463743049428
AGT,S,0.353,T,0.08186165823001684
TCA,S,0.33,A,0.08256299584033334
TCC,S,-0.378,C,0.12782848128758587
TCG,S,-0.259,G,0.12923733328257012
TCT,S,-0.426,T,0.08642612053939479
AGA,R,0.88,A,0.09152015869195537
AGG,R,0.282,G,0.1730004677720121
CGA,R,-0.046,A,0.10680586394749297
CGC,R,-0.508,C,0.13848520904723272
CGG,R,-0.817,G,0.1737805599299716
CGT,R,-0.502,T,0.09407936945151132
CTA,L,-0.065,A,0.08609242948600852
CTC,L,-0.307,C,0.13633543310461238
CTG,L,-0.49,G,0.11048702875375936
CTT,L,-0.367,T,0.07851010095250038
TTA,L,0.264,A,0.0545734700724285
TTG,L,0.155,G,0.06359427357572121
CCA,P,0.43,A,0.10558883924560022
CCC,P,-0.405,C,0.17734304671875167
CCG,P,-0.309,G,0.1488601644337843
CCT,P,-0.133,T,0.11476965998688239
CAC,H,-0.017,C,0.14574300694826858
CAT,H,0.017,T,0.14574300694826858
CAA,Q,0.251,A,0.10841736725908005
CAG,Q,-0.251,G,0.10841736725908006
GTA,V,0.285,A,0.0711266497556745
GTC,V,-0.455,C,0.10531735990595323
GTG,V,0.458,G,0.0836640628145881
GTT,V,-0.389,T,0.07028542776309474
GCA,A,0.419,A,0.07461759921913191
GCC,A,-0.291,C,0.13364291285550498
GCG,A,-0.291,G,0.1129544684241616
GCT,A,-0.216,T,0.078871129235357
GAC,D,-0.162,C,0.09408978369618412
GAT,D,0.162,T,0.09408978369618412
GAA,E,0.147,A,0.08098718200430992
GAG,E,-0.147,G,0.08098718200430992
GGA,G,0.416,A,0.07734868770525634
GGC,G,-0.518,C,0.10970318436227511
GGG,G,-0.158,G,0.11707794028381742
GGT,G,-0.084,T,0.08493326702246448
TTC,F,-0.532,C,0.0954792324562929
TTT,F,0.532,T,0.09547923245629292
TAC,Y,0.138,C,0.10351925803205202
TAT,Y,-0.138,T,0.10351925803205202
TGC,C,-0.358,C,0.2733369202221798
TGT,C,0.358,T,0.2733369202221798
