codon,amino_acid,Jeotgalicoccus,third_nucl,standard_error
ATA,I,0.905,A,0.07887067268186872
ATC,I,-0.612,C,0.07280093778544704
ATT,I,-0.173,T,0.06360488443122923
ACA,T,0.365,A,0.07767436910261986
ACC,T,-0.24,C,0.145085898946542
ACG,T,-0.592,G,0.09225371482331891
ACT,T,0.179,T,0.09022729621703068
AAC,N,-0.585,C,0.08278403964475751
AAT,N,0.585,T,0.08278403964475751
AAA,K,0.07,A,0.08085416850572863
AAG,K,-0.07,G,0.08085416850572863
AGC,S,-0.269,C,0.10355694501534862
AGT,S,0.403,T,0.0950538752667806
TCA,S,0.112,A,0.08743319919026066
TCC,S,-0.384,C,0.14817330619080876
TCG,S,-0.45,G,0.12188056103420573
TCT,S,0.235,T,0.12192094728034278
AGA,R,0.913,A,0.09971752969146658
AGG,R,0.243,G,0.1883674482703439
CGA,R,0.314,A,0.20946876988458302
CGC,R,-0.72,C,0.12199909720294082
CGG,R,-0.344,G,0.18453726332099313
CGT,R,-0.545,T,0.10851940064773581
CTA,L,0.994,A,0.17339838751549783
CTC,L,-0.808,C,0.09945742449823479
CTG,L,-1.059,G,0.071411142694264
CTT,L,-0.397,T,0.0777938357660206
TTA,L,0.951,A,0.06762333333267724
TTG,L,1.183,G,0.11284703812553984
CCA,P,1.047,A,0.14537909466979237
CCC,P,-0.051,C,0.21590576491957217
CCG,P,-0.793,G,0.11900125610258737
CCT,P,0.176,T,0.140838018786894
CAC,H,-0.656,C,0.1442787171135452
CAT,H,0.656,T,0.1442787171135452
CAA,Q,1.322,A,0.13090941937545256
CAG,Q,-1.322,G,0.13090941937545256
GTA,V,0.371,A,0.0779451875290383
GTC,V,-0.529,C,0.09666839544304054
GTG,V,-0.112,G,0.08747837558593628
GTT,V,0.073,T,0.07880487996544015
GCA,A,0.305,A,0.0781435575787644
GCC,A,-0.309,C,0.12958414440975402
GCG,A,-0.582,G,0.10099714433442582
GCT,A,0.267,T,0.09435974429719464
GAC,D,-0.405,C,0.08626061244406003
GAT,D,0.405,T,0.08626061244406003
GAA,E,0.171,A,0.08916012131594656
GAG,E,-0.171,G,0.08916012131594656
GGA,G,0.453,A,0.09312948103554458
GGC,G,-0.52,C,0.09627428253009962
GGG,G,-0.065,G,0.13681161908945008
GGT,G,0.081,T,0.08554220332227928
TTC,F,-0.997,C,0.0972610248997639
TTT,F,0.997,T,0.0972610248997639
TAC,Y,-0.58,C,0.10134423720913635
TAT,Y,0.58,T,0.10134423720913635
TGC,C,-0.132,C,0.27162426859899397
TGT,C,0.132,T,0.27162426859899397
