codon,amino_acid,Jeotgalibacillus,third_nucl,standard_error
ATA,I,0.663,A,0.07267017605397592
ATC,I,-0.282,C,0.0512022359017477
ATT,I,-0.059,T,0.047908927242524664
ACA,T,0.431,A,0.056141343989498216
ACC,T,-0.186,C,0.08853341249532906
ACG,T,-0.326,G,0.06766970566115083
ACT,T,-0.204,T,0.06912408612946552
AAC,N,-0.187,C,0.06528341200404873
AAT,N,0.187,T,0.06528341200404873
AAA,K,0.413,A,0.04953782625252436
AAG,K,-0.413,G,0.04953782625252436
AGC,S,-0.053,C,0.08044236733028945
AGT,S,0.41,T,0.06817189685197944
TCA,S,0.081,A,0.05849982739346682
TCC,S,-0.269,C,0.10363272520229956
TCG,S,-0.097,G,0.09744538491707513
TCT,S,-0.361,T,0.07309910528729123
AGA,R,0.492,A,0.06907678966184615
AGG,R,-0.097,G,0.11742976393413354
CGA,R,0.381,A,0.10468687005674553
CGC,R,-0.375,C,0.09381630649566461
CGG,R,-0.189,G,0.11024077615957037
CGT,R,-0.413,T,0.075437323641114
CTA,L,0.327,A,0.08059950610698943
CTC,L,-0.475,C,0.07376458947720752
CTG,L,-0.65,G,0.05386870044177075
CTT,L,-0.775,T,0.052203400749986716
TTA,L,0.874,A,0.050909211271672215
TTG,L,0.736,G,0.06129308285933548
CCA,P,0.515,A,0.08577761168901274
CCC,P,0.416,C,0.16096092936330508
CCG,P,-0.269,G,0.08675802680421628
CCT,P,-0.379,T,0.08941232311586385
CAC,H,-0.192,C,0.09614652836805476
CAT,H,0.192,T,0.09614652836805476
CAA,Q,0.761,A,0.06998659053429108
CAG,Q,-0.761,G,0.06998659053429108
GTA,V,0.388,A,0.05574992961788269
GTC,V,-0.486,C,0.0682662724901639
GTG,V,0.161,G,0.058428113180851955
GTT,V,-0.202,T,0.056054384214969284
GCA,A,0.295,A,0.05515629184357672
GCC,A,-0.229,C,0.08909809187846553
GCG,A,-0.161,G,0.07208903147096923
GCT,A,-0.143,T,0.06318019676388294
GAC,D,-0.283,C,0.0683739103927932
GAT,D,0.283,T,0.0683739103927932
GAA,E,0.443,A,0.0566578685930243
GAG,E,-0.443,G,0.0566578685930243
GGA,G,0.283,A,0.06026370690340319
GGC,G,-0.306,C,0.07259365144484804
GGG,G,-0.09,G,0.08351680890806726
GGT,G,-0.018,T,0.06233413013343962
TTC,F,-0.48,C,0.06925358697446725
TTT,F,0.48,T,0.06925358697446726
TAC,Y,-0.175,C,0.08009628999939261
TAT,Y,0.175,T,0.08009628999939261
TGC,C,-0.256,C,0.1741652291652499
TGT,C,0.256,T,0.17416522916524987
