codon,amino_acid,Jiangella,third_nucl,standard_error
ATA,I,1.382,A,0.3232387868123199
ATC,I,-1.362,C,0.1596186964085573
ATT,I,1.328,T,0.18221703710109177
ACA,T,1.282,A,0.11706448618526495
ACC,T,-0.105,C,0.0385959347483435
ACG,T,-0.273,G,0.03953674409090759
ACT,T,1.423,T,0.1381577859859
AAC,N,-1.056,C,0.1643896305416612
AAT,N,1.056,T,0.1643896305416612
AAA,K,1.044,A,0.1962667869526821
AAG,K,-1.044,G,0.1962667869526821
AGC,S,0.339,C,0.04805818790760999
AGT,S,1.384,T,0.13575551665882138
TCA,S,-0.196,A,0.15743315589991508
TCC,S,-0.027,C,0.05017465752934006
TCG,S,-0.689,G,0.04767839871844741
TCT,S,1.355,T,0.16501371925629058
AGA,R,2.178,A,0.19916742917787594
AGG,R,1.429,G,0.10679702894265922
CGA,R,1.363,A,0.08162620705155847
CGC,R,-0.383,C,0.03498477398239274
CGG,R,-0.554,G,0.03637884306146958
CGT,R,0.763,T,0.06825401126390235
CTA,L,0.762,A,0.16959816584964452
CTC,L,0.181,C,0.03476669123272066
CTG,L,-0.532,G,0.03343664560763008
CTT,L,1.429,T,0.1411073876321938
TTA,L,0.428,A,0.40324634046175417
TTG,L,1.088,G,0.07679997006574099
CCA,P,1.037,A,0.104944075352413
CCC,P,0.237,C,0.04504667421363879
CCG,P,-0.633,G,0.04275484574285502
CCT,P,1.306,T,0.11661071584416983
CAC,H,-0.959,C,0.11114964360037753
CAT,H,0.959,T,0.11114964360037753
CAA,Q,1.037,A,0.12888195258122762
CAG,Q,-1.037,G,0.12888195258122762
GTA,V,0.892,A,0.135000150154256
GTC,V,-0.85,C,0.032703736868845514
GTG,V,0.709,G,0.032740965416668946
GTT,V,1.016,T,0.11921432084743909
GCA,A,1.234,A,0.06704711738149521
GCC,A,-0.309,C,0.029068220276082794
GCG,A,-0.175,G,0.029640316918323775
GCT,A,1.253,T,0.07824073479815923
GAC,D,-1.085,C,0.07157145902231102
GAT,D,1.085,T,0.07157145902231102
GAA,E,1.032,A,0.06727843613201556
GAG,E,-1.032,G,0.06727843613201556
GGA,G,1.297,A,0.07386800835947216
GGC,G,-0.773,C,0.03880407702882687
GGG,G,0.126,G,0.046847136391165986
GGT,G,0.783,T,0.06290723300560792
TTC,F,-0.734,C,0.21292412392698706
TTT,F,0.734,T,0.21292412392698704
TAC,Y,-0.973,C,0.1428817547342098
TAT,Y,0.973,T,0.14288175473420983
TGC,C,-1.018,C,0.20653651919813898
TGT,C,1.018,T,0.20653651919813898
