codon,amino_acid,Jinshanibacter,third_nucl,standard_error
ATA,I,0.723,A,0.07456584926436023
ATC,I,-0.187,C,0.056982181370833815
ATT,I,-0.222,T,0.051807391353100175
ACA,T,0.782,A,0.07517670817992476
ACC,T,-0.591,C,0.0605591931521564
ACG,T,-0.107,G,0.07567442476356205
ACT,T,0.141,T,0.06476264332741846
AAC,N,-0.177,C,0.06706412713142167
AAT,N,0.177,T,0.06706412713142167
AAA,K,0.287,A,0.062123134423935945
AAG,K,-0.287,G,0.06212313442393594
AGC,S,-0.264,C,0.06543574942958129
AGT,S,0.095,T,0.06418290152589824
TCA,S,0.323,A,0.0658896087642001
TCC,S,-0.092,C,0.07979404227245197
TCG,S,-0.157,G,0.0932351219464845
TCT,S,-0.017,T,0.06532065703487995
AGA,R,0.789,A,0.0949346552032627
AGG,R,0.492,G,0.1660460169175252
CGA,R,0.275,A,0.0993766379280908
CGC,R,-0.169,C,0.07002447137957195
CGG,R,-0.319,G,0.09876185211096244
CGT,R,-0.278,T,0.0631883371318519
CTA,L,0.396,A,0.07528239309178805
CTC,L,0.48,C,0.08965380061258528
CTG,L,-0.892,G,0.04649853771215317
CTT,L,0.383,T,0.06290667916614867
TTA,L,0.465,A,0.04699273172620412
TTG,L,-0.062,G,0.059999703541685497
CCA,P,0.168,A,0.07543504335215416
CCC,P,0.345,C,0.0961329588939196
CCG,P,-0.512,G,0.0788069601556411
CCT,P,0.101,T,0.07445120642797942
CAC,H,-0.027,C,0.10162417455319993
CAT,H,0.027,T,0.10162417455319993
CAA,Q,0.594,A,0.06551568851738546
CAG,Q,-0.594,G,0.06551568851738546
GTA,V,0.127,A,0.06508897560014666
GTC,V,0.066,C,0.07585496748884406
GTG,V,-0.146,G,0.06256045181386193
GTT,V,-0.013,T,0.05709038648588445
GCA,A,0.461,A,0.05762469578205495
GCC,A,-0.135,C,0.05792685325699156
GCG,A,-0.371,G,0.06720835335770148
GCT,A,-0.041,T,0.057517337098555235
GAC,D,0.073,C,0.0717139392464317
GAT,D,-0.073,T,0.0717139392464317
GAA,E,0.278,A,0.0690253330440805
GAG,E,-0.278,G,0.0690253330440805
GGA,G,0.383,A,0.07978421705728866
GGC,G,-0.027,C,0.0691688489140017
GGG,G,0.061,G,0.09386137767856718
GGT,G,-0.244,T,0.0639332102747084
TTC,F,-0.328,C,0.07853040107916942
TTT,F,0.328,T,0.07853040107916942
TAC,Y,0.039,C,0.09027232877806894
TAT,Y,-0.039,T,0.09027232877806894
TGC,C,0.101,C,0.13722168503375953
TGT,C,-0.101,T,0.13722168503375953
