codon,amino_acid,Jonesia,third_nucl,standard_error
ATA,I,1.121,A,0.24861760663578572
ATC,I,-0.026,C,0.08217604250167972
ATT,I,-0.122,T,0.08382716839697002
ACA,T,0.379,A,0.07055561633377942
ACC,T,-0.317,C,0.0586085007968284
ACG,T,-0.06,G,0.07605063420993896
ACT,T,0.158,T,0.08151937364345885
AAC,N,-0.129,C,0.1270173437944573
AAT,N,0.129,T,0.1270173437944573
AAA,K,-0.479,A,0.10731480037053318
AAG,K,0.479,G,0.10731480037053318
AGC,S,0.271,C,0.09394229432352068
AGT,S,0.474,T,0.11219449284334729
TCA,S,0.183,A,0.08359702934453248
TCC,S,-0.404,C,0.07884142178704175
TCG,S,-0.475,G,0.09026566738737336
TCT,S,0.228,T,0.09657423990768635
AGA,R,1.331,A,0.21624691973166751
AGG,R,0.227,G,0.17831325786727323
CGA,R,0.158,A,0.0988212151419758
CGC,R,0.146,C,0.06923149332589781
CGG,R,-0.497,G,0.0891678320031859
CGT,R,-0.153,T,0.07592830726638598
CTA,L,0.135,A,0.1416763133947815
CTC,L,-0.032,C,0.06311087473884222
CTG,L,-0.052,G,0.07107500016896187
CTT,L,0.209,T,0.0747414959443147
TTA,L,0.18,A,0.13184351239923106
TTG,L,-0.229,G,0.08024101130966099
CCA,P,0.15,A,0.08000431165058634
CCC,P,0.112,C,0.07529467586374738
CCG,P,-0.289,G,0.08449537591212118
CCT,P,-0.025,T,0.08887602800975695
CAC,H,0.039,C,0.1195843155955854
CAT,H,-0.039,T,0.1195843155955854
CAA,Q,-0.244,A,0.09466478397722151
CAG,Q,0.244,G,0.09466478397722151
GTA,V,0.151,A,0.12250252419251739
GTC,V,-0.382,C,0.06485911142517199
GTG,V,0.323,G,0.057339834963648806
GTT,V,-0.085,T,0.0704237093009522
GCA,A,0.125,A,0.061436722300158335
GCC,A,0.087,C,0.0599882748186355
GCG,A,-0.287,G,0.06255514633055326
GCT,A,0.08,T,0.06763244883178812
GAC,D,-0.056,C,0.07627593318077197
GAT,D,0.056,T,0.07627593318077196
GAA,E,-0.028,A,0.08370371310239207
GAG,E,0.028,G,0.08370371310239207
GGA,G,0.314,A,0.09057818043775058
GGC,G,0.242,C,0.0789129286226498
GGG,G,-0.467,G,0.08385547764415406
GGT,G,-0.038,T,0.08004246653286155
TTC,F,-0.364,C,0.10920442750041429
TTT,F,0.364,T,0.10920442750041429
TAC,Y,-0.382,C,0.14787107522786286
TAT,Y,0.382,T,0.14787107522786286
TGC,C,-0.356,C,0.2430512585730252
TGT,C,0.356,T,0.2430512585730252
