codon,amino_acid,Kaistella,third_nucl,standard_error
ATA,I,0.974,A,0.07020151432798434
ATC,I,-0.208,C,0.05802370827849663
ATT,I,-0.436,T,0.051874295306811286
ACA,T,0.742,A,0.07532636685128773
ACC,T,-0.021,C,0.07787095228206
ACG,T,-0.55,G,0.09496474759229852
ACT,T,-0.371,T,0.0744238483084813
AAC,N,0.257,C,0.07046702361001132
AAT,N,-0.257,T,0.07046702361001132
AAA,K,0.1,A,0.07153086575698442
AAG,K,-0.1,G,0.07153086575698442
AGC,S,0.137,C,0.10149348646724421
AGT,S,-0.059,T,0.08071957338954118
TCA,S,0.498,A,0.07548647192641274
TCC,S,0.085,C,0.09370262647176826
TCG,S,-0.241,G,0.11335180479792192
TCT,S,-0.452,T,0.07449724073942056
AGA,R,0.559,A,0.09292334473658903
AGG,R,-0.118,G,0.20593961127784702
CGA,R,-0.348,A,0.13756333096513673
CGC,R,0.045,C,0.16033449325534055
CGG,R,-0.933,G,0.2040761497660132
CGT,R,-0.416,T,0.14796862056786422
CTA,L,0.653,A,0.10105715521444375
CTC,L,0.565,C,0.09081241504211864
CTG,L,-0.466,G,0.08809546128177043
CTT,L,0.036,T,0.06200425989227297
TTA,L,0.223,A,0.05069497268508631
TTG,L,-0.762,G,0.06529913956393459
CCA,P,0.119,A,0.10231906609535049
CCC,P,0.49,C,0.13828019630018817
CCG,P,-0.297,G,0.11928789010070828
CCT,P,-0.169,T,0.10646213098838515
CAC,H,0.411,C,0.13429323794880046
CAT,H,-0.411,T,0.13429323794880046
CAA,Q,0.418,A,0.09665542610062557
CAG,Q,-0.418,G,0.09665542610062557
GTA,V,0.443,A,0.07683437207898763
GTC,V,0.228,C,0.10938540078693562
GTG,V,-0.416,G,0.10470928578968013
GTT,V,-0.273,T,0.07135107126144966
GCA,A,0.357,A,0.071790886578078
GCC,A,0.212,C,0.09876758359622263
GCG,A,-0.641,G,0.1030398464863094
GCT,A,-0.169,T,0.08122874079971745
GAC,D,0.448,C,0.08940247878155955
GAT,D,-0.448,T,0.08940247878155955
GAA,E,0.476,A,0.09905024762160759
GAG,E,-0.476,G,0.09905024762160759
GGA,G,0.198,A,0.07752131900383401
GGC,G,0.04,C,0.1108907681480079
GGG,G,-0.342,G,0.16770964630571125
GGT,G,-0.16,T,0.0837571517855288
TTC,F,0.065,C,0.06971683551073797
TTT,F,-0.065,T,0.06971683551073797
TAC,Y,0.36,C,0.08862074591244186
TAT,Y,-0.36,T,0.08862074591244186
TGC,C,0.186,C,0.19732595837313557
TGT,C,-0.186,T,0.19732595837313557
