codon,amino_acid,Kaustia,third_nucl,standard_error
ATA,I,1.326,A,0.15873873468267657
ATC,I,-1.109,C,0.08161596297546833
ATT,I,0.908,T,0.09142087954116923
ACA,T,1.336,A,0.10295704274249314
ACC,T,-0.215,C,0.05311532483125105
ACG,T,-0.419,G,0.05426518807073368
ACT,T,1.05,T,0.1729404771605218
AAC,N,0.035,C,0.09251482151922984
AAT,N,-0.035,T,0.09251482151922984
AAA,K,1.332,A,0.11115540862043187
AAG,K,-1.332,G,0.11115540862043187
AGC,S,0.135,C,0.062495796645407775
AGT,S,1.065,T,0.17029429942193786
TCA,S,1.71,A,0.19737869832719054
TCC,S,-0.304,C,0.06307880520808207
TCG,S,-0.518,G,0.06479573355736903
TCT,S,1.166,T,0.18075463516499854
AGA,R,2.391,A,0.19007691048379122
AGG,R,0.671,G,0.0836477455403003
CGA,R,1.395,A,0.12914990739714374
CGC,R,-0.675,C,0.04728793683817659
CGG,R,-0.417,G,0.05569445878951338
CGT,R,0.753,T,0.09163653130278969
CTA,L,1.191,A,0.21610084934252968
CTC,L,-0.484,C,0.0433564238725063
CTG,L,-0.208,G,0.04313595332829366
CTT,L,0.796,T,0.07012071509722245
TTA,L,1.9,A,0.4835093160273575
TTG,L,1.462,G,0.1099029950034017
CCA,P,1.308,A,0.15131233909021524
CCC,P,-0.018,C,0.059711505312461444
CCG,P,-0.477,G,0.05785807675626553
CCT,P,1.321,T,0.14650586026273166
CAC,H,0.012,C,0.09306983099822487
CAT,H,-0.012,T,0.09306983099822487
CAA,Q,1.535,A,0.14451355392965468
CAG,Q,-1.535,G,0.1445135539296547
GTA,V,1.187,A,0.17546083633864318
GTC,V,-0.31,C,0.050305584987985326
GTG,V,-0.271,G,0.051165639369632726
GTT,V,1.405,T,0.09620860751902709
GCA,A,1.562,A,0.0762424055781799
GCC,A,-0.309,C,0.03857426183454663
GCG,A,-0.424,G,0.039586970684988315
GCT,A,1.111,T,0.09623529026527954
GAC,D,-0.287,C,0.05982497377173753
GAT,D,0.287,T,0.05982497377173753
GAA,E,1.192,A,0.06964500861251297
GAG,E,-1.192,G,0.06964500861251298
GGA,G,1.305,A,0.08586654341692258
GGC,G,-0.762,C,0.0519172689053099
GGG,G,0.033,G,0.06447388270745641
GGT,G,0.678,T,0.09019710462046666
TTC,F,-1.314,C,0.1172729118520602
TTT,F,1.314,T,0.1172729118520602
TAC,Y,0.209,C,0.1014086770780356
TAT,Y,-0.209,T,0.10140867707803561
TGC,C,-1.212,C,0.22374130709657994
TGT,C,1.212,T,0.22374130709657994
