codon,amino_acid,Ketogulonicigenium,third_nucl,standard_error
ATA,I,1.167,A,0.2190238489844349
ATC,I,-0.576,C,0.06993161324318231
ATT,I,0.454,T,0.07170793375213648
ACA,T,0.712,A,0.09761585936162763
ACC,T,-0.294,C,0.061235169206195456
ACG,T,-0.336,G,0.06875995780503981
ACT,T,0.901,T,0.12636871194183286
AAC,N,0.112,C,0.09511262484585105
AAT,N,-0.112,T,0.09511262484585105
AAA,K,0.595,A,0.0861508099128674
AAG,K,-0.595,G,0.08615080991286742
AGC,S,-0.153,C,0.07128657822208384
AGT,S,0.3,T,0.13305215972407325
TCA,S,0.718,A,0.13186026919686558
TCC,S,0.318,C,0.08721879175610596
TCG,S,-0.762,G,0.07219966401794772
TCT,S,1.214,T,0.1454016511799801
AGA,R,2.215,A,0.29569926639566674
AGG,R,1.144,G,0.23490362189380626
CGA,R,0.816,A,0.16228006945270415
CGC,R,-0.488,C,0.060770900960749094
CGG,R,-0.355,G,0.08601543434239198
CGT,R,0.468,T,0.07917111019656475
CTA,L,0.504,A,0.12110548105832533
CTC,L,0.39,C,0.08559503573086723
CTG,L,-0.876,G,0.04836155036909773
CTT,L,0.809,T,0.067485922551583
TTA,L,0.912,A,0.18211191828294215
TTG,L,0.336,G,0.06708368314470715
CCA,P,0.559,A,0.12111812744886995
CCC,P,0.206,C,0.06775363192850846
CCG,P,-0.725,G,0.07014208752676646
CCT,P,0.724,T,0.10818515272874447
CAC,H,0.004,C,0.1074377999644455
CAT,H,-0.004,T,0.10743779996444548
CAA,Q,0.483,A,0.08520416629155908
CAG,Q,-0.483,G,0.08520416629155908
GTA,V,1.286,A,0.15694510228738193
GTC,V,-0.321,C,0.06414680105256627
GTG,V,-0.41,G,0.06398175654725209
GTT,V,0.815,T,0.08351186724124489
GCA,A,0.685,A,0.0659148049738704
GCC,A,0.015,C,0.04614417379879694
GCG,A,-0.686,G,0.04866396809281585
GCT,A,0.768,T,0.07718025384790216
GAC,D,0.042,C,0.06505369643447964
GAT,D,-0.042,T,0.06505369643447964
GAA,E,0.89,A,0.07947047458561257
GAG,E,-0.89,G,0.07947047458561257
GGA,G,1.293,A,0.11783892123775262
GGC,G,-0.483,C,0.06331135106633315
GGG,G,-0.01,G,0.08356782404129398
GGT,G,0.177,T,0.0847420046512198
TTC,F,-0.182,C,0.0811894447368539
TTT,F,0.182,T,0.0811894447368539
TAC,Y,0.27,C,0.12134750428475334
TAT,Y,-0.27,T,0.12134750428475334
TGC,C,-0.028,C,0.230223407342806
TGT,C,0.028,T,0.230223407342806
