codon,amino_acid,Ketobacter,third_nucl,standard_error
ATA,I,0.542,A,0.07234542181412357
ATC,I,-0.328,C,0.054236240590790276
ATT,I,0.01,T,0.05408434639962622
ACA,T,0.606,A,0.07438869817047995
ACC,T,-0.54,C,0.057540357440748605
ACG,T,-0.288,G,0.08168694777669808
ACT,T,0.499,T,0.07530938983869444
AAC,N,-0.191,C,0.06591586574977862
AAT,N,0.191,T,0.06591586574977862
AAA,K,0.332,A,0.05985398448710834
AAG,K,-0.332,G,0.05985398448710834
AGC,S,-0.155,C,0.05832455293656053
AGT,S,0.188,T,0.07164157284309637
TCA,S,0.367,A,0.07369582593862085
TCC,S,-0.232,C,0.06523873684642328
TCG,S,-0.208,G,0.08412736169625154
TCT,S,0.125,T,0.07444228217836105
AGA,R,1.065,A,0.10536085880679141
AGG,R,0.224,G,0.1293474047272892
CGA,R,0.532,A,0.0827803219536482
CGC,R,-0.325,C,0.06261697967406045
CGG,R,-0.638,G,0.09192973399180925
CGT,R,-0.179,T,0.06884114040827807
CTA,L,0.619,A,0.07990507320239498
CTC,L,0.078,C,0.07178240741653609
CTG,L,-0.599,G,0.04312653681676606
CTT,L,0.367,T,0.06549101841089461
TTA,L,0.605,A,0.06699258660526373
TTG,L,-0.042,G,0.048557002140964756
CCA,P,0.465,A,0.07780534257234174
CCC,P,-0.131,C,0.07106174746282154
CCG,P,-0.309,G,0.07809203238977135
CCT,P,0.0,T,0.078250670576684
CAC,H,0.134,C,0.09021658546215618
CAT,H,-0.134,T,0.09021658546215618
CAA,Q,0.469,A,0.06445594177481252
CAG,Q,-0.469,G,0.06445594177481252
GTA,V,0.214,A,0.061604118098885184
GTC,V,-0.045,C,0.07128101139458848
GTG,V,-0.285,G,0.052487771700229675
GTT,V,0.201,T,0.05976870219480567
GCA,A,0.421,A,0.05578858443813632
GCC,A,-0.372,C,0.05124085145385415
GCG,A,-0.206,G,0.060785626664853896
GCT,A,0.235,T,0.05990881966537158
GAC,D,0.188,C,0.06294066113767423
GAT,D,-0.188,T,0.06294066113767423
GAA,E,0.754,A,0.06562065142706047
GAG,E,-0.754,G,0.06562065142706047
GGA,G,0.879,A,0.08441355413390297
GGC,G,-0.34,C,0.06294097311510158
GGG,G,-0.128,G,0.08554606613844057
GGT,G,-0.065,T,0.06524676927501646
TTC,F,-0.393,C,0.06988465690374297
TTT,F,0.393,T,0.06988465690374299
TAC,Y,0.038,C,0.08446178126829587
TAT,Y,-0.038,T,0.08446178126829587
TGC,C,-0.113,C,0.1347683125367542
TGT,C,0.113,T,0.1347683125367542
