codon,amino_acid,Kibdelosporangium,third_nucl,standard_error
ATA,I,1.049,A,0.14340877503918825
ATC,I,-1.137,C,0.08534149831636274
ATT,I,1.119,T,0.1036170374463552
ACA,T,0.751,A,0.056699457035990254
ACC,T,-0.169,C,0.031826484937134684
ACG,T,-0.367,G,0.03367780654536101
ACT,T,1.019,T,0.07382213941499849
AAC,N,-1.007,C,0.11107040358455787
AAT,N,1.007,T,0.11107040358455787
AAA,K,0.42,A,0.06546652373602559
AAG,K,-0.42,G,0.06546652373602559
AGC,S,0.059,C,0.03906181544454087
AGT,S,0.942,T,0.0778052899357118
TCA,S,0.608,A,0.0777146664963559
TCC,S,-0.087,C,0.040765809989615404
TCG,S,-0.563,G,0.039237477438066354
TCT,S,1.15,T,0.12400779501028077
AGA,R,1.474,A,0.10353019560810862
AGG,R,0.419,G,0.052164628606601385
CGA,R,0.947,A,0.05717218180730858
CGC,R,-0.407,C,0.030659283092921413
CGG,R,-0.385,G,0.030900573780155254
CGT,R,0.347,T,0.04712408759729331
CTA,L,1.123,A,0.14753794680398485
CTC,L,-0.043,C,0.029740297264212276
CTG,L,-0.43,G,0.02687942658137159
CTT,L,0.896,T,0.0718494187672595
TTA,L,1.688,A,0.21164189751427157
TTG,L,0.528,G,0.039930468967602814
CCA,P,0.801,A,0.06386318398211026
CCC,P,0.088,C,0.03904970419868009
CCG,P,-0.566,G,0.03557004988798247
CCT,P,0.964,T,0.07660322363777185
CAC,H,-0.817,C,0.08897356274672172
CAT,H,0.817,T,0.08897356274672172
CAA,Q,0.562,A,0.06922172233131103
CAG,Q,-0.562,G,0.06922172233131103
GTA,V,0.82,A,0.08500337102736541
GTC,V,-0.621,C,0.027222171624681133
GTG,V,0.327,G,0.02646303501994283
GTT,V,0.815,T,0.06155035620922693
GCA,A,0.832,A,0.0440199415193204
GCC,A,-0.207,C,0.02539225369159715
GCG,A,-0.339,G,0.025146849763176566
GCT,A,0.95,T,0.05040332308631105
GAC,D,-0.893,C,0.051762586781542386
GAT,D,0.893,T,0.051762586781542386
GAA,E,0.303,A,0.040613157245705654
GAG,E,-0.303,G,0.040613157245705654
GGA,G,0.732,A,0.050019416616728846
GGC,G,-0.638,C,0.03101400450021982
GGG,G,0.29,G,0.0380973181811694
GGT,G,0.3,T,0.04088296455634143
TTC,F,-1.226,C,0.1244225124123664
TTT,F,1.226,T,0.1244225124123664
TAC,Y,-0.992,C,0.11200187449925991
TAT,Y,0.992,T,0.11200187449925991
TGC,C,-0.821,C,0.13390107866809586
TGT,C,0.821,T,0.13390107866809586
