codon,amino_acid,Kiritimatiella,third_nucl,standard_error
ATA,I,1.224,A,0.1432982404039782
ATC,I,-1.103,C,0.09038609905438193
ATT,I,0.746,T,0.10383408432660783
ACA,T,1.381,A,0.13654268695420627
ACC,T,-0.669,C,0.07838705899712495
ACG,T,-0.097,G,0.07707010636840735
ACT,T,1.094,T,0.21064425088925023
AAC,N,-0.694,C,0.10963195647645187
AAT,N,0.694,T,0.10963195647645187
AAA,K,0.724,A,0.08856422916858339
AAG,K,-0.724,G,0.0885642291685834
AGC,S,0.193,C,0.08571350487120462
AGT,S,0.841,T,0.1364086535052866
TCA,S,0.855,A,0.16899092701576995
TCC,S,-0.153,C,0.09035125996689036
TCG,S,-0.847,G,0.08732608157061476
TCT,S,0.633,T,0.17546318577443387
AGA,R,2.009,A,0.155000962547091
AGG,R,0.83,G,0.11702814869339118
CGA,R,1.307,A,0.121099320383753
CGC,R,-0.871,C,0.0630540051419817
CGG,R,-0.483,G,0.0676612040775999
CGT,R,0.179,T,0.0942166801252661
CTA,L,1.586,A,0.2793872670721616
CTC,L,-0.574,C,0.0647631715119799
CTG,L,-0.31,G,0.05806471376928889
CTT,L,0.579,T,0.09824050536324251
TTA,L,2.275,A,0.30690519174171793
TTG,L,1.05,G,0.11072251514299591
CCA,P,1.684,A,0.22834868510108264
CCC,P,-0.154,C,0.08400102116729041
CCG,P,-0.346,G,0.08091677990235403
CCT,P,0.7,T,0.15107884637080535
CAC,H,-0.521,C,0.12133214133855101
CAT,H,0.521,T,0.12133214133855101
CAA,Q,1.28,A,0.15870115040382957
CAG,Q,-1.28,G,0.15870115040382954
GTA,V,0.982,A,0.11750762186536322
GTC,V,-0.576,C,0.0733026218094397
GTG,V,-0.074,G,0.06904502177039154
GTT,V,0.679,T,0.1219101930369563
GCA,A,1.396,A,0.10376003264948719
GCC,A,-0.628,C,0.06273670434522166
GCG,A,-0.136,G,0.06060011123241625
GCT,A,0.767,T,0.12185440610372328
GAC,D,-0.428,C,0.08023642320529155
GAT,D,0.428,T,0.08023642320529155
GAA,E,0.833,A,0.07313749957551356
GAG,E,-0.833,G,0.07313749957551356
GGA,G,0.849,A,0.08186389913654556
GGC,G,-0.613,C,0.07057320230832219
GGG,G,-0.126,G,0.07914798975619008
GGT,G,0.232,T,0.10590135585774949
TTC,F,-0.632,C,0.10376963076472334
TTT,F,0.632,T,0.10376963076472333
TAC,Y,-0.554,C,0.12191377237835087
TAT,Y,0.554,T,0.12191377237835087
TGC,C,-0.797,C,0.1751855687643327
TGT,C,0.797,T,0.1751855687643327
