codon,amino_acid,Kluyvera,third_nucl,standard_error
ATA,I,0.774,A,0.092957549507499
ATC,I,-0.423,C,0.05219277182548935
ATT,I,0.147,T,0.05107474541559992
ACA,T,1.217,A,0.08490651760510765
ACC,T,-0.736,C,0.05288258619834267
ACG,T,-0.235,G,0.05875268580825542
ACT,T,0.711,T,0.0775957634310191
AAC,N,-0.676,C,0.06570800541549145
AAT,N,0.676,T,0.06570800541549146
AAA,K,0.402,A,0.061078291663305896
AAG,K,-0.402,G,0.06107829166330589
AGC,S,-0.548,C,0.05514380393428098
AGT,S,0.783,T,0.0815873288418016
TCA,S,0.556,A,0.07596797633278772
TCC,S,-0.153,C,0.06910602638403052
TCG,S,-0.467,G,0.07246388930611965
TCT,S,0.368,T,0.0708553657718098
AGA,R,1.098,A,0.11130667853009416
AGG,R,0.691,G,0.15491575691542406
CGA,R,0.758,A,0.10014460273595344
CGC,R,-0.542,C,0.05526793647797089
CGG,R,-0.012,G,0.09602955378835934
CGT,R,-0.101,T,0.057306810055539524
CTA,L,0.531,A,0.0905963875964879
CTC,L,0.186,C,0.05679172741352735
CTG,L,-1.064,G,0.03965484009619506
CTT,L,0.395,T,0.0595553205549025
TTA,L,1.216,A,0.06339798132513855
TTG,L,0.443,G,0.06456393555333927
CCA,P,0.199,A,0.07601852991284924
CCC,P,0.694,C,0.0876098890020695
CCG,P,-0.99,G,0.06502903694282329
CCT,P,0.805,T,0.08379453971747243
CAC,H,-0.377,C,0.0874039876246149
CAT,H,0.377,T,0.0874039876246149
CAA,Q,1.376,A,0.06992954860418664
CAG,Q,-1.376,G,0.06992954860418664
GTA,V,0.44,A,0.06807965776222144
GTC,V,-0.006,C,0.05997166045332951
GTG,V,-0.592,G,0.0513019033742758
GTT,V,0.441,T,0.056990945025461676
GCA,A,0.759,A,0.05522705971919739
GCC,A,-0.174,C,0.048145149526149025
GCG,A,-0.73,G,0.048217566744162624
GCT,A,0.509,T,0.058271465848376024
GAC,D,-0.322,C,0.06095262072066381
GAT,D,0.322,T,0.06095262072066381
GAA,E,0.465,A,0.0632062277041575
GAG,E,-0.465,G,0.0632062277041575
GGA,G,0.972,A,0.09066212423779474
GGC,G,-0.562,C,0.058985819051772595
GGG,G,0.062,G,0.07849106957359331
GGT,G,0.157,T,0.06241787661074077
TTC,F,-0.639,C,0.06602849619530993
TTT,F,0.639,T,0.06602849619530993
TAC,Y,-0.312,C,0.08204058556228166
TAT,Y,0.312,T,0.08204058556228166
TGC,C,-0.585,C,0.12914855810926812
TGT,C,0.585,T,0.12914855810926812
