codon,amino_acid,Komagataeibacter,third_nucl,standard_error
ATA,I,0.394,A,0.10648197683340814
ATC,I,-0.487,C,0.06791804046437167
ATT,I,0.387,T,0.07412813625619284
ACA,T,0.88,A,0.0854897629523375
ACC,T,-0.187,C,0.05917518088250515
ACG,T,-0.517,G,0.06346166490092332
ACT,T,0.864,T,0.15249675894933812
AAC,N,-0.263,C,0.09402460234816414
AAT,N,0.263,T,0.09402460234816414
AAA,K,0.792,A,0.09219141865800157
AAG,K,-0.792,G,0.09219141865800157
AGC,S,-0.375,C,0.07186368716118487
AGT,S,0.026,T,0.1136735298353482
TCA,S,0.512,A,0.1053015122577426
TCC,S,0.246,C,0.0661897495859217
TCG,S,-0.736,G,0.08145588020856999
TCT,S,1.099,T,0.13490465809931665
AGA,R,1.367,A,0.17665649484879195
AGG,R,0.402,G,0.11465321966123407
CGA,R,0.908,A,0.14129635048758016
CGC,R,-0.403,C,0.05559209050079127
CGG,R,-0.275,G,0.06650333805632931
CGT,R,0.25,T,0.06707959139668855
CTA,L,0.584,A,0.17780590585805892
CTC,L,0.401,C,0.08279879977241096
CTG,L,-1.079,G,0.052918994189754195
CTT,L,0.881,T,0.0695307251596167
TTA,L,0.959,A,0.17408323947625448
TTG,L,1.074,G,0.11256441982630463
CCA,P,0.498,A,0.09663520166102486
CCC,P,0.174,C,0.060617040878807
CCG,P,-0.672,G,0.06260293112209694
CCT,P,0.615,T,0.09688036347465516
CAC,H,0.03,C,0.09395485247948408
CAT,H,-0.03,T,0.09395485247948408
CAA,Q,1.217,A,0.14210325193075102
CAG,Q,-1.217,G,0.14210325193075102
GTA,V,0.666,A,0.10288829855917588
GTC,V,-0.158,C,0.06275629651607441
GTG,V,-0.637,G,0.06038581615036596
GTT,V,1.004,T,0.08306216332148685
GCA,A,0.75,A,0.06446073710943237
GCC,A,-0.093,C,0.046596101163162124
GCG,A,-0.596,G,0.05054320127060656
GCT,A,0.759,T,0.08890097900187209
GAC,D,-0.21,C,0.06525415017665293
GAT,D,0.21,T,0.06525415017665293
GAA,E,0.035,A,0.08302949865259811
GAG,E,-0.035,G,0.08302949865259811
GGA,G,0.664,A,0.08801947757208274
GGC,G,-0.235,C,0.05903787159273274
GGG,G,-0.39,G,0.07272268553395425
GGT,G,0.36,T,0.07673541268654041
TTC,F,-0.626,C,0.08539821535187744
TTT,F,0.626,T,0.08539821535187744
TAC,Y,-0.124,C,0.11198122097545776
TAT,Y,0.124,T,0.11198122097545776
TGC,C,-0.588,C,0.16543651643926072
TGT,C,0.588,T,0.16543651643926072
