codon,amino_acid,Kordia,third_nucl,standard_error
ATA,I,0.762,A,0.047005427372993173
ATC,I,0.192,C,0.055525677492115275
ATT,I,-0.74,T,0.04202363402931793
ACA,T,0.324,A,0.052229800276745265
ACC,T,0.143,C,0.07630688924728089
ACG,T,-0.49,G,0.07590614588142477
ACT,T,-0.202,T,0.06002309168809022
AAC,N,0.237,C,0.05504631159465561
AAT,N,-0.237,T,0.05504631159465561
AAA,K,0.109,A,0.05663352969638154
AAG,K,-0.109,G,0.056633529696381545
AGC,S,0.17,C,0.08568790262459175
AGT,S,0.082,T,0.05913082359783496
TCA,S,0.405,A,0.0587108216743168
TCC,S,0.19,C,0.10249810392535237
TCG,S,-0.616,G,0.09969297904962834
TCT,S,-0.468,T,0.06439924957105049
AGA,R,0.828,A,0.0732250734844155
AGG,R,0.354,G,0.18163165252995137
CGA,R,-0.114,A,0.0930909005891963
CGC,R,-0.572,C,0.12938321989219898
CGG,R,-1.286,G,0.3099764300636273
CGT,R,-0.816,T,0.09333945467297586
CTA,L,0.61,A,0.06182215390431445
CTC,L,0.517,C,0.08569420212749126
CTG,L,0.075,G,0.11126290722042463
CTT,L,0.137,T,0.05655555134303261
TTA,L,-0.007,A,0.039832089587387313
TTG,L,-0.794,G,0.05255845867417471
CCA,P,0.176,A,0.08409922988946247
CCC,P,0.982,C,0.1774250660216445
CCG,P,-0.539,G,0.14021160342138814
CCT,P,-0.229,T,0.09478471986098422
CAC,H,0.389,C,0.10042270168968286
CAT,H,-0.389,T,0.10042270168968286
CAA,Q,0.108,A,0.10006906025216321
CAG,Q,-0.108,G,0.10006906025216321
GTA,V,0.326,A,0.05564209516184769
GTC,V,0.243,C,0.09708563831757222
GTG,V,-0.218,G,0.08121685887218248
GTT,V,-0.325,T,0.058091530021986096
GCA,A,0.367,A,0.058839429375787115
GCC,A,0.137,C,0.09877409604542052
GCG,A,-0.583,G,0.09025885412469759
GCT,A,-0.185,T,0.06626213831719112
GAC,D,0.343,C,0.07396613122499224
GAT,D,-0.343,T,0.07396613122499224
GAA,E,-0.074,A,0.08698517375742747
GAG,E,0.074,G,0.08698517375742747
GGA,G,0.342,A,0.06738366293008742
GGC,G,-0.167,C,0.09130645037971714
GGG,G,0.143,G,0.1615234129815154
GGT,G,-0.371,T,0.07969535626962969
TTC,F,0.335,C,0.06374967113750547
TTT,F,-0.335,T,0.06374967113750549
TAC,Y,0.399,C,0.07150031077419779
TAT,Y,-0.399,T,0.07150031077419779
TGC,C,0.15,C,0.14044292998166966
TGT,C,-0.15,T,0.14044292998166963
