codon,amino_acid,Kordiimonas,third_nucl,standard_error
ATA,I,0.667,A,0.06570531469830873
ATC,I,-0.154,C,0.06737874447251449
ATT,I,-0.404,T,0.05637149836228369
ACA,T,0.212,A,0.058472735206008694
ACC,T,-0.153,C,0.06570063590471453
ACG,T,-0.344,G,0.07878823113132587
ACT,T,0.156,T,0.07405070463355107
AAC,N,-0.232,C,0.0747196824092135
AAT,N,0.232,T,0.0747196824092135
AAA,K,0.371,A,0.0629101589584012
AAG,K,-0.371,G,0.0629101589584012
AGC,S,-0.194,C,0.06775976559755184
AGT,S,0.264,T,0.07679672101952574
TCA,S,0.168,A,0.07044207177630414
TCC,S,0.041,C,0.09224888924358082
TCG,S,-0.22,G,0.09947326643347483
TCT,S,-0.107,T,0.0733884576055327
AGA,R,0.732,A,0.09925033973290356
AGG,R,-0.056,G,0.10491365432315472
CGA,R,0.428,A,0.11658043899565461
CGC,R,-0.353,C,0.07092043687736078
CGG,R,-0.295,G,0.0903515880806732
CGT,R,0.022,T,0.07655815261473407
CTA,L,0.312,A,0.07671211557761443
CTC,L,-0.199,C,0.08718284672532661
CTG,L,-0.389,G,0.05692615488268738
CTT,L,-0.181,T,0.051733123541118975
TTA,L,0.528,A,0.06663944745108967
TTG,L,0.163,G,0.06340589511613394
CCA,P,0.298,A,0.07788725581778688
CCC,P,0.187,C,0.09001224889869014
CCG,P,-0.371,G,0.08724661742853825
CCT,P,-0.143,T,0.0791659678688727
CAC,H,-0.132,C,0.10270598855506002
CAT,H,0.132,T,0.10270598855506002
CAA,Q,0.452,A,0.0801464166983654
CAG,Q,-0.452,G,0.0801464166983654
GTA,V,0.217,A,0.06809253869959717
GTC,V,0.016,C,0.09335975583876595
GTG,V,0.11,G,0.06039441039298967
GTT,V,-0.254,T,0.05686452928938892
GCA,A,0.271,A,0.05310313508868009
GCC,A,-0.294,C,0.06148952385662661
GCG,A,-0.125,G,0.0653147785145249
GCT,A,0.042,T,0.056671349613501905
GAC,D,-0.206,C,0.06553034894716409
GAT,D,0.206,T,0.06553034894716409
GAA,E,0.379,A,0.07259211663192185
GAG,E,-0.379,G,0.07259211663192185
GGA,G,0.795,A,0.09796311547280354
GGC,G,-0.427,C,0.0656448097181113
GGG,G,0.104,G,0.0812541949395039
GGT,G,0.024,T,0.06585700725199013
TTC,F,-0.288,C,0.08310872592539072
TTT,F,0.288,T,0.08310872592539072
TAC,Y,-0.116,C,0.09899374434312333
TAT,Y,0.116,T,0.09899374434312333
TGC,C,-0.447,C,0.15141624086924038
TGT,C,0.447,T,0.15141624086924038
