codon,amino_acid,Kosakonia,third_nucl,standard_error
ATA,I,1.071,A,0.09516909418747677
ATC,I,-0.474,C,0.04945689582642842
ATT,I,0.126,T,0.04856721575732242
ACA,T,0.998,A,0.0716079049187436
ACC,T,-0.547,C,0.05091636727829714
ACG,T,-0.434,G,0.05530549085321354
ACT,T,0.609,T,0.06993706866053792
AAC,N,-0.373,C,0.0606812073821384
AAT,N,0.373,T,0.0606812073821384
AAA,K,0.072,A,0.06234653336209378
AAG,K,-0.072,G,0.06234653336209378
AGC,S,-0.575,C,0.05317258634559576
AGT,S,0.53,T,0.07104268439576691
TCA,S,0.653,A,0.0748717152553717
TCC,S,-0.109,C,0.0643612896751781
TCG,S,-0.452,G,0.06669603626174483
TCT,S,0.508,T,0.07290853948841951
AGA,R,1.216,A,0.11904414984763871
AGG,R,0.627,G,0.13369159484248527
CGA,R,1.01,A,0.10477101561256108
CGC,R,-0.609,C,0.052279156386603964
CGG,R,-0.409,G,0.08309722730735201
CGT,R,0.139,T,0.05505182447196484
CTA,L,0.617,A,0.0992069421490741
CTC,L,0.11,C,0.05575154285488554
CTG,L,-0.984,G,0.03706068819772858
CTT,L,0.579,T,0.056109456949437475
TTA,L,1.039,A,0.05819116909680179
TTG,L,0.313,G,0.05606974777681782
CCA,P,0.598,A,0.08220081125491166
CCC,P,0.636,C,0.07822051010516998
CCG,P,-1.065,G,0.060174476362823345
CCT,P,0.692,T,0.0791998612967861
CAC,H,-0.193,C,0.08084482997971962
CAT,H,0.193,T,0.08084482997971963
CAA,Q,0.976,A,0.06156767255096423
CAG,Q,-0.976,G,0.06156767255096423
GTA,V,0.511,A,0.06614500952113887
GTC,V,-0.015,C,0.05641288746059117
GTG,V,-0.511,G,0.04832785095299
GTT,V,0.31,T,0.053415053022117714
GCA,A,0.586,A,0.04990748226919257
GCC,A,-0.167,C,0.0457152981291689
GCG,A,-0.658,G,0.04431147233218425
GCT,A,0.586,T,0.055201238768798615
GAC,D,0.115,C,0.05936891396295894
GAT,D,-0.115,T,0.05936891396295894
GAA,E,0.458,A,0.06056690964388229
GAG,E,-0.458,G,0.0605669096438823
GGA,G,0.769,A,0.0826498542474782
GGC,G,-0.466,C,0.05514387351274337
GGG,G,-0.119,G,0.07417819918037855
GGT,G,0.248,T,0.05936776247086907
TTC,F,-0.45,C,0.06240614261646762
TTT,F,0.45,T,0.06240614261646762
TAC,Y,-0.185,C,0.078681185085567
TAT,Y,0.185,T,0.078681185085567
TGC,C,-0.53,C,0.1274104554905761
TGT,C,0.53,T,0.1274104554905761
