codon,amino_acid,Kosmotoga,third_nucl,standard_error
ATA,I,-0.01,A,0.06455165848144202
ATC,I,-0.223,C,0.07300954083517842
ATT,I,0.194,T,0.06626175202322866
ACA,T,0.422,A,0.09204517324353942
ACC,T,-0.471,C,0.10295584869210234
ACG,T,0.088,G,0.11428366623546991
ACT,T,-0.129,T,0.10757772633368962
AAC,N,-0.345,C,0.0959855079943583
AAT,N,0.345,T,0.0959855079943583
AAA,K,0.079,A,0.06461885610960443
AAG,K,-0.079,G,0.06461885610960443
AGC,S,0.223,C,0.10984682601964066
AGT,S,0.573,T,0.10613903349369634
TCA,S,0.008,A,0.10185730129727974
TCC,S,-0.44,C,0.11584574787335969
TCG,S,-0.047,G,0.12824445671138346
TCT,S,-0.339,T,0.09991181766445908
AGA,R,0.489,A,0.08400959021042989
AGG,R,-0.159,G,0.09876936784174489
CGA,R,-0.359,A,0.1532915307922353
CGC,R,-0.494,C,0.1785652284551331
CGG,R,-0.224,G,0.19149262104607256
CGT,R,-0.292,T,0.1335191333465018
CTA,L,-0.005,A,0.10995136597459984
CTC,L,-0.357,C,0.07951700165466385
CTG,L,-0.164,G,0.07609058074013342
CTT,L,-0.177,T,0.06403701839393303
TTA,L,0.078,A,0.0826441043053118
TTG,L,0.574,G,0.071602859189851
CCA,P,0.334,A,0.11516940893748964
CCC,P,-0.197,C,0.13824866893359294
CCG,P,-0.174,G,0.13646438702567085
CCT,P,-0.069,T,0.11744660694190545
CAC,H,-0.036,C,0.1654091712068231
CAT,H,0.036,T,0.1654091712068231
CAA,Q,0.205,A,0.1415955996143512
CAG,Q,-0.205,G,0.1415955996143512
GTA,V,-0.155,A,0.0785392599047358
GTC,V,-0.416,C,0.1012381118069348
GTG,V,0.831,G,0.07991464240267517
GTT,V,-0.336,T,0.06775321751096332
GCA,A,0.256,A,0.09027568382383358
GCC,A,-0.389,C,0.11048985524480551
GCG,A,0.139,G,0.10920500532710753
GCT,A,-0.075,T,0.08806904313803274
GAC,D,-0.246,C,0.10414569481055772
GAT,D,0.246,T,0.10414569481055772
GAA,E,0.147,A,0.08214505819443335
GAG,E,-0.147,G,0.08214505819443335
GGA,G,0.092,A,0.0829782453898245
GGC,G,-0.407,C,0.11970608814801939
GGG,G,-0.067,G,0.11546404410805094
GGT,G,0.156,T,0.08497749162724225
TTC,F,-0.479,C,0.08656263964940998
TTT,F,0.479,T,0.08656263964940998
TAC,Y,-0.097,C,0.10412668902876386
TAT,Y,0.097,T,0.10412668902876386
TGC,C,0.162,C,0.22529886279541175
TGT,C,-0.162,T,0.22529886279541175
