codon,amino_acid,Kozakia,third_nucl,standard_error
ATA,I,0.651,A,0.14289312316977396
ATC,I,-0.375,C,0.07058633231667083
ATT,I,0.224,T,0.07327852920737869
ACA,T,0.374,A,0.09368551598262127
ACC,T,-0.084,C,0.0696482458425696
ACG,T,-0.364,G,0.06675688972790743
ACT,T,0.624,T,0.11056588231435267
AAC,N,0.05,C,0.09311548228193292
AAT,N,-0.05,T,0.09311548228193292
AAA,K,0.365,A,0.08524125342054654
AAG,K,-0.365,G,0.08524125342054654
AGC,S,-0.185,C,0.07125529631457313
AGT,S,0.008,T,0.12325204421226961
TCA,S,0.462,A,0.11681874480844345
TCC,S,-0.088,C,0.07129734101794936
TCG,S,-0.259,G,0.07653648937672193
TCT,S,0.547,T,0.09798712395718527
AGA,R,1.267,A,0.17351130254641253
AGG,R,0.204,G,0.17217772796350478
CGA,R,0.246,A,0.11175062700367226
CGC,R,-0.297,C,0.0604350972850546
CGG,R,-0.347,G,0.08645420769020543
CGT,R,0.237,T,0.06892447363590587
CTA,L,0.013,A,0.1229032040944152
CTC,L,0.212,C,0.06095088973869234
CTG,L,-0.521,G,0.055888875691292285
CTT,L,0.41,T,0.06472280735842917
TTA,L,0.352,A,0.11558902310103655
TTG,L,-0.057,G,0.061491278584801155
CCA,P,0.168,A,0.10323664591163426
CCC,P,0.193,C,0.07696663388687684
CCG,P,-0.64,G,0.0693697139470135
CCT,P,0.64,T,0.0876291810090211
CAC,H,0.318,C,0.11081072078413261
CAT,H,-0.318,T,0.11081072078413261
CAA,Q,0.409,A,0.09076103613908719
CAG,Q,-0.409,G,0.09076103613908719
GTA,V,0.249,A,0.12743014062887084
GTC,V,-0.121,C,0.06912277104615762
GTG,V,-0.182,G,0.0683206106230479
GTT,V,0.286,T,0.07616261127924707
GCA,A,0.35,A,0.07306750578256309
GCC,A,0.044,C,0.05195094265651307
GCG,A,-0.528,G,0.052918898302901786
GCT,A,0.49,T,0.06665177392877504
GAC,D,0.198,C,0.07362128560159674
GAT,D,-0.198,T,0.07362128560159674
GAA,E,0.353,A,0.08108776832831949
GAG,E,-0.353,G,0.08108776832831949
GGA,G,0.368,A,0.09258996411224525
GGC,G,-0.242,C,0.06635789213963782
GGG,G,-0.095,G,0.08897361582269422
GGT,G,0.17,T,0.08154254162137184
TTC,F,-0.572,C,0.08887074273332074
TTT,F,0.572,T,0.08887074273332074
TAC,Y,0.031,C,0.1237220499592332
TAT,Y,-0.031,T,0.1237220499592332
TGC,C,-0.061,C,0.19661061027301535
TGT,C,0.061,T,0.19661061027301535
