codon,amino_acid,Kribbella,third_nucl,standard_error
ATA,I,0.601,A,0.1888505791526922
ATC,I,-1.007,C,0.09042911075154507
ATT,I,1.077,T,0.10136876324304984
ACA,T,0.897,A,0.08449706675758235
ACC,T,-0.361,C,0.03789280541963584
ACG,T,-0.157,G,0.04084882295772774
ACT,T,0.837,T,0.06944311156491954
AAC,N,-0.899,C,0.10469568853179327
AAT,N,0.899,T,0.10469568853179327
AAA,K,0.546,A,0.0921203017206089
AAG,K,-0.546,G,0.0921203017206089
AGC,S,0.18,C,0.044795726989039775
AGT,S,0.759,T,0.07283883364206191
TCA,S,0.68,A,0.09350327319119768
TCC,S,-0.217,C,0.04759257750196769
TCG,S,-0.653,G,0.04415094793451108
TCT,S,0.985,T,0.10947105364528145
AGA,R,1.481,A,0.12294669797259601
AGG,R,0.788,G,0.07389751229650318
CGA,R,0.567,A,0.06330463606363168
CGC,R,-0.372,C,0.037756367840596855
CGG,R,-0.461,G,0.03692341444253099
CGT,R,0.516,T,0.05887471949451986
CTA,L,0.206,A,0.10008433795968173
CTC,L,-0.198,C,0.03450548126247764
CTG,L,-0.339,G,0.031296304436993654
CTT,L,0.893,T,0.07440796906817328
TTA,L,1.035,A,0.2534114808058341
TTG,L,0.682,G,0.0484738010788053
CCA,P,0.581,A,0.07578377511504195
CCC,P,0.251,C,0.04789566978931957
CCG,P,-0.631,G,0.04195448569142319
CCT,P,0.736,T,0.07300789600871177
CAC,H,-0.49,C,0.08394068475422488
CAT,H,0.49,T,0.08394068475422488
CAA,Q,0.411,A,0.08014590795562519
CAG,Q,-0.411,G,0.08014590795562519
GTA,V,-0.147,A,0.06423451159855126
GTC,V,-0.779,C,0.032839775004302574
GTG,V,0.602,G,0.03245637944830586
GTT,V,0.736,T,0.06509719767708948
GCA,A,0.641,A,0.04915864106468897
GCC,A,-0.287,C,0.03005993995627542
GCG,A,-0.224,G,0.030462285620408553
GCT,A,0.699,T,0.04987984461114831
GAC,D,-0.62,C,0.04975496816574487
GAT,D,0.62,T,0.04975496816574487
GAA,E,0.505,A,0.04932004942339558
GAG,E,-0.505,G,0.04932004942339558
GGA,G,0.673,A,0.05793177157288202
GGC,G,-0.66,C,0.037074285785222524
GGG,G,0.324,G,0.044144580705464766
GGT,G,0.28,T,0.04736506128469457
TTC,F,-1.362,C,0.12828424148401762
TTT,F,1.362,T,0.1282842414840176
TAC,Y,-0.687,C,0.10040196680191053
TAT,Y,0.687,T,0.10040196680191053
TGC,C,-0.9,C,0.14879493660617674
TGT,C,0.9,T,0.14879493660617674
