codon,amino_acid,Kroppenstedtia,third_nucl,standard_error
ATA,I,0.741,A,0.1218267443986509
ATC,I,-0.513,C,0.0629583876098046
ATT,I,0.339,T,0.06665436053464546
ACA,T,0.603,A,0.08429667929952384
ACC,T,-0.499,C,0.06655533074688029
ACG,T,0.125,G,0.08015524427947542
ACT,T,0.06,T,0.09725351842048426
AAC,N,-0.209,C,0.0860462207332624
AAT,N,0.209,T,0.0860462207332624
AAA,K,0.304,A,0.06156472956138688
AAG,K,-0.304,G,0.06156472956138687
AGC,S,0.122,C,0.08090752775391942
AGT,S,0.154,T,0.0918678501337676
TCA,S,0.583,A,0.10954984743570088
TCC,S,-0.614,C,0.0679226801872363
TCG,S,0.185,G,0.09672197945299085
TCT,S,0.292,T,0.1008489701678531
AGA,R,0.915,A,0.09639471733423428
AGG,R,0.303,G,0.09913517372132703
CGA,R,0.61,A,0.08803750304794038
CGC,R,-0.287,C,0.07606298531129507
CGG,R,-0.669,G,0.05867410350074711
CGT,R,0.164,T,0.08016502610393048
CTA,L,0.712,A,0.19837770329938106
CTC,L,-0.456,C,0.06566572691571042
CTG,L,-0.55,G,0.048423404971651145
CTT,L,0.134,T,0.0787518380459811
TTA,L,0.72,A,0.11228944426280846
TTG,L,0.586,G,0.04970549133149458
CCA,P,0.82,A,0.12541217476622432
CCC,P,-0.553,C,0.07745258247513058
CCG,P,0.198,G,0.07608880850368444
CCT,P,0.076,T,0.10542863113131175
CAC,H,-0.086,C,0.10248334572927795
CAT,H,0.086,T,0.10248334572927795
CAA,Q,0.371,A,0.07693138402793404
CAG,Q,-0.371,G,0.07693138402793404
GTA,V,0.634,A,0.09993409936616829
GTC,V,-0.499,C,0.06428628418254796
GTG,V,0.033,G,0.0542582823938758
GTT,V,0.257,T,0.0755446368606232
GCA,A,0.706,A,0.07534845910620114
GCC,A,-0.542,C,0.061094973082220984
GCG,A,-0.09,G,0.06776948469498831
GCT,A,0.293,T,0.08194600857569624
GAC,D,-0.267,C,0.07346811967149142
GAT,D,0.267,T,0.07346811967149142
GAA,E,0.357,A,0.0576293739515067
GAG,E,-0.357,G,0.057629373951506704
GGA,G,0.324,A,0.061371792413952055
GGC,G,-0.263,C,0.07329942770940784
GGG,G,-0.281,G,0.062472170965217906
GGT,G,0.189,T,0.07048056830109724
TTC,F,-0.288,C,0.07801237841084661
TTT,F,0.288,T,0.07801237841084661
TAC,Y,-0.153,C,0.09545648833993271
TAT,Y,0.153,T,0.09545648833993271
TGC,C,-0.454,C,0.17265285049106777
TGT,C,0.454,T,0.17265285049106777
