codon,amino_acid,Ktedonosporobacter,third_nucl,standard_error
ATA,I,0.615,A,0.04628054792293708
ATC,I,-0.466,C,0.036880181199249136
ATT,I,0.065,T,0.036619253226992644
ACA,T,0.655,A,0.04176069926465671
ACC,T,-0.477,C,0.041159298994397374
ACG,T,-0.366,G,0.04281490875380223
ACT,T,0.179,T,0.04475937860118489
AAC,N,-0.032,C,0.04998989549796434
AAT,N,0.032,T,0.04998989549796434
AAA,K,0.522,A,0.04383597827982478
AAG,K,-0.522,G,0.04383597827982478
AGC,S,-0.548,C,0.03885444270933124
AGT,S,0.316,T,0.04967030283769725
TCA,S,0.681,A,0.050607882089255235
TCC,S,-0.284,C,0.0527733178733444
TCG,S,-0.391,G,0.05032600660375104
TCT,S,0.439,T,0.04709029424681277
AGA,R,1.124,A,0.05859418717885737
AGG,R,0.21,G,0.05976740337342507
CGA,R,0.531,A,0.055567079940714525
CGC,R,-0.802,C,0.03712352194435757
CGG,R,-0.345,G,0.05474780026156328
CGT,R,0.207,T,0.04329537365172088
CTA,L,0.36,A,0.04651698179519353
CTC,L,-0.343,C,0.03502714598509653
CTG,L,-0.647,G,0.03233406227193092
CTT,L,0.16,T,0.03444440960013296
TTA,L,0.745,A,0.04455979017647289
TTG,L,0.325,G,0.03628131766153124
CCA,P,0.518,A,0.04400950091928533
CCC,P,-0.351,C,0.046407457073867675
CCG,P,-0.395,G,0.04868942820620086
CCT,P,0.126,T,0.04456375496442415
CAC,H,-0.124,C,0.05615175286447231
CAT,H,0.124,T,0.056151752864472305
CAA,Q,0.69,A,0.03893158081449901
CAG,Q,-0.69,G,0.03893158081449901
GTA,V,0.293,A,0.04331487232294847
GTC,V,-0.501,C,0.04217205234083823
GTG,V,0.056,G,0.037612579969701465
GTT,V,0.161,T,0.04116671946965637
GCA,A,0.747,A,0.03660819302908237
GCC,A,-0.538,C,0.03442472803712751
GCG,A,-0.246,G,0.03946345421055202
GCT,A,0.088,T,0.03524719366353337
GAC,D,0.077,C,0.04675701907602749
GAT,D,-0.077,T,0.04675701907602749
GAA,E,0.631,A,0.03595393547248256
GAG,E,-0.631,G,0.03595393547248256
GGA,G,0.383,A,0.04459211541541996
GGC,G,-0.425,C,0.04076278701579132
GGG,G,0.024,G,0.05183118578590474
GGT,G,0.144,T,0.04731546785318515
TTC,F,-0.235,C,0.04983110324013005
TTT,F,0.235,T,0.04983110324013005
TAC,Y,-0.134,C,0.05749729083544442
TAT,Y,0.134,T,0.05749729083544442
TGC,C,-0.348,C,0.09469109944058356
TGT,C,0.348,T,0.09469109944058356
