codon,amino_acid,Kushneria,third_nucl,standard_error
ATA,I,1.002,A,0.15088732749089553
ATC,I,-0.481,C,0.0669011959442535
ATT,I,0.268,T,0.06847367877624112
ACA,T,0.932,A,0.0955460713851107
ACC,T,-0.442,C,0.06227616197526038
ACG,T,-0.279,G,0.06888669011387251
ACT,T,0.59,T,0.10800503123213663
AAC,N,-0.294,C,0.08958047482326595
AAT,N,0.294,T,0.08958047482326593
AAA,K,1.109,A,0.0932081762822963
AAG,K,-1.109,G,0.0932081762822963
AGC,S,-0.4,C,0.06627612563745672
AGT,S,0.069,T,0.086070382257075
TCA,S,0.523,A,0.09174007988677693
TCC,S,0.134,C,0.07383868928914043
TCG,S,-0.611,G,0.0767414415320662
TCT,S,0.939,T,0.10916701327968334
AGA,R,1.097,A,0.13294449936556182
AGG,R,0.581,G,0.12907842057097157
CGA,R,0.434,A,0.0902261322400291
CGC,R,-0.388,C,0.05783399490249351
CGG,R,-0.456,G,0.08855212453463994
CGT,R,0.066,T,0.0639943849600337
CTA,L,0.874,A,0.13408455351758067
CTC,L,-0.082,C,0.06449205476769813
CTG,L,-0.575,G,0.046509369419742964
CTT,L,0.249,T,0.06195900295269159
TTA,L,1.228,A,0.15182881775795667
TTG,L,0.658,G,0.08072553875982631
CCA,P,0.55,A,0.10862977883098901
CCC,P,0.374,C,0.07306530534586574
CCG,P,-0.918,G,0.0720057461104701
CCT,P,0.604,T,0.09854762161375472
CAC,H,-0.113,C,0.09317326784672025
CAT,H,0.113,T,0.09317326784672025
CAA,Q,1.093,A,0.0990949673113043
CAG,Q,-1.093,G,0.0990949673113043
GTA,V,0.452,A,0.09039869308574247
GTC,V,-0.273,C,0.06418360708738072
GTG,V,-0.322,G,0.06294283259115215
GTT,V,0.624,T,0.08232568280037655
GCA,A,0.651,A,0.06601209489737594
GCC,A,-0.351,C,0.05037337806674366
GCG,A,-0.417,G,0.06072379232064677
GCT,A,0.634,T,0.07905867602745019
GAC,D,0.016,C,0.06612085164846267
GAT,D,-0.016,T,0.06612085164846267
GAA,E,0.616,A,0.0705209807588889
GAG,E,-0.616,G,0.07052098075888888
GGA,G,0.806,A,0.09420948655885875
GGC,G,-0.338,C,0.06311680563787914
GGG,G,-0.174,G,0.08731391952566656
GGT,G,0.104,T,0.07329781487442179
TTC,F,-0.347,C,0.082791449528202
TTT,F,0.347,T,0.082791449528202
TAC,Y,-0.006,C,0.1090467090233726
TAT,Y,0.006,T,0.1090467090233726
TGC,C,-0.035,C,0.16141016370879574
TGT,C,0.035,T,0.16141016370879574
