codon,amino_acid,Labilithrix,third_nucl,standard_error
ATA,I,0.888,A,0.19900809261335525
ATC,I,-0.596,C,0.054905187721259484
ATT,I,0.551,T,0.05633876310833425
ACA,T,0.728,A,0.07737920587373721
ACC,T,0.006,C,0.03578497084789262
ACG,T,-0.424,G,0.03436111470756952
ACT,T,1.241,T,0.08302597845160628
AAC,N,-0.531,C,0.0667781300370862
AAT,N,0.531,T,0.06677813003708619
AAA,K,0.724,A,0.05818541543444607
AAG,K,-0.724,G,0.05818541543444607
AGC,S,-0.184,C,0.035310890360474405
AGT,S,0.455,T,0.07314951424408918
TCA,S,0.374,A,0.0837993761876907
TCC,S,0.315,C,0.04104379132327362
TCG,S,-0.409,G,0.032095268165314515
TCT,S,0.989,T,0.07660507061984237
AGA,R,1.259,A,0.10593014465366062
AGG,R,0.664,G,0.07087458559179792
CGA,R,0.495,A,0.04161511268598984
CGC,R,-0.664,C,0.029263377539659918
CGG,R,0.007,G,0.04211785225280726
CGT,R,0.28,T,0.03880797084345138
CTA,L,0.249,A,0.10211653287816186
CTC,L,-0.503,C,0.02743523396667099
CTG,L,-0.097,G,0.03393957569916803
CTT,L,0.698,T,0.04424784921390014
TTA,L,1.057,A,0.2635905859306622
TTG,L,0.708,G,0.047715734360853794
CCA,P,-0.068,A,0.07593857867554646
CCC,P,0.115,C,0.03760561968366238
CCG,P,-0.351,G,0.035566200509571044
CCT,P,0.581,T,0.05349379661962146
CAC,H,-0.505,C,0.06645704428234794
CAT,H,0.505,T,0.06645704428234794
CAA,Q,0.582,A,0.06292223361297293
CAG,Q,-0.582,G,0.06292223361297293
GTA,V,0.51,A,0.08489031851829137
GTC,V,-0.559,C,0.02893432118383614
GTG,V,0.335,G,0.02954700640281483
GTT,V,0.421,T,0.04465273794725691
GCA,A,0.619,A,0.03931725850908475
GCC,A,-0.187,C,0.02583903472166757
GCG,A,-0.368,G,0.02505116342687883
GCT,A,0.736,T,0.04091590380644416
GAC,D,-0.296,C,0.04238819234199124
GAT,D,0.296,T,0.04238819234199124
GAA,E,0.66,A,0.040588794648767516
GAG,E,-0.66,G,0.040588794648767516
GGA,G,0.45,A,0.04328910983343503
GGC,G,-0.593,C,0.032769634677085685
GGG,G,0.325,G,0.0432125904512171
GGT,G,0.288,T,0.043061092445824865
TTC,F,-0.82,C,0.06636208416069651
TTT,F,0.82,T,0.06636208416069651
TAC,Y,-0.234,C,0.08344562864084573
TAT,Y,0.234,T,0.08344562864084573
TGC,C,-0.579,C,0.09964182123764537
TGT,C,0.579,T,0.09964182123764538
