codon,amino_acid,Labilibaculum,third_nucl,standard_error
ATA,I,0.692,A,0.048833673104899805
ATC,I,0.063,C,0.057328019362399195
ATT,I,-0.605,T,0.04345460193209412
ACA,T,0.598,A,0.06008790379691488
ACC,T,-0.375,C,0.07317637800542316
ACG,T,-0.191,G,0.09930477466040513
ACT,T,-0.323,T,0.06468355103545369
AAC,N,0.137,C,0.06007861616436404
AAT,N,-0.137,T,0.06007861616436404
AAA,K,0.241,A,0.0499581743377388
AAG,K,-0.241,G,0.0499581743377388
AGC,S,0.231,C,0.08120558167912086
AGT,S,0.248,T,0.06340378428173968
TCA,S,0.32,A,0.06158305111669704
TCC,S,-0.08,C,0.0907939583299536
TCG,S,-0.524,G,0.08502925868049464
TCT,S,-0.413,T,0.06649559580449593
AGA,R,0.844,A,0.06946620713878575
AGG,R,0.209,G,0.12318674598069294
CGA,R,-0.117,A,0.08868416180749292
CGC,R,-0.628,C,0.12831708852526583
CGG,R,-0.496,G,0.15359000791549823
CGT,R,-0.967,T,0.0946205101899392
CTA,L,0.547,A,0.06482099604428403
CTC,L,0.325,C,0.09780956176642143
CTG,L,-0.269,G,0.07071107549550736
CTT,L,-0.084,T,0.05133720548294586
TTA,L,0.312,A,0.04244263238183701
TTG,L,-0.618,G,0.04863650973647933
CCA,P,0.28,A,0.08702034579268138
CCC,P,0.33,C,0.12109923805355957
CCG,P,-0.188,G,0.1256538114619326
CCT,P,-0.36,T,0.08883814064579224
CAC,H,0.376,C,0.1108449842099871
CAT,H,-0.376,T,0.11084498420998709
CAA,Q,0.459,A,0.08165748522474035
CAG,Q,-0.459,G,0.08165748522474037
GTA,V,0.524,A,0.05961899888910236
GTC,V,0.159,C,0.11629290049368714
GTG,V,-0.295,G,0.07656287824212019
GTT,V,-0.353,T,0.0574628668740566
GCA,A,0.582,A,0.06089858734855379
GCC,A,-0.289,C,0.07768283645462647
GCG,A,-0.121,G,0.10612918797332112
GCT,A,-0.394,T,0.06457351890341193
GAC,D,0.289,C,0.07769504299179184
GAT,D,-0.289,T,0.07769504299179184
GAA,E,0.308,A,0.06540552873552391
GAG,E,-0.308,G,0.06540552873552391
GGA,G,0.417,A,0.06321055564232371
GGC,G,-0.237,C,0.0937844107478889
GGG,G,0.133,G,0.1067547640319938
GGT,G,-0.414,T,0.06979443713005457
TTC,F,-0.071,C,0.06518575139632037
TTT,F,0.071,T,0.06518575139632037
TAC,Y,0.081,C,0.07355315911792269
TAT,Y,-0.081,T,0.07355315911792269
TGC,C,-0.405,C,0.14745515074848142
TGT,C,0.405,T,0.14745515074848142
