codon,amino_acid,Lachnoanaerobaculum,third_nucl,standard_error
ATA,I,-0.021,A,0.05520122177092331
ATC,I,-0.267,C,0.09265242555309099
ATT,I,0.124,T,0.05708410712279907
ACA,T,0.215,A,0.08044992139857145
ACC,T,-0.023,C,0.13387216638205923
ACG,T,0.489,G,0.18362122164951372
ACT,T,-0.356,T,0.08831290501767933
AAC,N,-0.062,C,0.09033548608113792
AAT,N,0.062,T,0.09033548608113792
AAA,K,0.617,A,0.05603961604183114
AAG,K,-0.617,G,0.05603961604183115
AGC,S,-0.119,C,0.11062700611748671
AGT,S,0.416,T,0.077619055172812
TCA,S,-0.075,A,0.077037094949429
TCC,S,-0.358,C,0.15731861290082957
TCG,S,0.199,G,0.19415425590302063
TCT,S,-0.337,T,0.09663998985086265
AGA,R,0.216,A,0.09208305032668192
AGG,R,-0.169,G,0.11806929361196311
CGA,R,-0.223,A,0.19646193377519275
CGC,R,-0.172,C,0.31525596159206754
CGG,R,-0.015,G,0.46136874982702325
CGT,R,-0.156,T,0.1648776565192202
CTA,L,-0.175,A,0.1072767144675551
CTC,L,-0.53,C,0.17627971101460438
CTG,L,-0.469,G,0.10389778709109451
CTT,L,-0.912,T,0.06596937211629005
TTA,L,0.898,A,0.06356663159010155
TTG,L,0.314,G,0.07201790790728395
CCA,P,0.369,A,0.12948999945988243
CCC,P,-0.062,C,0.26117637065346744
CCG,P,0.138,G,0.14304833292645805
CCT,P,-0.425,T,0.12597580528403993
CAC,H,-0.221,C,0.22884636137893538
CAT,H,0.221,T,0.22884636137893538
CAA,Q,0.696,A,0.12172093449882619
CAG,Q,-0.696,G,0.12172093449882619
GTA,V,-0.273,A,0.07113669866805829
GTC,V,0.138,C,0.16944639613368126
GTG,V,0.292,G,0.09307252768549745
GTT,V,0.09,T,0.07580418752489786
GCA,A,0.254,A,0.07515473396976023
GCC,A,-0.134,C,0.12057722016918873
GCG,A,-0.029,G,0.14154533918386494
GCT,A,-0.233,T,0.08300965965913602
GAC,D,-0.127,C,0.09363245222557195
GAT,D,0.127,T,0.09363245222557195
GAA,E,0.52,A,0.07140894187652369
GAG,E,-0.52,G,0.07140894187652368
GGA,G,0.032,A,0.0747444671349326
GGC,G,0.025,C,0.11304770373075249
GGG,G,0.071,G,0.1445793451147919
GGT,G,-0.064,T,0.0762941786958112
TTC,F,-0.937,C,0.1260826841865486
TTT,F,0.937,T,0.1260826841865486
TAC,Y,-0.252,C,0.11251884664023361
TAT,Y,0.252,T,0.11251884664023361
TGC,C,-0.192,C,0.2000967274059763
TGT,C,0.192,T,0.2000967274059763
