codon,amino_acid,Lacrimispora,third_nucl,standard_error
ATA,I,0.669,A,0.055781633082398925
ATC,I,-0.453,C,0.05276486559844985
ATT,I,-0.134,T,0.047282795978004895
ACA,T,0.77,A,0.06325025799654754
ACC,T,-0.714,C,0.06674640680191245
ACG,T,0.021,G,0.086017521381223
ACT,T,-0.196,T,0.07583837677417621
AAC,N,-0.098,C,0.06471477765851529
AAT,N,0.098,T,0.06471477765851529
AAA,K,0.783,A,0.04741409284324305
AAG,K,-0.783,G,0.04741409284324305
AGC,S,-0.043,C,0.07010465258048244
AGT,S,0.704,T,0.07455717803993751
TCA,S,0.672,A,0.07424972958928705
TCC,S,-0.872,C,0.07621114964788966
TCG,S,0.299,G,0.14380117823081257
TCT,S,-0.533,T,0.07679127530775497
AGA,R,0.712,A,0.0654830697289674
AGG,R,-0.163,G,0.09216244418113947
CGA,R,0.419,A,0.11459650240866309
CGC,R,-0.546,C,0.11912943396750775
CGG,R,-0.875,G,0.10333437695395528
CGT,R,-0.451,T,0.09053062116524051
CTA,L,0.227,A,0.09043971300879054
CTC,L,-0.703,C,0.10447186220716939
CTG,L,-0.405,G,0.05542354887389217
CTT,L,-0.798,T,0.055296010633206064
TTA,L,0.639,A,0.048972855820318184
TTG,L,0.757,G,0.06692124978273405
CCA,P,0.229,A,0.08919252251590395
CCC,P,-0.075,C,0.1082075076516995
CCG,P,0.172,G,0.10276020862533196
CCT,P,-0.346,T,0.0966997650340031
CAC,H,-0.316,C,0.1194188418578605
CAT,H,0.316,T,0.1194188418578605
CAA,Q,0.861,A,0.08686643862492231
CAG,Q,-0.861,G,0.08686643862492231
GTA,V,0.29,A,0.05711353789953209
GTC,V,-0.502,C,0.08209633593889817
GTG,V,0.012,G,0.06271041092586654
GTT,V,-0.054,T,0.06056396891477743
GCA,A,0.655,A,0.05758705693291486
GCC,A,-0.751,C,0.07151568117053844
GCG,A,0.086,G,0.08703209903228806
GCT,A,-0.237,T,0.0683835861722175
GAC,D,-0.14,C,0.06931390480223447
GAT,D,0.14,T,0.06931390480223447
GAA,E,0.599,A,0.05608865356607952
GAG,E,-0.599,G,0.05608865356607952
GGA,G,0.263,A,0.057835089097155824
GGC,G,-0.282,C,0.07125295805330321
GGG,G,-0.042,G,0.08683810398679621
GGT,G,-0.076,T,0.06917355180026345
TTC,F,-0.365,C,0.08336799606972527
TTT,F,0.365,T,0.08336799606972527
TAC,Y,-0.117,C,0.07630601602793129
TAT,Y,0.117,T,0.07630601602793129
TGC,C,-0.284,C,0.1258663435493784
TGT,C,0.284,T,0.1258663435493784
