codon,amino_acid,Lacticaseibacillus,third_nucl,standard_error
ATA,I,0.654,A,0.15712248717935468
ATC,I,-0.521,C,0.06041525782072581
ATT,I,0.424,T,0.06092070576106832
ACA,T,0.866,A,0.08008604136851687
ACC,T,-0.263,C,0.06211301335694097
ACG,T,-0.28,G,0.06987191385493888
ACT,T,-0.097,T,0.06722850714062889
AAC,N,-0.557,C,0.07854715045927267
AAT,N,0.557,T,0.07854715045927267
AAA,K,0.581,A,0.06303100967055661
AAG,K,-0.581,G,0.06303100967055662
AGC,S,-0.116,C,0.08616183084563238
AGT,S,0.104,T,0.07657133026555056
TCA,S,0.438,A,0.0809664666269032
TCC,S,-0.441,C,0.09918120459041024
TCG,S,-0.684,G,0.10020095937979068
TCT,S,0.355,T,0.0858408861825531
AGA,R,1.426,A,0.16786869366287102
AGG,R,0.197,G,0.2401287583984046
CGA,R,0.757,A,0.11145494779304983
CGC,R,-0.369,C,0.07100659324440116
CGG,R,-0.385,G,0.10252425496200374
CGT,R,-0.128,T,0.0792366351247402
CTA,L,0.192,A,0.09486158635800919
CTC,L,-0.152,C,0.07917450705797727
CTG,L,-0.34,G,0.07383577714180403
CTT,L,0.331,T,0.08022976877411349
TTA,L,0.459,A,0.05329131671430426
TTG,L,-0.378,G,0.05044920341718596
CCA,P,0.253,A,0.08281370327585405
CCC,P,0.25,C,0.11913297003642156
CCG,P,-0.343,G,0.09855181603950203
CCT,P,-0.179,T,0.10062159613227281
CAC,H,0.225,C,0.09756244298950995
CAT,H,-0.225,T,0.09756244298950995
CAA,Q,0.013,A,0.08621431490987104
CAG,Q,-0.013,G,0.08621431490987104
GTA,V,0.638,A,0.08855822372634219
GTC,V,-0.229,C,0.06601560321227366
GTG,V,-0.315,G,0.06120695855093644
GTT,V,0.263,T,0.06942682092869766
GCA,A,0.916,A,0.061480103758968875
GCC,A,-0.586,C,0.05958873097413465
GCG,A,-0.321,G,0.06349404741536649
GCT,A,0.023,T,0.06354637676403443
GAC,D,-0.071,C,0.06816600646439011
GAT,D,0.071,T,0.06816600646439011
GAA,E,0.462,A,0.08735162929591529
GAG,E,-0.462,G,0.08735162929591529
GGA,G,0.861,A,0.1064667410737798
GGC,G,-0.347,C,0.07060064675941292
GGG,G,-0.124,G,0.09007124954508385
GGT,G,0.066,T,0.07978749081842164
TTC,F,-0.418,C,0.0791878841859175
TTT,F,0.418,T,0.0791878841859175
TAC,Y,-0.226,C,0.08880840602555772
TAT,Y,0.226,T,0.08880840602555772
TGC,C,-0.581,C,0.22134014170166955
TGT,C,0.581,T,0.22134014170166955
