codon,amino_acid,Lactococcus,third_nucl,standard_error
ATA,I,0.574,A,0.08295171462983096
ATC,I,-0.086,C,0.07182080140463301
ATT,I,-0.267,T,0.061283027279885875
ACA,T,0.379,A,0.07043087589327447
ACC,T,-0.172,C,0.11617556058927181
ACG,T,-0.459,G,0.10419170862587114
ACT,T,-0.118,T,0.07520127440003194
AAC,N,0.245,C,0.08420193126723235
AAT,N,-0.245,T,0.08420193126723235
AAA,K,0.418,A,0.07316043778834792
AAG,K,-0.418,G,0.07316043778834792
AGC,S,-0.163,C,0.12484499184410641
AGT,S,0.161,T,0.08544575760617239
TCA,S,0.334,A,0.07779217168912851
TCC,S,-0.119,C,0.16210973145411875
TCG,S,-0.347,G,0.1472265651417564
TCT,S,-0.32,T,0.08477931291911794
AGA,R,0.919,A,0.10106394615701557
AGG,R,0.145,G,0.20244091086006616
CGA,R,-0.144,A,0.12920482770957556
CGC,R,-0.308,C,0.1341350640914201
CGG,R,-0.799,G,0.20320831562704003
CGT,R,-0.446,T,0.0942039822584519
CTA,L,0.305,A,0.10266253055634784
CTC,L,-0.122,C,0.09752075216087529
CTG,L,-0.296,G,0.10926173819584614
CTT,L,-0.473,T,0.06494078580888062
TTA,L,0.552,A,0.060334731563254966
TTG,L,-0.139,G,0.06703164428906626
CCA,P,0.202,A,0.1108836896385321
CCC,P,0.103,C,0.17772178201915487
CCG,P,0.018,G,0.18711149718862954
CCT,P,-0.267,T,0.11591311923648599
CAC,H,0.274,C,0.15008457373908
CAT,H,-0.274,T,0.15008457373908002
CAA,Q,0.529,A,0.11448191874444417
CAG,Q,-0.529,G,0.11448191874444417
GTA,V,0.429,A,0.07880940300099513
GTC,V,-0.339,C,0.09793409078900593
GTG,V,0.034,G,0.08560370474462849
GTT,V,-0.189,T,0.07142472272736551
GCA,A,0.485,A,0.07310220251079215
GCC,A,-0.087,C,0.12442702036160695
GCG,A,-0.215,G,0.10111137591158058
GCT,A,-0.369,T,0.07702973530980557
GAC,D,0.017,C,0.08960663921846822
GAT,D,-0.017,T,0.08960663921846822
GAA,E,0.47,A,0.08038443009198123
GAG,E,-0.47,G,0.08038443009198123
GGA,G,0.263,A,0.08097627184660913
GGC,G,-0.127,C,0.1198187282939504
GGG,G,0.028,G,0.122379451995648
GGT,G,-0.223,T,0.08293912850906777
TTC,F,-0.278,C,0.10050207144403414
TTT,F,0.278,T,0.10050207144403414
TAC,Y,0.261,C,0.11044694667909616
TAT,Y,-0.261,T,0.11044694667909616
TGC,C,-0.083,C,0.2903492670149678
TGT,C,0.083,T,0.2903492670149678
