codon,amino_acid,Lactobacillus,third_nucl,standard_error
ATA,I,0.411,A,0.10045455514108027
ATC,I,-0.198,C,0.08629552052919641
ATT,I,-0.079,T,0.07193406637265237
ACA,T,0.928,A,0.09357466726722025
ACC,T,-0.279,C,0.12751970932153026
ACG,T,-0.066,G,0.13842088860677165
ACT,T,-0.628,T,0.0838345936903214
AAC,N,-0.299,C,0.09184770537361725
AAT,N,0.299,T,0.09184770537361725
AAA,K,0.708,A,0.06253658538781025
AAG,K,-0.708,G,0.06253658538781026
AGC,S,0.082,C,0.12174411813495492
AGT,S,0.323,T,0.08927570588035863
TCA,S,0.077,A,0.08879117547947098
TCC,S,0.158,C,0.18096935999688588
TCG,S,-0.098,G,0.19654427130987606
TCT,S,-0.57,T,0.10043136003783155
AGA,R,0.748,A,0.09527197001013679
AGG,R,-0.195,G,0.2318062047272442
CGA,R,0.145,A,0.1354275233343758
CGC,R,-0.5,C,0.15617559037204776
CGG,R,0.485,G,0.23241457528307274
CGT,R,-0.764,T,0.1010651981318015
CTA,L,-0.131,A,0.1133806891016016
CTC,L,-0.129,C,0.16915079258227309
CTG,L,-0.372,G,0.1457951533371694
CTT,L,-0.189,T,0.08397813816368913
TTA,L,0.456,A,0.06263572943830802
TTG,L,-0.326,G,0.07508227076082699
CCA,P,-0.136,A,0.11450341649686456
CCC,P,0.297,C,0.22831186804335502
CCG,P,-0.274,G,0.21436289728600869
CCT,P,0.16,T,0.12023071553393905
CAC,H,-0.202,C,0.15449513447419103
CAT,H,0.202,T,0.15449513447419103
CAA,Q,0.308,A,0.12182212178074545
CAG,Q,-0.308,G,0.12182212178074545
GTA,V,0.103,A,0.08401306701873136
GTC,V,-0.213,C,0.1183580541371193
GTG,V,0.205,G,0.1155970177266416
GTT,V,-0.084,T,0.07647984703417363
GCA,A,0.536,A,0.08234227280036674
GCC,A,-0.011,C,0.11696445851637055
GCG,A,0.083,G,0.14174792009411002
GCT,A,-0.528,T,0.08063147329213881
GAC,D,-0.157,C,0.10282836215820325
GAT,D,0.157,T,0.10282836215820326
GAA,E,0.299,A,0.11254649988144477
GAG,E,-0.299,G,0.11254649988144476
GGA,G,0.467,A,0.10499350107501991
GGC,G,-0.056,C,0.10840186341820991
GGG,G,0.385,G,0.1675818143836047
GGT,G,-0.404,T,0.09013835106852207
TTC,F,-0.833,C,0.11226635099450344
TTT,F,0.833,T,0.11226635099450344
TAC,Y,-0.099,C,0.11172946705102842
TAT,Y,0.099,T,0.11172946705102842
TGC,C,-0.81,C,0.295588089564758
TGT,C,0.81,T,0.295588089564758
