codon,amino_acid,Lactiplantibacillus,third_nucl,standard_error
ATA,I,1.01,A,0.14193190718210177
ATC,I,-0.634,C,0.06255594967808026
ATT,I,0.37,T,0.05984749998514084
ACA,T,1.129,A,0.07455211410541902
ACC,T,-0.415,C,0.06843375053183617
ACG,T,-0.546,G,0.060724403488357594
ACT,T,0.05,T,0.0686575897365684
AAC,N,-0.352,C,0.07435478864998879
AAT,N,0.352,T,0.07435478864998879
AAA,K,0.95,A,0.06235406936222164
AAG,K,-0.95,G,0.06235406936222165
AGC,S,-0.195,C,0.08868152628496234
AGT,S,0.348,T,0.07096148729567404
TCA,S,0.319,A,0.07590435456934612
TCC,S,-0.565,C,0.12485971214954326
TCG,S,-0.549,G,0.10457151490632824
TCT,S,-0.099,T,0.1094649964384928
AGA,R,1.219,A,0.14943224519742543
AGG,R,0.741,G,0.2711534941194363
CGA,R,0.663,A,0.09755651244279527
CGC,R,-0.389,C,0.0853924186508279
CGG,R,-0.651,G,0.08395567238074696
CGT,R,-0.024,T,0.08372099632699993
CTA,L,0.028,A,0.07773013383319595
CTC,L,-0.734,C,0.08710912828478845
CTG,L,-0.859,G,0.07784713201771705
CTT,L,0.156,T,0.0909506790306129
TTA,L,0.907,A,0.0511617104798773
TTG,L,-0.394,G,0.056036866821891296
CCA,P,0.497,A,0.0850935946571993
CCC,P,-0.192,C,0.12589228873194136
CCG,P,-0.597,G,0.1019817929096112
CCT,P,0.055,T,0.11769927374686442
CAC,H,-0.268,C,0.10629617215458351
CAT,H,0.268,T,0.10629617215458351
CAA,Q,0.534,A,0.0711005714138117
CAG,Q,-0.534,G,0.07110057141381171
GTA,V,1.176,A,0.09019494555553267
GTC,V,-0.849,C,0.06553148086227023
GTG,V,0.138,G,0.06420862832820108
GTT,V,0.045,T,0.061610209084676126
GCA,A,1.12,A,0.06101127836889298
GCC,A,-0.685,C,0.06679133254181399
GCG,A,-0.413,G,0.06673017418394281
GCT,A,-0.236,T,0.06875873713194647
GAC,D,-0.684,C,0.072636350676675
GAT,D,0.684,T,0.072636350676675
GAA,E,0.354,A,0.08736491807166005
GAG,E,-0.354,G,0.08736491807166005
GGA,G,0.963,A,0.0885223099074563
GGC,G,-0.611,C,0.07974205393087852
GGG,G,-0.231,G,0.09094996233066092
GGT,G,0.033,T,0.07147020314393863
TTC,F,-0.816,C,0.08438589881807765
TTT,F,0.816,T,0.08438589881807765
TAC,Y,-0.389,C,0.08955724541686255
TAT,Y,0.389,T,0.08955724541686257
TGC,C,-0.166,C,0.24544381244436875
TGT,C,0.166,T,0.24544381244436875
