codon,amino_acid,Lacunisphaera,third_nucl,standard_error
ATA,I,0.968,A,0.2620373374820369
ATC,I,-0.989,C,0.10068825094322076
ATT,I,0.949,T,0.10697040126849823
ACA,T,1.008,A,0.1776223670264364
ACC,T,0.109,C,0.061213018212504605
ACG,T,-0.699,G,0.0685085449707764
ACT,T,1.407,T,0.15083575456810971
AAC,N,-0.63,C,0.10174513062896441
AAT,N,0.63,T,0.10174513062896441
AAA,K,1.916,A,0.08493647694732176
AAG,K,-1.916,G,0.08493647694732176
AGC,S,-0.718,C,0.06851025720238134
AGT,S,0.111,T,0.1344709966139435
TCA,S,0.747,A,0.15836394978128435
TCC,S,0.734,C,0.06122655425855728
TCG,S,-0.988,G,0.08009661776626156
TCT,S,1.367,T,0.17573668239273033
AGA,R,1.836,A,0.29132336983725626
AGG,R,0.492,G,0.22315955494149914
CGA,R,1.041,A,0.14941215493795804
CGC,R,-0.245,C,0.05601334063673648
CGG,R,-0.777,G,0.0697702848923336
CGT,R,1.048,T,0.08822543043016948
CTA,L,0.566,A,0.15966799948157606
CTC,L,-0.017,C,0.04170109002154011
CTG,L,-0.451,G,0.043476220437634834
CTT,L,1.123,T,0.090117809130992
TTA,L,1.409,A,0.25857566848182545
TTG,L,0.143,G,0.07975005700333221
CCA,P,1.042,A,0.15507114518256251
CCC,P,0.504,C,0.05564534743639759
CCG,P,-1.134,G,0.0586396961982817
CCT,P,1.222,T,0.1168291930852928
CAC,H,-0.15,C,0.10814993548039754
CAT,H,0.15,T,0.10814993548039754
CAA,Q,1.652,A,0.10178944149515108
CAG,Q,-1.652,G,0.10178944149515108
GTA,V,0.889,A,0.1731833189259897
GTC,V,0.117,C,0.05696812243588298
GTG,V,-0.604,G,0.05894642888242081
GTT,V,1.098,T,0.1035303589889042
GCA,A,0.949,A,0.11619320291105105
GCC,A,0.085,C,0.04733747366358999
GCG,A,-0.682,G,0.054686231818452315
GCT,A,1.126,T,0.09887322777340066
GAC,D,-0.476,C,0.07815874154933225
GAT,D,0.476,T,0.07815874154933225
GAA,E,1.506,A,0.08002567530786717
GAG,E,-1.506,G,0.08002567530786717
GGA,G,1.155,A,0.11755807711482136
GGC,G,-0.55,C,0.06727957520463966
GGG,G,-0.256,G,0.09369366340305973
GGT,G,0.637,T,0.09157635341168882
TTC,F,-0.42,C,0.0853364924441367
TTT,F,0.42,T,0.0853364924441367
TAC,Y,-0.211,C,0.11900178432338712
TAT,Y,0.211,T,0.11900178432338712
TGC,C,-0.603,C,0.19210819414580865
TGT,C,0.603,T,0.19210819414580865
