codon,amino_acid,Lancefieldella,third_nucl,standard_error
ATA,I,0.772,A,0.16396527479671544
ATC,I,-0.053,C,0.11171028401568299
ATT,I,-0.265,T,0.09989770797960054
ACA,T,0.659,A,0.10642617651047667
ACC,T,-0.457,C,0.10821650168570933
ACG,T,-0.485,G,0.1448234935801054
ACT,T,0.029,T,0.10003273994045875
AAC,N,-0.197,C,0.11647322356137389
AAT,N,0.197,T,0.11647322356137389
AAA,K,0.447,A,0.09550358116749565
AAG,K,-0.447,G,0.09550358116749565
AGC,S,0.193,C,0.1297996925852794
AGT,S,0.444,T,0.13137145644375542
TCA,S,0.486,A,0.11101474607248314
TCC,S,-0.474,C,0.13453963742100172
TCG,S,-0.024,G,0.1527835661381786
TCT,S,-0.46,T,0.09439417550626619
AGA,R,0.631,A,0.13716835618848555
AGG,R,0.224,G,0.19788595798601516
CGA,R,0.106,A,0.1884862165339589
CGC,R,-0.325,C,0.11925514979078733
CGG,R,0.269,G,0.3536050706983919
CGT,R,-0.267,T,0.10964899813442881
CTA,L,0.329,A,0.14319633385201574
CTC,L,-0.21,C,0.11462819750660118
CTG,L,-0.252,G,0.11456775484601893
CTT,L,-0.271,T,0.08043257508508671
TTA,L,0.548,A,0.12168874311768327
TTG,L,0.304,G,0.11212746504689924
CCA,P,0.167,A,0.1239694802665068
CCC,P,0.72,C,0.1973106970765492
CCG,P,-0.236,G,0.22535294708849216
CCT,P,-0.39,T,0.1253138628233131
CAC,H,-0.194,C,0.16692568822069845
CAT,H,0.194,T,0.16692568822069845
CAA,Q,0.598,A,0.1275224762156655
CAG,Q,-0.598,G,0.1275224762156655
GTA,V,0.436,A,0.10273863473488885
GTC,V,-0.306,C,0.12401507691194058
GTG,V,0.774,G,0.11122293827296134
GTT,V,-0.615,T,0.08475467295478546
GCA,A,0.222,A,0.08268132344876274
GCC,A,0.02,C,0.1265914027170188
GCG,A,-0.298,G,0.14312264941187702
GCT,A,-0.133,T,0.08418282291873468
GAC,D,-0.024,C,0.10179358798857768
GAT,D,0.024,T,0.10179358798857768
GAA,E,0.612,A,0.09779403196901204
GAG,E,-0.612,G,0.09779403196901204
GGA,G,0.59,A,0.11981112415314604
GGC,G,-0.409,C,0.11434464757539699
GGG,G,-0.004,G,0.29767869281926534
GGT,G,-0.086,T,0.10482505671173853
TTC,F,-0.553,C,0.1334789789547075
TTT,F,0.553,T,0.1334789789547075
TAC,Y,0.011,C,0.14298227513441839
TAT,Y,-0.011,T,0.14298227513441836
TGC,C,-0.093,C,0.21952320148325674
TGT,C,0.093,T,0.21952320148325674
