codon,amino_acid,Lapidilactobacillus,third_nucl,standard_error
ATA,I,0.591,A,0.15747689191602968
ATC,I,-0.095,C,0.0906537174991541
ATT,I,-0.096,T,0.08302751303285003
ACA,T,0.632,A,0.08507659345323007
ACC,T,-0.437,C,0.11421266541953497
ACG,T,-0.281,G,0.11177435455704603
ACT,T,-0.255,T,0.08871897983528412
AAC,N,-0.109,C,0.10640988559630384
AAT,N,0.109,T,0.10640988559630382
AAA,K,0.497,A,0.08542881892653721
AAG,K,-0.497,G,0.08542881892653721
AGC,S,-0.466,C,0.15323184121688976
AGT,S,0.148,T,0.09880938151904049
TCA,S,0.213,A,0.10136833397466542
TCC,S,-0.004,C,0.18797969425863797
TCG,S,-0.075,G,0.17102426958827333
TCT,S,-0.194,T,0.12382614545173765
AGA,R,0.904,A,0.16115457006634987
AGG,R,0.349,G,0.39076244832260076
CGA,R,0.321,A,0.14112504102259762
CGC,R,-0.064,C,0.13799858638520549
CGG,R,-0.529,G,0.1641049599611741
CGT,R,-0.352,T,0.1053265259222009
CTA,L,0.002,A,0.11217266858012298
CTC,L,-0.052,C,0.1671737917439494
CTG,L,-0.157,G,0.15032054712400394
CTT,L,-0.213,T,0.10339043479879548
TTA,L,0.118,A,0.06477768389962783
TTG,L,0.004,G,0.0804764400603755
CCA,P,0.261,A,0.12250603335855983
CCC,P,-0.183,C,0.20742687291217962
CCG,P,0.192,G,0.17783157516051282
CCT,P,-0.36,T,0.1389573633287633
CAC,H,0.095,C,0.17368235543129995
CAT,H,-0.095,T,0.17368235543129995
CAA,Q,0.318,A,0.11528790920214112
CAG,Q,-0.318,G,0.11528790920214113
GTA,V,0.669,A,0.10896879084159182
GTC,V,-0.134,C,0.11184301737668748
GTG,V,0.166,G,0.10699542566550947
GTT,V,-0.399,T,0.08075246043967772
GCA,A,0.819,A,0.08364817736401511
GCC,A,-0.321,C,0.11075187847984597
GCG,A,-0.014,G,0.12037557599536508
GCT,A,-0.632,T,0.08470881048808775
GAC,D,-0.212,C,0.11305858866381792
GAT,D,0.212,T,0.11305858866381792
GAA,E,-0.028,A,0.11691610686371481
GAG,E,0.028,G,0.11691610686371481
GGA,G,0.886,A,0.12444096036945639
GGC,G,-0.159,C,0.11078842586767323
GGG,G,-0.001,G,0.16252633271187883
GGT,G,-0.398,T,0.09574331588832145
TTC,F,-0.755,C,0.12269207143521654
TTT,F,0.755,T,0.12269207143521654
TAC,Y,-0.279,C,0.13816499973084764
TAT,Y,0.279,T,0.13816499973084764
TGC,C,-0.509,C,0.417409594080885
TGT,C,0.509,T,0.417409594080885
