codon,amino_acid,Larkinella,third_nucl,standard_error
ATA,I,1.433,A,0.09719640874659238
ATC,I,-0.5,C,0.04843476679260466
ATT,I,0.01,T,0.04721331405844765
ACA,T,1.151,A,0.07951588616233028
ACC,T,-0.295,C,0.04823876469366893
ACG,T,-0.608,G,0.05083756903181115
ACT,T,0.895,T,0.08191144833981269
AAC,N,-0.645,C,0.05867537366651562
AAT,N,0.645,T,0.05867537366651562
AAA,K,0.406,A,0.05271527803334429
AAG,K,-0.406,G,0.05271527803334429
AGC,S,-0.54,C,0.060217411494320486
AGT,S,0.482,T,0.07456846868935996
TCA,S,0.792,A,0.07969559502900378
TCC,S,0.164,C,0.06045356508018433
TCG,S,-0.887,G,0.05846599832311776
TCT,S,1.005,T,0.08565622472263158
AGA,R,1.885,A,0.12306355924252178
AGG,R,0.709,G,0.14704856854110426
CGA,R,1.126,A,0.08411381530252374
CGC,R,-0.349,C,0.05875865951786817
CGG,R,-1.406,G,0.05920339070950622
CGT,R,0.758,T,0.0736348869807851
CTA,L,0.761,A,0.07908958499685736
CTC,L,0.265,C,0.05181623029587513
CTG,L,-1.174,G,0.03671943092135464
CTT,L,1.111,T,0.06050257264982784
TTA,L,1.099,A,0.0651789632239368
TTG,L,-0.007,G,0.04904629109743022
CCA,P,1.01,A,0.08887772856035549
CCC,P,-0.142,C,0.06169924889575741
CCG,P,-0.804,G,0.06054592615323545
CCT,P,0.969,T,0.09068512208862978
CAC,H,-0.843,C,0.09241698020608945
CAT,H,0.843,T,0.09241698020608945
CAA,Q,1.254,A,0.06307499343859195
CAG,Q,-1.254,G,0.06307499343859195
GTA,V,0.609,A,0.061898196747115226
GTC,V,-0.094,C,0.05820497420588621
GTG,V,-0.829,G,0.05665617984303922
GTT,V,0.384,T,0.051441230494080184
GCA,A,1.148,A,0.06834449003689977
GCC,A,-0.593,C,0.04676737282952756
GCG,A,-0.423,G,0.05632139882235349
GCT,A,0.538,T,0.059412363499316834
GAC,D,-0.242,C,0.060822464392995046
GAT,D,0.242,T,0.060822464392995046
GAA,E,0.453,A,0.06282312995146136
GAG,E,-0.453,G,0.06282312995146136
GGA,G,0.707,A,0.0669107659130728
GGC,G,-0.382,C,0.05883058146224054
GGG,G,-0.304,G,0.0751666406019014
GGT,G,0.071,T,0.06409755006285081
TTC,F,-0.152,C,0.05543180777263938
TTT,F,0.152,T,0.05543180777263938
TAC,Y,-0.476,C,0.07052775792579555
TAT,Y,0.476,T,0.07052775792579553
TGC,C,-0.681,C,0.13706612238514274
TGT,C,0.681,T,0.13706612238514274
