codon,amino_acid,Lautropia,third_nucl,standard_error
ATA,I,0.864,A,0.27390194038209864
ATC,I,-0.54,C,0.10055297981844795
ATT,I,0.456,T,0.10555610082375366
ACA,T,1.161,A,0.15291382734398812
ACC,T,-0.093,C,0.07247427072445203
ACG,T,-0.617,G,0.0784365298180015
ACT,T,1.464,T,0.19589805803300567
AAC,N,-0.536,C,0.12089470847466521
AAT,N,0.536,T,0.12089470847466521
AAA,K,1.725,A,0.12102846929421598
AAG,K,-1.725,G,0.12102846929421598
AGC,S,-0.548,C,0.07530158339462203
AGT,S,0.256,T,0.14504935021191218
TCA,S,0.292,A,0.1520133725592335
TCC,S,0.661,C,0.07671981567532622
TCG,S,-0.775,G,0.07975366228967941
TCT,S,1.653,T,0.19152585034293376
AGA,R,2.357,A,0.28452094077047757
AGG,R,0.934,G,0.18403128940086025
CGA,R,1.257,A,0.1474650765552046
CGC,R,-0.511,C,0.06623833712807323
CGG,R,-0.469,G,0.08385476932523538
CGT,R,0.216,T,0.0844688546249054
CTA,L,0.425,A,0.2663985107001889
CTC,L,0.455,C,0.07499144586329275
CTG,L,-1.09,G,0.06047818340202858
CTT,L,1.359,T,0.11945376925270745
TTA,L,1.619,A,0.4923340443543369
TTG,L,1.193,G,0.11918201149919841
CCA,P,0.798,A,0.14626021787394952
CCC,P,0.243,C,0.07029351236387422
CCG,P,-0.929,G,0.07303205628471367
CCT,P,1.163,T,0.1257773456224034
CAC,H,-0.376,C,0.11335131714762549
CAT,H,0.376,T,0.11335131714762549
CAA,Q,1.677,A,0.1369042575772417
CAG,Q,-1.677,G,0.1369042575772417
GTA,V,1.135,A,0.17635877806545477
GTC,V,0.378,C,0.07031937153422642
GTG,V,-0.943,G,0.06875579451914554
GTT,V,1.273,T,0.12786834690409257
GCA,A,0.885,A,0.08031077284902302
GCC,A,-0.392,C,0.05323380934167593
GCG,A,-0.354,G,0.06739192403412467
GCT,A,0.552,T,0.08804670523828739
GAC,D,-0.475,C,0.08203903200989969
GAT,D,0.475,T,0.08203903200989969
GAA,E,1.09,A,0.08597861346763608
GAG,E,-1.09,G,0.08597861346763608
GGA,G,0.93,A,0.1276747599011428
GGC,G,-0.475,C,0.07248349027729284
GGG,G,0.038,G,0.09877227028492974
GGT,G,0.273,T,0.0954858773475409
TTC,F,-0.589,C,0.11817731623382326
TTT,F,0.589,T,0.11817731623382326
TAC,Y,-0.113,C,0.13971658361427353
TAT,Y,0.113,T,0.13971658361427353
TGC,C,-0.716,C,0.2414044516424397
TGT,C,0.716,T,0.2414044516424397
