codon,amino_acid,Lawsonia,third_nucl,standard_error
ATA,I,0.12,A,0.07722366701863018
ATC,I,-0.042,C,0.11382020903217142
ATT,I,-0.092,T,0.07375338469308022
ACA,T,-0.116,A,0.09456770145071139
ACC,T,0.155,C,0.17737406557681526
ACG,T,0.083,G,0.2222852304121217
ACT,T,0.061,T,0.09762071823274213
AAC,N,0.128,C,0.12934165611157514
AAT,N,-0.128,T,0.12934165611157514
AAA,K,0.096,A,0.1065171100761697
AAG,K,-0.096,G,0.1065171100761697
AGC,S,0.122,C,0.16079361728138308
AGT,S,-0.003,T,0.09703205652950794
TCA,S,-0.186,A,0.09797604509647576
TCC,S,0.651,C,0.19063145280050087
TCG,S,0.316,G,0.28399810022563715
TCT,S,-0.063,T,0.08690845018265692
AGA,R,-0.074,A,0.1227238790281893
AGG,R,0.114,G,0.21312362644532237
CGA,R,0.019,A,0.16906492057384717
CGC,R,-0.009,C,0.23885209621535117
CGG,R,-0.004,G,0.34313377589990085
CGT,R,0.028,T,0.12089797032728325
CTA,L,-0.058,A,0.10297065329867645
CTC,L,0.268,C,0.1536182638618726
CTG,L,0.449,G,0.20858937019969337
CTT,L,-0.156,T,0.07456345789601329
TTA,L,-0.038,A,0.07312649345357115
TTG,L,0.283,G,0.12358710917700652
CCA,P,-0.143,A,0.11835088235227585
CCC,P,0.379,C,0.23207683836804585
CCG,P,0.68,G,0.37335029557911803
CCT,P,-0.026,T,0.11548578532033292
CAC,H,0.086,C,0.21505580838891267
CAT,H,-0.086,T,0.21505580838891267
CAA,Q,-0.079,A,0.13601412466179025
CAG,Q,0.079,G,0.13601412466179025
GTA,V,-0.12,A,0.10001001941825585
GTC,V,-0.274,C,0.16771353945158288
GTG,V,0.777,G,0.14655184714155217
GTT,V,-0.146,T,0.09522287483035735
GCA,A,-0.169,A,0.10340094640538297
GCC,A,0.474,C,0.18325831959764094
GCG,A,-0.169,G,0.30788366450584087
GCT,A,0.038,T,0.10127926071603964
GAC,D,0.005,C,0.1584875824042973
GAT,D,-0.005,T,0.1584875824042973
GAA,E,0.084,A,0.12624839645439714
GAG,E,-0.084,G,0.12624839645439714
GGA,G,-0.115,A,0.10394040823233872
GGC,G,0.331,C,0.17360193360240153
GGG,G,-0.472,G,0.17204282574803964
GGT,G,0.188,T,0.10447842859612284
TTC,F,0.257,C,0.1538665390709684
TTT,F,-0.257,T,0.1538665390709684
TAC,Y,0.71,C,0.17509492524720763
TAT,Y,-0.71,T,0.17509492524720763
TGC,C,-0.23,C,0.27149338624847913
TGT,C,0.23,T,0.27149338624847913
