codon,amino_acid,Lawsonella,third_nucl,standard_error
ATA,I,0.919,A,0.2961122180429919
ATC,I,-0.188,C,0.10015826868211927
ATT,I,0.073,T,0.10131980161290546
ACA,T,0.327,A,0.1314773352552418
ACC,T,-0.579,C,0.08094336304508373
ACG,T,0.09,G,0.10643010209645554
ACT,T,0.57,T,0.09862684314472642
AAC,N,-0.062,C,0.13075081821783918
AAT,N,0.062,T,0.13075081821783918
AAA,K,0.243,A,0.11876993753388693
AAG,K,-0.243,G,0.11876993753388693
AGC,S,-0.085,C,0.10528427205994427
AGT,S,0.483,T,0.147071320319479
TCA,S,0.456,A,0.15443307901936817
TCC,S,-0.517,C,0.09132805057274239
TCG,S,-0.25,G,0.13144684483113186
TCT,S,0.5,T,0.11635968019470708
AGA,R,1.068,A,0.33857907239851887
AGG,R,0.35,G,0.2959839797872966
CGA,R,0.507,A,0.14675694849972445
CGC,R,-0.171,C,0.0868326978083664
CGG,R,-0.328,G,0.12123895849109127
CGT,R,0.055,T,0.09688363535654358
CTA,L,0.459,A,0.15451213465849079
CTC,L,-0.085,C,0.07677306738910966
CTG,L,-0.417,G,0.08287305040260513
CTT,L,0.374,T,0.0994534492452907
TTA,L,0.567,A,0.21272817434790006
TTG,L,0.084,G,0.1185909368740152
CCA,P,0.309,A,0.13382927575688938
CCC,P,-0.004,C,0.09423275019823545
CCG,P,-0.516,G,0.10905890173314826
CCT,P,0.36,T,0.11914513463072655
CAC,H,-0.078,C,0.15270130302522394
CAT,H,0.078,T,0.15270130302522392
CAA,Q,0.304,A,0.13494828851825125
CAG,Q,-0.304,G,0.13494828851825125
GTA,V,0.362,A,0.11683599895909809
GTC,V,-0.444,C,0.08654407229383929
GTG,V,0.093,G,0.077630016915297
GTT,V,0.165,T,0.09557548413261228
GCA,A,0.565,A,0.08408833205694316
GCC,A,-0.417,C,0.07140216288501662
GCG,A,-0.342,G,0.09470365683482122
GCT,A,0.271,T,0.08096921147262484
GAC,D,-0.22,C,0.0954359408871932
GAT,D,0.22,T,0.0954359408871932
GAA,E,0.343,A,0.10035036258318794
GAG,E,-0.343,G,0.10035036258318794
GGA,G,0.767,A,0.11427156833225709
GGC,G,-0.262,C,0.09281852058432767
GGG,G,-0.535,G,0.14436536698617458
GGT,G,0.008,T,0.10062811590434798
TTC,F,-0.415,C,0.13549007745026354
TTT,F,0.415,T,0.13549007745026354
TAC,Y,-0.28,C,0.16146607453528672
TAT,Y,0.28,T,0.16146607453528672
TGC,C,-1.041,C,0.26472217093242273
TGT,C,1.041,T,0.26472217093242273
