codon,amino_acid,Leadbetterella,third_nucl,standard_error
ATA,I,0.359,A,0.054601790960907996
ATC,I,-0.324,C,0.0560524105362422
ATT,I,-0.054,T,0.05196198346134766
ACA,T,0.474,A,0.07418035616520742
ACC,T,-0.144,C,0.07081220901371435
ACG,T,-0.111,G,0.09453083906863301
ACT,T,-0.236,T,0.07226206644402754
AAC,N,0.03,C,0.07078705766677117
AAT,N,-0.03,T,0.07078705766677117
AAA,K,0.244,A,0.051839274889055806
AAG,K,-0.244,G,0.051839274889055806
AGC,S,0.214,C,0.0840216316531233
AGT,S,0.151,T,0.07246822229471159
TCA,S,0.394,A,0.07644674004099493
TCC,S,-0.186,C,0.08133283218885651
TCG,S,0.125,G,0.1228171194740787
TCT,S,-0.562,T,0.07374103046254606
AGA,R,0.387,A,0.0711728717008855
AGG,R,-0.407,G,0.09401395546241499
CGA,R,0.241,A,0.12375722670201572
CGC,R,-0.039,C,0.1312917297927681
CGG,R,0.147,G,0.16449835406505958
CGT,R,-0.517,T,0.10410192930454618
CTA,L,0.223,A,0.061223403863303626
CTC,L,0.451,C,0.08143727207873905
CTG,L,-0.227,G,0.06441011253105652
CTT,L,0.122,T,0.057440079570329663
TTA,L,0.104,A,0.04719732751473521
TTG,L,-0.481,G,0.05404616136833183
CCA,P,0.361,A,0.102609202447525
CCC,P,0.224,C,0.1051411452514736
CCG,P,-0.127,G,0.10483426028296425
CCT,P,-0.323,T,0.08836301467705186
CAC,H,0.23,C,0.11978871910598482
CAT,H,-0.23,T,0.11978871910598482
CAA,Q,0.173,A,0.08632200514859695
CAG,Q,-0.173,G,0.08632200514859695
GTA,V,0.213,A,0.06180040892603467
GTC,V,0.124,C,0.09840214074149069
GTG,V,-0.553,G,0.07366421284305195
GTT,V,0.181,T,0.06984551400734974
GCA,A,0.466,A,0.06512302974561496
GCC,A,-0.162,C,0.07107519192297183
GCG,A,0.071,G,0.0949853402183425
GCT,A,-0.376,T,0.06740046301968557
GAC,D,0.135,C,0.07994108912631336
GAT,D,-0.135,T,0.07994108912631336
GAA,E,0.237,A,0.06751664702322724
GAG,E,-0.237,G,0.06751664702322724
GGA,G,0.153,A,0.06899208100961776
GGC,G,0.199,C,0.08630722196527725
GGG,G,-0.051,G,0.09862900853694083
GGT,G,-0.294,T,0.07552265839920534
TTC,F,-0.179,C,0.06475348478199643
TTT,F,0.179,T,0.06475348478199643
TAC,Y,0.137,C,0.07923726605148954
TAT,Y,-0.137,T,0.07923726605148954
TGC,C,0.388,C,0.16080062677467177
TGT,C,-0.388,T,0.16080062677467177
