codon,amino_acid,Leclercia,third_nucl,standard_error
ATA,I,0.957,A,0.1044812091775635
ATC,I,-0.689,C,0.05367921239742773
ATT,I,0.403,T,0.053662820643818346
ACA,T,1.486,A,0.09352548018045212
ACC,T,-0.911,C,0.054297245903535934
ACG,T,-0.13,G,0.06379817059631264
ACT,T,0.721,T,0.07917842609154224
AAC,N,-0.622,C,0.06906659207036384
AAT,N,0.622,T,0.06906659207036382
AAA,K,0.384,A,0.06314700787600018
AAG,K,-0.384,G,0.06314700787600017
AGC,S,-0.579,C,0.05925143945285057
AGT,S,0.674,T,0.0834061275707542
TCA,S,0.855,A,0.0886241286331052
TCC,S,-0.228,C,0.06820778724165674
TCG,S,-0.487,G,0.07575595985301219
TCT,S,0.448,T,0.07804438744569173
AGA,R,1.238,A,0.13192350585842136
AGG,R,0.712,G,0.1550445716997977
CGA,R,0.877,A,0.11500004323844934
CGC,R,-0.509,C,0.05646400544558526
CGG,R,-0.536,G,0.08942999435312356
CGT,R,0.15,T,0.05890989258265962
CTA,L,0.769,A,0.12724019825636443
CTC,L,0.204,C,0.05824474659809515
CTG,L,-1.187,G,0.0408646559307788
CTT,L,0.689,T,0.06440208247893774
TTA,L,1.29,A,0.06825292256301392
TTG,L,0.582,G,0.07063468605540958
CCA,P,0.323,A,0.08579353329957433
CCC,P,0.7,C,0.0809311890904326
CCG,P,-1.04,G,0.06558966179508956
CCT,P,0.685,T,0.08321997083014333
CAC,H,-0.288,C,0.08847048818008035
CAT,H,0.288,T,0.08847048818008035
CAA,Q,1.458,A,0.07349343933689745
CAG,Q,-1.458,G,0.07349343933689745
GTA,V,0.616,A,0.07380018277139555
GTC,V,-0.157,C,0.06067195900587467
GTG,V,-0.641,G,0.05220286763921737
GTT,V,0.617,T,0.061373237017030215
GCA,A,0.843,A,0.05716369232672603
GCC,A,-0.474,C,0.047858133179815625
GCG,A,-0.499,G,0.04912174832828981
GCT,A,0.607,T,0.06228618196436943
GAC,D,-0.275,C,0.06345912316519492
GAT,D,0.275,T,0.06345912316519492
GAA,E,0.732,A,0.06402401296194653
GAG,E,-0.732,G,0.06402401296194654
GGA,G,1.104,A,0.09095525531811686
GGC,G,-0.509,C,0.060098807871290204
GGG,G,-0.305,G,0.08174210365327253
GGT,G,0.265,T,0.06640409475205619
TTC,F,-0.71,C,0.06890094335838126
TTT,F,0.71,T,0.06890094335838126
TAC,Y,-0.236,C,0.08552006256689258
TAT,Y,0.236,T,0.08552006256689258
TGC,C,-0.796,C,0.13912821941687242
TGT,C,0.796,T,0.13912821941687245
