codon,amino_acid,Leeuwenhoekiella,third_nucl,standard_error
ATA,I,0.991,A,0.0647870790832219
ATC,I,-0.563,C,0.05966258750773285
ATT,I,-0.288,T,0.05250880941082329
ACA,T,0.708,A,0.0707396386763452
ACC,T,-0.199,C,0.06793828193370659
ACG,T,-0.441,G,0.08651279056995824
ACT,T,-0.218,T,0.06995738552617438
AAC,N,-0.019,C,0.06945368722994391
AAT,N,0.019,T,0.06945368722994391
AAA,K,0.415,A,0.060225444209526795
AAG,K,-0.415,G,0.0602254442095268
AGC,S,-0.016,C,0.08005926132452958
AGT,S,-0.061,T,0.07061202630956397
TCA,S,0.477,A,0.0766300442755137
TCC,S,0.295,C,0.1196760044659615
TCG,S,-0.368,G,0.106605068209255
TCT,S,-0.289,T,0.07260036756147902
AGA,R,0.993,A,0.08361101557553437
AGG,R,-0.077,G,0.17348091595835657
CGA,R,0.236,A,0.11694323397715836
CGC,R,-0.512,C,0.09263492129943407
CGG,R,-0.562,G,0.1859596472357645
CGT,R,-0.654,T,0.08950354673663823
CTA,L,0.462,A,0.07204247546788001
CTC,L,0.118,C,0.07585738410124289
CTG,L,-0.466,G,0.07517250999262494
CTT,L,-0.002,T,0.05349760926806318
TTA,L,0.192,A,0.04820374754810504
TTG,L,-0.402,G,0.05914705070890002
CCA,P,0.42,A,0.10476724381040182
CCC,P,0.554,C,0.11375632475796985
CCG,P,-0.634,G,0.10915144794307025
CCT,P,-0.185,T,0.0899131284223561
CAC,H,-0.14,C,0.1111626145226009
CAT,H,0.14,T,0.1111626145226009
CAA,Q,0.457,A,0.084960418729589
CAG,Q,-0.457,G,0.08496041872958901
GTA,V,0.226,A,0.06474639906860898
GTC,V,0.324,C,0.10925573053712755
GTG,V,-0.759,G,0.08058921641317113
GTT,V,0.199,T,0.06575000447872163
GCA,A,0.483,A,0.062022119306293616
GCC,A,0.012,C,0.07697725033973772
GCG,A,-0.385,G,0.08147402597402668
GCT,A,-0.287,T,0.06581827622693519
GAC,D,0.194,C,0.08112693318835441
GAT,D,-0.194,T,0.08112693318835443
GAA,E,0.61,A,0.0788370652723515
GAG,E,-0.61,G,0.0788370652723515
GGA,G,0.449,A,0.07436861753136298
GGC,G,-0.001,C,0.09235994058424997
GGG,G,-0.238,G,0.11555526255751424
GGT,G,-0.367,T,0.07829187370366845
TTC,F,0.092,C,0.08030729404418484
TTT,F,-0.092,T,0.08030729404418484
TAC,Y,0.252,C,0.08297681513956047
TAT,Y,-0.252,T,0.08297681513956048
TGC,C,0.359,C,0.1768428693528931
TGT,C,-0.359,T,0.1768428693528931
