codon,amino_acid,Lelliottia,third_nucl,standard_error
ATA,I,0.865,A,0.09841255121256451
ATC,I,-0.423,C,0.05405955364147839
ATT,I,0.125,T,0.053100796888763
ACA,T,0.858,A,0.07663829752458469
ACC,T,-0.336,C,0.055995370887176286
ACG,T,-0.652,G,0.0591256998651619
ACT,T,0.759,T,0.07845997268301763
AAC,N,-0.34,C,0.06718571022096777
AAT,N,0.34,T,0.06718571022096777
AAA,K,0.134,A,0.06523539088706667
AAG,K,-0.134,G,0.06523539088706667
AGC,S,-0.434,C,0.060635486454983095
AGT,S,0.394,T,0.07772775362560252
TCA,S,0.51,A,0.07630786117888433
TCC,S,-0.041,C,0.0729133883496883
TCG,S,-0.487,G,0.07653700983271551
TCT,S,0.283,T,0.07425266058334327
AGA,R,1.113,A,0.11906039168903715
AGG,R,0.438,G,0.14655585990748016
CGA,R,0.47,A,0.10095996557888891
CGC,R,-0.323,C,0.05759096862702301
CGG,R,-0.242,G,0.10480084190122324
CGT,R,-0.132,T,0.0590264430310167
CTA,L,0.836,A,0.10683112509435778
CTC,L,0.139,C,0.06030277040988143
CTG,L,-0.875,G,0.04128680167476722
CTT,L,0.345,T,0.05891488405986496
TTA,L,1.023,A,0.06213718111935427
TTG,L,0.029,G,0.059351968518938515
CCA,P,0.381,A,0.07971522142956129
CCC,P,0.361,C,0.08439843703337428
CCG,P,-0.795,G,0.06757363289454103
CCT,P,0.463,T,0.08135484661613895
CAC,H,-0.032,C,0.08903160228203122
CAT,H,0.032,T,0.08903160228203122
CAA,Q,0.927,A,0.06834692644963238
CAG,Q,-0.927,G,0.06834692644963238
GTA,V,0.613,A,0.07545956529384072
GTC,V,-0.1,C,0.06075036378155441
GTG,V,-0.452,G,0.053490824683764704
GTT,V,0.256,T,0.05789649709561851
GCA,A,0.513,A,0.054893546084042164
GCC,A,-0.097,C,0.052617102355887714
GCG,A,-0.664,G,0.0503874008014894
GCT,A,0.509,T,0.06131951221072606
GAC,D,-0.064,C,0.06458110427394216
GAT,D,0.064,T,0.06458110427394216
GAA,E,0.409,A,0.06728556311505404
GAG,E,-0.409,G,0.06728556311505404
GGA,G,0.743,A,0.08553399788600904
GGC,G,-0.372,C,0.06223387708737361
GGG,G,-0.14,G,0.08751113044942171
GGT,G,0.079,T,0.06514832242443674
TTC,F,-0.43,C,0.068758288414167
TTT,F,0.43,T,0.068758288414167
TAC,Y,-0.128,C,0.08628807473232022
TAT,Y,0.128,T,0.08628807473232022
TGC,C,-0.517,C,0.13645062714639059
TGT,C,0.517,T,0.13645062714639059
