codon,amino_acid,Lentilactobacillus,third_nucl,standard_error
ATA,I,0.9,A,0.10418242117365534
ATC,I,-0.204,C,0.06585634964737316
ATT,I,-0.169,T,0.060068357380225826
ACA,T,0.61,A,0.0680162229840655
ACC,T,-0.601,C,0.07766244811526019
ACG,T,-0.357,G,0.08294185355409874
ACT,T,0.109,T,0.07345154043437087
AAC,N,-0.161,C,0.07377221284268475
AAT,N,0.161,T,0.07377221284268475
AAA,K,0.606,A,0.05856997742895152
AAG,K,-0.606,G,0.05856997742895152
AGC,S,0.03,C,0.096819018204373
AGT,S,0.29,T,0.07324316746168578
TCA,S,0.265,A,0.0710488584398917
TCC,S,-0.849,C,0.10944878285507478
TCG,S,-0.153,G,0.10860757160409883
TCT,S,-0.151,T,0.09071020009279002
AGA,R,0.642,A,0.0987192962852825
AGG,R,0.352,G,0.1504973938177177
CGA,R,-0.04,A,0.09357386856331472
CGC,R,-0.119,C,0.12844362819021177
CGG,R,-0.672,G,0.12181731439896085
CGT,R,-0.2,T,0.09105944435287454
CTA,L,0.035,A,0.09325416936033647
CTC,L,-0.351,C,0.1187559370530727
CTG,L,-0.65,G,0.0861178897305764
CTT,L,-0.413,T,0.06927699695266223
TTA,L,0.5,A,0.054635907293764975
TTG,L,0.102,G,0.05870230477959549
CCA,P,0.584,A,0.09846036124822541
CCC,P,-0.121,C,0.1391705473611978
CCG,P,-0.604,G,0.11820935838831696
CCT,P,-0.103,T,0.11854257491646264
CAC,H,-0.215,C,0.12204491109544989
CAT,H,0.215,T,0.12204491109544989
CAA,Q,0.633,A,0.0829629937864075
CAG,Q,-0.633,G,0.0829629937864075
GTA,V,0.615,A,0.08378571540897113
GTC,V,-0.398,C,0.0837382054124605
GTG,V,0.37,G,0.08151094670514121
GTT,V,-0.341,T,0.062484141504458246
GCA,A,0.634,A,0.06586164529584004
GCC,A,-0.611,C,0.08470061898321275
GCG,A,-0.267,G,0.10006896087725754
GCT,A,-0.147,T,0.07084865080910341
GAC,D,-0.203,C,0.08065592779849852
GAT,D,0.203,T,0.08065592779849853
GAA,E,0.394,A,0.09023379870503248
GAG,E,-0.394,G,0.09023379870503248
GGA,G,0.513,A,0.07947685293973487
GGC,G,-0.287,C,0.08779346369390854
GGG,G,0.038,G,0.10455416745476967
GGT,G,-0.254,T,0.07509895059927456
TTC,F,-0.462,C,0.09475716967819436
TTT,F,0.462,T,0.09475716967819438
TAC,Y,0.01,C,0.0984592312747682
TAT,Y,-0.01,T,0.0984592312747682
TGC,C,0.075,C,0.25700603623114676
TGT,C,-0.075,T,0.25700603623114676
