codon,amino_acid,Leptospira,third_nucl,standard_error
ATA,I,0.394,A,0.05972655035700515
ATC,I,-0.1,C,0.05207859078965941
ATT,I,-0.169,T,0.047181678720183536
ACA,T,0.324,A,0.0725256081809476
ACC,T,0.018,C,0.08179436976343456
ACG,T,-0.157,G,0.08606113087832201
ACT,T,-0.198,T,0.06798470849049372
AAC,N,-0.087,C,0.06466474687399805
AAT,N,0.087,T,0.06466474687399805
AAA,K,0.178,A,0.06024643645202029
AAG,K,-0.178,G,0.06024643645202029
AGC,S,0.121,C,0.10572271031565958
AGT,S,0.057,T,0.07176660027364422
TCA,S,0.367,A,0.07316506065565025
TCC,S,0.074,C,0.06679179906242129
TCG,S,0.112,G,0.08452395697473424
TCT,S,-0.365,T,0.05460842254940379
AGA,R,-0.096,A,0.06872608555039546
AGG,R,-0.255,G,0.1187736360778776
CGA,R,0.348,A,0.09110575207704086
CGC,R,0.263,C,0.15470274910832432
CGG,R,0.489,G,0.14833297382713012
CGT,R,-0.297,T,0.0891523692641385
CTA,L,0.192,A,0.07358890649802236
CTC,L,0.127,C,0.0757779484544629
CTG,L,0.099,G,0.0886645192343128
CTT,L,-0.389,T,0.051201432089529646
TTA,L,-0.058,A,0.04609909423866183
TTG,L,0.299,G,0.05338389509869378
CCA,P,0.126,A,0.08553175934187664
CCC,P,0.157,C,0.11494264364750871
CCG,P,0.197,G,0.09424748950145101
CCT,P,-0.334,T,0.08133333127947538
CAC,H,0.119,C,0.12175660663385633
CAT,H,-0.119,T,0.12175660663385633
CAA,Q,0.185,A,0.08950019480247534
CAG,Q,-0.185,G,0.08950019480247534
GTA,V,-0.075,A,0.06696113099489412
GTC,V,0.081,C,0.09515353614341433
GTG,V,0.186,G,0.0829743830383895
GTT,V,-0.077,T,0.06378563917933294
GCA,A,0.27,A,0.0733699311945094
GCC,A,0.241,C,0.09619367681876578
GCG,A,-0.248,G,0.08902422807295439
GCT,A,-0.267,T,0.0790116974045117
GAC,D,-0.041,C,0.08191645197822339
GAT,D,0.041,T,0.08191645197822339
GAA,E,0.021,A,0.08158429068604658
GAG,E,-0.021,G,0.08158429068604658
GGA,G,-0.128,A,0.0676140167672474
GGC,G,0.565,C,0.11114963206281774
GGG,G,-0.06,G,0.11227031380555129
GGT,G,-0.063,T,0.0751328403779508
TTC,F,0.257,C,0.068281028255215
TTT,F,-0.257,T,0.068281028255215
TAC,Y,0.283,C,0.08864709138121361
TAT,Y,-0.283,T,0.08864709138121361
TGC,C,0.342,C,0.19436334675029643
TGT,C,-0.342,T,0.19436334675029643
