codon,amino_acid,Leptotrichia,third_nucl,standard_error
ATA,I,0.597,A,0.05470086580453458
ATC,I,-0.732,C,0.10309181685826292
ATT,I,-0.381,T,0.05396553194294542
ACA,T,0.315,A,0.08328577082472692
ACC,T,-0.288,C,0.2686979513355528
ACG,T,-0.049,G,0.13385184332222355
ACT,T,-0.306,T,0.089355839010787
AAC,N,-0.141,C,0.08469277164350775
AAT,N,0.141,T,0.08469277164350775
AAA,K,0.307,A,0.06357068016466558
AAG,K,-0.307,G,0.06357068016466556
AGC,S,-0.035,C,0.12329878279055899
AGT,S,0.68,T,0.08509446220212491
TCA,S,-0.253,A,0.08391001246021443
TCC,S,-0.713,C,0.1958784394938834
TCG,S,-0.265,G,0.15446566938078704
TCT,S,-0.233,T,0.10081285597840828
AGA,R,0.595,A,0.0999373704982281
AGG,R,-0.351,G,0.13681393029567573
CGA,R,0.159,A,0.19582477228396986
CGC,R,0.84,C,0.6026351725797204
CGG,R,-0.823,G,0.2864494388500891
CGT,R,-1.087,T,0.18390438726802877
CTA,L,0.112,A,0.11432268958398906
CTC,L,-0.698,C,0.27346715621529966
CTG,L,-0.685,G,0.10048178343707553
CTT,L,-0.983,T,0.08072716125861676
TTA,L,0.641,A,0.05589719546609429
TTG,L,0.088,G,0.06403389700247966
CCA,P,0.287,A,0.13264522158901587
CCC,P,-0.487,C,0.41170306281464975
CCG,P,-0.206,G,0.20396723140365933
CCT,P,-0.157,T,0.14017532565273103
CAC,H,-0.56,C,0.20468487973702415
CAT,H,0.56,T,0.20468487973702415
CAA,Q,0.647,A,0.1246176264545841
CAG,Q,-0.647,G,0.1246176264545841
GTA,V,0.243,A,0.072059585717047
GTC,V,-0.234,C,0.16681076185986857
GTG,V,0.125,G,0.09160329715560384
GTT,V,-0.288,T,0.0740032523180386
GCA,A,0.345,A,0.08503424829134268
GCC,A,-0.732,C,0.17175373033539013
GCG,A,0.18,G,0.13106869410906397
GCT,A,-0.254,T,0.09363789123944333
GAC,D,-0.298,C,0.10755475930618671
GAT,D,0.298,T,0.10755475930618673
GAA,E,0.17,A,0.08807875689766034
GAG,E,-0.17,G,0.08807875689766034
GGA,G,0.264,A,0.07905658278750256
GGC,G,-0.305,C,0.16393455519961855
GGG,G,-0.372,G,0.10617161484468242
GGT,G,0.035,T,0.10054574846076499
TTC,F,-0.638,C,0.12625828836916203
TTT,F,0.638,T,0.12625828836916203
TAC,Y,-0.214,C,0.11343782950385904
TAT,Y,0.214,T,0.11343782950385904
TGC,C,-0.779,C,0.27352573865659163
TGT,C,0.779,T,0.2735257386565916
