codon,amino_acid,Leptothermofonsia,third_nucl,standard_error
ATA,I,0.621,A,0.10872986211278377
ATC,I,-0.033,C,0.05033998362783395
ATT,I,-0.101,T,0.048956496939755664
ACA,T,0.307,A,0.06013269815676422
ACC,T,-0.381,C,0.04889692824200461
ACG,T,-0.337,G,0.06193312104231933
ACT,T,0.49,T,0.05602892118789061
AAC,N,-0.036,C,0.06237794837430052
AAT,N,0.036,T,0.06237794837430052
AAA,K,0.303,A,0.059431257896057105
AAG,K,-0.303,G,0.059431257896057105
AGC,S,-0.422,C,0.06030244434017981
AGT,S,-0.249,T,0.05844412438563586
TCA,S,0.532,A,0.0660637046020116
TCC,S,-0.171,C,0.05687001506270332
TCG,S,-0.25,G,0.0747500449136939
TCT,S,0.486,T,0.05726752631260552
AGA,R,0.778,A,0.07825616257459092
AGG,R,0.243,G,0.10035144209276552
CGA,R,0.286,A,0.06611720379432183
CGC,R,-0.235,C,0.05603525598015198
CGG,R,-0.771,G,0.06174532382660856
CGT,R,0.282,T,0.06331470445938739
CTA,L,0.358,A,0.06698727728562479
CTC,L,0.262,C,0.05194279371733851
CTG,L,-0.73,G,0.03706004002396046
CTT,L,0.6,T,0.055052829252223455
TTA,L,0.113,A,0.054573867350298746
TTG,L,0.24,G,0.04456302735487451
CCA,P,0.081,A,0.05815489834424273
CCC,P,-0.091,C,0.05193823800504585
CCG,P,-0.217,G,0.06686303733793293
CCT,P,0.196,T,0.058093471032865635
CAC,H,0.018,C,0.08281657643193083
CAT,H,-0.018,T,0.08281657643193083
CAA,Q,0.583,A,0.05136403993688209
CAG,Q,-0.583,G,0.05136403993688209
GTA,V,0.05,A,0.06693654935857048
GTC,V,-0.271,C,0.05554461980193953
GTG,V,-0.225,G,0.04872297421552287
GTT,V,0.403,T,0.048585883241210756
GCA,A,0.135,A,0.04862431892522584
GCC,A,-0.516,C,0.048576956392482294
GCG,A,-0.254,G,0.05900420022296345
GCT,A,0.604,T,0.049726378611419535
GAC,D,0.173,C,0.05917915341283247
GAT,D,-0.173,T,0.05917915341283247
GAA,E,0.06,A,0.05442530524292244
GAG,E,-0.06,G,0.05442530524292244
GGA,G,0.306,A,0.05845794644840794
GGC,G,-0.202,C,0.06209617183144285
GGG,G,-0.307,G,0.0624197658890301
GGT,G,0.162,T,0.058974400755890125
TTC,F,-0.017,C,0.06523758182117691
TTT,F,0.017,T,0.0652375818211769
TAC,Y,0.059,C,0.07329775253085885
TAT,Y,-0.059,T,0.07329775253085886
TGC,C,0.006,C,0.12158310298071938
TGT,C,-0.006,T,0.12158310298071938
