codon,amino_acid,Levilactobacillus,third_nucl,standard_error
ATA,I,1.062,A,0.17731380712368236
ATC,I,-0.7,C,0.06998080433603551
ATT,I,0.481,T,0.06824341680112239
ACA,T,1.294,A,0.09368189218194818
ACC,T,-0.574,C,0.07216597758852335
ACG,T,-0.547,G,0.06780101383338558
ACT,T,0.395,T,0.08324353408396903
AAC,N,-0.647,C,0.08354427936964279
AAT,N,0.647,T,0.08354427936964279
AAA,K,1.318,A,0.06915813711405878
AAG,K,-1.318,G,0.06915813711405878
AGC,S,-0.337,C,0.09607723721949385
AGT,S,0.413,T,0.08341948743260046
TCA,S,0.626,A,0.09461065345664349
TCC,S,-0.625,C,0.11272832364435495
TCG,S,-0.493,G,0.11765306420326911
TCT,S,-0.055,T,0.11137806386315263
AGA,R,1.047,A,0.1450445666354883
AGG,R,0.725,G,0.25867853298697496
CGA,R,0.698,A,0.1037318371632499
CGC,R,-0.446,C,0.09412900392615298
CGG,R,-0.534,G,0.08521333625369312
CGT,R,-0.114,T,0.09048342084418835
CTA,L,0.299,A,0.08496473220913695
CTC,L,-0.503,C,0.08589462429681925
CTG,L,-1.051,G,0.07350313134695463
CTT,L,0.278,T,0.1002175805757408
TTA,L,0.919,A,0.06108086758696033
TTG,L,-0.171,G,0.06040373719412771
CCA,P,0.392,A,0.09767812828924445
CCC,P,-0.209,C,0.11583593221941306
CCG,P,-0.444,G,0.1166223977552641
CCT,P,0.149,T,0.12947013205964852
CAC,H,-0.376,C,0.11667948013870712
CAT,H,0.376,T,0.1166794801387071
CAA,Q,0.754,A,0.08077115825831602
CAG,Q,-0.754,G,0.08077115825831602
GTA,V,0.944,A,0.10513471633637339
GTC,V,-0.535,C,0.07248952802225764
GTG,V,0.127,G,0.06943382870295053
GTT,V,-0.062,T,0.06872124041598283
GCA,A,1.205,A,0.07313425497073334
GCC,A,-0.975,C,0.069724910875425
GCG,A,-0.306,G,0.07706273781155772
GCT,A,0.178,T,0.07562631286302418
GAC,D,-0.784,C,0.07820461687009743
GAT,D,0.784,T,0.07820461687009743
GAA,E,0.549,A,0.0876667314453464
GAG,E,-0.549,G,0.08766673144534638
GGA,G,0.887,A,0.0930488633446218
GGC,G,-0.338,C,0.08241174646722728
GGG,G,-0.132,G,0.09301558108963424
GGT,G,-0.237,T,0.08243350429172579
TTC,F,-0.808,C,0.09050371544131246
TTT,F,0.808,T,0.09050371544131246
TAC,Y,-0.752,C,0.10174875852409018
TAT,Y,0.752,T,0.10174875852409018
TGC,C,-0.813,C,0.2956768709758597
TGT,C,0.813,T,0.2956768709758597
