codon,amino_acid,Liberibacter,third_nucl,standard_error
ATA,I,0.175,A,0.0836785977516289
ATC,I,-0.137,C,0.11248295091038155
ATT,I,-0.09,T,0.0793082443116226
ACA,T,-0.106,A,0.1115107085770322
ACC,T,0.04,C,0.16536200442246665
ACG,T,-0.036,G,0.17881941581511632
ACT,T,0.11,T,0.11635066861686692
AAC,N,0.044,C,0.12832188627561775
AAT,N,-0.044,T,0.12832188627561775
AAA,K,0.16,A,0.09662326847566816
AAG,K,-0.16,G,0.09662326847566816
AGC,S,0.326,C,0.15683168504813794
AGT,S,0.178,T,0.10968165567258133
TCA,S,-0.133,A,0.10148627427663948
TCC,S,-0.06,C,0.16124558515877507
TCG,S,-0.173,G,0.1957721951871096
TCT,S,-0.063,T,0.08579215334027039
AGA,R,0.656,A,0.13072314754906028
AGG,R,0.216,G,0.18130225733152003
CGA,R,-0.076,A,0.1663839100228444
CGC,R,-0.12,C,0.17967344151627238
CGG,R,-0.245,G,0.24316356995132427
CGT,R,-0.426,T,0.11096147470827164
CTA,L,0.23,A,0.14367706709438222
CTC,L,-0.287,C,0.1513666434806418
CTG,L,-0.147,G,0.14276067112229668
CTT,L,-0.199,T,0.08131918634633663
TTA,L,0.094,A,0.0818655001904745
TTG,L,0.254,G,0.10149054275690088
CCA,P,-0.14,A,0.1398099755120461
CCC,P,0.671,C,0.23851244368234523
CCG,P,0.12,G,0.23779724320599271
CCT,P,-0.122,T,0.1299877422341151
CAC,H,0.162,C,0.22542237020189063
CAT,H,-0.162,T,0.22542237020189065
CAA,Q,-0.036,A,0.1372564049798277
CAG,Q,0.036,G,0.1372564049798277
GTA,V,0.043,A,0.10939973761521203
GTC,V,0.023,C,0.16101102704383835
GTG,V,0.519,G,0.14044640077385664
GTT,V,-0.292,T,0.09683502864159284
GCA,A,-0.045,A,0.10972109968750246
GCC,A,0.293,C,0.16524222822936638
GCG,A,0.21,G,0.16837919767261048
GCT,A,-0.158,T,0.10652275508083915
GAC,D,0.024,C,0.15333623216482475
GAT,D,-0.024,T,0.15333623216482475
GAA,E,-0.032,A,0.12163116138660582
GAG,E,0.032,G,0.1216311613866058
GGA,G,-0.068,A,0.12016228633789819
GGC,G,0.202,C,0.16464995281270284
GGG,G,-0.003,G,0.17416359018864588
GGT,G,-0.034,T,0.11666044256448967
TTC,F,-0.053,C,0.13567942531595348
TTT,F,0.053,T,0.13567942531595348
TAC,Y,0.705,C,0.180705205230835
TAT,Y,-0.705,T,0.180705205230835
TGC,C,0.14,C,0.26461784278517037
TGT,C,-0.14,T,0.26461784278517037
