codon,amino_acid,Lichenicola,third_nucl,standard_error
ATA,I,0.505,A,0.11064924853992736
ATC,I,-0.531,C,0.0673951481213221
ATT,I,0.472,T,0.07914400932367195
ACA,T,0.706,A,0.0868100849199516
ACC,T,-0.305,C,0.047737800345981754
ACG,T,-0.103,G,0.05120907340172542
ACT,T,0.64,T,0.10016533457048477
AAC,N,0.002,C,0.08403281439019172
AAT,N,-0.002,T,0.08403281439019172
AAA,K,0.648,A,0.0899875531295558
AAG,K,-0.648,G,0.0899875531295558
AGC,S,-0.036,C,0.05146846837873089
AGT,S,0.269,T,0.09922689591551183
TCA,S,0.563,A,0.10229187733961045
TCC,S,0.237,C,0.05891236194129141
TCG,S,-0.57,G,0.05227375031867941
TCT,S,0.772,T,0.11566279068376846
AGA,R,1.027,A,0.12604420203289185
AGG,R,0.279,G,0.08500536752063627
CGA,R,0.56,A,0.07969236318748402
CGC,R,-0.172,C,0.043395337350671234
CGG,R,-0.437,G,0.04810546354093708
CGT,R,0.28,T,0.06068201184822564
CTA,L,0.43,A,0.10756629419333881
CTC,L,0.021,C,0.041433627729848585
CTG,L,-0.513,G,0.03649331387667878
CTT,L,0.493,T,0.061143423651631716
TTA,L,0.583,A,0.16486928537732176
TTG,L,0.627,G,0.059997940401295115
CCA,P,0.477,A,0.07825626330643137
CCC,P,0.32,C,0.05774096967220713
CCG,P,-0.685,G,0.04929816519402106
CCT,P,0.746,T,0.08595926476337008
CAC,H,-0.051,C,0.07848615099304296
CAT,H,0.051,T,0.07848615099304297
CAA,Q,0.71,A,0.08540484325540446
CAG,Q,-0.71,G,0.08540484325540446
GTA,V,0.243,A,0.09433351497815858
GTC,V,-0.184,C,0.04460956004388762
GTG,V,-0.104,G,0.04480769354111687
GTT,V,0.551,T,0.06943344975678029
GCA,A,0.416,A,0.04939824542302362
GCC,A,-0.013,C,0.0357354203287008
GCG,A,-0.411,G,0.03727541385400057
GCT,A,0.477,T,0.058699361337808946
GAC,D,-0.142,C,0.05201737987310931
GAT,D,0.142,T,0.05201737987310931
GAA,E,0.335,A,0.06154814724115158
GAG,E,-0.335,G,0.06154814724115158
GGA,G,0.44,A,0.06695918001306536
GGC,G,-0.314,C,0.045110451436787394
GGG,G,-0.098,G,0.06083351777255048
GGT,G,0.314,T,0.06029050351660371
TTC,F,-0.592,C,0.08435334561794874
TTT,F,0.592,T,0.08435334561794874
TAC,Y,-0.034,C,0.09668920550642937
TAT,Y,0.034,T,0.09668920550642937
TGC,C,-0.747,C,0.16589714471409428
TGT,C,0.747,T,0.16589714471409428
