codon,amino_acid,Ligilactobacillus,third_nucl,standard_error
ATA,I,0.526,A,0.09900482917585945
ATC,I,-0.677,C,0.07164373588544524
ATT,I,0.374,T,0.06960625534532605
ACA,T,0.469,A,0.0800097513528162
ACC,T,-0.396,C,0.1037294474126076
ACG,T,-0.277,G,0.10673720389790897
ACT,T,-0.077,T,0.07760790153824232
AAC,N,-0.4,C,0.08922405375825544
AAT,N,0.4,T,0.08922405375825544
AAA,K,0.394,A,0.06819247874966033
AAG,K,-0.394,G,0.06819247874966032
AGC,S,-0.13,C,0.11305667129615293
AGT,S,0.245,T,0.0838514196667703
TCA,S,0.397,A,0.0864199047586514
TCC,S,-0.132,C,0.13215558050301224
TCG,S,-0.322,G,0.12983399309084123
TCT,S,-0.428,T,0.09218455045640295
AGA,R,1.126,A,0.11357876117048404
AGG,R,0.172,G,0.17223941129567105
CGA,R,0.115,A,0.134769868594773
CGC,R,-0.311,C,0.13756339328423053
CGG,R,-0.916,G,0.15111022022042886
CGT,R,-0.451,T,0.10140439926133005
CTA,L,0.214,A,0.10226728876977095
CTC,L,-0.559,C,0.1510673765798507
CTG,L,-0.654,G,0.09687622535627431
CTT,L,0.066,T,0.09212510943545156
TTA,L,0.282,A,0.05924799353847558
TTG,L,-0.042,G,0.06419290190714635
CCA,P,0.353,A,0.1152553501958218
CCC,P,-0.057,C,0.18900500266713025
CCG,P,-0.544,G,0.1515865192058975
CCT,P,0.007,T,0.13179478736836933
CAC,H,-0.562,C,0.15463730238902182
CAT,H,0.562,T,0.15463730238902182
CAA,Q,0.344,A,0.09067209053684576
CAG,Q,-0.344,G,0.09067209053684576
GTA,V,0.778,A,0.09530335113908513
GTC,V,-0.536,C,0.09449685349336635
GTG,V,0.285,G,0.0837802571321417
GTT,V,-0.335,T,0.07119604508904785
GCA,A,0.53,A,0.07554537844342486
GCC,A,-0.528,C,0.11023120544466515
GCG,A,-0.034,G,0.11510364895844787
GCT,A,-0.258,T,0.0770123966225366
GAC,D,-0.224,C,0.09051790222736095
GAT,D,0.224,T,0.09051790222736093
GAA,E,0.293,A,0.09124767589434962
GAG,E,-0.293,G,0.09124767589434962
GGA,G,0.488,A,0.08980451972331363
GGC,G,-0.315,C,0.10892875209201634
GGG,G,-0.129,G,0.12307632129049792
GGT,G,-0.175,T,0.08629728081312124
TTC,F,-0.421,C,0.10426575282778464
TTT,F,0.421,T,0.10426575282778464
TAC,Y,-0.263,C,0.11865934034859828
TAT,Y,0.263,T,0.11865934034859828
TGC,C,-0.577,C,0.27705576311916513
TGT,C,0.577,T,0.27705576311916513
