codon,amino_acid,Limihaloglobus,third_nucl,standard_error
ATA,I,0.447,A,0.0576497546009676
ATC,I,-0.788,C,0.06725535527834084
ATT,I,0.145,T,0.05975845910216689
ACA,T,0.766,A,0.07090300905865946
ACC,T,-0.706,C,0.08343181506307852
ACG,T,-0.564,G,0.10162348276519098
ACT,T,0.01,T,0.08564151870079613
AAC,N,-0.548,C,0.07142948188055188
AAT,N,0.548,T,0.07142948188055188
AAA,K,0.767,A,0.06371148511222904
AAG,K,-0.767,G,0.06371148511222904
AGC,S,-0.453,C,0.07644700017890618
AGT,S,0.414,T,0.08706223924199702
TCA,S,0.661,A,0.07914677924096068
TCC,S,-0.549,C,0.11501845781476007
TCG,S,-0.582,G,0.10807196023169445
TCT,S,0.097,T,0.08984819859278474
AGA,R,1.241,A,0.08018239626067544
AGG,R,-0.654,G,0.10375747024497708
CGA,R,0.585,A,0.12566536273462206
CGC,R,-0.886,C,0.10323889054332434
CGG,R,-1.054,G,0.12377553806755985
CGT,R,-0.148,T,0.10019134433534004
CTA,L,0.708,A,0.11531478048852332
CTC,L,-1.02,C,0.08141157930097263
CTG,L,-0.972,G,0.06366163566932063
CTT,L,-0.323,T,0.061376433760872665
TTA,L,1.579,A,0.0815334330761092
TTG,L,0.78,G,0.07982879506626643
CCA,P,1.067,A,0.121639464968351
CCC,P,-0.411,C,0.11386433632128191
CCG,P,-0.451,G,0.10142510381518212
CCT,P,0.109,T,0.11538234119052636
CAC,H,-0.21,C,0.1307827809291748
CAT,H,0.21,T,0.1307827809291748
CAA,Q,1.22,A,0.09990941278794094
CAG,Q,-1.22,G,0.09990941278794094
GTA,V,0.421,A,0.07337317601877202
GTC,V,-0.623,C,0.09496823010699763
GTG,V,-0.056,G,0.08763996365117284
GTT,V,0.009,T,0.06914116494173465
GCA,A,0.818,A,0.06675838731934898
GCC,A,-0.859,C,0.07425576476115368
GCG,A,-0.447,G,0.08210619378568652
GCT,A,0.296,T,0.07428140128822913
GAC,D,-0.122,C,0.07526229734040076
GAT,D,0.122,T,0.07526229734040076
GAA,E,1.037,A,0.07782623665193687
GAG,E,-1.037,G,0.07782623665193687
GGA,G,0.624,A,0.08471398522909176
GGC,G,-0.583,C,0.07683609475945126
GGG,G,-0.199,G,0.11990327940792733
GGT,G,0.261,T,0.08832038398557457
TTC,F,-0.824,C,0.08226947445926035
TTT,F,0.824,T,0.08226947445926035
TAC,Y,-0.274,C,0.09034098284581542
TAT,Y,0.274,T,0.09034098284581542
TGC,C,-0.697,C,0.14013166456984666
TGT,C,0.697,T,0.14013166456984666
