codon,amino_acid,Limnoglobus,third_nucl,standard_error
ATA,I,0.437,A,0.15213705108016443
ATC,I,-0.584,C,0.057698503034326755
ATT,I,0.567,T,0.060298947480325785
ACA,T,0.622,A,0.08062475448017087
ACC,T,0.157,C,0.03798885287155118
ACG,T,-0.53,G,0.038004337909329854
ACT,T,0.948,T,0.08505347342563534
AAC,N,-0.912,C,0.08709231260295405
AAT,N,0.912,T,0.08709231260295405
AAA,K,1.02,A,0.057255252536023545
AAG,K,-1.02,G,0.057255252536023545
AGC,S,-0.417,C,0.049401063221626726
AGT,S,0.189,T,0.07394329163180054
TCA,S,0.807,A,0.10777177534523082
TCC,S,0.486,C,0.04990718741417084
TCG,S,-0.503,G,0.04403744999479404
TCT,S,0.95,T,0.09904983649022311
AGA,R,1.051,A,0.15944782621388048
AGG,R,-0.169,G,0.11417331688517217
CGA,R,0.86,A,0.052652164563857864
CGC,R,0.069,C,0.03596658580722168
CGG,R,-0.943,G,0.03749703958974306
CGT,R,1.01,T,0.06554995394316813
CTA,L,0.21,A,0.0931307538230828
CTC,L,0.099,C,0.03046211532215539
CTG,L,-0.423,G,0.031318276454487474
CTT,L,0.646,T,0.06119247984502607
TTA,L,0.513,A,0.11559940729709947
TTG,L,0.122,G,0.04069979451144996
CCA,P,0.541,A,0.07206324400530653
CCC,P,0.614,C,0.042067563397402474
CCG,P,-0.86,G,0.038909564666061415
CCT,P,0.801,T,0.08674601613530025
CAC,H,-0.585,C,0.11037076973644498
CAT,H,0.585,T,0.11037076973644498
CAA,Q,0.647,A,0.06028947632286776
CAG,Q,-0.647,G,0.06028947632286776
GTA,V,0.225,A,0.08917102558118821
GTC,V,-0.353,C,0.03463800550772422
GTG,V,0.061,G,0.034379979989844114
GTT,V,0.608,T,0.05404664335296872
GCA,A,0.753,A,0.0557517369954259
GCC,A,-0.151,C,0.029436613809649483
GCG,A,-0.255,G,0.031067672726437255
GCT,A,0.693,T,0.06207733604696667
GAC,D,-0.453,C,0.05417538770160713
GAT,D,0.453,T,0.05417538770160713
GAA,E,0.83,A,0.045689466384996165
GAG,E,-0.83,G,0.04568946638499616
GGA,G,0.912,A,0.07556906668845348
GGC,G,-0.221,C,0.04119379895658508
GGG,G,-0.447,G,0.04923064747686491
GGT,G,0.678,T,0.06202332038050845
TTC,F,-0.901,C,0.07560854511527755
TTT,F,0.901,T,0.07560854511527755
TAC,Y,-0.404,C,0.1037404597097343
TAT,Y,0.404,T,0.1037404597097343
TGC,C,-0.504,C,0.10793796924560226
TGT,C,0.504,T,0.10793796924560224
