codon,amino_acid,Limnobaculum,third_nucl,standard_error
ATA,I,0.669,A,0.08281901929053309
ATC,I,-0.067,C,0.06580258088318072
ATT,I,-0.31,T,0.05924740886281422
ACA,T,0.813,A,0.08470720172663256
ACC,T,-0.464,C,0.06951073325407227
ACG,T,-0.241,G,0.08522342403168315
ACT,T,0.047,T,0.07451501305279364
AAC,N,-0.265,C,0.07687089324817978
AAT,N,0.265,T,0.07687089324817978
AAA,K,0.133,A,0.07112712750558102
AAG,K,-0.133,G,0.07112712750558102
AGC,S,-0.47,C,0.07489886025414456
AGT,S,0.131,T,0.07420811239259431
TCA,S,0.401,A,0.07667507383380702
TCC,S,-0.034,C,0.0932015491078092
TCG,S,-0.117,G,0.10649822050326442
TCT,S,0.031,T,0.07577615676052017
AGA,R,0.815,A,0.10901923111928674
AGG,R,0.362,G,0.19541256296381565
CGA,R,0.176,A,0.1072480285590799
CGC,R,-0.341,C,0.07982556863614049
CGG,R,-0.354,G,0.1152106837805181
CGT,R,-0.083,T,0.07127394854218981
CTA,L,0.198,A,0.0789065566524947
CTC,L,0.372,C,0.09970081379305291
CTG,L,-0.79,G,0.05388319679178711
CTT,L,0.512,T,0.07419528398977632
TTA,L,0.396,A,0.054246040895842854
TTG,L,-0.092,G,0.06474299598694656
CCA,P,0.004,A,0.08434856301608579
CCC,P,0.472,C,0.10823748967423863
CCG,P,-0.463,G,0.09074595299053852
CCT,P,0.12,T,0.08482592426878685
CAC,H,0.175,C,0.11259284855457698
CAT,H,-0.175,T,0.11259284855457698
CAA,Q,0.585,A,0.07524903809099213
CAG,Q,-0.585,G,0.07524903809099213
GTA,V,0.264,A,0.07336577695614634
GTC,V,0.065,C,0.0844368290075535
GTG,V,-0.256,G,0.07061966400425178
GTT,V,-0.026,T,0.0641026442228949
GCA,A,0.471,A,0.06654468146857252
GCC,A,-0.233,C,0.06709316522318118
GCG,A,-0.277,G,0.07433344698634588
GCT,A,-0.01,T,0.06583359322581749
GAC,D,0.015,C,0.08255030629193266
GAT,D,-0.015,T,0.08255030629193268
GAA,E,0.312,A,0.07930815442248544
GAG,E,-0.312,G,0.07930815442248544
GGA,G,0.459,A,0.09168129946953882
GGC,G,-0.074,C,0.07882850098730482
GGG,G,0.027,G,0.10216082568708505
GGT,G,-0.223,T,0.07161856174510317
TTC,F,-0.477,C,0.0898436944984923
TTT,F,0.477,T,0.0898436944984923
TAC,Y,-0.104,C,0.10576206256722805
TAT,Y,0.104,T,0.10576206256722806
TGC,C,-0.144,C,0.15770693443436096
TGT,C,0.144,T,0.15770693443436096
