codon,amino_acid,Limosilactobacillus,third_nucl,standard_error
ATA,I,0.909,A,0.1866022605888151
ATC,I,-0.435,C,0.07789948570810172
ATT,I,0.238,T,0.07598872397241364
ACA,T,1.032,A,0.13236899666546692
ACC,T,-0.209,C,0.09421436515338295
ACG,T,-0.521,G,0.08837681512876663
ACT,T,0.23,T,0.09807193165100897
AAC,N,-0.428,C,0.09114337407792125
AAT,N,0.428,T,0.09114337407792125
AAA,K,0.843,A,0.0732665660301806
AAG,K,-0.843,G,0.07326656603018059
AGC,S,0.049,C,0.09952085001074798
AGT,S,0.33,T,0.10207109020370785
TCA,S,0.227,A,0.09922804221865317
TCC,S,-0.682,C,0.15678817814560198
TCG,S,-0.475,G,0.12901786480986327
TCT,S,-0.012,T,0.13297705126897505
AGA,R,1.015,A,0.15977438934442714
AGG,R,0.431,G,0.2924638730798322
CGA,R,0.471,A,0.13637714038099277
CGC,R,-0.233,C,0.10285340451384058
CGG,R,-0.874,G,0.12273579406706327
CGT,R,0.1,T,0.10826537425695626
CTA,L,0.577,A,0.12221121488062216
CTC,L,0.01,C,0.1518171354845817
CTG,L,-0.826,G,0.06872445336606348
CTT,L,-0.059,T,0.09776612039028328
TTA,L,0.843,A,0.08872085851769536
TTG,L,0.19,G,0.07480972327405015
CCA,P,0.535,A,0.11251296234553881
CCC,P,-0.048,C,0.18100306005128028
CCG,P,-0.474,G,0.1326214094458843
CCT,P,-0.265,T,0.14429457287874398
CAC,H,0.085,C,0.14396394538666424
CAT,H,-0.085,T,0.14396394538666424
CAA,Q,0.901,A,0.09140035971957304
CAG,Q,-0.901,G,0.09140035971957304
GTA,V,0.451,A,0.09594191889836594
GTC,V,-0.468,C,0.09357458081869859
GTG,V,0.34,G,0.10528365264811845
GTT,V,-0.156,T,0.08003553194442319
GCA,A,0.715,A,0.0816657918612377
GCC,A,-0.562,C,0.08227016688222615
GCG,A,-0.337,G,0.10643127040426299
GCT,A,0.06,T,0.08240896524860682
GAC,D,-0.28,C,0.08962686794798673
GAT,D,0.28,T,0.08962686794798673
GAA,E,0.944,A,0.10413672576674406
GAG,E,-0.944,G,0.10413672576674406
GGA,G,0.823,A,0.11258491088586618
GGC,G,-0.451,C,0.09350506731195139
GGG,G,0.118,G,0.14109470945820504
GGT,G,-0.171,T,0.09889070497321246
TTC,F,-0.504,C,0.11332100916000383
TTT,F,0.504,T,0.11332100916000383
TAC,Y,-0.164,C,0.11338386975384766
TAT,Y,0.164,T,0.11338386975384766
TGC,C,-0.243,C,0.27965754301687645
TGT,C,0.243,T,0.27965754301687645
