codon,amino_acid,Liquorilactobacillus,third_nucl,standard_error
ATA,I,0.444,A,0.07159517694741606
ATC,I,-0.331,C,0.08090042297168414
ATT,I,-0.141,T,0.06115188997071501
ACA,T,0.279,A,0.07411732297811975
ACC,T,-0.127,C,0.11650653224138703
ACG,T,-0.107,G,0.11437705491075532
ACT,T,-0.207,T,0.07900625835510108
AAC,N,-0.282,C,0.08859163264457484
AAT,N,0.282,T,0.08859163264457484
AAA,K,0.534,A,0.062016619182686784
AAG,K,-0.534,G,0.062016619182686784
AGC,S,0.242,C,0.11112546892436324
AGT,S,0.379,T,0.0748459205345292
TCA,S,-0.04,A,0.07745082781358774
TCC,S,-0.463,C,0.16688816325991895
TCG,S,-0.361,G,0.1411069217883229
TCT,S,-0.367,T,0.09181575890957898
AGA,R,0.617,A,0.09253572298675866
AGG,R,-0.354,G,0.14354898063723834
CGA,R,0.18,A,0.1274479084502811
CGC,R,-0.306,C,0.14751937884264094
CGG,R,-0.566,G,0.19706607733204323
CGT,R,-0.398,T,0.10427966527958232
CTA,L,-0.032,A,0.09019650055403174
CTC,L,-0.522,C,0.13749028326836807
CTG,L,-0.552,G,0.11265805726263216
CTT,L,-0.303,T,0.07765627052862625
TTA,L,0.385,A,0.0580759141788792
TTG,L,0.057,G,0.0647751877900349
CCA,P,0.31,A,0.11170183706912717
CCC,P,0.12,C,0.18390079983651444
CCG,P,-0.143,G,0.17396215580096017
CCT,P,-0.363,T,0.12531183365248408
CAC,H,0.054,C,0.1539631677549439
CAT,H,-0.054,T,0.1539631677549439
CAA,Q,0.284,A,0.10029529363549614
CAG,Q,-0.284,G,0.10029529363549614
GTA,V,0.238,A,0.07695005593096119
GTC,V,-0.46,C,0.10733865433984685
GTG,V,0.612,G,0.0919878246313285
GTT,V,-0.338,T,0.0682965901406581
GCA,A,0.237,A,0.07406180632387759
GCC,A,-0.184,C,0.12313674319552126
GCG,A,-0.132,G,0.12603768025757137
GCT,A,-0.135,T,0.07807208797435594
GAC,D,-0.086,C,0.09958158067824396
GAT,D,0.086,T,0.09958158067824395
GAA,E,0.435,A,0.08544956795049669
GAG,E,-0.435,G,0.08544956795049669
GGA,G,0.371,A,0.08033431667353536
GGC,G,-0.301,C,0.11865995634483116
GGG,G,-0.122,G,0.12327539773697475
GGT,G,-0.182,T,0.08191437098580127
TTC,F,-0.422,C,0.10334850207657754
TTT,F,0.422,T,0.10334850207657754
TAC,Y,-0.223,C,0.11391996029064723
TAT,Y,0.223,T,0.11391996029064723
TGC,C,-0.953,C,0.29515487818499986
TGT,C,0.953,T,0.29515487818499986
