codon,amino_acid,Listeria,third_nucl,standard_error
ATA,I,0.998,A,0.07498394549505852
ATC,I,-0.534,C,0.060731609691365526
ATT,I,-0.157,T,0.05340677393979805
ACA,T,0.584,A,0.0671179874301477
ACC,T,-0.272,C,0.1079349126637545
ACG,T,-0.602,G,0.06996815720127716
ACT,T,0.133,T,0.08665012540057856
AAC,N,-0.304,C,0.07910883225219753
AAT,N,0.304,T,0.07910883225219753
AAA,K,0.184,A,0.05972225682895983
AAG,K,-0.184,G,0.059722256828959826
AGC,S,-0.196,C,0.09399206188926729
AGT,S,0.331,T,0.07584007849067019
TCA,S,0.535,A,0.08504163137730816
TCC,S,-0.473,C,0.1239787441016421
TCG,S,-0.539,G,0.09903247532269262
TCT,S,-0.176,T,0.09494884092769415
AGA,R,1.294,A,0.09917047606419203
AGG,R,0.232,G,0.1567973696473504
CGA,R,0.145,A,0.10350227002944089
CGC,R,-0.766,C,0.10568704140050249
CGG,R,-0.751,G,0.12602113190496644
CGT,R,-0.352,T,0.0847120482748098
CTA,L,-0.0,A,0.07325626648567887
CTC,L,-0.39,C,0.09549101691338897
CTG,L,-0.721,G,0.09801837752671669
CTT,L,-0.584,T,0.06977331782113419
TTA,L,0.735,A,0.053201378391884505
TTG,L,-0.068,G,0.057401875731395026
CCA,P,0.283,A,0.09863161387619887
CCC,P,0.191,C,0.1870991297532084
CCG,P,-0.325,G,0.11773842335997078
CCT,P,-0.152,T,0.12249829027029933
CAC,H,-0.295,C,0.13203548785679098
CAT,H,0.295,T,0.13203548785679098
CAA,Q,0.123,A,0.09278344741706644
CAG,Q,-0.123,G,0.09278344741706646
GTA,V,0.569,A,0.06561416869412436
GTC,V,-0.445,C,0.08696520826555176
GTG,V,-0.07,G,0.06561591973353417
GTT,V,-0.222,T,0.062302546229726634
GCA,A,0.642,A,0.06433109478389754
GCC,A,-0.272,C,0.09959871374233424
GCG,A,-0.547,G,0.06820470274457971
GCT,A,-0.026,T,0.0729926330760245
GAC,D,-0.111,C,0.08229921963970124
GAT,D,0.111,T,0.08229921963970123
GAA,E,0.401,A,0.06501082557480288
GAG,E,-0.401,G,0.06501082557480288
GGA,G,0.585,A,0.07332846418071964
GGC,G,-0.534,C,0.08187069046336132
GGG,G,0.087,G,0.09280600656819532
GGT,G,-0.171,T,0.070849397866071
TTC,F,-0.917,C,0.08422234028022584
TTT,F,0.917,T,0.08422234028022584
TAC,Y,-0.445,C,0.09865960053408085
TAT,Y,0.445,T,0.09865960053408085
TGC,C,-0.513,C,0.21213974465327393
TGT,C,0.513,T,0.21213974465327393
