codon,amino_acid,Litorivicinus,third_nucl,standard_error
ATA,I,0.439,A,0.14714441208353776
ATC,I,-0.234,C,0.07601620159724257
ATT,I,0.112,T,0.07602888332429386
ACA,T,1.136,A,0.13258732223427078
ACC,T,-0.61,C,0.0767619435254667
ACG,T,-0.329,G,0.09162998420582508
ACT,T,0.868,T,0.12264944262755602
AAC,N,-0.448,C,0.10638094867625102
AAT,N,0.448,T,0.10638094867625102
AAA,K,0.518,A,0.0967357433824836
AAG,K,-0.518,G,0.0967357433824836
AGC,S,-0.117,C,0.07720858874870482
AGT,S,0.377,T,0.10349370121930004
TCA,S,0.435,A,0.11226959424595907
TCC,S,-0.039,C,0.10351784622180212
TCG,S,-0.64,G,0.08824398522883452
TCT,S,0.848,T,0.16471641316276683
AGA,R,1.581,A,0.29094082328895887
AGG,R,0.774,G,0.2678805906043042
CGA,R,0.848,A,0.11262385397340935
CGC,R,-0.422,C,0.07234020716247153
CGG,R,-0.476,G,0.10134198513704736
CGT,R,0.16,T,0.08577522204929822
CTA,L,0.771,A,0.10046469439961397
CTC,L,0.487,C,0.09883094539340283
CTG,L,-0.538,G,0.05353078659237805
CTT,L,0.57,T,0.10968471452518366
TTA,L,0.809,A,0.08946028101285886
TTG,L,-0.359,G,0.05717186881811379
CCA,P,0.618,A,0.11738116088737979
CCC,P,0.303,C,0.09083389212569569
CCG,P,-0.876,G,0.0847833830340422
CCT,P,0.761,T,0.1354620669490513
CAC,H,0.129,C,0.13405837174747542
CAT,H,-0.129,T,0.13405837174747542
CAA,Q,0.693,A,0.08984937641713893
CAG,Q,-0.693,G,0.08984937641713893
GTA,V,0.745,A,0.11341360123359039
GTC,V,-0.491,C,0.07083342356272895
GTG,V,-0.025,G,0.06752390908925147
GTT,V,0.31,T,0.08357130345225397
GCA,A,0.912,A,0.0786037272566638
GCC,A,-0.209,C,0.05616847285091793
GCG,A,-0.576,G,0.06019275611825956
GCT,A,0.659,T,0.09315485532055465
GAC,D,-0.209,C,0.07906002093083377
GAT,D,0.209,T,0.07906002093083377
GAA,E,0.611,A,0.09167578648843702
GAG,E,-0.611,G,0.09167578648843702
GGA,G,0.952,A,0.1301482196275617
GGC,G,-0.26,C,0.07309959383001557
GGG,G,0.002,G,0.10266360464136058
GGT,G,-0.065,T,0.08793900516706654
TTC,F,-0.324,C,0.09856664860663647
TTT,F,0.324,T,0.09856664860663647
TAC,Y,-0.258,C,0.13573761041974552
TAT,Y,0.258,T,0.13573761041974552
TGC,C,-0.203,C,0.19344456057223006
TGT,C,0.203,T,0.19344456057223006
