codon,amino_acid,Litorilituus,third_nucl,standard_error
ATA,I,0.554,A,0.0635640123658634
ATC,I,-0.045,C,0.06690117156662835
ATT,I,-0.375,T,0.05338051602344198
ACA,T,0.627,A,0.06589209636363182
ACC,T,-0.409,C,0.06742353508571168
ACG,T,-0.316,G,0.09062359324859766
ACT,T,-0.084,T,0.0637696189624243
AAC,N,-0.195,C,0.06481738711036793
AAT,N,0.195,T,0.06481738711036793
AAA,K,0.343,A,0.06002535049653025
AAG,K,-0.343,G,0.06002535049653025
AGC,S,-0.327,C,0.06636103722204868
AGT,S,-0.053,T,0.06071217814198264
TCA,S,0.152,A,0.06079539622572081
TCC,S,0.572,C,0.13712476314379443
TCG,S,-0.345,G,0.1104355191761692
TCT,S,0.194,T,0.0672412517155864
AGA,R,0.599,A,0.08570282724633345
AGG,R,-0.303,G,0.16209521583488778
CGA,R,-0.045,A,0.10506315151290863
CGC,R,-0.127,C,0.09040529341814348
CGG,R,0.016,G,0.2218976109674337
CGT,R,-0.319,T,0.07899221890023535
CTA,L,0.044,A,0.062192846807783024
CTC,L,0.382,C,0.10123714787606615
CTG,L,-0.253,G,0.0848635096811206
CTT,L,0.026,T,0.0584465381667746
TTA,L,-0.099,A,0.042467188890178004
TTG,L,0.13,G,0.06320166235852459
CCA,P,0.033,A,0.08270660991124391
CCC,P,0.523,C,0.13677009653418404
CCG,P,-0.295,G,0.11663314354193437
CCT,P,-0.073,T,0.08234336819916789
CAC,H,-0.025,C,0.10301320496212014
CAT,H,0.025,T,0.10301320496212014
CAA,Q,0.239,A,0.07568555524882462
CAG,Q,-0.239,G,0.0756855552488246
GTA,V,0.215,A,0.06202419297760346
GTC,V,-0.03,C,0.0926175855019633
GTG,V,0.06,G,0.06995725551377757
GTT,V,-0.221,T,0.05862523052399327
GCA,A,0.329,A,0.05590267329027556
GCC,A,-0.138,C,0.06626693875155071
GCG,A,-0.286,G,0.0750348951318887
GCT,A,-0.069,T,0.056450280546237325
GAC,D,0.146,C,0.07968030939510505
GAT,D,-0.146,T,0.07968030939510505
GAA,E,0.516,A,0.07106496924170856
GAG,E,-0.516,G,0.07106496924170855
GGA,G,0.43,A,0.11771837421057595
GGC,G,0.052,C,0.07815371797986655
GGG,G,0.119,G,0.1317168163752706
GGT,G,-0.246,T,0.07424147977937422
TTC,F,-0.167,C,0.08963133243614631
TTT,F,0.167,T,0.08963133243614631
TAC,Y,-0.07,C,0.08997276035705325
TAT,Y,0.07,T,0.08997276035705325
TGC,C,0.439,C,0.147895090210408
TGT,C,-0.439,T,0.147895090210408
