codon,amino_acid,Luteipulveratus,third_nucl,standard_error
ATA,I,1.128,A,0.3359580084662809
ATC,I,-0.958,C,0.1150258409042683
ATT,I,0.913,T,0.12136008740528606
ACA,T,1.081,A,0.10252326424828963
ACC,T,-0.2,C,0.04403854837443932
ACG,T,-0.366,G,0.04609491660528496
ACT,T,0.886,T,0.08679273822501456
AAC,N,-0.776,C,0.14359824611223393
AAT,N,0.776,T,0.14359824611223393
AAA,K,0.684,A,0.1545536723212804
AAG,K,-0.684,G,0.1545536723212804
AGC,S,0.199,C,0.0517688913940589
AGT,S,0.725,T,0.10185148111022609
TCA,S,0.675,A,0.09919489282925764
TCC,S,-0.117,C,0.054657893725870516
TCG,S,-0.714,G,0.05265364285837509
TCT,S,0.715,T,0.10879085047495404
AGA,R,1.6,A,0.1858189589145004
AGG,R,0.908,G,0.11196430174536433
CGA,R,0.43,A,0.06485294685171573
CGC,R,-0.276,C,0.043382046149974464
CGG,R,-0.5,G,0.050301851884143586
CGT,R,0.312,T,0.059134221832226844
CTA,L,0.325,A,0.1806727148068991
CTC,L,-0.121,C,0.04067368078998784
CTG,L,-0.236,G,0.03950412643209271
CTT,L,0.889,T,0.09269995939506953
TTA,L,1.371,A,0.5091291258166477
TTG,L,0.561,G,0.07748113922472287
CCA,P,0.65,A,0.09114253193851023
CCC,P,0.303,C,0.05332921453670894
CCG,P,-0.747,G,0.04973897923710767
CCT,P,0.716,T,0.08148582842256556
CAC,H,-0.546,C,0.1076722296696219
CAT,H,0.546,T,0.1076722296696219
CAA,Q,0.706,A,0.1158093226066563
CAG,Q,-0.706,G,0.1158093226066563
GTA,V,0.298,A,0.1040789469741809
GTC,V,-0.744,C,0.040078024166800646
GTG,V,0.616,G,0.04045354561993058
GTT,V,0.461,T,0.0867922918688677
GCA,A,0.733,A,0.05689729916259794
GCC,A,-0.045,C,0.03634440168733192
GCG,A,-0.523,G,0.03774469259483121
GCT,A,0.551,T,0.05712922392591124
GAC,D,-0.471,C,0.06281128600903807
GAT,D,0.471,T,0.06281128600903807
GAA,E,0.903,A,0.0782796088875337
GAG,E,-0.903,G,0.0782796088875337
GGA,G,0.718,A,0.07032749802747792
GGC,G,-0.457,C,0.04660538048687689
GGG,G,0.246,G,0.060588342798128386
GGT,G,0.012,T,0.05864879715303856
TTC,F,-0.69,C,0.1559202830291869
TTT,F,0.69,T,0.15592028302918692
TAC,Y,-0.409,C,0.13396815152160305
TAT,Y,0.409,T,0.13396815152160305
TGC,C,-0.544,C,0.20883163340582508
TGT,C,0.544,T,0.20883163340582506
