codon,amino_acid,Luteolibacter,third_nucl,standard_error
ATA,I,1.006,A,0.19310249600603316
ATC,I,-0.61,C,0.06450672130096832
ATT,I,0.523,T,0.06706725199726964
ACA,T,0.743,A,0.09980511277677337
ACC,T,-0.183,C,0.0514311430468525
ACG,T,-0.325,G,0.05818920979412977
ACT,T,0.593,T,0.08620150207929624
AAC,N,0.027,C,0.07274472349969197
AAT,N,-0.027,T,0.07274472349969197
AAA,K,1.467,A,0.06190134408945998
AAG,K,-1.467,G,0.06190134408945998
AGC,S,-0.411,C,0.052510426362041805
AGT,S,0.46,T,0.09933695967428999
TCA,S,0.55,A,0.09485252522565972
TCC,S,0.255,C,0.0466657055159025
TCG,S,-0.621,G,0.05829105167177698
TCT,S,0.697,T,0.08731090853711385
AGA,R,1.485,A,0.1343362842113428
AGG,R,-0.172,G,0.1062108245643898
CGA,R,1.029,A,0.091661020510867
CGC,R,-0.35,C,0.046587511469049825
CGG,R,-0.461,G,0.05950308906596229
CGT,R,0.231,T,0.06629705238768283
CTA,L,0.485,A,0.10499858607919052
CTC,L,0.253,C,0.037149947823828244
CTG,L,-0.68,G,0.03900024515232074
CTT,L,0.517,T,0.0492902463740587
TTA,L,1.064,A,0.19574433751672396
TTG,L,-0.131,G,0.05563084281411522
CCA,P,0.503,A,0.08264340257879553
CCC,P,0.501,C,0.05214335141078665
CCG,P,-0.949,G,0.05070040994875429
CCT,P,0.504,T,0.06782590101405814
CAC,H,-0.074,C,0.08364924455015185
CAT,H,0.074,T,0.08364924455015185
CAA,Q,0.779,A,0.07578255352226852
CAG,Q,-0.779,G,0.07578255352226852
GTA,V,0.418,A,0.1051776919750707
GTC,V,0.166,C,0.0496809898895538
GTG,V,-0.452,G,0.04866356843807284
GTT,V,0.431,T,0.07011367402328549
GCA,A,0.378,A,0.05605351927811003
GCC,A,0.247,C,0.03850547800550252
GCG,A,-0.712,G,0.04350788810439807
GCT,A,0.338,T,0.05698580088935302
GAC,D,0.306,C,0.05655005545712221
GAT,D,-0.306,T,0.05655005545712221
GAA,E,0.822,A,0.05463777291310816
GAG,E,-0.822,G,0.05463777291310816
GGA,G,0.725,A,0.06296897944678276
GGC,G,-0.471,C,0.053255529206073314
GGG,G,-0.133,G,0.07328487011499854
GGT,G,0.093,T,0.06919856931321473
TTC,F,-0.557,C,0.0717193530490018
TTT,F,0.557,T,0.0717193530490018
TAC,Y,0.11,C,0.0925559130940149
TAT,Y,-0.11,T,0.09255591309401491
TGC,C,-0.48,C,0.14903438773596742
TGT,C,0.48,T,0.14903438773596742
