codon,amino_acid,Luteibacter,third_nucl,standard_error
ATA,I,0.311,A,0.17217153858123987
ATC,I,-0.481,C,0.0832936141285801
ATT,I,0.492,T,0.09167754904862674
ACA,T,0.545,A,0.11452925821806284
ACC,T,0.124,C,0.05465841596629557
ACG,T,-0.583,G,0.05838278061296156
ACT,T,1.227,T,0.13622356096338056
AAC,N,-0.304,C,0.0908755517959531
AAT,N,0.304,T,0.0908755517959531
AAA,K,1.3,A,0.09358894961175454
AAG,K,-1.3,G,0.09358894961175454
AGC,S,-0.114,C,0.05888455354592794
AGT,S,0.216,T,0.1139012425227964
TCA,S,0.635,A,0.12499945239731197
TCC,S,0.489,C,0.060397755433856164
TCG,S,-0.753,G,0.060181352146669
TCT,S,0.75,T,0.13755301670424755
AGA,R,1.214,A,0.21514535115550687
AGG,R,0.447,G,0.11810083059485864
CGA,R,0.733,A,0.09746893016843565
CGC,R,-0.421,C,0.04787854703272983
CGG,R,-0.439,G,0.07397158469220948
CGT,R,0.398,T,0.05907050367174198
CTA,L,0.823,A,0.1602802114347722
CTC,L,0.402,C,0.04525208418130863
CTG,L,-0.778,G,0.04166268706998526
CTT,L,0.637,T,0.06555776548446034
TTA,L,0.906,A,0.21543713501371914
TTG,L,0.248,G,0.07457247376045552
CCA,P,0.43,A,0.10587837032650038
CCC,P,0.386,C,0.059729186233876144
CCG,P,-0.702,G,0.05820911541938418
CCT,P,0.523,T,0.09411042190968372
CAC,H,0.229,C,0.0849314012505229
CAT,H,-0.229,T,0.0849314012505229
CAA,Q,1.475,A,0.11295531990449485
CAG,Q,-1.475,G,0.11295531990449485
GTA,V,0.22,A,0.09425733756019519
GTC,V,0.482,C,0.05237974644629376
GTG,V,-0.793,G,0.05163020224008715
GTT,V,0.834,T,0.09137667954613662
GCA,A,0.292,A,0.060741481326348545
GCC,A,0.056,C,0.04021725431684045
GCG,A,-0.454,G,0.046307952611157256
GCT,A,0.571,T,0.07509067442097687
GAC,D,-0.081,C,0.05954151783485957
GAT,D,0.081,T,0.05954151783485957
GAA,E,0.659,A,0.0676190300344782
GAG,E,-0.659,G,0.0676190300344782
GGA,G,0.731,A,0.09454115739077931
GGC,G,-0.417,C,0.055870510093000425
GGG,G,0.186,G,0.08847104076076248
GGT,G,0.14,T,0.06729854999983037
TTC,F,-0.522,C,0.09153633342665041
TTT,F,0.522,T,0.09153633342665041
TAC,Y,0.181,C,0.10296110676238072
TAT,Y,-0.181,T,0.10296110676238072
TGC,C,-0.436,C,0.18628961111593645
TGT,C,0.436,T,0.18628961111593645
