codon,amino_acid,Luteimicrobium,third_nucl,standard_error
ATA,I,0.264,A,0.6070900754019164
ATC,I,-0.653,C,0.3164441691921855
ATT,I,0.785,T,0.37185487104885484
ACA,T,1.123,A,0.16274186087502007
ACC,T,0.376,C,0.05027680071453154
ACG,T,-0.63,G,0.05092958740737151
ACT,T,1.089,T,0.20095640415285235
AAC,N,-0.257,C,0.37638608644925275
AAT,N,0.257,T,0.3763860864492528
AAA,K,0.739,A,0.4252319610487107
AAG,K,-0.739,G,0.4252319610487107
AGC,S,0.657,C,0.06557027547891875
AGT,S,0.943,T,0.23746672314399653
TCA,S,1.062,A,0.22102706992371074
TCC,S,0.134,C,0.06504002490130661
TCG,S,-1.079,G,0.06299022280203576
TCT,S,1.739,T,0.2756950793714745
AGA,R,2.307,A,0.3506577863168122
AGG,R,0.992,G,0.13547779893669654
CGA,R,1.09,A,0.10654415844376991
CGC,R,-0.164,C,0.04925454559299138
CGG,R,-0.659,G,0.05568410319148167
CGT,R,0.469,T,0.08212298047877713
CTA,L,0.657,A,0.43429688242012515
CTC,L,-0.256,C,0.048695457101727034
CTG,L,0.072,G,0.04977938363540988
CTT,L,1.012,T,0.17462271600951135
TTA,L,0.981,A,1.2249807746821688
TTG,L,0.903,G,0.15886909793922777
CCA,P,0.81,A,0.16562649572500954
CCC,P,0.324,C,0.05453723081516124
CCG,P,-0.649,G,0.05462902282166355
CCT,P,1.219,T,0.14980219027766792
CAC,H,-0.814,C,0.21094695159674393
CAT,H,0.814,T,0.21094695159674393
CAA,Q,1.143,A,0.25093021179874764
CAG,Q,-1.143,G,0.25093021179874764
GTA,V,1.116,A,0.25967556249672624
GTC,V,-0.807,C,0.04475057162347137
GTG,V,0.721,G,0.04482643382757221
GTT,V,0.871,T,0.1906697154147899
GCA,A,1.111,A,0.08060081255022955
GCC,A,0.118,C,0.04016607566445817
GCG,A,-0.631,G,0.04086968198824957
GCT,A,1.099,T,0.10324340555575424
GAC,D,-1.151,C,0.1466437179146389
GAT,D,1.151,T,0.1466437179146389
GAA,E,1.081,A,0.11429861401226012
GAG,E,-1.081,G,0.1142986140122601
GGA,G,1.204,A,0.10108951058134698
GGC,G,-0.355,C,0.05313290311828435
GGG,G,-0.18,G,0.06070203234660315
GGT,G,0.371,T,0.0854762258931657
TTC,F,-1.306,C,0.3548685249838506
TTT,F,1.306,T,0.3548685249838506
TAC,Y,-0.564,C,0.2795820104693666
TAT,Y,0.564,T,0.2795820104693666
TGC,C,-0.64,C,0.45291585361449993
TGT,C,0.64,T,0.45291585361449993
