codon,amino_acid,Lutibacter,third_nucl,standard_error
ATA,I,0.678,A,0.05528679114683946
ATC,I,0.137,C,0.11088400692904742
ATT,I,-0.673,T,0.0535458875543394
ACA,T,0.447,A,0.07182079116683
ACC,T,-0.053,C,0.10593283615925045
ACG,T,-0.202,G,0.14010768223999714
ACT,T,-0.42,T,0.07658096659857054
AAC,N,0.241,C,0.07620965088994086
AAT,N,-0.241,T,0.07620965088994086
AAA,K,0.096,A,0.08298331842353841
AAG,K,-0.096,G,0.08298331842353841
AGC,S,0.48,C,0.13184109209096695
AGT,S,0.22,T,0.07998320127637519
TCA,S,0.068,A,0.07581920750820942
TCC,S,-0.044,C,0.1973477908297254
TCG,S,-0.04,G,0.16999033678113193
TCT,S,-0.483,T,0.08302606500539647
AGA,R,0.317,A,0.09900357365894023
AGG,R,-0.391,G,0.18934724203672995
CGA,R,0.267,A,0.15726375533103526
CGC,R,-0.425,C,0.2484737207486228
CGG,R,-0.036,G,0.40585159133148935
CGT,R,-0.41,T,0.1310501870613393
CTA,L,0.365,A,0.08406249542840895
CTC,L,0.229,C,0.17207658074252505
CTG,L,0.11,G,0.20947287738950687
CTT,L,0.259,T,0.07833375323411268
TTA,L,-0.119,A,0.05315204512031924
TTG,L,-0.386,G,0.07760265676660688
CCA,P,0.146,A,0.11050572299594202
CCC,P,0.301,C,0.1908967461523839
CCG,P,0.52,G,0.2667113341701654
CCT,P,-0.335,T,0.11183648576387419
CAC,H,0.153,C,0.14757983573326033
CAT,H,-0.153,T,0.1475798357332603
CAA,Q,0.09,A,0.14873275628783106
CAG,Q,-0.09,G,0.14873275628783103
GTA,V,0.303,A,0.0747738737518808
GTC,V,0.852,C,0.2347089508464704
GTG,V,0.21,G,0.11883672791315628
GTT,V,-0.46,T,0.07373854413451397
GCA,A,0.556,A,0.08208198964930624
GCC,A,-0.209,C,0.13448102199326684
GCG,A,-0.187,G,0.1765258125586539
GCT,A,-0.461,T,0.08512791317234428
GAC,D,0.478,C,0.11661449138663076
GAT,D,-0.478,T,0.11661449138663077
GAA,E,0.082,A,0.10655242984165629
GAG,E,-0.082,G,0.10655242984165629
GGA,G,0.293,A,0.08459025428174241
GGC,G,0.011,C,0.1500130397355943
GGG,G,-0.312,G,0.14908911238950012
GGT,G,-0.21,T,0.08952615066280759
TTC,F,0.454,C,0.11249645195920933
TTT,F,-0.454,T,0.11249645195920933
TAC,Y,0.096,C,0.10303505686054604
TAT,Y,-0.096,T,0.10303505686054604
TGC,C,-0.487,C,0.2572227780844449
TGT,C,0.487,T,0.2572227780844449
