codon,amino_acid,Lysinibacillus,third_nucl,standard_error
ATA,I,0.475,A,0.04933100034446389
ATC,I,-0.132,C,0.05511435935278192
ATT,I,-0.281,T,0.04246447091461798
ACA,T,0.147,A,0.05130465068031801
ACC,T,-0.135,C,0.09863979139233892
ACG,T,-0.153,G,0.06682601302172546
ACT,T,-0.027,T,0.06020062586033399
AAC,N,0.032,C,0.06113032777381678
AAT,N,-0.032,T,0.06113032777381678
AAA,K,0.224,A,0.04714025467115895
AAG,K,-0.224,G,0.04714025467115894
AGC,S,-0.01,C,0.07414241070632105
AGT,S,0.346,T,0.058768699117208015
TCA,S,0.056,A,0.055677891522642006
TCC,S,-0.341,C,0.09983126742524376
TCG,S,-0.144,G,0.09267399419684816
TCT,S,-0.256,T,0.0630196260836595
AGA,R,0.677,A,0.07029415041278038
AGG,R,0.328,G,0.1167105499893244
CGA,R,0.075,A,0.07538734643362477
CGC,R,-0.297,C,0.08807117360791417
CGG,R,-0.207,G,0.1439371878225417
CGT,R,-0.539,T,0.06483803805334444
CTA,L,-0.107,A,0.05527913886776294
CTC,L,-0.294,C,0.09608984230134483
CTG,L,-0.31,G,0.08745982278991317
CTT,L,-0.523,T,0.05387337917917391
TTA,L,0.013,A,0.03819589933573681
TTG,L,0.748,G,0.05325597491709086
CCA,P,0.111,A,0.07454413885815822
CCC,P,0.329,C,0.14631599774264398
CCG,P,-0.073,G,0.10351821496857197
CCT,P,-0.184,T,0.08120763198269576
CAC,H,0.032,C,0.10801578888502242
CAT,H,-0.032,T,0.10801578888502242
CAA,Q,0.232,A,0.06874607516654305
CAG,Q,-0.232,G,0.06874607516654305
GTA,V,0.104,A,0.04918231817117631
GTC,V,-0.474,C,0.0756651271847888
GTG,V,0.573,G,0.059847389114159225
GTT,V,-0.301,T,0.049915290958655274
GCA,A,0.265,A,0.05176787292129264
GCC,A,-0.39,C,0.09040566376262883
GCG,A,-0.037,G,0.0692400190827952
GCT,A,-0.127,T,0.056027698026364973
GAC,D,-0.135,C,0.07226770647592956
GAT,D,0.135,T,0.07226770647592957
GAA,E,0.296,A,0.05332248199568041
GAG,E,-0.296,G,0.053322481995680404
GGA,G,0.402,A,0.05983540241719208
GGC,G,-0.286,C,0.07551788470372942
GGG,G,0.034,G,0.07850686917734186
GGT,G,-0.218,T,0.05798586750420534
TTC,F,-0.473,C,0.0668247481994903
TTT,F,0.473,T,0.0668247481994903
TAC,Y,-0.002,C,0.07784744196519623
TAT,Y,0.002,T,0.07784744196519623
TGC,C,-0.17,C,0.14921186768710543
TGT,C,0.17,T,0.14921186768710543
