codon,amino_acid,Macrococcus,third_nucl,standard_error
ATA,I,0.436,A,0.06404707780850676
ATC,I,-0.321,C,0.06634664197604358
ATT,I,-0.108,T,0.054998157621342456
ACA,T,0.304,A,0.07328382833648692
ACC,T,-0.275,C,0.1652942258501469
ACG,T,-0.195,G,0.0949086896516228
ACT,T,-0.176,T,0.08416540565820198
AAC,N,-0.089,C,0.0825387360030144
AAT,N,0.089,T,0.0825387360030144
AAA,K,0.218,A,0.0680785833104019
AAG,K,-0.218,G,0.0680785833104019
AGC,S,-0.162,C,0.13033132249060222
AGT,S,0.158,T,0.08009940964620282
TCA,S,-0.091,A,0.07849863111613502
TCC,S,-0.174,C,0.23853102463165637
TCG,S,0.394,G,0.15077368951439407
TCT,S,-0.126,T,0.09259053836077863
AGA,R,1.156,A,0.09605160224267606
AGG,R,0.501,G,0.2425214662213818
CGA,R,-0.233,A,0.14493104155631095
CGC,R,-0.39,C,0.1576200797443397
CGG,R,0.043,G,0.47357401920729525
CGT,R,-1.061,T,0.09934660722900866
CTA,L,-0.013,A,0.09502739144785144
CTC,L,-0.207,C,0.13888993197997246
CTG,L,-0.488,G,0.13108652258196624
CTT,L,-0.504,T,0.07811742498145192
TTA,L,0.166,A,0.05427309573616285
TTG,L,0.44,G,0.08163293442848613
CCA,P,0.209,A,0.11174215628541885
CCC,P,0.363,C,0.2905232151152354
CCG,P,-0.035,G,0.1432990545834189
CCT,P,-0.281,T,0.12237566935666047
CAC,H,0.129,C,0.1486606793488229
CAT,H,-0.129,T,0.1486606793488229
CAA,Q,0.573,A,0.1020742049387118
CAG,Q,-0.573,G,0.1020742049387118
GTA,V,0.347,A,0.07069304515115046
GTC,V,-0.333,C,0.11617841032786255
GTG,V,0.039,G,0.09181726978869396
GTT,V,-0.254,T,0.07231656454309365
GCA,A,0.23,A,0.0776966311169747
GCC,A,-0.115,C,0.17215575166128422
GCG,A,-0.209,G,0.1125853967024792
GCT,A,-0.134,T,0.08765967804509964
GAC,D,-0.162,C,0.10479953942296415
GAT,D,0.162,T,0.10479953942296415
GAA,E,0.118,A,0.09459211243291675
GAG,E,-0.118,G,0.09459211243291675
GGA,G,0.355,A,0.08726973898279279
GGC,G,0.029,C,0.11651336675184842
GGG,G,-0.073,G,0.1488484039467102
GGT,G,-0.291,T,0.08064430225432868
TTC,F,-0.509,C,0.09461160936981988
TTT,F,0.509,T,0.09461160936981987
TAC,Y,-0.031,C,0.1079861099552897
TAT,Y,0.031,T,0.10798610995528969
TGC,C,0.064,C,0.28247313735213136
TGT,C,-0.064,T,0.28247313735213136
