codon,amino_acid,Magnetococcus,third_nucl,standard_error
ATA,I,0.526,A,0.09955134520488826
ATC,I,0.002,C,0.06127359169601704
ATT,I,-0.207,T,0.06060198868418067
ACA,T,0.82,A,0.08926587170448358
ACC,T,-0.604,C,0.061530946304131334
ACG,T,-0.157,G,0.07902919968181554
ACT,T,0.746,T,0.10502125628755228
AAC,N,-0.001,C,0.07730741149449293
AAT,N,0.001,T,0.07730741149449293
AAA,K,0.304,A,0.06503693915149121
AAG,K,-0.304,G,0.06503693915149121
AGC,S,-0.117,C,0.06348217879849627
AGT,S,-0.137,T,0.08050612816689733
TCA,S,0.445,A,0.09518033748014734
TCC,S,0.197,C,0.07294109966556028
TCG,S,-0.46,G,0.08852797618737043
TCT,S,0.154,T,0.0851814376155695
AGA,R,1.285,A,0.13845483237169035
AGG,R,0.415,G,0.14916547403569141
CGA,R,0.594,A,0.10241046634400126
CGC,R,-0.258,C,0.06205237062469589
CGG,R,-0.716,G,0.07689662789681255
CGT,R,0.155,T,0.06469856508409148
CTA,L,0.196,A,0.07758529081505965
CTC,L,0.155,C,0.06275262672066695
CTG,L,-0.223,G,0.04593237070178449
CTT,L,0.404,T,0.06554830735926614
TTA,L,0.246,A,0.06795691157703142
TTG,L,-0.287,G,0.049987710818158115
CCA,P,0.305,A,0.08188494885679501
CCC,P,-0.206,C,0.06396248320006648
CCG,P,-0.245,G,0.08041453783938057
CCT,P,0.288,T,0.08226349603135336
CAC,H,-0.063,C,0.08722874158569313
CAT,H,0.063,T,0.08722874158569313
CAA,Q,0.445,A,0.06571054019029317
CAG,Q,-0.445,G,0.06571054019029317
GTA,V,0.229,A,0.0800341761065524
GTC,V,-0.005,C,0.07281615581953772
GTG,V,-0.504,G,0.05544276523776141
GTT,V,0.583,T,0.06700611162696582
GCA,A,0.699,A,0.06673053606912155
GCC,A,-0.46,C,0.0503192793808789
GCG,A,-0.347,G,0.059736635651850625
GCT,A,0.491,T,0.06283457747135147
GAC,D,0.088,C,0.06991934717619552
GAT,D,-0.088,T,0.06991934717619552
GAA,E,0.819,A,0.06303221677752101
GAG,E,-0.819,G,0.06303221677752101
GGA,G,0.682,A,0.0895412257066746
GGC,G,-0.07,C,0.06470846277007267
GGG,G,-0.427,G,0.0695730997437756
GGT,G,0.098,T,0.062128293420091296
TTC,F,0.321,C,0.08965568056630513
TTT,F,-0.321,T,0.08965568056630513
TAC,Y,0.022,C,0.09910482097042621
TAT,Y,-0.022,T,0.09910482097042621
TGC,C,-0.295,C,0.1507633141748684
TGT,C,0.295,T,0.15076331417486843
