codon,amino_acid,Magnetospirillum,third_nucl,standard_error
ATA,I,0.717,A,0.16790101788784426
ATC,I,-0.575,C,0.0682382266074725
ATT,I,0.504,T,0.07217217926730822
ACA,T,0.632,A,0.12673164353223934
ACC,T,-0.376,C,0.0591668981965344
ACG,T,0.073,G,0.07020647637941842
ACT,T,0.605,T,0.113208601342693
AAC,N,-0.283,C,0.08189815103511403
AAT,N,0.283,T,0.08189815103511403
AAA,K,0.761,A,0.08341736366989409
AAG,K,-0.761,G,0.08341736366989409
AGC,S,0.19,C,0.0581056417864372
AGT,S,0.512,T,0.12312328927734424
TCA,S,0.607,A,0.12959104522201617
TCC,S,0.053,C,0.0536668451742331
TCG,S,-0.745,G,0.06050094911898568
TCT,S,0.763,T,0.1237860913070783
AGA,R,1.35,A,0.15775417939531497
AGG,R,0.808,G,0.10525252158361181
CGA,R,0.788,A,0.11368190947230625
CGC,R,-0.365,C,0.04766928007787366
CGG,R,-0.543,G,0.05900699553158603
CGT,R,0.551,T,0.07233404805747888
CTA,L,0.294,A,0.1735824352898929
CTC,L,0.748,C,0.054398129451387264
CTG,L,-1.089,G,0.04155069763177333
CTT,L,1.04,T,0.07263854401715066
TTA,L,0.779,A,0.22055979977642595
TTG,L,0.547,G,0.06251763296691584
CCA,P,0.467,A,0.1180308435708348
CCC,P,0.11,C,0.0549020715674292
CCG,P,-0.477,G,0.05790146379697945
CCT,P,0.765,T,0.1071363995865485
CAC,H,-0.29,C,0.08722248225624529
CAT,H,0.29,T,0.08722248225624529
CAA,Q,0.971,A,0.09436887787627266
CAG,Q,-0.971,G,0.09436887787627266
GTA,V,0.615,A,0.13075490829221853
GTC,V,0.206,C,0.0485382245907503
GTG,V,-0.626,G,0.04841572994119535
GTT,V,0.829,T,0.07716359863016033
GCA,A,1.125,A,0.08514349615001497
GCC,A,-0.453,C,0.03973899665573271
GCG,A,-0.114,G,0.04602809077147469
GCT,A,0.869,T,0.07460699857163884
GAC,D,-0.306,C,0.05686553574659446
GAT,D,0.306,T,0.05686553574659446
GAA,E,0.747,A,0.059652009270135566
GAG,E,-0.747,G,0.059652009270135566
GGA,G,0.806,A,0.07815290586987973
GGC,G,-0.702,C,0.051660096628345524
GGG,G,0.062,G,0.0675738849227499
GGT,G,0.743,T,0.07847246810432607
TTC,F,-0.785,C,0.0862039709575208
TTT,F,0.785,T,0.0862039709575208
TAC,Y,-0.057,C,0.09804961484422524
TAT,Y,0.057,T,0.09804961484422524
TGC,C,-0.429,C,0.16402613618302125
TGT,C,0.429,T,0.16402613618302125
