codon,amino_acid,Mahella,third_nucl,standard_error
ATA,I,-0.142,A,0.055845946762762735
ATC,I,-0.15,C,0.07834472343517859
ATT,I,0.299,T,0.06570740339046009
ACA,T,0.334,A,0.08222071755807545
ACC,T,-0.575,C,0.09117726569821417
ACG,T,-0.023,G,0.0910776583247827
ACT,T,0.211,T,0.09163939623217188
AAC,N,-0.169,C,0.07835579258041853
AAT,N,0.169,T,0.07835579258041853
AAA,K,0.199,A,0.06045070056813835
AAG,K,-0.199,G,0.06045070056813835
AGC,S,-0.012,C,0.07743946198502087
AGT,S,0.595,T,0.0990832290753764
TCA,S,0.189,A,0.09550257572216846
TCC,S,-0.564,C,0.11986179931686497
TCG,S,-0.275,G,0.09655090826315173
TCT,S,-0.105,T,0.10077766229041922
AGA,R,0.601,A,0.08179997078173341
AGG,R,0.221,G,0.08424081154317006
CGA,R,-0.021,A,0.1295026733850756
CGC,R,-0.725,C,0.09258646658973739
CGG,R,-0.177,G,0.13387029500812794
CGT,R,-0.252,T,0.1007720223425882
CTA,L,0.038,A,0.09951909920099768
CTC,L,-0.618,C,0.1151756598069752
CTG,L,-0.574,G,0.07065504578011422
CTT,L,-0.429,T,0.07269416096055614
TTA,L,0.467,A,0.0636105298566547
TTG,L,0.426,G,0.05823133308395229
CCA,P,0.119,A,0.1115069184283412
CCC,P,-0.004,C,0.12907277701541792
CCG,P,-0.248,G,0.09923171113612779
CCT,P,0.167,T,0.1006343535414962
CAC,H,-0.357,C,0.14963373627413323
CAT,H,0.357,T,0.1496337362741332
CAA,Q,0.446,A,0.09318801864570177
CAG,Q,-0.446,G,0.09318801864570177
GTA,V,0.078,A,0.06290741811943981
GTC,V,-0.464,C,0.10202163791248559
GTG,V,-0.072,G,0.06670201725268755
GTT,V,0.207,T,0.07011869721276938
GCA,A,0.388,A,0.07089126174409498
GCC,A,-0.498,C,0.07615657483773372
GCG,A,-0.014,G,0.08158768333747395
GCT,A,0.066,T,0.06619032384429091
GAC,D,-0.201,C,0.07711321846156748
GAT,D,0.201,T,0.07711321846156748
GAA,E,0.382,A,0.06909021042442899
GAG,E,-0.382,G,0.06909021042442899
GGA,G,0.427,A,0.07695531459572583
GGC,G,-0.336,C,0.0702883671804712
GGG,G,-0.039,G,0.09880245158183243
GGT,G,0.01,T,0.07313161824468062
TTC,F,-0.662,C,0.09507610801706251
TTT,F,0.662,T,0.09507610801706251
TAC,Y,-0.066,C,0.09753883741253802
TAT,Y,0.066,T,0.09753883741253802
TGC,C,-0.248,C,0.15828492261743127
TGT,C,0.248,T,0.15828492261743127
