codon,amino_acid,Mammaliicoccus,third_nucl,standard_error
ATA,I,0.426,A,0.058493829649904266
ATC,I,-0.19,C,0.07110720672632836
ATT,I,-0.252,T,0.05327362063097365
ACA,T,0.108,A,0.07269303037919449
ACC,T,0.208,C,0.18779288651735687
ACG,T,-0.056,G,0.1017714838394066
ACT,T,-0.14,T,0.08176535876658884
AAC,N,-0.22,C,0.07849428432528596
AAT,N,0.22,T,0.07849428432528596
AAA,K,-0.338,A,0.07087660281598585
AAG,K,0.338,G,0.07087660281598585
AGC,S,-0.028,C,0.14191946388398588
AGT,S,0.065,T,0.07624090376540671
TCA,S,0.043,A,0.07325743717377069
TCC,S,0.186,C,0.20020054767129444
TCG,S,0.323,G,0.16808687548700632
TCT,S,-0.232,T,0.08300902020794025
AGA,R,0.032,A,0.0886994043110894
AGG,R,0.991,G,0.21150238211792904
CGA,R,0.123,A,0.13956935758782463
CGC,R,0.101,C,0.19697928138175244
CGG,R,0.313,G,0.3711342522539282
CGT,R,-0.434,T,0.10438066467561123
CTA,L,-0.114,A,0.09749732965234205
CTC,L,0.102,C,0.135821472531601
CTG,L,-0.173,G,0.19445029537213138
CTT,L,-0.244,T,0.08233806450973087
TTA,L,-0.085,A,0.05459797138897876
TTG,L,0.478,G,0.08079697702226928
CCA,P,-0.114,A,0.10585846084868696
CCC,P,0.462,C,0.2865102273246285
CCG,P,0.283,G,0.17010047591398328
CCT,P,-0.061,T,0.11297532437690885
CAC,H,0.112,C,0.1447074761514246
CAT,H,-0.112,T,0.1447074761514246
CAA,Q,-0.132,A,0.13520868484331883
CAG,Q,0.132,G,0.13520868484331883
GTA,V,0.113,A,0.06698648548547796
GTC,V,-0.199,C,0.10592446270265979
GTG,V,0.425,G,0.09685317138628192
GTT,V,-0.24,T,0.06725057777462135
GCA,A,0.247,A,0.07589350588762521
GCC,A,-0.053,C,0.16706474159781196
GCG,A,-0.251,G,0.11724124646663203
GCT,A,-0.146,T,0.08114050465984453
GAC,D,-0.115,C,0.09426745689215464
GAT,D,0.115,T,0.09426745689215466
GAA,E,-0.092,A,0.09548081028046969
GAG,E,0.092,G,0.09548081028046969
GGA,G,0.29,A,0.08310746638402752
GGC,G,-0.019,C,0.11088852453975184
GGG,G,0.357,G,0.13982005161916058
GGT,G,-0.332,T,0.07575986831287392
TTC,F,-0.748,C,0.090898361363052
TTT,F,0.748,T,0.09089836136305202
TAC,Y,-0.151,C,0.10539516312486412
TAT,Y,0.151,T,0.10539516312486412
TGC,C,0.323,C,0.27820544255972407
TGT,C,-0.323,T,0.27820544255972407
