codon,amino_acid,Mangrovibacillus,third_nucl,standard_error
ATA,I,0.404,A,0.06609839175741257
ATC,I,-0.239,C,0.06769210613631269
ATT,I,-0.129,T,0.05538240338197928
ACA,T,0.214,A,0.06506368775882199
ACC,T,0.096,C,0.1056516577033473
ACG,T,-0.232,G,0.08166840637943763
ACT,T,-0.13,T,0.07329601539748852
AAC,N,-0.082,C,0.0781753020466535
AAT,N,0.082,T,0.07817530204665349
AAA,K,0.249,A,0.0607204377920508
AAG,K,-0.249,G,0.0607204377920508
AGC,S,0.19,C,0.11332178588009889
AGT,S,0.251,T,0.0762831773889647
TCA,S,0.286,A,0.07712462034726988
TCC,S,0.036,C,0.10098233095777245
TCG,S,-0.131,G,0.12578933722531715
TCT,S,-0.513,T,0.07178930594176904
AGA,R,0.227,A,0.0772324574396438
AGG,R,-0.229,G,0.14147120040828853
CGA,R,-0.031,A,0.09921057712040353
CGC,R,0.092,C,0.1337412932625192
CGG,R,0.226,G,0.21843922601288907
CGT,R,-0.219,T,0.08107240698118122
CTA,L,-0.141,A,0.06626884716179543
CTC,L,-0.333,C,0.14168427538572873
CTG,L,-0.287,G,0.11800512422084872
CTT,L,-0.263,T,0.06493439822463933
TTA,L,0.05,A,0.04906517976431741
TTG,L,0.504,G,0.06837887663378864
CCA,P,0.065,A,0.09262517970674577
CCC,P,0.804,C,0.19575325036563831
CCG,P,-0.05,G,0.14514401137231486
CCT,P,-0.241,T,0.09648206829974867
CAC,H,-0.348,C,0.12400855271583232
CAT,H,0.348,T,0.12400855271583232
CAA,Q,0.001,A,0.09804646245758072
CAG,Q,-0.001,G,0.09804646245758072
GTA,V,0.087,A,0.059718487479121334
GTC,V,-0.125,C,0.09378787725241024
GTG,V,0.262,G,0.0719835962630715
GTT,V,-0.233,T,0.06220981484931515
GCA,A,0.075,A,0.06804642769331988
GCC,A,0.126,C,0.12011679365004872
GCG,A,0.043,G,0.09303038379842925
GCT,A,-0.152,T,0.07173293373031113
GAC,D,-0.126,C,0.0861752785858646
GAT,D,0.126,T,0.08617527858586459
GAA,E,0.202,A,0.07180790886837772
GAG,E,-0.202,G,0.07180790886837772
GGA,G,-0.047,A,0.07025089756028659
GGC,G,-0.082,C,0.11163554804783651
GGG,G,-0.098,G,0.09740451867351332
GGT,G,0.134,T,0.07100300680456327
TTC,F,-0.515,C,0.08272852296222305
TTT,F,0.515,T,0.08272852296222305
TAC,Y,-0.063,C,0.09494765725080981
TAT,Y,0.063,T,0.09494765725080981
TGC,C,-0.354,C,0.22186396787411758
TGT,C,0.354,T,0.2218639678741176
