codon,amino_acid,Mannheimia,third_nucl,standard_error
ATA,I,0.241,A,0.10103610149372863
ATC,I,0.228,C,0.07203534981391119
ATT,I,-0.281,T,0.06430672335638905
ACA,T,0.603,A,0.07838457862009923
ACC,T,-0.46,C,0.07499486228898498
ACG,T,-0.279,G,0.10292462405901726
ACT,T,0.041,T,0.07947490578237676
AAC,N,0.158,C,0.075300500563427
AAT,N,-0.158,T,0.075300500563427
AAA,K,0.287,A,0.08763417754086934
AAG,K,-0.287,G,0.08763417754086934
AGC,S,-0.26,C,0.08531303341710147
AGT,S,0.146,T,0.08536773050901504
TCA,S,0.302,A,0.08202293205136746
TCC,S,-0.082,C,0.12276874620350407
TCG,S,-0.667,G,0.11856991615258725
TCT,S,0.167,T,0.08148392950134273
AGA,R,0.69,A,0.10719608423529414
AGG,R,0.147,G,0.26849637666205906
CGA,R,0.141,A,0.12101468965255635
CGC,R,-0.268,C,0.10329095335197484
CGG,R,-0.626,G,0.17620659774820444
CGT,R,-0.177,T,0.08408612635900811
CTA,L,0.036,A,0.0846496087064406
CTC,L,0.224,C,0.09229211083771302
CTG,L,-0.384,G,0.09414611927075968
CTT,L,0.295,T,0.06771621733707797
TTA,L,0.21,A,0.050852293291648386
TTG,L,-0.732,G,0.0755258736033737
CCA,P,0.148,A,0.09584185049196096
CCC,P,0.46,C,0.15339993189705706
CCG,P,-0.622,G,0.1024375936788428
CCT,P,0.252,T,0.09801939345931701
CAC,H,-0.06,C,0.11946928094374755
CAT,H,0.06,T,0.11946928094374755
CAA,Q,0.446,A,0.09305823266572448
CAG,Q,-0.446,G,0.09305823266572448
GTA,V,0.141,A,0.08104075690953776
GTC,V,0.102,C,0.11084207621197426
GTG,V,-0.556,G,0.07918595164336104
GTT,V,0.391,T,0.0787898228723481
GCA,A,0.424,A,0.06547069936580073
GCC,A,-0.291,C,0.08032644373977316
GCG,A,-0.621,G,0.09379925416511478
GCT,A,0.125,T,0.07312200259235027
GAC,D,0.26,C,0.0975330243806459
GAT,D,-0.26,T,0.0975330243806459
GAA,E,0.591,A,0.08603734424167767
GAG,E,-0.591,G,0.08603734424167767
GGA,G,0.423,A,0.10523643783833334
GGC,G,-0.046,C,0.0857936829460995
GGG,G,-0.754,G,0.13378228161198566
GGT,G,0.132,T,0.0833649564107842
TTC,F,-0.46,C,0.08719683971773341
TTT,F,0.46,T,0.08719683971773341
TAC,Y,0.071,C,0.10080140284308353
TAT,Y,-0.071,T,0.10080140284308353
TGC,C,-0.159,C,0.17341356559297655
TGT,C,0.159,T,0.17341356559297655
