codon,amino_acid,Marinagarivorans,third_nucl,standard_error
ATA,I,0.406,A,0.06478793527117126
ATC,I,0.012,C,0.0625558045111776
ATT,I,-0.281,T,0.05248210367938031
ACA,T,0.412,A,0.061324598016114125
ACC,T,-0.297,C,0.05810191887795183
ACG,T,-0.348,G,0.07024081224882951
ACT,T,0.204,T,0.06623861278751954
AAC,N,-0.175,C,0.06274124423095169
AAT,N,0.175,T,0.06274124423095169
AAA,K,0.339,A,0.05991641957030931
AAG,K,-0.339,G,0.05991641957030931
AGC,S,-0.251,C,0.05539469083626324
AGT,S,0.076,T,0.06428514390415913
TCA,S,0.434,A,0.07189179510075291
TCC,S,0.142,C,0.08495295191714244
TCG,S,-0.354,G,0.07064791869335937
TCT,S,0.118,T,0.06529760321934121
AGA,R,1.008,A,0.11061279191259049
AGG,R,0.128,G,0.13049191511194572
CGA,R,0.29,A,0.09239726456914507
CGC,R,-0.501,C,0.06276343649257302
CGG,R,-0.278,G,0.10337996869792505
CGT,R,0.111,T,0.06985312973858532
CTA,L,-0.24,A,0.0576688937970495
CTC,L,0.192,C,0.07170721786678735
CTG,L,-0.354,G,0.0622464683211801
CTT,L,0.17,T,0.05397922528151251
TTA,L,0.153,A,0.04441296469562569
TTG,L,-0.026,G,0.05022043938022089
CCA,P,0.077,A,0.07117617258686276
CCC,P,0.156,C,0.07622629189057595
CCG,P,-0.186,G,0.08239207630615657
CCT,P,-0.077,T,0.07320492215336596
CAC,H,-0.153,C,0.08871229980476156
CAT,H,0.153,T,0.08871229980476156
CAA,Q,0.185,A,0.06910507499921142
CAG,Q,-0.185,G,0.06910507499921142
GTA,V,0.076,A,0.060982055006679095
GTC,V,-0.113,C,0.07944496976340165
GTG,V,0.154,G,0.05700610117747729
GTT,V,-0.15,T,0.05474898452767678
GCA,A,0.266,A,0.053067046408305264
GCC,A,-0.06,C,0.05198581019725547
GCG,A,-0.268,G,0.056150345561122854
GCT,A,0.042,T,0.05367621930709479
GAC,D,0.13,C,0.06540961713874617
GAT,D,-0.13,T,0.06540961713874617
GAA,E,0.404,A,0.06602612929872527
GAG,E,-0.404,G,0.06602612929872527
GGA,G,0.423,A,0.10378748229667624
GGC,G,-0.184,C,0.06440664654013822
GGG,G,-0.124,G,0.09140552788065212
GGT,G,0.098,T,0.06637783864464228
TTC,F,-0.095,C,0.07798819891308972
TTT,F,0.095,T,0.07798819891308972
TAC,Y,-0.305,C,0.0819184469486395
TAT,Y,0.305,T,0.0819184469486395
TGC,C,-0.347,C,0.12312276267861154
TGT,C,0.347,T,0.12312276267861154
