codon,amino_acid,Marivirga,third_nucl,standard_error
ATA,I,0.715,A,0.05150061759388679
ATC,I,-0.189,C,0.0576566320154285
ATT,I,-0.487,T,0.0463746960028123
ACA,T,0.535,A,0.06868986216302257
ACC,T,0.103,C,0.07870604585058698
ACG,T,-0.222,G,0.1106785417969726
ACT,T,-0.516,T,0.06783304312467892
AAC,N,0.277,C,0.0659599205345459
AAT,N,-0.277,T,0.0659599205345459
AAA,K,0.192,A,0.05192424580844398
AAG,K,-0.192,G,0.05192424580844398
AGC,S,0.114,C,0.0758225327873712
AGT,S,0.088,T,0.06741104090732924
TCA,S,0.305,A,0.06436937340499961
TCC,S,-0.073,C,0.0883748447219461
TCG,S,0.14,G,0.11830474433209952
TCT,S,-0.544,T,0.07013401976701329
AGA,R,0.277,A,0.0760406362512177
AGG,R,-0.151,G,0.11188663805522082
CGA,R,0.006,A,0.11311406386811829
CGC,R,-0.102,C,0.1569471816062875
CGG,R,-0.478,G,0.21740144343792392
CGT,R,-0.413,T,0.13990810011945262
CTA,L,0.324,A,0.06519567285892339
CTC,L,0.227,C,0.09880978492065322
CTG,L,-0.19,G,0.08730417321112094
CTT,L,0.126,T,0.0605948075437888
TTA,L,0.209,A,0.044461037683537305
TTG,L,-0.679,G,0.056109681910157
CCA,P,0.222,A,0.09009897854672995
CCC,P,0.487,C,0.12444946076971578
CCG,P,0.315,G,0.13654380805626054
CCT,P,-0.609,T,0.09187328002199756
CAC,H,0.275,C,0.11968059016153534
CAT,H,-0.275,T,0.11968059016153534
CAA,Q,0.295,A,0.08951614977482765
CAG,Q,-0.295,G,0.08951614977482765
GTA,V,0.448,A,0.06399092566869803
GTC,V,-0.0,C,0.10923811650531248
GTG,V,-0.476,G,0.08292108446209899
GTT,V,-0.157,T,0.06555714466526857
GCA,A,0.593,A,0.06395918359307393
GCC,A,-0.213,C,0.08326635470677894
GCG,A,0.107,G,0.11297926090501936
GCT,A,-0.533,T,0.06711044836065773
GAC,D,0.518,C,0.0814557031652729
GAT,D,-0.518,T,0.08145570316527288
GAA,E,0.214,A,0.07114618698021498
GAG,E,-0.214,G,0.07114618698021498
GGA,G,0.352,A,0.07114089816874361
GGC,G,0.013,C,0.09172586095311876
GGG,G,-0.042,G,0.11001763291355224
GGT,G,-0.399,T,0.07872867285729836
TTC,F,-0.07,C,0.06619206209926191
TTT,F,0.07,T,0.06619206209926191
TAC,Y,0.4,C,0.08042543981635256
TAT,Y,-0.4,T,0.08042543981635256
TGC,C,-0.156,C,0.17117973276954712
TGT,C,0.156,T,0.17117973276954715
