codon,amino_acid,Maribellus,third_nucl,standard_error
ATA,I,0.683,A,0.04118284155020677
ATC,I,-0.252,C,0.047529291854353686
ATT,I,-0.422,T,0.03676093261082077
ACA,T,0.522,A,0.04875949822232382
ACC,T,-0.431,C,0.057064639567255174
ACG,T,-0.197,G,0.07520998327775257
ACT,T,-0.183,T,0.05831359514779937
AAC,N,-0.227,C,0.04684492059945713
AAT,N,0.227,T,0.04684492059945713
AAA,K,0.149,A,0.04586673542369294
AAG,K,-0.149,G,0.04586673542369294
AGC,S,0.011,C,0.06805169193014651
AGT,S,0.272,T,0.057985629601833184
TCA,S,0.304,A,0.05257798495956426
TCC,S,-0.273,C,0.07662172369461946
TCG,S,-0.539,G,0.06921309906839182
TCT,S,-0.106,T,0.06445105594239715
AGA,R,0.901,A,0.06017601255778998
AGG,R,0.153,G,0.08255981423945138
CGA,R,0.243,A,0.08128329612062529
CGC,R,-0.834,C,0.09694730948774034
CGG,R,-0.699,G,0.08909142456400593
CGT,R,-0.778,T,0.0785519501582393
CTA,L,0.588,A,0.06492687212945707
CTC,L,-0.288,C,0.06927883704254423
CTG,L,-0.466,G,0.04677257742539339
CTT,L,-0.167,T,0.043211719059801194
TTA,L,0.509,A,0.03831159209571271
TTG,L,-0.262,G,0.04260198635481721
CCA,P,0.639,A,0.07474809480674689
CCC,P,-0.239,C,0.088782654587502
CCG,P,-0.344,G,0.07668590630384513
CCT,P,-0.119,T,0.07663352972252008
CAC,H,-0.178,C,0.09352088807704255
CAT,H,0.178,T,0.09352088807704254
CAA,Q,0.683,A,0.06553824026001052
CAG,Q,-0.683,G,0.06553824026001052
GTA,V,0.341,A,0.04928351536371087
GTC,V,0.153,C,0.08363873087701588
GTG,V,-0.294,G,0.06728151113009131
GTT,V,-0.209,T,0.04677236720453125
GCA,A,0.454,A,0.051374338936232666
GCC,A,-0.529,C,0.06274229572994908
GCG,A,-0.056,G,0.0796061163846558
GCT,A,-0.069,T,0.057920256268377567
GAC,D,-0.001,C,0.062063773379047345
GAT,D,0.001,T,0.06206377337904734
GAA,E,0.284,A,0.058630359514633044
GAG,E,-0.284,G,0.058630359514633044
GGA,G,0.403,A,0.05436768478713129
GGC,G,-0.304,C,0.07429619266892735
GGG,G,-0.264,G,0.08048634766322554
GGT,G,-0.143,T,0.06368516084828868
TTC,F,0.031,C,0.05603226705206126
TTT,F,-0.031,T,0.05603226705206126
TAC,Y,-0.145,C,0.0612830756764615
TAT,Y,0.145,T,0.0612830756764615
TGC,C,-0.082,C,0.13208712986308585
TGT,C,0.082,T,0.13208712986308585
