codon,amino_acid,Mariniblastus,third_nucl,standard_error
ATA,I,0.977,A,0.1281042918395671
ATC,I,-0.324,C,0.05031130605068999
ATT,I,0.153,T,0.05117600384297565
ACA,T,0.718,A,0.06887197090992304
ACC,T,-0.009,C,0.05696834408021886
ACG,T,-0.793,G,0.05595891543971196
ACT,T,0.387,T,0.06351168619973738
AAC,N,-0.268,C,0.06117443940554558
AAT,N,0.268,T,0.061174439405545594
AAA,K,0.606,A,0.05491551745797327
AAG,K,-0.606,G,0.05491551745797327
AGC,S,-0.331,C,0.055641191768236946
AGT,S,0.215,T,0.07660517204455583
TCA,S,0.543,A,0.06242022506448401
TCC,S,0.385,C,0.06118615940785497
TCG,S,-0.688,G,0.0521525980997412
TCT,S,0.349,T,0.06985666368009771
AGA,R,0.834,A,0.0934608675978683
AGG,R,-0.309,G,0.13518007729208759
CGA,R,0.37,A,0.05637666951477477
CGC,R,-0.179,C,0.05715909962733969
CGG,R,-0.678,G,0.08065821221228411
CGT,R,-0.155,T,0.06323792831364282
CTA,L,0.774,A,0.10305495404740542
CTC,L,0.375,C,0.05399179898791966
CTG,L,-0.581,G,0.04328209284769057
CTT,L,0.224,T,0.05038722030094297
TTA,L,0.901,A,0.1137304491131163
TTG,L,-0.141,G,0.04591619778332487
CCA,P,0.678,A,0.06668425621674308
CCC,P,0.446,C,0.07424255617083493
CCG,P,-1.109,G,0.0630591261770152
CCT,P,0.322,T,0.07547413972403562
CAC,H,0.131,C,0.08891845312239538
CAT,H,-0.131,T,0.0889184531223954
CAA,Q,0.925,A,0.06445452406587969
CAG,Q,-0.925,G,0.06445452406587969
GTA,V,0.779,A,0.08966576375671656
GTC,V,-0.209,C,0.05070811602082544
GTG,V,0.038,G,0.05564638028570512
GTT,V,-0.086,T,0.05228013036159454
GCA,A,0.476,A,0.05437068205484645
GCC,A,0.055,C,0.04912474962701687
GCG,A,-0.565,G,0.052467379190130205
GCT,A,0.092,T,0.05463493475767137
GAC,D,0.07,C,0.05552146375879312
GAT,D,-0.07,T,0.05552146375879312
GAA,E,0.711,A,0.060128586122448216
GAG,E,-0.711,G,0.060128586122448216
GGA,G,0.272,A,0.06318933463083819
GGC,G,-0.138,C,0.05872724417901559
GGG,G,-0.178,G,0.09164885357685268
GGT,G,-0.023,T,0.07138055323840682
TTC,F,-0.223,C,0.058301759154833384
TTT,F,0.223,T,0.05830175915483339
TAC,Y,0.044,C,0.08955996269325005
TAT,Y,-0.044,T,0.08955996269325005
TGC,C,-0.33,C,0.12107065951667083
TGT,C,0.33,T,0.12107065951667084
