codon,amino_acid,Marinithermus,third_nucl,standard_error
ATA,I,0.825,A,0.29453405280940265
ATC,I,-0.925,C,0.13464624040887424
ATT,I,0.893,T,0.1472503607542925
ACA,T,1.08,A,0.2714081819172984
ACC,T,-0.379,C,0.08373763843010461
ACG,T,0.195,G,0.08640380292632023
ACT,T,0.579,T,0.24686923197589408
AAC,N,-1.398,C,0.2771758951035909
AAT,N,1.398,T,0.2771758951035909
AAA,K,0.936,A,0.12296048201400477
AAG,K,-0.936,G,0.12296048201400477
AGC,S,0.058,C,0.09883618354336784
AGT,S,1.031,T,0.2307955003735612
TCA,S,0.858,A,0.36304782466762486
TCC,S,-0.36,C,0.10930828370375023
TCG,S,-0.244,G,0.1252676700680591
TCT,S,0.88,T,0.31128515376202215
AGA,R,2.377,A,0.42777540944080983
AGG,R,1.217,G,0.1545058492655248
CGA,R,1.073,A,0.13549843987305182
CGC,R,-0.465,C,0.06166694632298036
CGG,R,-0.49,G,0.0659793121167403
CGT,R,0.828,T,0.10839059232108705
CTA,L,1.107,A,0.13573275889904218
CTC,L,-0.472,C,0.05319231824781549
CTG,L,-0.12,G,0.054363300101549515
CTT,L,0.416,T,0.08963662593868112
TTA,L,1.297,A,0.2059342751284564
TTG,L,0.26,G,0.07922510488200407
CCA,P,0.932,A,0.19569605552903474
CCC,P,-0.214,C,0.07717467792156472
CCG,P,-0.167,G,0.08014979943992426
CCT,P,0.631,T,0.13457933423634869
CAC,H,-0.67,C,0.20843715737622415
CAT,H,0.67,T,0.20843715737622415
CAA,Q,1.073,A,0.12739225760081677
CAG,Q,-1.073,G,0.12739225760081677
GTA,V,1.184,A,0.12116020006779742
GTC,V,-0.441,C,0.06956014059683889
GTG,V,-0.397,G,0.06086890963620171
GTT,V,1.266,T,0.12381996677160585
GCA,A,1.31,A,0.12659308683715711
GCC,A,-0.32,C,0.06035273724382883
GCG,A,-0.203,G,0.0589104537129249
GCT,A,0.677,T,0.11074489661875002
GAC,D,-0.636,C,0.12075555678946567
GAT,D,0.636,T,0.12075555678946567
GAA,E,1.091,A,0.0838641565180922
GAG,E,-1.091,G,0.0838641565180922
GGA,G,1.134,A,0.11364536203889539
GGC,G,-0.255,C,0.07050962606856541
GGG,G,-0.68,G,0.07293977167899085
GGT,G,1.103,T,0.11269410616865098
TTC,F,-0.574,C,0.11850189437946496
TTT,F,0.574,T,0.11850189437946496
TAC,Y,-0.669,C,0.21083324686176685
TAT,Y,0.669,T,0.21083324686176685
TGC,C,-0.577,C,0.3680445383365999
TGT,C,0.577,T,0.3680445383365999
