codon,amino_acid,Mariprofundus,third_nucl,standard_error
ATA,I,0.603,A,0.10021857892500578
ATC,I,-0.442,C,0.06700633863193664
ATT,I,0.156,T,0.06651470151783628
ACA,T,0.434,A,0.08623452482724314
ACC,T,-0.51,C,0.080849188509236
ACG,T,-0.039,G,0.10625737480240674
ACT,T,0.234,T,0.10209615721755956
AAC,N,-0.168,C,0.0911796780365922
AAT,N,0.168,T,0.0911796780365922
AAA,K,0.755,A,0.07650778623981537
AAG,K,-0.755,G,0.07650778623981537
AGC,S,-0.073,C,0.08137764710657491
AGT,S,0.368,T,0.08593705059655936
TCA,S,0.05,A,0.08542029584778808
TCC,S,-0.307,C,0.0873161501025791
TCG,S,-0.351,G,0.10263813863117645
TCT,S,0.275,T,0.10136102001338643
AGA,R,0.937,A,0.11629690395903622
AGG,R,-0.062,G,0.11812004438376528
CGA,R,0.723,A,0.12279004938283962
CGC,R,-0.496,C,0.0807786245198155
CGG,R,-0.176,G,0.1236310759113859
CGT,R,-0.255,T,0.08925137884040632
CTA,L,0.562,A,0.11420805985694088
CTC,L,-0.391,C,0.07881654600138532
CTG,L,-0.482,G,0.056043436404600015
CTT,L,-0.047,T,0.06896301407227844
TTA,L,1.25,A,0.11892598100742714
TTG,L,0.446,G,0.07889043590561803
CCA,P,0.331,A,0.10269828938611454
CCC,P,-0.115,C,0.1138470906308159
CCG,P,-0.432,G,0.09854195729565626
CCT,P,0.245,T,0.1031691267187736
CAC,H,-0.274,C,0.11499830325310431
CAT,H,0.274,T,0.1149983032531043
CAA,Q,1.008,A,0.11310261873613717
CAG,Q,-1.008,G,0.11310261873613717
GTA,V,0.36,A,0.08598472084839587
GTC,V,-0.359,C,0.08754892588695071
GTG,V,0.015,G,0.07141959681463055
GTT,V,-0.026,T,0.07520205033974359
GCA,A,0.328,A,0.06753159702673552
GCC,A,-0.451,C,0.07024231483222854
GCG,A,-0.214,G,0.08357916276389864
GCT,A,0.294,T,0.07391641116278416
GAC,D,-0.041,C,0.0859456839576438
GAT,D,0.041,T,0.0859456839576438
GAA,E,0.739,A,0.07469533448964383
GAG,E,-0.739,G,0.07469533448964383
GGA,G,0.511,A,0.09733978962514918
GGC,G,-0.073,C,0.07872922648631991
GGG,G,-0.129,G,0.111823044121009
GGT,G,-0.214,T,0.0841037423500011
TTC,F,-0.559,C,0.09014299648884758
TTT,F,0.559,T,0.09014299648884758
TAC,Y,-0.284,C,0.1226717440829598
TAT,Y,0.284,T,0.1226717440829598
TGC,C,-0.3,C,0.18203102342083144
TGT,C,0.3,T,0.18203102342083144
