codon,amino_acid,Marinicauda,third_nucl,standard_error
ATA,I,0.496,A,0.16947965377800323
ATC,I,-0.691,C,0.10052276511993047
ATT,I,0.719,T,0.11924340909807432
ACA,T,0.954,A,0.15755769263929884
ACC,T,0.071,C,0.0627904967469419
ACG,T,-0.428,G,0.06586962083755471
ACT,T,0.974,T,0.1883848897251806
AAC,N,-0.182,C,0.11183167474485667
AAT,N,0.182,T,0.11183167474485667
AAA,K,1.691,A,0.12712361355198817
AAG,K,-1.691,G,0.12712361355198817
AGC,S,0.069,C,0.06795607896473238
AGT,S,0.353,T,0.18545261887846903
TCA,S,1.18,A,0.20807611875639564
TCC,S,0.133,C,0.07028091645714545
TCG,S,-0.638,G,0.07305237071573123
TCT,S,1.059,T,0.21032496330935824
AGA,R,1.579,A,0.18917580100595885
AGG,R,-0.013,G,0.11685066065276095
CGA,R,1.221,A,0.1288430334650036
CGC,R,-0.386,C,0.054109076384914294
CGG,R,-0.482,G,0.07079198960903077
CGT,R,0.801,T,0.10288499570114931
CTA,L,0.206,A,0.21139277705661721
CTC,L,-0.025,C,0.04622599641234791
CTG,L,-0.501,G,0.04662203515931705
CTT,L,1.065,T,0.08523563994709739
TTA,L,0.679,A,0.4020374082860328
TTG,L,0.793,G,0.11893154568525656
CCA,P,1.042,A,0.21082988792918872
CCC,P,0.295,C,0.06604683592374236
CCG,P,-0.575,G,0.06537111432702886
CCT,P,0.815,T,0.14922470083012246
CAC,H,-0.177,C,0.11059781019449749
CAT,H,0.177,T,0.11059781019449749
CAA,Q,1.4,A,0.1554517747483325
CAG,Q,-1.4,G,0.1554517747483325
GTA,V,1.08,A,0.1914598574355503
GTC,V,-0.123,C,0.059217578018141794
GTG,V,-0.274,G,0.060528278446699876
GTT,V,1.008,T,0.11962538314338735
GCA,A,0.853,A,0.08628374282002578
GCC,A,0.071,C,0.041453959497510164
GCG,A,-0.535,G,0.043653920221346496
GCT,A,1.148,T,0.10591287558939569
GAC,D,-0.193,C,0.0686691685286586
GAT,D,0.193,T,0.0686691685286586
GAA,E,1.083,A,0.07007432971630974
GAG,E,-1.083,G,0.07007432971630974
GGA,G,1.027,A,0.09726886161408652
GGC,G,-0.492,C,0.06171882131930835
GGG,G,-0.199,G,0.0795224289939971
GGT,G,0.627,T,0.10735577132598069
TTC,F,-1.011,C,0.12036220048039875
TTT,F,1.011,T,0.12036220048039875
TAC,Y,0.068,C,0.11543415573581052
TAT,Y,-0.068,T,0.11543415573581052
TGC,C,-1.71,C,0.34178030514657287
TGT,C,1.71,T,0.34178030514657287
