codon,amino_acid,Marichromatium,third_nucl,standard_error
ATA,I,0.701,A,0.27247103891973173
ATC,I,-1.022,C,0.13418283707861703
ATT,I,1.074,T,0.1517379608203665
ACA,T,1.557,A,0.17755148094838852
ACC,T,-0.764,C,0.07469692493587528
ACG,T,0.178,G,0.08751967174700168
ACT,T,1.005,T,0.16232749125833862
AAC,N,-0.623,C,0.12084599782079607
AAT,N,0.623,T,0.12084599782079607
AAA,K,1.507,A,0.15061801358300006
AAG,K,-1.507,G,0.15061801358300006
AGC,S,-0.275,C,0.06812960034562163
AGT,S,0.445,T,0.12764118986360526
TCA,S,0.939,A,0.1618393154402044
TCC,S,0.554,C,0.08099357068692167
TCG,S,-0.696,G,0.07142248524267235
TCT,S,1.143,T,0.22195194244851163
AGA,R,2.09,A,0.19476231305070565
AGG,R,0.933,G,0.1733692206068507
CGA,R,1.001,A,0.09872999316312672
CGC,R,-0.54,C,0.05305555131281938
CGG,R,-0.486,G,0.07352060550025204
CGT,R,0.209,T,0.0672973519555147
CTA,L,0.656,A,0.1696658326448127
CTC,L,-0.171,C,0.04583286705735638
CTG,L,-0.272,G,0.04460891310891897
CTT,L,1.263,T,0.14380974883402883
TTA,L,1.473,A,0.3228611122946321
TTG,L,0.666,G,0.08391111301800869
CCA,P,1.109,A,0.1124152158820234
CCC,P,0.249,C,0.06347663418886189
CCG,P,-0.816,G,0.06265573848327988
CCT,P,0.812,T,0.14156502732618761
CAC,H,-0.166,C,0.10365746955406048
CAT,H,0.166,T,0.10365746955406048
CAA,Q,1.803,A,0.11877783395963058
CAG,Q,-1.803,G,0.11877783395963058
GTA,V,0.702,A,0.1530722427977208
GTC,V,-0.061,C,0.05945825204221106
GTG,V,-0.327,G,0.060629453717847115
GTT,V,1.481,T,0.15448029801343313
GCA,A,1.195,A,0.08651048413724598
GCC,A,-0.21,C,0.04742407349098415
GCG,A,-0.392,G,0.0511257901051012
GCT,A,0.81,T,0.10991035507912401
GAC,D,-0.457,C,0.06911190965437687
GAT,D,0.457,T,0.06911190965437687
GAA,E,1.498,A,0.08014462218144842
GAG,E,-1.498,G,0.08014462218144842
GGA,G,0.925,A,0.1092468595279886
GGC,G,-0.43,C,0.0641469599510604
GGG,G,-0.072,G,0.07956712985994596
GGT,G,0.272,T,0.08086105427215191
TTC,F,-1.179,C,0.15579769139124286
TTT,F,1.179,T,0.1557976913912429
TAC,Y,-0.009,C,0.11293486797721128
TAT,Y,0.009,T,0.11293486797721128
TGC,C,-0.24,C,0.17243174564626998
TGT,C,0.24,T,0.17243174564627
