codon,amino_acid,Marinobacterium,third_nucl,standard_error
ATA,I,0.69,A,0.08104380215546834
ATC,I,-0.488,C,0.05385410987989739
ATT,I,0.18,T,0.056264261467292166
ACA,T,1.03,A,0.08334197768202357
ACC,T,-0.748,C,0.056992973331025695
ACG,T,-0.2,G,0.07119512328236263
ACT,T,0.736,T,0.08969128663256341
AAC,N,-0.27,C,0.07156796139489618
AAT,N,0.27,T,0.07156796139489618
AAA,K,1.197,A,0.0665458848756073
AAG,K,-1.197,G,0.0665458848756073
AGC,S,-0.3,C,0.05437356509001461
AGT,S,0.35,T,0.07476968944121745
TCA,S,0.721,A,0.0955407641007199
TCC,S,-0.129,C,0.06431193154811934
TCG,S,-0.536,G,0.07394794305796111
TCT,S,0.694,T,0.09798107660442355
AGA,R,1.481,A,0.1261118155962655
AGG,R,0.323,G,0.11184925449794814
CGA,R,1.302,A,0.10788011892299651
CGC,R,-0.569,C,0.05289170043622764
CGG,R,-0.457,G,0.07580245302971197
CGT,R,0.046,T,0.06437857311416709
CTA,L,0.912,A,0.11098011886499722
CTC,L,0.094,C,0.05517648365073586
CTG,L,-0.927,G,0.039567700343170406
CTT,L,0.722,T,0.06839127548741221
TTA,L,1.618,A,0.13265335773087983
TTG,L,0.78,G,0.06439696328127392
CCA,P,0.736,A,0.09423201808045384
CCC,P,0.024,C,0.06307020702230803
CCG,P,-0.606,G,0.0634051859429152
CCT,P,0.471,T,0.08913286021042824
CAC,H,0.005,C,0.08916621380488583
CAT,H,-0.005,T,0.08916621380488583
CAA,Q,1.337,A,0.08077053522969396
CAG,Q,-1.337,G,0.08077053522969396
GTA,V,0.72,A,0.0715896769826061
GTC,V,-0.167,C,0.058646330867475685
GTG,V,-0.655,G,0.05298813669209304
GTT,V,0.641,T,0.06728903860026751
GCA,A,0.778,A,0.05797573219987473
GCC,A,-0.481,C,0.044553480470061343
GCG,A,-0.339,G,0.05113255217093601
GCT,A,0.618,T,0.06598032710223692
GAC,D,-0.022,C,0.05849071210655256
GAT,D,0.022,T,0.05849071210655255
GAA,E,0.639,A,0.06195655937546011
GAG,E,-0.639,G,0.061956559375460116
GGA,G,1.103,A,0.09572269821785634
GGC,G,-0.435,C,0.056114759422546026
GGG,G,-0.088,G,0.08117810626915818
GGT,G,0.132,T,0.06382629015095163
TTC,F,-0.36,C,0.06820839378448096
TTT,F,0.36,T,0.06820839378448096
TAC,Y,-0.173,C,0.08564396616797956
TAT,Y,0.173,T,0.08564396616797956
TGC,C,-0.238,C,0.13371684305150897
TGT,C,0.238,T,0.13371684305150897
