codon,amino_acid,Marinomonas,third_nucl,standard_error
ATA,I,0.512,A,0.06450085649435207
ATC,I,-0.338,C,0.05666232446618731
ATT,I,-0.058,T,0.05134518075550346
ACA,T,0.199,A,0.06077209306572643
ACC,T,-0.046,C,0.06666391720608411
ACG,T,-0.469,G,0.06478217555773261
ACT,T,0.295,T,0.06606016676280721
AAC,N,-0.183,C,0.06290595729861366
AAT,N,0.183,T,0.06290595729861366
AAA,K,0.131,A,0.05824947795004102
AAG,K,-0.131,G,0.05824947795004102
AGC,S,-0.17,C,0.06434321823415895
AGT,S,0.196,T,0.06145332845837559
TCA,S,0.303,A,0.0619344570035668
TCC,S,-0.105,C,0.0820687199813108
TCG,S,-0.283,G,0.07222192528855231
TCT,S,-0.069,T,0.05670109877477915
AGA,R,0.509,A,0.0835398835021216
AGG,R,0.124,G,0.13058624668017516
CGA,R,-0.042,A,0.07840027564272141
CGC,R,-0.13,C,0.07719947667326246
CGG,R,-0.087,G,0.14093038730664495
CGT,R,-0.227,T,0.06896067618639616
CTA,L,0.068,A,0.05894276188799576
CTC,L,-0.062,C,0.07295346772561748
CTG,L,-0.244,G,0.06588306404467334
CTT,L,-0.082,T,0.0524612907264719
TTA,L,0.327,A,0.04654039525756123
TTG,L,-0.185,G,0.049827622709263684
CCA,P,0.121,A,0.07487605801452578
CCC,P,0.22,C,0.09913793704003683
CCG,P,-0.212,G,0.09406664617101881
CCT,P,-0.109,T,0.07455400715301626
CAC,H,0.115,C,0.09246237342093175
CAT,H,-0.115,T,0.09246237342093173
CAA,Q,0.058,A,0.07173724290860882
CAG,Q,-0.058,G,0.07173724290860882
GTA,V,0.341,A,0.061705270683119075
GTC,V,-0.248,C,0.06722750669684571
GTG,V,0.107,G,0.06018784149835053
GTT,V,-0.189,T,0.05430160888180441
GCA,A,0.286,A,0.05612594117711684
GCC,A,-0.086,C,0.06846571741666051
GCG,A,-0.254,G,0.059002380982512884
GCT,A,0.007,T,0.05869503205035161
GAC,D,-0.151,C,0.0627244322779234
GAT,D,0.151,T,0.0627244322779234
GAA,E,0.388,A,0.06401219192587965
GAG,E,-0.388,G,0.06401219192587965
GGA,G,0.237,A,0.08093875226084922
GGC,G,-0.249,C,0.0693266355727217
GGG,G,-0.202,G,0.09266710419952759
GGT,G,0.182,T,0.0658590279447737
TTC,F,-0.286,C,0.07236674947484205
TTT,F,0.286,T,0.07236674947484205
TAC,Y,-0.047,C,0.08343555278962976
TAT,Y,0.047,T,0.08343555278962975
TGC,C,-0.112,C,0.14530531504831817
TGT,C,0.112,T,0.14530531504831817
