codon,amino_acid,Maridesulfovibrio,third_nucl,standard_error
ATA,I,0.836,A,0.0691756357120814
ATC,I,-0.635,C,0.05358019608766023
ATT,I,0.083,T,0.0519991420621302
ACA,T,0.646,A,0.07195830171121029
ACC,T,-0.692,C,0.06448818940975325
ACG,T,0.106,G,0.13668544219798517
ACT,T,0.161,T,0.06708375886793394
AAC,N,-0.508,C,0.06857447579138835
AAT,N,0.508,T,0.06857447579138835
AAA,K,0.652,A,0.05277408876056286
AAG,K,-0.652,G,0.05277408876056286
AGC,S,0.004,C,0.0688195949282446
AGT,S,0.431,T,0.07585070400983868
TCA,S,0.391,A,0.07215066719950065
TCC,S,-0.631,C,0.065003291067912
TCG,S,0.026,G,0.11913985352853909
TCT,S,-0.02,T,0.07283168057858568
AGA,R,1.309,A,0.0804434191693523
AGG,R,0.178,G,0.10247897512836703
CGA,R,0.34,A,0.1246099853426129
CGC,R,-0.756,C,0.07813807240394079
CGG,R,-0.278,G,0.1101054906405872
CGT,R,-0.602,T,0.07717356160536754
CTA,L,0.502,A,0.10533819494419427
CTC,L,-0.25,C,0.06187081840374379
CTG,L,-0.578,G,0.050549150855177034
CTT,L,-0.172,T,0.049676273347409004
TTA,L,1.083,A,0.07801412540094019
TTG,L,0.404,G,0.061265728089753245
CCA,P,0.963,A,0.11362421337081768
CCC,P,-0.08,C,0.08207759038452557
CCG,P,-0.418,G,0.08213216887890837
CCT,P,-0.021,T,0.08083701704325578
CAC,H,-0.063,C,0.10994816071064682
CAT,H,0.063,T,0.10994816071064684
CAA,Q,1.036,A,0.0887437420173906
CAG,Q,-1.036,G,0.0887437420173906
GTA,V,0.462,A,0.06573958076994282
GTC,V,-0.404,C,0.07500038829410871
GTG,V,0.052,G,0.06824152996354013
GTT,V,-0.151,T,0.057662808700692715
GCA,A,0.459,A,0.058740365143616524
GCC,A,-0.46,C,0.06240491528807393
GCG,A,0.14,G,0.0822603113485168
GCT,A,-0.104,T,0.05820478414372442
GAC,D,-0.044,C,0.06576021749853006
GAT,D,0.044,T,0.06576021749853006
GAA,E,0.56,A,0.06932270164007877
GAG,E,-0.56,G,0.06932270164007878
GGA,G,0.274,A,0.06484709076799193
GGC,G,-0.203,C,0.0699307091586099
GGG,G,-0.205,G,0.09493045961077794
GGT,G,0.005,T,0.0654170577210857
TTC,F,-0.365,C,0.06631004947468233
TTT,F,0.365,T,0.06631004947468233
TAC,Y,-0.37,C,0.086731977212126
TAT,Y,0.37,T,0.086731977212126
TGC,C,-0.551,C,0.12968301756219733
TGT,C,0.551,T,0.12968301756219733
