codon,amino_acid,Marmoricola,third_nucl,standard_error
ATA,I,-0.676,A,0.6914446344381023
ATC,I,-0.613,C,0.33478065464983087
ATT,I,1.105,T,0.420623907024392
ACA,T,1.429,A,0.278079392989122
ACC,T,-0.142,C,0.055747325396985854
ACG,T,-0.08,G,0.05739259754169487
ACT,T,1.915,T,0.30289957415086766
AAC,N,-1.323,C,0.5200673232964348
AAT,N,1.323,T,0.5200673232964348
AAA,K,1.133,A,0.47788057770581477
AAG,K,-1.133,G,0.47788057770581477
AGC,S,0.555,C,0.05955784811845518
AGT,S,1.22,T,0.25882829573222826
TCA,S,1.156,A,0.2469882166386916
TCC,S,0.151,C,0.06212239811476394
TCG,S,-1.076,G,0.06313365326473837
TCT,S,1.395,T,0.30010755264989397
AGA,R,2.663,A,0.517815907089168
AGG,R,1.355,G,0.14867364217168877
CGA,R,1.516,A,0.13237594739506592
CGC,R,-0.423,C,0.048819052317872244
CGG,R,-0.506,G,0.055137992691767404
CGT,R,1.062,T,0.0997846897659653
CTA,L,0.425,A,0.45002754721630994
CTC,L,0.212,C,0.045565103508700175
CTG,L,-0.354,G,0.045241169593391
CTT,L,0.85,T,0.23548644696970844
TTA,L,0.223,A,2.0001257994019426
TTG,L,1.468,G,0.18852664277406594
CCA,P,1.263,A,0.2005820141665778
CCC,P,0.274,C,0.053370302583273625
CCG,P,-0.611,G,0.05407437096735015
CCT,P,1.541,T,0.1880569303918811
CAC,H,-1.063,C,0.37698204988654094
CAT,H,1.063,T,0.37698204988654094
CAA,Q,1.329,A,0.320341108995698
CAG,Q,-1.329,G,0.320341108995698
GTA,V,1.428,A,0.32040172187432825
GTC,V,-0.558,C,0.0430336996147896
GTG,V,0.481,G,0.04287847442201553
GTT,V,1.735,T,0.3606737020201659
GCA,A,1.972,A,0.1248916122041893
GCC,A,-0.178,C,0.04100369011762852
GCG,A,-0.421,G,0.04373034951916911
GCT,A,1.596,T,0.12788487750927344
GAC,D,-1.38,C,0.17586236841328
GAT,D,1.38,T,0.17586236841328
GAA,E,1.584,A,0.16537579942789396
GAG,E,-1.584,G,0.16537579942789396
GGA,G,1.569,A,0.1132030644467816
GGC,G,-0.841,C,0.05466473114909388
GGG,G,0.161,G,0.06558964686333763
GGT,G,0.794,T,0.08796163064671778
TTC,F,-1.838,C,0.5023699764392915
TTT,F,1.838,T,0.5023699764392915
TAC,Y,-1.73,C,0.5750359666066798
TAT,Y,1.73,T,0.5750359666066798
TGC,C,-2.019,C,0.4768152289919694
TGT,C,2.019,T,0.47681522899196943
