codon,amino_acid,Marvinbryantia,third_nucl,standard_error
ATA,I,0.795,A,0.06270482807496285
ATC,I,-0.792,C,0.0550332485766752
ATT,I,0.126,T,0.04930040539748188
ACA,T,0.987,A,0.062409304172618016
ACC,T,-0.799,C,0.07365326369178898
ACG,T,-0.608,G,0.06492241333681265
ACT,T,0.333,T,0.09539198933372196
AAC,N,-0.293,C,0.06579191569696201
AAT,N,0.293,T,0.06579191569696201
AAA,K,0.758,A,0.04869865372824884
AAG,K,-0.758,G,0.04869865372824884
AGC,S,-0.207,C,0.06842526018168837
AGT,S,0.855,T,0.08356909070480134
TCA,S,0.987,A,0.09038680030257183
TCC,S,-1.113,C,0.08422741181239861
TCG,S,-0.247,G,0.09532773035152818
TCT,S,-0.005,T,0.09174996335194176
AGA,R,1.307,A,0.06722699943266316
AGG,R,0.048,G,0.0854139097178949
CGA,R,0.699,A,0.15142365754964074
CGC,R,-1.174,C,0.07991024546305957
CGG,R,-0.552,G,0.07207280862490892
CGT,R,-0.385,T,0.08964945708369287
CTA,L,0.696,A,0.15757886910563837
CTC,L,-0.807,C,0.09208702801059139
CTG,L,-0.847,G,0.04614786151087281
CTT,L,-0.337,T,0.058458399640541434
TTA,L,1.547,A,0.07030860939708838
TTG,L,1.017,G,0.07509744951729318
CCA,P,1.013,A,0.11959168512188646
CCC,P,0.01,C,0.1282599495610364
CCG,P,-0.734,G,0.08721682903514773
CCT,P,0.45,T,0.13239069432224315
CAC,H,-0.158,C,0.11527276130343231
CAT,H,0.158,T,0.11527276130343231
CAA,Q,1.102,A,0.10977388115638584
CAG,Q,-1.102,G,0.10977388115638584
GTA,V,0.714,A,0.061274086201066995
GTC,V,-0.599,C,0.0810527988836187
GTG,V,-0.381,G,0.05711603435474942
GTT,V,0.09,T,0.06619488726696966
GCA,A,0.835,A,0.0547534130656032
GCC,A,-0.726,C,0.07945682099217609
GCG,A,-0.547,G,0.055350513482116635
GCT,A,0.18,T,0.0794343257367413
GAC,D,-0.482,C,0.06507013607517402
GAT,D,0.482,T,0.06507013607517402
GAA,E,0.856,A,0.052257519820514756
GAG,E,-0.856,G,0.052257519820514756
GGA,G,0.538,A,0.05816561299082565
GGC,G,-0.522,C,0.06463552784551858
GGG,G,-0.169,G,0.07780703381032013
GGT,G,-0.002,T,0.07963389688018284
TTC,F,-0.854,C,0.08466106014406242
TTT,F,0.854,T,0.08466106014406242
TAC,Y,-0.387,C,0.07483616683715673
TAT,Y,0.387,T,0.07483616683715673
TGC,C,-0.615,C,0.1217393025711734
TGT,C,0.615,T,0.1217393025711734
