codon,amino_acid,Massilia,third_nucl,standard_error
ATA,I,0.948,A,0.126204538456802
ATC,I,-0.763,C,0.053944857923758714
ATT,I,0.632,T,0.056712151092635665
ACA,T,1.507,A,0.08967124891952113
ACC,T,-0.408,C,0.044704735191332334
ACG,T,-0.545,G,0.0499150095266222
ACT,T,1.079,T,0.09212630502691847
AAC,N,-0.498,C,0.06275201668810729
AAT,N,0.498,T,0.06275201668810729
AAA,K,1.409,A,0.055928918467423636
AAG,K,-1.409,G,0.055928918467423636
AGC,S,-0.306,C,0.0458136121570368
AGT,S,0.589,T,0.08896417048814673
TCA,S,1.388,A,0.11051427399042436
TCC,S,0.66,C,0.05592277299211617
TCG,S,-1.04,G,0.050604433995160646
TCT,S,1.449,T,0.13568630349075458
AGA,R,1.95,A,0.162891744125732
AGG,R,0.342,G,0.1124320292975026
CGA,R,1.392,A,0.11572303808579869
CGC,R,-0.815,C,0.04507352731327712
CGG,R,-0.201,G,0.06575376902734577
CGT,R,0.748,T,0.06539031997473291
CTA,L,1.242,A,0.13500213132514527
CTC,L,0.234,C,0.04153384348017606
CTG,L,-1.02,G,0.034307045224041814
CTT,L,1.12,T,0.07108501029114296
TTA,L,1.766,A,0.12347482681463026
TTG,L,0.571,G,0.05067219301656563
CCA,P,0.896,A,0.07525604346221634
CCC,P,0.479,C,0.05318850534621979
CCG,P,-1.149,G,0.04913328906311223
CCT,P,0.989,T,0.08573035939633855
CAC,H,-0.17,C,0.07345797988685761
CAT,H,0.17,T,0.07345797988685761
CAA,Q,1.458,A,0.06463287846516443
CAG,Q,-1.458,G,0.06463287846516443
GTA,V,1.097,A,0.08053961884117625
GTC,V,0.053,C,0.04525616164888764
GTG,V,-0.86,G,0.044711501622804586
GTT,V,1.159,T,0.07292703496975807
GCA,A,1.167,A,0.05134372754733885
GCC,A,-0.212,C,0.03285744408639625
GCG,A,-0.629,G,0.035634938939207
GCT,A,0.831,T,0.06236774333547251
GAC,D,-0.355,C,0.05233632592088686
GAT,D,0.355,T,0.05233632592088686
GAA,E,0.593,A,0.05646173169886675
GAG,E,-0.593,G,0.05646173169886675
GGA,G,1.01,A,0.0811376209493578
GGC,G,-0.65,C,0.050208509943983036
GGG,G,-0.058,G,0.07554428287217604
GGT,G,0.604,T,0.07047654586610855
TTC,F,-0.768,C,0.061567401990392366
TTT,F,0.768,T,0.061567401990392366
TAC,Y,-0.283,C,0.08110933138050813
TAT,Y,0.283,T,0.08110933138050813
TGC,C,-0.836,C,0.15305960013388528
TGT,C,0.836,T,0.15305960013388528
