codon,amino_acid,Megamonas,third_nucl,standard_error
ATA,I,0.391,A,0.06450121614694031
ATC,I,-0.835,C,0.08452242850950206
ATT,I,0.1,T,0.06000018463660244
ACA,T,0.043,A,0.08315557413902518
ACC,T,0.585,C,0.2170808292494421
ACG,T,0.391,G,0.189105447246524
ACT,T,-0.214,T,0.08448866461376703
AAC,N,0.131,C,0.11971594765789126
AAT,N,-0.131,T,0.11971594765789127
AAA,K,-0.456,A,0.09799731583096566
AAG,K,0.456,G,0.09799731583096566
AGC,S,-0.219,C,0.1373081009760377
AGT,S,0.153,T,0.08903815469193131
TCA,S,0.61,A,0.10349206710758325
TCC,S,-0.346,C,0.16232380343479427
TCG,S,0.469,G,0.2607579438429124
TCT,S,-0.456,T,0.08774137460953563
AGA,R,0.796,A,0.10408990607366549
AGG,R,0.777,G,0.3434241743317779
CGA,R,0.402,A,0.19895039456365515
CGC,R,-0.649,C,0.1502079603670201
CGG,R,1.17,G,0.8180289805358273
CGT,R,-0.706,T,0.1059245541842585
CTA,L,0.053,A,0.11752585525089874
CTC,L,-0.429,C,0.17091779702133422
CTG,L,0.272,G,0.2901775308006649
CTT,L,-0.486,T,0.08641943083707528
TTA,L,0.124,A,0.05969962320198869
TTG,L,0.248,G,0.08020364759158513
CCA,P,-0.149,A,0.12249102958130607
CCC,P,0.893,C,0.3238948806704711
CCG,P,0.177,G,0.2979760298646145
CCT,P,-0.006,T,0.1227841952133475
CAC,H,0.3,C,0.24282447252583858
CAT,H,-0.3,T,0.24282447252583855
CAA,Q,0.229,A,0.12896468185674045
CAG,Q,-0.229,G,0.12896468185674045
GTA,V,-0.353,A,0.07500853953345213
GTC,V,-0.061,C,0.16932865263053512
GTG,V,0.825,G,0.1131716767696799
GTT,V,-0.019,T,0.07897605478933378
GCA,A,0.484,A,0.0800868430250165
GCC,A,0.13,C,0.16260671887774106
GCG,A,0.466,G,0.17676809053310624
GCT,A,-0.585,T,0.07909891244894333
GAC,D,0.275,C,0.12788889304544573
GAT,D,-0.275,T,0.12788889304544576
GAA,E,-0.037,A,0.13040337689282566
GAG,E,0.037,G,0.13040337689282566
GGA,G,0.642,A,0.09825819468399395
GGC,G,-0.352,C,0.11367317979440238
GGG,G,0.601,G,0.21890004841025912
GGT,G,-0.362,T,0.08538307353797348
TTC,F,-0.923,C,0.12362349691816436
TTT,F,0.923,T,0.12362349691816436
TAC,Y,0.373,C,0.15723162866883972
TAT,Y,-0.373,T,0.15723162866883972
TGC,C,-0.591,C,0.19194487589272372
TGT,C,0.591,T,0.19194487589272372
