codon,amino_acid,Megasphaera,third_nucl,standard_error
ATA,I,0.814,A,0.07859087698964856
ATC,I,-0.855,C,0.0630784865147578
ATT,I,0.288,T,0.06146678439650319
ACA,T,0.697,A,0.07794421189264066
ACC,T,-0.449,C,0.08640449284894088
ACG,T,-0.499,G,0.07402031163289337
ACT,T,0.35,T,0.10238434021243124
AAC,N,-0.099,C,0.08908901888718672
AAT,N,0.099,T,0.08908901888718672
AAA,K,0.544,A,0.06841718073553878
AAG,K,-0.544,G,0.06841718073553878
AGC,S,-0.373,C,0.09449365030435326
AGT,S,0.524,T,0.09452549227639637
TCA,S,0.735,A,0.11552707069826854
TCC,S,-0.772,C,0.10141993397420881
TCG,S,-0.125,G,0.11622527426338147
TCT,S,0.152,T,0.09922320020382752
AGA,R,1.614,A,0.12508843373877948
AGG,R,0.238,G,0.15945034944235198
CGA,R,1.34,A,0.16347201788161234
CGC,R,-0.744,C,0.08740156132698809
CGG,R,-0.745,G,0.08973813597692316
CGT,R,0.008,T,0.08939240517108221
CTA,L,0.574,A,0.16374121743965442
CTC,L,-0.74,C,0.0809157926982311
CTG,L,-0.958,G,0.05981939510045763
CTT,L,-0.047,T,0.08622302850037837
TTA,L,1.546,A,0.08614264682018914
TTG,L,0.719,G,0.07957689308412508
CCA,P,0.905,A,0.12627255675286675
CCC,P,-0.371,C,0.1147862567776286
CCG,P,-0.302,G,0.09843016972765316
CCT,P,0.057,T,0.11711301740199134
CAC,H,-0.542,C,0.12109879369596405
CAT,H,0.542,T,0.12109879369596405
CAA,Q,1.467,A,0.10482324003117963
CAG,Q,-1.467,G,0.10482324003117963
GTA,V,0.601,A,0.0702049832210422
GTC,V,-0.997,C,0.07318813814230712
GTG,V,0.425,G,0.08422333014139184
GTT,V,0.11,T,0.08457164049204516
GCA,A,0.822,A,0.0701846853071458
GCC,A,-0.685,C,0.06921936701790607
GCG,A,-0.266,G,0.09469268005202905
GCT,A,0.076,T,0.07313569785568606
GAC,D,-0.384,C,0.0781268482867713
GAT,D,0.384,T,0.0781268482867713
GAA,E,0.112,A,0.10052760490552248
GAG,E,-0.112,G,0.10052760490552248
GGA,G,0.361,A,0.07935879795208955
GGC,G,-0.52,C,0.07501974799088745
GGG,G,-0.175,G,0.10269195515970937
GGT,G,0.395,T,0.0833012129592174
TTC,F,-0.757,C,0.09187735778436676
TTT,F,0.757,T,0.09187735778436676
TAC,Y,-0.213,C,0.09505744739242353
TAT,Y,0.213,T,0.09505744739242353
TGC,C,-0.559,C,0.14656549146889766
TGT,C,0.559,T,0.14656549146889766
