codon,amino_acid,Megalodesulfovibrio,third_nucl,standard_error
ATA,I,1.077,A,0.20275280714139277
ATC,I,-0.746,C,0.07644546991706375
ATT,I,0.608,T,0.07903890770521402
ACA,T,0.882,A,0.11668638526490639
ACC,T,-0.41,C,0.06381035532217379
ACG,T,-0.25,G,0.07047903323365605
ACT,T,1.186,T,0.13727158772953513
AAC,N,-0.46,C,0.102162017301627
AAT,N,0.46,T,0.102162017301627
AAA,K,1.131,A,0.08372069468897862
AAG,K,-1.131,G,0.08372069468897862
AGC,S,-0.395,C,0.07189709837089046
AGT,S,0.309,T,0.15105253251618964
TCA,S,1.094,A,0.188781814099118
TCC,S,-0.077,C,0.06471633190992614
TCG,S,-0.192,G,0.09230877819071644
TCT,S,0.839,T,0.12393111487057495
AGA,R,1.427,A,0.18523944297545705
AGG,R,0.14,G,0.1417938779162909
CGA,R,1.076,A,0.12599484192627744
CGC,R,-0.284,C,0.057481036738822294
CGG,R,-0.789,G,0.07097007319899425
CGT,R,0.933,T,0.09498314944060125
CTA,L,1.072,A,0.2676769388059183
CTC,L,0.457,C,0.05676717310432728
CTG,L,-1.071,G,0.04648405903106932
CTT,L,1.016,T,0.08242675767980565
TTA,L,0.743,A,0.2806643682357209
TTG,L,0.783,G,0.06835985363312778
CCA,P,0.625,A,0.11561177339625918
CCC,P,-0.008,C,0.061630680104510074
CCG,P,-0.67,G,0.06606549280776912
CCT,P,1.023,T,0.10578342286203773
CAC,H,-0.044,C,0.09472693362706913
CAT,H,0.044,T,0.09472693362706913
CAA,Q,1.212,A,0.09771316481715904
CAG,Q,-1.212,G,0.09771316481715904
GTA,V,0.846,A,0.1570438064269985
GTC,V,0.422,C,0.06323586327902085
GTG,V,-0.968,G,0.05927132264182037
GTT,V,1.573,T,0.11925707145000078
GCA,A,1.111,A,0.08038353576679975
GCC,A,-0.702,C,0.047780469920946096
GCG,A,-0.02,G,0.05709423730475171
GCT,A,0.958,T,0.08967332734408054
GAC,D,-0.409,C,0.07077563746199607
GAT,D,0.409,T,0.07077563746199607
GAA,E,0.561,A,0.07090808293349879
GAG,E,-0.561,G,0.07090808293349878
GGA,G,0.937,A,0.11034676811855222
GGC,G,-0.479,C,0.06613544310257917
GGG,G,-0.154,G,0.08445580333863419
GGT,G,0.682,T,0.11049284650379727
TTC,F,-0.411,C,0.08269563121421646
TTT,F,0.411,T,0.08269563121421646
TAC,Y,-0.363,C,0.11092336677915834
TAT,Y,0.363,T,0.11092336677915833
TGC,C,-1.028,C,0.16295893029300806
TGT,C,1.028,T,0.16295893029300804
