codon,amino_acid,Meiothermus,third_nucl,standard_error
ATA,I,0.722,A,0.13020173469609528
ATC,I,-0.533,C,0.07252334668913435
ATT,I,0.32,T,0.07589125047451177
ACA,T,0.98,A,0.1542874598660612
ACC,T,-0.566,C,0.0825121021941888
ACG,T,0.046,G,0.10602827763592279
ACT,T,0.753,T,0.1572642696052783
AAC,N,-0.666,C,0.13031315407798813
AAT,N,0.666,T,0.13031315407798813
AAA,K,0.659,A,0.07839392645115877
AAG,K,-0.659,G,0.07839392645115877
AGC,S,-0.286,C,0.0721515831247035
AGT,S,0.975,T,0.14460375065694606
TCA,S,0.556,A,0.16445837310447795
TCC,S,0.044,C,0.08764833142388255
TCG,S,-0.483,G,0.08663354853280456
TCT,S,0.938,T,0.16047403034730437
AGA,R,1.612,A,0.16410592230924617
AGG,R,0.415,G,0.10998039392452388
CGA,R,1.2,A,0.11610433102639257
CGC,R,-0.396,C,0.05729767001625928
CGG,R,-0.905,G,0.06952463366305418
CGT,R,0.846,T,0.0966622145540665
CTA,L,0.867,A,0.09184981457252644
CTC,L,-0.09,C,0.05235296005938688
CTG,L,-0.775,G,0.04316574012448307
CTT,L,0.712,T,0.07751420007396258
TTA,L,1.032,A,0.14764030996083585
TTG,L,0.618,G,0.06450873581020232
CCA,P,0.631,A,0.11268073287653904
CCC,P,-0.329,C,0.06529003531821977
CCG,P,-0.352,G,0.07791782921822754
CCT,P,0.791,T,0.0984074961044457
CAC,H,-0.461,C,0.13366500822147384
CAT,H,0.461,T,0.13366500822147384
CAA,Q,1.532,A,0.09553164314158008
CAG,Q,-1.532,G,0.09553164314158008
GTA,V,0.502,A,0.08639408766173894
GTC,V,-0.112,C,0.07408833576504865
GTG,V,-0.638,G,0.05601398440050504
GTT,V,0.911,T,0.07939725116476484
GCA,A,1.242,A,0.09095241850032705
GCC,A,-0.716,C,0.05292995703794554
GCG,A,-0.059,G,0.0645005168192732
GCT,A,0.625,T,0.07672652270164497
GAC,D,-0.202,C,0.0858579725985275
GAT,D,0.202,T,0.0858579725985275
GAA,E,1.066,A,0.0690909315054311
GAG,E,-1.066,G,0.0690909315054311
GGA,G,1.221,A,0.10244455064493779
GGC,G,-0.431,C,0.06263803244622333
GGG,G,-0.537,G,0.0724866238542844
GGT,G,0.656,T,0.08203170648558832
TTC,F,-0.368,C,0.08401513230941762
TTT,F,0.368,T,0.08401513230941762
TAC,Y,-0.576,C,0.11448350985835039
TAT,Y,0.576,T,0.11448350985835039
TGC,C,-0.678,C,0.24022865045619157
TGT,C,0.678,T,0.24022865045619157
