codon,amino_acid,Melaminivora,third_nucl,standard_error
ATA,I,0.794,A,0.22288013212541613
ATC,I,-0.857,C,0.10769870676337799
ATT,I,0.818,T,0.11926550540293764
ACA,T,0.937,A,0.1589712249788784
ACC,T,0.491,C,0.06246140039531413
ACG,T,-1.07,G,0.06886320262099876
ACT,T,0.937,T,0.13914111769749535
AAC,N,-0.56,C,0.12841746011966812
AAT,N,0.56,T,0.12841746011966812
AAA,K,1.556,A,0.10256907424069489
AAG,K,-1.556,G,0.10256907424069489
AGC,S,-0.615,C,0.06269162319941546
AGT,S,0.68,T,0.17541040412518732
TCA,S,0.646,A,0.20236706072382507
TCC,S,0.966,C,0.07288516811909312
TCG,S,-0.914,G,0.0733523931027973
TCT,S,1.813,T,0.2047381198533405
AGA,R,1.533,A,0.25945231475935576
AGG,R,0.817,G,0.17944290182312528
CGA,R,1.447,A,0.1668018940978775
CGC,R,-0.448,C,0.06178456910621753
CGG,R,-0.517,G,0.08926770170337318
CGT,R,0.648,T,0.10381655639424969
CTA,L,0.701,A,0.20923038120081988
CTC,L,0.995,C,0.06437006366009461
CTG,L,-1.249,G,0.050354139561308645
CTT,L,1.545,T,0.12206170914272044
TTA,L,0.89,A,0.31973134983316476
TTG,L,0.626,G,0.07948095006508873
CCA,P,0.652,A,0.12055983342433729
CCC,P,0.589,C,0.05962294018990196
CCG,P,-1.121,G,0.06190791314879428
CCT,P,0.882,T,0.11096295897215777
CAC,H,-0.534,C,0.11268760814046619
CAT,H,0.534,T,0.1126876081404662
CAA,Q,1.353,A,0.08432106093252544
CAG,Q,-1.353,G,0.08432106093252544
GTA,V,0.808,A,0.16284521061774138
GTC,V,0.576,C,0.06190843778225764
GTG,V,-1.045,G,0.061744740950913396
GTT,V,1.613,T,0.1388781559750085
GCA,A,0.881,A,0.07623977826564891
GCC,A,0.168,C,0.04136447660704191
GCG,A,-0.829,G,0.046831323262626096
GCT,A,0.959,T,0.08747552049035841
GAC,D,-0.175,C,0.07919630770524508
GAT,D,0.175,T,0.07919630770524506
GAA,E,1.479,A,0.07725161553989768
GAG,E,-1.479,G,0.07725161553989768
GGA,G,1.09,A,0.1461316627623664
GGC,G,-0.387,C,0.07699834946454732
GGG,G,-0.191,G,0.11352454787005263
GGT,G,0.455,T,0.12046349890070329
TTC,F,-0.312,C,0.09405197716653484
TTT,F,0.312,T,0.09405197716653482
TAC,Y,-0.224,C,0.1363673625169086
TAT,Y,0.224,T,0.1363673625169086
TGC,C,-1.064,C,0.2658765793280478
TGT,C,1.064,T,0.2658765793280478
