codon,amino_acid,Melioribacter,third_nucl,standard_error
ATA,I,0.499,A,0.05495099037981171
ATC,I,-0.367,C,0.060512432437273396
ATT,I,-0.185,T,0.051435106897536144
ACA,T,0.641,A,0.08248264527083025
ACC,T,-0.192,C,0.09199609679877428
ACG,T,-0.375,G,0.08696683044280694
ACT,T,-0.18,T,0.08892854055052954
AAC,N,-0.126,C,0.0700822662960406
AAT,N,0.126,T,0.0700822662960406
AAA,K,0.172,A,0.06505838845989499
AAG,K,-0.172,G,0.06505838845989499
AGC,S,-0.021,C,0.08598112500125868
AGT,S,0.331,T,0.10550796044032812
TCA,S,0.586,A,0.0985489419365266
TCC,S,-0.116,C,0.09463483325476565
TCG,S,-0.469,G,0.0765445682557861
TCT,S,0.063,T,0.09704338524209831
AGA,R,0.599,A,0.08137854126341106
AGG,R,-0.022,G,0.1243504433380549
CGA,R,0.042,A,0.1282890970992366
CGC,R,-0.72,C,0.1261610125380797
CGG,R,-0.63,G,0.15548022996151634
CGT,R,-0.23,T,0.11901028846148427
CTA,L,0.494,A,0.11433222122392807
CTC,L,-0.783,C,0.07075999287112937
CTG,L,-0.346,G,0.0682739595353886
CTT,L,-0.216,T,0.0659692051713386
TTA,L,0.835,A,0.060303351034285316
TTG,L,-0.017,G,0.05805039726492303
CCA,P,1.181,A,0.16394012274408445
CCC,P,-0.256,C,0.11087097549583527
CCG,P,-0.193,G,0.09637059641547414
CCT,P,-0.055,T,0.11314732189296703
CAC,H,-0.562,C,0.15309519811940064
CAT,H,0.562,T,0.15309519811940064
CAA,Q,0.815,A,0.11496863552520784
CAG,Q,-0.815,G,0.11496863552520784
GTA,V,0.459,A,0.07303341807475569
GTC,V,-0.462,C,0.08890752365710157
GTG,V,-0.11,G,0.09134402478178977
GTT,V,-0.064,T,0.07147740825768803
GCA,A,0.473,A,0.07923519200304958
GCC,A,-0.51,C,0.08785811947614072
GCG,A,-0.065,G,0.08194659679656507
GCT,A,0.029,T,0.07988984225828602
GAC,D,-0.232,C,0.07665140170489354
GAT,D,0.232,T,0.07665140170489354
GAA,E,0.538,A,0.09551696814225319
GAG,E,-0.538,G,0.09551696814225319
GGA,G,0.146,A,0.07740279280378588
GGC,G,-0.444,C,0.08127553801560981
GGG,G,0.076,G,0.13220823365808285
GGT,G,0.365,T,0.0931742250704395
TTC,F,-0.398,C,0.07175448091355709
TTT,F,0.398,T,0.07175448091355709
TAC,Y,-0.147,C,0.08566177442986582
TAT,Y,0.147,T,0.08566177442986582
TGC,C,0.287,C,0.21184642898525344
TGT,C,-0.287,T,0.21184642898525344
