codon,amino_acid,Melissococcus,third_nucl,standard_error
ATA,I,0.661,A,0.08591622505560823
ATC,I,-0.066,C,0.10029588086395362
ATT,I,-0.448,T,0.07217164483839794
ACA,T,0.306,A,0.08670059065278128
ACC,T,-0.54,C,0.13825616623830697
ACG,T,-0.122,G,0.14101895683298518
ACT,T,-0.05,T,0.0991480631110249
AAC,N,0.021,C,0.1185965615890081
AAT,N,-0.021,T,0.1185965615890081
AAA,K,0.181,A,0.08949545692448022
AAG,K,-0.181,G,0.08949545692448022
AGC,S,0.067,C,0.1727232786926609
AGT,S,0.098,T,0.10057914627502079
TCA,S,0.076,A,0.10132283006614515
TCC,S,-0.154,C,0.2059053873777698
TCG,S,0.39,G,0.22631526095389493
TCT,S,-0.252,T,0.10480123069744103
AGA,R,0.476,A,0.11680678714883938
AGG,R,0.379,G,0.23716381563146646
CGA,R,-0.105,A,0.14717493144027152
CGC,R,0.02,C,0.22946801434771325
CGG,R,-0.364,G,0.2844385558032606
CGT,R,-0.475,T,0.12049570566211804
CTA,L,-0.084,A,0.10209816790165031
CTC,L,0.247,C,0.23826562231841336
CTG,L,-0.256,G,0.18334314631463047
CTT,L,-0.318,T,0.10082435700563973
TTA,L,0.015,A,0.06656243745446029
TTG,L,0.285,G,0.0851829867151509
CCA,P,0.198,A,0.1322375864068904
CCC,P,0.088,C,0.24505349024781775
CCG,P,-0.334,G,0.24724406716189648
CCT,P,-0.137,T,0.13991904683375805
CAC,H,0.239,C,0.24254253576016024
CAT,H,-0.239,T,0.24254253576016024
CAA,Q,0.327,A,0.13303230457080997
CAG,Q,-0.327,G,0.13303230457080997
GTA,V,0.377,A,0.09321184972729422
GTC,V,-0.273,C,0.15943464496272033
GTG,V,0.725,G,0.12852697435060878
GTT,V,-0.623,T,0.08992427872740717
GCA,A,0.392,A,0.09489645178502705
GCC,A,-0.194,C,0.15788655607148466
GCG,A,-0.008,G,0.1902645743957247
GCT,A,-0.339,T,0.09850635949229328
GAC,D,0.252,C,0.14708713393076248
GAT,D,-0.252,T,0.14708713393076245
GAA,E,0.263,A,0.12478887419684138
GAG,E,-0.263,G,0.12478887419684138
GGA,G,0.357,A,0.09978073824889158
GGC,G,-0.095,C,0.13985135087126238
GGG,G,0.025,G,0.18542333013820256
GGT,G,-0.32,T,0.10128365717916978
TTC,F,-0.403,C,0.1465291440746909
TTT,F,0.403,T,0.1465291440746909
TAC,Y,-0.008,C,0.17651359654610713
TAT,Y,0.008,T,0.17651359654610713
TGC,C,-0.528,C,0.4053264914095318
TGT,C,0.528,T,0.40532649140953186
