codon,amino_acid,Mergibacter,third_nucl,standard_error
ATA,I,0.48,A,0.10605226526763631
ATC,I,0.042,C,0.09507862614583962
ATT,I,-0.301,T,0.07863710354291183
ACA,T,0.222,A,0.0923058519303212
ACC,T,-0.228,C,0.11170105081739486
ACG,T,0.128,G,0.14630663039799813
ACT,T,-0.118,T,0.09204568041540367
AAC,N,0.325,C,0.11350758896388297
AAT,N,-0.325,T,0.11350758896388297
AAA,K,-0.314,A,0.11517632993726848
AAG,K,0.314,G,0.11517632993726848
AGC,S,-0.263,C,0.13837333018032116
AGT,S,-0.173,T,0.09450814306308382
TCA,S,0.233,A,0.0996868334846453
TCC,S,0.083,C,0.1968708078815411
TCG,S,0.147,G,0.18260831628021762
TCT,S,0.03,T,0.10210027262178269
AGA,R,0.487,A,0.13341178856994454
AGG,R,0.398,G,0.3646232386361262
CGA,R,-0.141,A,0.13516835805806052
CGC,R,-0.234,C,0.15894476034301752
CGG,R,-0.154,G,0.22149455491374687
CGT,R,-0.11,T,0.10365469811760958
CTA,L,0.036,A,0.09772368208847362
CTC,L,-0.159,C,0.1367575432173023
CTG,L,-0.106,G,0.16973430213644639
CTT,L,0.238,T,0.08579650724512353
TTA,L,-0.117,A,0.06185247722536815
TTG,L,0.063,G,0.0995334493882385
CCA,P,0.226,A,0.11104291866503421
CCC,P,0.179,C,0.1850280679603316
CCG,P,-0.506,G,0.1962420252468784
CCT,P,-0.128,T,0.11652964214389418
CAC,H,-0.237,C,0.17053919122528638
CAT,H,0.237,T,0.17053919122528638
CAA,Q,0.221,A,0.11694481997690842
CAG,Q,-0.221,G,0.1169448199769084
GTA,V,0.186,A,0.0976485665452612
GTC,V,-0.161,C,0.14862413463248567
GTG,V,0.169,G,0.11925753184696024
GTT,V,-0.202,T,0.09235523143513734
GCA,A,0.243,A,0.08547041100798956
GCC,A,0.076,C,0.13395646353051424
GCG,A,-0.329,G,0.1290684418337897
GCT,A,-0.138,T,0.0904412599271212
GAC,D,0.17,C,0.1661667993618805
GAT,D,-0.17,T,0.1661667993618805
GAA,E,0.097,A,0.12902034727879666
GAG,E,-0.097,G,0.12902034727879666
GGA,G,0.129,A,0.1148255308581139
GGC,G,0.04,C,0.14773248920488646
GGG,G,-0.446,G,0.16464004869700408
GGT,G,0.067,T,0.10407233900277342
TTC,F,-0.263,C,0.13594711938095055
TTT,F,0.263,T,0.13594711938095055
TAC,Y,-0.014,C,0.14809993104344144
TAT,Y,0.014,T,0.14809993104344144
TGC,C,0.036,C,0.24992520545356262
TGT,C,-0.036,T,0.2499252054535626
