codon,amino_acid,Mesoflavibacter,third_nucl,standard_error
ATA,I,0.375,A,0.05538058202717928
ATC,I,0.366,C,0.08699730070194357
ATT,I,-0.502,T,0.053948901601926405
ACA,T,0.331,A,0.06694120226400309
ACC,T,0.103,C,0.09559249810067169
ACG,T,-0.298,G,0.1307954337867015
ACT,T,-0.348,T,0.07173321608718447
AAC,N,0.068,C,0.06907225699302177
AAT,N,-0.068,T,0.06907225699302176
AAA,K,0.221,A,0.07767163614474001
AAG,K,-0.221,G,0.07767163614474001
AGC,S,-0.012,C,0.10666127178207693
AGT,S,-0.099,T,0.07724472604360878
TCA,S,0.5,A,0.08408435747566231
TCC,S,0.859,C,0.18485792244533628
TCG,S,-0.017,G,0.14983190247768266
TCT,S,-0.428,T,0.07335665700199404
AGA,R,0.437,A,0.09950761850303992
AGG,R,0.161,G,0.23102550231653823
CGA,R,0.113,A,0.17341946689328863
CGC,R,0.435,C,0.19691579129177822
CGG,R,0.098,G,0.6075341416928893
CGT,R,-0.849,T,0.12127238732098332
CTA,L,0.579,A,0.07655904532017094
CTC,L,1.507,C,0.32560908577421543
CTG,L,-0.173,G,0.18805718284834558
CTT,L,0.214,T,0.06961503103304378
TTA,L,-0.385,A,0.05119365801136419
TTG,L,-0.164,G,0.09149104862040923
CCA,P,-0.016,A,0.10544251758127625
CCC,P,0.673,C,0.35821582908049115
CCG,P,-0.311,G,0.23293591894758037
CCT,P,0.027,T,0.10831119896088294
CAC,H,0.273,C,0.13797492156858296
CAT,H,-0.273,T,0.13797492156858296
CAA,Q,-0.005,A,0.13591182752624054
CAG,Q,0.005,G,0.13591182752624056
GTA,V,0.149,A,0.07209091189945857
GTC,V,0.537,C,0.13986140988724519
GTG,V,-0.205,G,0.125174224943461
GTT,V,-0.237,T,0.07490705213583485
GCA,A,0.279,A,0.0763610015354429
GCC,A,0.103,C,0.13386446777726996
GCG,A,-0.328,G,0.14289782573517054
GCT,A,-0.238,T,0.080892074681643
GAC,D,0.442,C,0.09102700467868399
GAT,D,-0.442,T,0.09102700467868399
GAA,E,0.404,A,0.11221739539154216
GAG,E,-0.404,G,0.11221739539154214
GGA,G,0.407,A,0.08660543462515193
GGC,G,0.125,C,0.128131751493933
GGG,G,0.077,G,0.23425949393994477
GGT,G,-0.5,T,0.0905662829585927
TTC,F,0.38,C,0.10854197772583342
TTT,F,-0.38,T,0.10854197772583342
TAC,Y,0.401,C,0.08834760864683518
TAT,Y,-0.401,T,0.08834760864683518
TGC,C,0.314,C,0.20888325255374254
TGT,C,-0.314,T,0.20888325255374254
