codon,amino_acid,Mesotoga,third_nucl,standard_error
ATA,I,0.093,A,0.0631127884618025
ATC,I,-0.241,C,0.06541409852937326
ATT,I,0.125,T,0.06158358236289384
ACA,T,0.192,A,0.08781704497109405
ACC,T,-0.232,C,0.0994098225504208
ACG,T,-0.106,G,0.09837936065062142
ACT,T,0.077,T,0.08830796093256346
AAC,N,-0.341,C,0.08914981637593565
AAT,N,0.341,T,0.08914981637593565
AAA,K,0.228,A,0.06365550577732798
AAG,K,-0.228,G,0.06365550577732798
AGC,S,0.091,C,0.08446120772699461
AGT,S,0.619,T,0.09046005606552415
TCA,S,0.057,A,0.08571777108289023
TCC,S,-0.525,C,0.0990580755639427
TCG,S,-0.223,G,0.08591632361910838
TCT,S,-0.073,T,0.08209242770736858
AGA,R,0.203,A,0.06821878049463272
AGG,R,-0.25,G,0.07984665046690204
CGA,R,0.109,A,0.13459540912333445
CGC,R,-0.165,C,0.1581863315861935
CGG,R,-0.164,G,0.17024200692236954
CGT,R,0.032,T,0.13844712586492094
CTA,L,-0.066,A,0.08225787075169905
CTC,L,-0.532,C,0.06842275542906819
CTG,L,-0.17,G,0.06464133306928499
CTT,L,-0.32,T,0.05670206190480989
TTA,L,0.621,A,0.09998770573042493
TTG,L,0.787,G,0.06586125599859449
CCA,P,0.339,A,0.11250183234902955
CCC,P,-0.352,C,0.12618496285520894
CCG,P,0.034,G,0.1141956862893545
CCT,P,-0.077,T,0.11288871590824237
CAC,H,-0.071,C,0.1507502859375427
CAT,H,0.071,T,0.15075028593754272
CAA,Q,0.75,A,0.13098396175196536
CAG,Q,-0.75,G,0.13098396175196536
GTA,V,-0.033,A,0.07005148603430385
GTC,V,-0.431,C,0.07493879376839387
GTG,V,0.609,G,0.0694681667986797
GTT,V,-0.187,T,0.06305092471006057
GCA,A,0.287,A,0.07551717083530005
GCC,A,-0.361,C,0.08441824334159531
GCG,A,-0.066,G,0.09367550004869356
GCT,A,0.066,T,0.08322726951581476
GAC,D,-0.181,C,0.08219890142428044
GAT,D,0.181,T,0.08219890142428044
GAA,E,0.175,A,0.06782234663607599
GAG,E,-0.175,G,0.06782234663607599
GGA,G,0.175,A,0.07269013625588054
GGC,G,-0.148,C,0.09089987784658396
GGG,G,-0.053,G,0.09956027396576754
GGT,G,-0.064,T,0.08200530179104805
TTC,F,-0.413,C,0.07615853255197144
TTT,F,0.413,T,0.07615853255197144
TAC,Y,-0.119,C,0.0995659331244155
TAT,Y,0.119,T,0.0995659331244155
TGC,C,-0.401,C,0.18727544408761718
TGT,C,0.401,T,0.18727544408761718
