codon,amino_acid,Mesoplasma,third_nucl,standard_error
ATA,I,1.281,A,0.3640684563475361
ATC,I,-0.069,C,0.3295419299541162
ATT,I,-0.74,T,0.2625248095807809
ACA,T,0.425,A,0.3372120845400181
ACC,T,-0.393,C,0.7502314457700517
ACG,T,0.145,G,0.8341493752201581
ACT,T,-0.367,T,0.33762975602240225
AAC,N,-0.235,C,0.33066407643406714
AAT,N,0.235,T,0.33066407643406714
AAA,K,0.173,A,0.32210832898385316
AAG,K,-0.173,G,0.32210832898385316
AGC,S,0.347,C,0.5312261833359074
AGT,S,0.094,T,0.39580598283605783
TCA,S,-0.098,A,0.34180718438943963
TCC,S,0.739,C,0.9289350847373694
TCG,S,1.022,G,1.236585732771324
TCT,S,-0.534,T,0.4667365092764672
AGA,R,0.552,A,0.37650782018726175
AGG,R,2.271,G,1.5233236182972716
CGA,R,-1.596,A,1.096541628057041
CGC,R,-1.054,C,0.82416660056089
CGG,R,-1.373,G,1.5601555092466204
CGT,R,-0.151,T,0.4190511242996218
CTA,L,-0.194,A,0.4255906000837571
CTC,L,1.174,C,1.6381384120741194
CTG,L,0.483,G,0.9222398644451573
CTT,L,0.075,T,0.43056290311608747
TTA,L,0.592,A,0.26819544581453547
TTG,L,-1.115,G,0.38027686891244367
CCA,P,-0.491,A,0.5240259293233253
CCC,P,-0.966,C,1.1498041961312342
CCG,P,0.875,G,0.8130873945100312
CCT,P,0.423,T,0.5517256151395858
CAC,H,-0.632,C,0.6859035987509734
CAT,H,0.632,T,0.6859035987509734
CAA,Q,-0.321,A,0.6683074667877668
CAG,Q,0.321,G,0.6683074667877668
GTA,V,0.163,A,0.3229659764651391
GTC,V,0.229,C,0.6513571997648883
GTG,V,0.399,G,0.5781714828924803
GTT,V,-0.304,T,0.3042616130776071
GCA,A,0.887,A,0.31278591935693395
GCC,A,0.113,C,0.5288157381444342
GCG,A,-0.219,G,0.6462655606102237
GCT,A,-0.963,T,0.3353026243974984
GAC,D,-0.038,C,0.4939205859113926
GAT,D,0.038,T,0.4939205859113926
GAA,E,0.869,A,0.4214323729811811
GAG,E,-0.869,G,0.4214323729811811
GGA,G,-0.052,A,0.3437108913503164
GGC,G,0.13,C,0.5574999848092649
GGG,G,0.747,G,0.5852906211027504
GGT,G,-0.295,T,0.37580902529142113
TTC,F,0.258,C,0.5063104456553105
TTT,F,-0.258,T,0.5063104456553105
TAC,Y,-0.026,C,0.5225999055382196
TAT,Y,0.026,T,0.5225999055382196
TGC,C,2.303,C,1.2649110640673518
TGT,C,-2.303,T,1.2649110640673518
