codon,amino_acid,Mesomycoplasma,third_nucl,standard_error
ATA,I,0.205,A,0.2967103962221283
ATC,I,-0.548,C,0.32304124917683363
ATT,I,0.174,T,0.24003967925959163
ACA,T,0.027,A,0.3565352323059201
ACC,T,-0.191,C,0.585679555345714
ACG,T,-1.466,G,1.1681919211637977
ACT,T,0.201,T,0.3483685241503502
AAC,N,-0.132,C,0.298210261925809
AAT,N,0.132,T,0.298210261925809
AAA,K,-0.56,A,0.3334475105609526
AAG,K,0.56,G,0.3334475105609526
AGC,S,0.028,C,0.44335357596820457
AGT,S,0.357,T,0.3361354087075817
TCA,S,0.058,A,0.2855777092592809
TCC,S,-0.427,C,0.6273681789176958
TCG,S,-0.362,G,0.48893061505918084
TCT,S,-0.12,T,0.3063995870133379
AGA,R,0.663,A,0.4370674162209349
AGG,R,-0.654,G,0.8883866102270842
CGA,R,0.228,A,0.5293394547905274
CGC,R,-0.452,C,0.5274568022223983
CGG,R,-1.06,G,1.1712425457602238
CGT,R,-0.156,T,0.4190048194507236
CTA,L,0.059,A,0.36453173791335597
CTC,L,-0.23,C,0.5685852471028052
CTG,L,-0.067,G,1.0066519580407935
CTT,L,-0.322,T,0.28248054556144153
TTA,L,-0.577,A,0.23496374608153459
TTG,L,1.324,G,0.3234345823779736
CCA,P,0.256,A,0.44092393835435995
CCC,P,-0.247,C,0.6852943448916927
CCG,P,-1.263,G,1.13998754529476
CCT,P,0.121,T,0.5031596439576195
CAC,H,-0.421,C,0.586724834778648
CAT,H,0.421,T,0.586724834778648
CAA,Q,0.782,A,0.5539599562807116
CAG,Q,-0.782,G,0.5539599562807116
GTA,V,0.422,A,0.411206411925155
GTC,V,1.181,C,0.4994004730479985
GTG,V,-0.041,G,0.5118118222206149
GTT,V,-0.769,T,0.32540769527354607
GCA,A,0.575,A,0.3391360014997339
GCC,A,-1.413,C,0.7939554753282158
GCG,A,-0.656,G,0.5612144866490081
GCT,A,0.043,T,0.36029837901409584
GAC,D,-0.094,C,0.4187478459553608
GAT,D,0.094,T,0.4187478459553609
GAA,E,0.464,A,0.5085389982868368
GAG,E,-0.464,G,0.5085389982868368
GGA,G,0.144,A,0.4003180058937409
GGC,G,-0.528,C,0.6201635144079218
GGG,G,-1.476,G,1.0878796545836964
GGT,G,0.402,T,0.3984593895062263
TTC,F,-0.5,C,0.3994850184138538
TTT,F,0.5,T,0.3994850184138538
TAC,Y,0.454,C,0.4652405847977145
TAT,Y,-0.454,T,0.46524058479771446
TGC,C,2.169,C,1.0106574946185138
TGT,C,-2.169,T,1.0106574946185138
