codon,amino_acid,Metabacillus,third_nucl,standard_error
ATA,I,0.327,A,0.04802104770464152
ATC,I,-0.061,C,0.04949274878901969
ATT,I,-0.196,T,0.040726037838229055
ACA,T,-0.045,A,0.05174007646820106
ACC,T,-0.051,C,0.08920167330404538
ACG,T,-0.011,G,0.07206550946972676
ACT,T,0.094,T,0.06087263446358076
AAC,N,0.049,C,0.061222846981974846
AAT,N,-0.049,T,0.06122284698197484
AAA,K,0.255,A,0.04688170742592575
AAG,K,-0.255,G,0.04688170742592575
AGC,S,0.033,C,0.08055908451989288
AGT,S,0.35,T,0.05891903036846413
TCA,S,-0.007,A,0.05439326012696235
TCC,S,-0.38,C,0.10255771365668429
TCG,S,-0.217,G,0.09855070996101656
TCT,S,-0.173,T,0.06240866677321201
AGA,R,0.349,A,0.06438525043986248
AGG,R,0.405,G,0.1054882851473178
CGA,R,-0.105,A,0.08154531277461567
CGC,R,-0.394,C,0.10658573021613732
CGG,R,-0.353,G,0.13813535948007877
CGT,R,-0.259,T,0.07106223886725599
CTA,L,-0.029,A,0.05963050562783305
CTC,L,-0.487,C,0.09206755029429703
CTG,L,-0.329,G,0.0859288797068019
CTT,L,-0.396,T,0.04838293849114896
TTA,L,0.075,A,0.03846029288736363
TTG,L,0.64,G,0.053903206361954656
CCA,P,0.205,A,0.07494781261463904
CCC,P,0.253,C,0.14658205373094274
CCG,P,-0.166,G,0.10932138187966868
CCT,P,-0.214,T,0.07997009387092475
CAC,H,-0.014,C,0.10877259172024187
CAT,H,0.014,T,0.10877259172024187
CAA,Q,0.168,A,0.07443874550774818
CAG,Q,-0.168,G,0.07443874550774818
GTA,V,0.091,A,0.05092277608041012
GTC,V,-0.22,C,0.0720135360591615
GTG,V,0.499,G,0.06235686240211812
GTT,V,-0.291,T,0.04875687887212935
GCA,A,0.283,A,0.05460467412983402
GCC,A,-0.157,C,0.09062624527434265
GCG,A,-0.047,G,0.08321932254030952
GCT,A,-0.235,T,0.05892832032906123
GAC,D,-0.051,C,0.07433717719709823
GAT,D,0.051,T,0.07433717719709823
GAA,E,0.198,A,0.057395556595719696
GAG,E,-0.198,G,0.057395556595719696
GGA,G,0.074,A,0.05538957606675686
GGC,G,-0.392,C,0.07785877163119986
GGG,G,0.099,G,0.0775718953659358
GGT,G,0.089,T,0.05652202912278207
TTC,F,-0.363,C,0.07041325974634624
TTT,F,0.363,T,0.07041325974634625
TAC,Y,-0.097,C,0.08219738404763001
TAT,Y,0.097,T,0.08219738404763001
TGC,C,-0.107,C,0.1668377673138168
TGT,C,0.107,T,0.1668377673138168
