codon,amino_acid,Methylococcus,third_nucl,standard_error
ATA,I,0.85,A,0.14374513969951103
ATC,I,-0.674,C,0.08079451610401661
ATT,I,0.491,T,0.09073084389401456
ACA,T,1.247,A,0.14608456078444068
ACC,T,-0.484,C,0.06845602888497584
ACG,T,-0.083,G,0.07555763808220765
ACT,T,0.668,T,0.12925963675764673
AAC,N,-0.335,C,0.09972973576377503
AAT,N,0.335,T,0.09972973576377503
AAA,K,1.198,A,0.083612406543897
AAG,K,-1.198,G,0.083612406543897
AGC,S,-0.338,C,0.0690825724849157
AGT,S,0.53,T,0.13577221449915247
TCA,S,0.796,A,0.15952206791739346
TCC,S,0.215,C,0.07322016610940878
TCG,S,-0.382,G,0.0760232432904077
TCT,S,0.646,T,0.15374640946147267
AGA,R,1.783,A,0.160958660360723
AGG,R,0.063,G,0.12558031232187847
CGA,R,0.875,A,0.11192942977804848
CGC,R,-0.33,C,0.059440701285835444
CGG,R,-0.763,G,0.06833650783090359
CGT,R,0.678,T,0.09200152278477675
CTA,L,0.96,A,0.17169501194429124
CTC,L,0.165,C,0.05621598344189504
CTG,L,-0.757,G,0.048502517894575874
CTT,L,0.721,T,0.09479667417274511
TTA,L,1.538,A,0.21001617410850168
TTG,L,0.454,G,0.06677663302476497
CCA,P,1.029,A,0.13707772492300485
CCC,P,0.193,C,0.07076419759922915
CCG,P,-0.688,G,0.06860516189276068
CCT,P,0.505,T,0.10416596433618236
CAC,H,-0.159,C,0.10354545340564489
CAT,H,0.159,T,0.10354545340564489
CAA,Q,1.196,A,0.10237191339710779
CAG,Q,-1.196,G,0.10237191339710779
GTA,V,0.834,A,0.12355084375349007
GTC,V,-0.163,C,0.06091054231326098
GTG,V,-0.422,G,0.06146038879860621
GTT,V,0.854,T,0.09513739914006654
GCA,A,1.109,A,0.08561295891166099
GCC,A,-0.346,C,0.050691698197684744
GCG,A,-0.367,G,0.054965357960464485
GCT,A,0.672,T,0.08681531353646454
GAC,D,-0.294,C,0.07545011570252927
GAT,D,0.294,T,0.07545011570252927
GAA,E,0.789,A,0.07027897395207676
GAG,E,-0.789,G,0.07027897395207676
GGA,G,0.664,A,0.09395468856337277
GGC,G,-0.361,C,0.06412216739960114
GGG,G,-0.25,G,0.08745121378254436
GGT,G,0.425,T,0.09415211299788993
TTC,F,-0.877,C,0.09703876830906753
TTT,F,0.877,T,0.09703876830906752
TAC,Y,0.041,C,0.10917693386249692
TAT,Y,-0.041,T,0.10917693386249692
TGC,C,-0.638,C,0.18714172524693828
TGT,C,0.638,T,0.18714172524693828
