codon,amino_acid,Methylovirgula,third_nucl,standard_error
ATA,I,0.997,A,0.15611486024744395
ATC,I,-0.922,C,0.07136515262286974
ATT,I,0.778,T,0.0752792711598329
ACA,T,0.73,A,0.10689302914611579
ACC,T,-0.166,C,0.06606916574378768
ACG,T,-0.415,G,0.06490590873414678
ACT,T,0.914,T,0.12413558854453881
AAC,N,0.092,C,0.0936138211341348
AAT,N,-0.092,T,0.0936138211341348
AAA,K,0.748,A,0.08125188035885501
AAG,K,-0.748,G,0.08125188035885501
AGC,S,0.002,C,0.06998499827781757
AGT,S,0.44,T,0.1361780053816446
TCA,S,0.604,A,0.1398151096027581
TCC,S,0.026,C,0.07700222788625743
TCG,S,-0.585,G,0.06871507074017436
TCT,S,0.995,T,0.14346693839901753
AGA,R,1.528,A,0.1841208799161968
AGG,R,0.423,G,0.13634161869520867
CGA,R,0.829,A,0.1269081935069892
CGC,R,-0.475,C,0.05862970505761662
CGG,R,-0.423,G,0.07230374236133653
CGT,R,0.586,T,0.08842661975152909
CTA,L,0.719,A,0.16992442961783147
CTC,L,-0.389,C,0.05035979911823839
CTG,L,-0.459,G,0.05206481561025253
CTT,L,0.338,T,0.06557683834064107
TTA,L,0.98,A,0.1900339660128335
TTG,L,0.8,G,0.06720328291325302
CCA,P,0.673,A,0.12145540138848801
CCC,P,0.291,C,0.07306614746140642
CCG,P,-0.737,G,0.06599698849300223
CCT,P,0.9,T,0.11999056728281189
CAC,H,-0.071,C,0.10969589082050439
CAT,H,0.071,T,0.10969589082050439
CAA,Q,0.767,A,0.09393246242863772
CAG,Q,-0.767,G,0.09393246242863772
GTA,V,0.902,A,0.14893576794630412
GTC,V,-0.521,C,0.05929118320734302
GTG,V,-0.005,G,0.06322155351729142
GTT,V,0.661,T,0.0792976465081969
GCA,A,0.819,A,0.07832048344233114
GCC,A,-0.115,C,0.04533382477652498
GCG,A,-0.43,G,0.04542775178291797
GCT,A,0.681,T,0.07502017166706375
GAC,D,-0.033,C,0.06734013198551056
GAT,D,0.033,T,0.06734013198551056
GAA,E,0.548,A,0.06915946224120717
GAG,E,-0.548,G,0.06915946224120716
GGA,G,0.866,A,0.10062795936557647
GGC,G,-0.648,C,0.0639563768278178
GGG,G,0.208,G,0.09066612451618768
GGT,G,0.406,T,0.09127816131975322
TTC,F,-0.663,C,0.08707067375738899
TTT,F,0.663,T,0.08707067375738899
TAC,Y,0.451,C,0.11744676929700971
TAT,Y,-0.451,T,0.11744676929700971
TGC,C,-0.582,C,0.220101658819116
TGT,C,0.582,T,0.220101658819116
