codon,amino_acid,Methylogaea,third_nucl,standard_error
ATA,I,0.764,A,0.12345705776626673
ATC,I,-0.59,C,0.07271179097233536
ATT,I,0.382,T,0.0811018327675389
ACA,T,1.21,A,0.14616488540997166
ACC,T,-0.324,C,0.06535545631106689
ACG,T,-0.332,G,0.07309166815209653
ACT,T,0.977,T,0.1347186526475858
AAC,N,-0.598,C,0.09389149389208289
AAT,N,0.598,T,0.09389149389208289
AAA,K,1.108,A,0.0737827381320387
AAG,K,-1.108,G,0.0737827381320387
AGC,S,-0.213,C,0.06234680091289451
AGT,S,0.894,T,0.14241933051622266
TCA,S,1.187,A,0.1922505787028387
TCC,S,-0.027,C,0.06451482672690087
TCG,S,-0.312,G,0.07673627321688892
TCT,S,0.439,T,0.1448018755606125
AGA,R,1.717,A,0.18565854649747618
AGG,R,0.292,G,0.14563433301342654
CGA,R,1.165,A,0.12314229812705725
CGC,R,-0.515,C,0.057252640772679206
CGG,R,-0.487,G,0.07347081738374933
CGT,R,0.537,T,0.08524653674730213
CTA,L,0.992,A,0.11637326093820344
CTC,L,0.384,C,0.060673582265097434
CTG,L,-0.841,G,0.04426324493866343
CTT,L,1.115,T,0.10608706081224284
TTA,L,1.545,A,0.1410767342574662
TTG,L,0.061,G,0.049412001173345065
CCA,P,1.188,A,0.15543336608910027
CCC,P,0.067,C,0.06418645081458979
CCG,P,-0.572,G,0.0647815561626659
CCT,P,0.706,T,0.1120449812748342
CAC,H,-0.357,C,0.09895304177359723
CAT,H,0.357,T,0.09895304177359723
CAA,Q,0.941,A,0.0768335312863628
CAG,Q,-0.941,G,0.0768335312863628
GTA,V,0.963,A,0.10213213377759253
GTC,V,0.192,C,0.060822643193114236
GTG,V,-0.825,G,0.05724166182551926
GTT,V,0.748,T,0.08482291554143072
GCA,A,1.169,A,0.0898197963531019
GCC,A,-0.217,C,0.044939834542427455
GCG,A,-0.397,G,0.04978072855051374
GCT,A,0.62,T,0.07679632913170063
GAC,D,-0.386,C,0.07035936757098835
GAT,D,0.386,T,0.07035936757098836
GAA,E,0.759,A,0.06974061739743928
GAG,E,-0.759,G,0.06974061739743928
GGA,G,0.738,A,0.10489705261047295
GGC,G,-0.57,C,0.06578098043931326
GGG,G,0.01,G,0.09878823843699004
GGT,G,0.586,T,0.09442012783912382
TTC,F,-0.87,C,0.08890245228188379
TTT,F,0.87,T,0.08890245228188379
TAC,Y,-0.079,C,0.1032110606181439
TAT,Y,0.079,T,0.1032110606181439
TGC,C,-0.924,C,0.21269495670464106
TGT,C,0.924,T,0.21269495670464109
