codon,amino_acid,Methylobacterium,third_nucl,standard_error
ATA,I,0.328,A,0.14259115379094867
ATC,I,-0.452,C,0.0681791077233811
ATT,I,0.461,T,0.07545143050549206
ACA,T,0.723,A,0.0880556956400599
ACC,T,0.02,C,0.03951382051967051
ACG,T,-0.298,G,0.04094495932840823
ACT,T,0.516,T,0.09589316771614051
AAC,N,-0.315,C,0.0797952387038161
AAT,N,0.315,T,0.0797952387038161
AAA,K,0.605,A,0.0842674015215968
AAG,K,-0.605,G,0.0842674015215968
AGC,S,-0.111,C,0.04329016156793926
AGT,S,0.431,T,0.10962917387988191
TCA,S,0.576,A,0.10220808150981957
TCC,S,0.271,C,0.04647671557080778
TCG,S,-0.573,G,0.045489958823108516
TCT,S,1.023,T,0.10755178857385503
AGA,R,1.179,A,0.11850535704993624
AGG,R,0.624,G,0.07694716053076037
CGA,R,0.782,A,0.07577417186470892
CGC,R,-0.17,C,0.03252746917687544
CGG,R,-0.502,G,0.036703727954562525
CGT,R,0.645,T,0.06170384301935439
CTA,L,0.096,A,0.13675007236308742
CTC,L,-0.025,C,0.029647302744873368
CTG,L,-0.362,G,0.03040438490857542
CTT,L,0.717,T,0.05711424911688868
TTA,L,0.61,A,0.19937039376642085
TTG,L,0.587,G,0.06095984970393203
CCA,P,0.39,A,0.08548717772644353
CCC,P,0.429,C,0.04045210446944178
CCG,P,-0.697,G,0.038849546292912714
CCT,P,0.769,T,0.07508348736807526
CAC,H,-0.096,C,0.07055870812579695
CAT,H,0.096,T,0.07055870812579695
CAA,Q,0.704,A,0.08077048220365309
CAG,Q,-0.704,G,0.08077048220365309
GTA,V,0.444,A,0.1098923030301578
GTC,V,-0.173,C,0.03579673371308526
GTG,V,-0.028,G,0.035755783561577596
GTT,V,0.525,T,0.06701301458322494
GCA,A,0.722,A,0.05159635325189123
GCC,A,-0.071,C,0.026762479432256278
GCG,A,-0.393,G,0.027786108089270855
GCT,A,0.803,T,0.05098844319442291
GAC,D,-0.18,C,0.04422794277060041
GAT,D,0.18,T,0.04422794277060041
GAA,E,0.872,A,0.051874935622522635
GAG,E,-0.872,G,0.051874935622522635
GGA,G,0.816,A,0.062083676392517884
GGC,G,-0.416,C,0.03782465251387975
GGG,G,-0.142,G,0.0467238337652373
GGT,G,0.584,T,0.06331282560251161
TTC,F,-0.583,C,0.08428802267787677
TTT,F,0.583,T,0.08428802267787677
TAC,Y,-0.136,C,0.08245526497764505
TAT,Y,0.136,T,0.08245526497764505
TGC,C,-0.303,C,0.1583757358454186
TGT,C,0.303,T,0.1583757358454186
