codon,amino_acid,Methylibium,third_nucl,standard_error
ATA,I,0.999,A,0.2760374328803985
ATC,I,-1.031,C,0.11804416336563918
ATT,I,1.002,T,0.12862437029777601
ACA,T,1.137,A,0.14536433066805976
ACC,T,0.152,C,0.05429173942341529
ACG,T,-0.611,G,0.05676993127378982
ACT,T,1.167,T,0.14851913223089458
AAC,N,-0.406,C,0.12450143918562372
AAT,N,0.406,T,0.12450143918562372
AAA,K,1.6,A,0.12841646798902376
AAG,K,-1.6,G,0.12841646798902376
AGC,S,-0.329,C,0.054496545741633116
AGT,S,0.61,T,0.13216525579152952
TCA,S,1.071,A,0.16793773687364422
TCC,S,0.771,C,0.06903373094768928
TCG,S,-0.743,G,0.058227034088120175
TCT,S,1.335,T,0.17203022544316807
AGA,R,1.792,A,0.21548610152783487
AGG,R,0.688,G,0.1381741494890536
CGA,R,1.071,A,0.09797940042214114
CGC,R,-0.4,C,0.04809466521497507
CGG,R,-0.529,G,0.06503299772409533
CGT,R,0.466,T,0.07691078983844023
CTA,L,0.872,A,0.22540699829112984
CTC,L,0.395,C,0.04445983176938828
CTG,L,-0.701,G,0.04056362034672934
CTT,L,0.983,T,0.10658282002260099
TTA,L,0.16,A,0.4286242405590111
TTG,L,0.586,G,0.07341195095414445
CCA,P,0.527,A,0.12345084612742489
CCC,P,0.597,C,0.05513227468636834
CCG,P,-0.944,G,0.053592558920161334
CCT,P,0.976,T,0.10727335883786246
CAC,H,-0.372,C,0.10326247773994296
CAT,H,0.372,T,0.10326247773994296
CAA,Q,1.692,A,0.10066555380506036
CAG,Q,-1.692,G,0.10066555380506036
GTA,V,0.445,A,0.18673216721837702
GTC,V,0.331,C,0.05022116227396144
GTG,V,-0.608,G,0.049754460557114084
GTT,V,1.102,T,0.10821182373780458
GCA,A,0.82,A,0.06771880041979045
GCC,A,0.175,C,0.03717731752284376
GCG,A,-0.701,G,0.039884854084285555
GCT,A,0.781,T,0.0770061953103488
GAC,D,-0.377,C,0.0706149486632054
GAT,D,0.377,T,0.0706149486632054
GAA,E,1.156,A,0.06704638614865119
GAG,E,-1.156,G,0.06704638614865119
GGA,G,1.025,A,0.10326329210703244
GGC,G,-0.47,C,0.0576424679537213
GGG,G,0.042,G,0.08341912546162597
GGT,G,0.257,T,0.08077160305269927
TTC,F,-0.869,C,0.12415375346151326
TTT,F,0.869,T,0.12415375346151326
TAC,Y,-0.305,C,0.1344024412074462
TAT,Y,0.305,T,0.1344024412074462
TGC,C,-0.673,C,0.22152463993739102
TGT,C,0.673,T,0.22152463993739105
