codon,amino_acid,Methylomicrobium,third_nucl,standard_error
ATA,I,0.789,A,0.09360482844252538
ATC,I,-0.733,C,0.05565722453562215
ATT,I,0.487,T,0.0589419294308488
ACA,T,1.24,A,0.10805205828177032
ACC,T,-0.388,C,0.06033950572282085
ACG,T,-0.502,G,0.06680109859804184
ACT,T,0.712,T,0.09318175415793058
AAC,N,-0.216,C,0.06977122237611327
AAT,N,0.216,T,0.06977122237611327
AAA,K,0.83,A,0.06293328194784152
AAG,K,-0.83,G,0.06293328194784152
AGC,S,-0.408,C,0.06318071136394103
AGT,S,0.54,T,0.09608377109943785
TCA,S,0.983,A,0.11520927200688968
TCC,S,0.125,C,0.06920453872497269
TCG,S,-0.598,G,0.06627464810171033
TCT,S,0.692,T,0.10691443554602637
AGA,R,1.169,A,0.09915709834778155
AGG,R,-0.053,G,0.11506761434108236
CGA,R,1.012,A,0.10418178201220178
CGC,R,-0.46,C,0.059480211024650315
CGG,R,-0.757,G,0.0718256778373125
CGT,R,0.388,T,0.0820464886665758
CTA,L,0.728,A,0.11819181294029578
CTC,L,-0.019,C,0.056266926700665965
CTG,L,-0.904,G,0.04395655368820061
CTT,L,0.532,T,0.07367877336860779
TTA,L,1.33,A,0.08007104340937266
TTG,L,0.184,G,0.05004594526049932
CCA,P,1.009,A,0.1190670448426214
CCC,P,0.377,C,0.0727142426023904
CCG,P,-0.881,G,0.06467107191921506
CCT,P,0.495,T,0.08791845635748921
CAC,H,0.023,C,0.09240690054613569
CAT,H,-0.023,T,0.09240690054613569
CAA,Q,1.136,A,0.07432972596684463
CAG,Q,-1.136,G,0.07432972596684463
GTA,V,0.493,A,0.08692726328092852
GTC,V,-0.463,C,0.060106101441731896
GTG,V,-0.302,G,0.06197242061741785
GTT,V,0.767,T,0.0739756137360079
GCA,A,0.884,A,0.07076428892200398
GCC,A,-0.092,C,0.04846533039182233
GCG,A,-0.65,G,0.051233647504209154
GCT,A,0.618,T,0.07392963347137099
GAC,D,-0.181,C,0.0643661697156445
GAT,D,0.181,T,0.0643661697156445
GAA,E,0.642,A,0.07034955269055237
GAG,E,-0.642,G,0.07034955269055237
GGA,G,0.609,A,0.08599386543539642
GGC,G,-0.446,C,0.06198540589915302
GGG,G,-0.204,G,0.09456635885791667
GGT,G,0.443,T,0.08490975482823222
TTC,F,-0.678,C,0.06895880534665483
TTT,F,0.678,T,0.06895880534665481
TAC,Y,-0.15,C,0.087177576209486
TAT,Y,0.15,T,0.087177576209486
TGC,C,-0.663,C,0.1654229562209481
TGT,C,0.663,T,0.1654229562209481
