codon,amino_acid,Methylomonas,third_nucl,standard_error
ATA,I,0.561,A,0.06833973838687697
ATC,I,-0.391,C,0.049802173171657374
ATT,I,0.08,T,0.05048927363188451
ACA,T,0.897,A,0.07901677046241584
ACC,T,-0.443,C,0.053555281371760785
ACG,T,-0.342,G,0.067022048211104
ACT,T,0.346,T,0.07036020042044808
AAC,N,-0.063,C,0.061376686271231294
AAT,N,0.063,T,0.061376686271231294
AAA,K,0.69,A,0.05979849593825867
AAG,K,-0.69,G,0.05979849593825867
AGC,S,-0.25,C,0.05451031319150309
AGT,S,0.068,T,0.06921202808665886
TCA,S,0.695,A,0.08037479057555236
TCC,S,0.054,C,0.06394814915554019
TCG,S,-0.52,G,0.06497533576319629
TCT,S,0.486,T,0.0885049511411585
AGA,R,0.964,A,0.08695139086779043
AGG,R,-0.261,G,0.13342119044714096
CGA,R,0.426,A,0.09261404999278805
CGC,R,-0.362,C,0.05903450357582743
CGG,R,-0.622,G,0.08205215252734456
CGT,R,0.162,T,0.07255661612771767
CTA,L,0.565,A,0.07227178769722348
CTC,L,0.638,C,0.07554852301202847
CTG,L,-0.551,G,0.042655899906326324
CTT,L,0.553,T,0.07011108116357945
TTA,L,0.643,A,0.05209911699329708
TTG,L,-0.516,G,0.0425021648186605
CCA,P,0.705,A,0.08122215208279286
CCC,P,0.407,C,0.07116073137206694
CCG,P,-0.953,G,0.0648782544122338
CCT,P,0.307,T,0.08231769297649352
CAC,H,0.3,C,0.08574341056570568
CAT,H,-0.3,T,0.08574341056570568
CAA,Q,0.444,A,0.06305770830394469
CAG,Q,-0.444,G,0.06305770830394469
GTA,V,0.321,A,0.06965569123489984
GTC,V,-0.124,C,0.05823606636914102
GTG,V,-0.499,G,0.05636893995241835
GTT,V,0.505,T,0.06208850404047278
GCA,A,0.758,A,0.059471002657732315
GCC,A,-0.2,C,0.04585416716369291
GCG,A,-0.582,G,0.052102748887132365
GCT,A,0.356,T,0.05857608205305584
GAC,D,-0.003,C,0.058897907975174246
GAT,D,0.003,T,0.05889790797517425
GAA,E,0.546,A,0.06634997892399955
GAG,E,-0.546,G,0.06634997892399955
GGA,G,0.802,A,0.0908262418278217
GGC,G,-0.354,C,0.059646832954427007
GGG,G,-0.033,G,0.10329038853909175
GGT,G,0.042,T,0.06650232934630772
TTC,F,-0.292,C,0.06430313877237719
TTT,F,0.292,T,0.06430313877237719
TAC,Y,0.061,C,0.07970566816911938
TAT,Y,-0.061,T,0.07970566816911938
TGC,C,-0.368,C,0.13243071977328197
TGT,C,0.368,T,0.13243071977328197
