codon,amino_acid,Methylocaldum,third_nucl,standard_error
ATA,I,0.374,A,0.07861011816954137
ATC,I,-0.396,C,0.051202062180218846
ATT,I,0.276,T,0.05547846115594484
ACA,T,0.837,A,0.08298762598543857
ACC,T,-0.41,C,0.05119300479391696
ACG,T,-0.204,G,0.05562249346180263
ACT,T,0.551,T,0.08083405999474272
AAC,N,-0.099,C,0.06632338319799498
AAT,N,0.099,T,0.06632338319799498
AAA,K,0.805,A,0.056472624607651074
AAG,K,-0.805,G,0.056472624607651074
AGC,S,-0.184,C,0.05312823772252725
AGT,S,0.337,T,0.0819472591199735
TCA,S,0.763,A,0.1013014381484693
TCC,S,0.032,C,0.05651310337900266
TCG,S,-0.48,G,0.05611045218500748
TCT,S,0.586,T,0.09243802646426963
AGA,R,0.998,A,0.08219071590520254
AGG,R,0.128,G,0.0900924681426158
CGA,R,0.696,A,0.068233482734453
CGC,R,-0.355,C,0.04783413849721013
CGG,R,-0.728,G,0.05551088151296878
CGT,R,0.314,T,0.06547001423525405
CTA,L,0.557,A,0.08662672634388496
CTC,L,-0.16,C,0.04441916271841436
CTG,L,-0.597,G,0.03861516550152121
CTT,L,0.475,T,0.05662226935545758
TTA,L,0.978,A,0.08998311143949692
TTG,L,0.24,G,0.044545114252080124
CCA,P,0.673,A,0.09278075569501092
CCC,P,0.014,C,0.05847127709113165
CCG,P,-0.483,G,0.05509299673039094
CCT,P,0.478,T,0.08084817160929658
CAC,H,-0.179,C,0.08058672755203641
CAT,H,0.179,T,0.08058672755203641
CAA,Q,0.841,A,0.06542424787567538
CAG,Q,-0.841,G,0.06542424787567538
GTA,V,0.199,A,0.0685026199216329
GTC,V,-0.143,C,0.04851331737167037
GTG,V,-0.141,G,0.04893250361180953
GTT,V,0.278,T,0.05986141644456435
GCA,A,0.867,A,0.05991459508717327
GCC,A,-0.367,C,0.04103416548413482
GCG,A,-0.313,G,0.04417916202991797
GCT,A,0.444,T,0.05809912517180528
GAC,D,-0.191,C,0.05374647882309168
GAT,D,0.191,T,0.05374647882309168
GAA,E,0.528,A,0.05325128504807564
GAG,E,-0.528,G,0.05325128504807564
GGA,G,0.271,A,0.062374328969901846
GGC,G,-0.255,C,0.04995713746419173
GGG,G,-0.167,G,0.07043801080033088
GGT,G,0.3,T,0.06556971515263683
TTC,F,-0.527,C,0.061530117052761464
TTT,F,0.527,T,0.06153011705276147
TAC,Y,-0.15,C,0.07588813598480385
TAT,Y,0.15,T,0.07588813598480385
TGC,C,-0.581,C,0.13217113708887185
TGT,C,0.581,T,0.13217113708887185
