codon,amino_acid,Methylotuvimicrobium,third_nucl,standard_error
ATA,I,0.653,A,0.06900790563968069
ATC,I,-0.482,C,0.050558235190048414
ATT,I,0.107,T,0.0503752166462831
ACA,T,0.762,A,0.07456343053205283
ACC,T,-0.342,C,0.058505813129620034
ACG,T,-0.496,G,0.06648478048120908
ACT,T,0.329,T,0.07180636235637683
AAC,N,0.108,C,0.06494188142059826
AAT,N,-0.108,T,0.06494188142059826
AAA,K,0.646,A,0.06296197521030852
AAG,K,-0.646,G,0.06296197521030852
AGC,S,-0.134,C,0.06157538043545587
AGT,S,0.093,T,0.0729146197211808
TCA,S,0.781,A,0.08631142748046942
TCC,S,0.094,C,0.07463066875566143
TCG,S,-0.682,G,0.06517099106645044
TCT,S,0.382,T,0.08961430703448135
AGA,R,0.693,A,0.08373630673894279
AGG,R,-0.204,G,0.11997189932741258
CGA,R,0.476,A,0.0781198001675617
CGC,R,-0.336,C,0.06676530817765046
CGG,R,-0.563,G,0.09170472494826164
CGT,R,-0.091,T,0.07397478635378826
CTA,L,0.313,A,0.07473460605766004
CTC,L,-0.051,C,0.0646627394793129
CTG,L,-0.367,G,0.05386291538462801
CTT,L,0.375,T,0.06426263949789322
TTA,L,0.585,A,0.04937186432054032
TTG,L,-0.524,G,0.04572396871576063
CCA,P,0.866,A,0.09717751478729192
CCC,P,0.053,C,0.08018952974698557
CCG,P,-0.751,G,0.06902859468060764
CCT,P,0.366,T,0.07948550186356257
CAC,H,0.162,C,0.09783909852322767
CAT,H,-0.162,T,0.09783909852322767
CAA,Q,0.324,A,0.07420450096099547
CAG,Q,-0.324,G,0.07420450096099546
GTA,V,0.525,A,0.07396262295029071
GTC,V,-0.476,C,0.060344386584004574
GTG,V,0.083,G,0.06598972408912653
GTT,V,0.069,T,0.0620598583810031
GCA,A,0.597,A,0.060419344697653914
GCC,A,-0.326,C,0.05377364437076754
GCG,A,-0.407,G,0.05759143214076699
GCT,A,0.312,T,0.06290930923226647
GAC,D,0.035,C,0.0617140246341727
GAT,D,-0.035,T,0.0617140246341727
GAA,E,0.571,A,0.06840309784285432
GAG,E,-0.571,G,0.06840309784285432
GGA,G,0.316,A,0.08005685617668959
GGC,G,-0.311,C,0.06416480000320135
GGG,G,0.089,G,0.09885851303277225
GGT,G,0.098,T,0.07073207111928945
TTC,F,-0.5,C,0.06790761428532294
TTT,F,0.5,T,0.06790761428532294
TAC,Y,0.141,C,0.08674708453140982
TAT,Y,-0.141,T,0.08674708453140983
TGC,C,-0.201,C,0.13432872386199615
TGT,C,0.201,T,0.13432872386199615
