codon,amino_acid,Methylophilus,third_nucl,standard_error
ATA,I,1.012,A,0.13773596169817412
ATC,I,-0.212,C,0.07334532634338045
ATT,I,-0.121,T,0.07057904758005705
ACA,T,0.654,A,0.09329585237335741
ACC,T,-0.292,C,0.07416790384464964
ACG,T,-0.454,G,0.08646639392443049
ACT,T,0.31,T,0.09383755022986562
AAC,N,-0.01,C,0.08964252786325552
AAT,N,0.01,T,0.08964252786325552
AAA,K,0.514,A,0.08889291442688234
AAG,K,-0.514,G,0.08889291442688234
AGC,S,-0.479,C,0.08219218357644696
AGT,S,-0.037,T,0.08764147976402581
TCA,S,0.334,A,0.09377961534639777
TCC,S,0.461,C,0.11615628546612794
TCG,S,-0.413,G,0.11059076036901262
TCT,S,0.321,T,0.09581886224068625
AGA,R,1.24,A,0.1472597554924079
AGG,R,0.508,G,0.23411130111100503
CGA,R,0.478,A,0.14261986741826496
CGC,R,-0.561,C,0.08546431391265516
CGG,R,-0.568,G,0.14960840977016523
CGT,R,0.028,T,0.08842822307379376
CTA,L,0.002,A,0.09935813240836576
CTC,L,0.108,C,0.08427275180898698
CTG,L,-0.427,G,0.06461741466953784
CTT,L,0.401,T,0.09611493547452794
TTA,L,0.57,A,0.06581996551908344
TTG,L,-0.323,G,0.058825422409609834
CCA,P,-0.108,A,0.09487430893401091
CCC,P,0.19,C,0.10651388682907063
CCG,P,-0.495,G,0.10089828888376219
CCT,P,0.473,T,0.10274451799153039
CAC,H,0.284,C,0.1096852161179018
CAT,H,-0.284,T,0.1096852161179018
CAA,Q,0.366,A,0.08211536028070215
CAG,Q,-0.366,G,0.08211536028070215
GTA,V,0.622,A,0.09356858234367194
GTC,V,-0.023,C,0.08300415719086394
GTG,V,-0.714,G,0.07062100017323378
GTT,V,0.61,T,0.08840917313060154
GCA,A,0.487,A,0.0661195833667105
GCC,A,-0.176,C,0.06532607577505987
GCG,A,-0.452,G,0.06950431180122059
GCT,A,0.153,T,0.0753432630851872
GAC,D,-0.117,C,0.08870440030396991
GAT,D,0.117,T,0.08870440030396991
GAA,E,1.07,A,0.0978258765152454
GAG,E,-1.07,G,0.09782587651524541
GGA,G,0.666,A,0.13329371772921952
GGC,G,-0.374,C,0.08337491424617027
GGG,G,0.11,G,0.11720129120347791
GGT,G,0.087,T,0.0897099116752443
TTC,F,-0.133,C,0.10247037529913207
TTT,F,0.133,T,0.10247037529913207
TAC,Y,0.182,C,0.11623008265508357
TAT,Y,-0.182,T,0.11623008265508357
TGC,C,0.32,C,0.18442942086384148
TGT,C,-0.32,T,0.18442942086384145
