codon,amino_acid,Methylomusa,third_nucl,standard_error
ATA,I,0.367,A,0.05505415321180879
ATC,I,-0.23,C,0.05397928476603346
ATT,I,-0.098,T,0.04703800804335858
ACA,T,0.578,A,0.06832140932677006
ACC,T,-0.567,C,0.06366263050121745
ACG,T,-0.029,G,0.07599804514665916
ACT,T,0.098,T,0.06894520282271785
AAC,N,-0.297,C,0.06483796165798557
AAT,N,0.297,T,0.06483796165798555
AAA,K,0.332,A,0.05496443738675076
AAG,K,-0.332,G,0.05496443738675076
AGC,S,-0.067,C,0.06660373908200028
AGT,S,0.284,T,0.07245190318243427
TCA,S,0.556,A,0.0836565979287673
TCC,S,-0.528,C,0.0757209558088557
TCG,S,-0.269,G,0.09191770459163728
TCT,S,0.044,T,0.08398638692513831
AGA,R,0.63,A,0.07618885247251242
AGG,R,0.189,G,0.09300824020885898
CGA,R,0.243,A,0.09612095287909783
CGC,R,-0.221,C,0.07605506253818112
CGG,R,-0.594,G,0.07033080655361792
CGT,R,0.014,T,0.07979384743961364
CTA,L,0.468,A,0.08277546447129719
CTC,L,-0.268,C,0.08067764456255233
CTG,L,-0.608,G,0.04915291814372683
CTT,L,-0.215,T,0.05670701271116951
TTA,L,0.294,A,0.05328963165120576
TTG,L,0.453,G,0.049252662437664685
CCA,P,0.8,A,0.10305219543971196
CCC,P,-0.442,C,0.09286250259743706
CCG,P,-0.25,G,0.0752675195555237
CCT,P,0.16,T,0.08536601681585584
CAC,H,-0.218,C,0.11288954362697497
CAT,H,0.218,T,0.11288954362697498
CAA,Q,0.421,A,0.06959186430144668
CAG,Q,-0.421,G,0.06959186430144668
GTA,V,0.103,A,0.05672297868554958
GTC,V,-0.479,C,0.0693754905690002
GTG,V,0.39,G,0.0550493912655139
GTT,V,-0.172,T,0.05387618577325588
GCA,A,0.594,A,0.0598880596686186
GCC,A,-0.574,C,0.05491540813494082
GCG,A,0.062,G,0.06286357816328737
GCT,A,0.057,T,0.058587143108127085
GAC,D,-0.249,C,0.06540246187482703
GAT,D,0.249,T,0.06540246187482703
GAA,E,0.184,A,0.06118207836996043
GAG,E,-0.184,G,0.06118207836996043
GGA,G,0.311,A,0.0644551805467265
GGC,G,-0.275,C,0.059010554404878776
GGG,G,-0.119,G,0.07673582647099424
GGT,G,0.11,T,0.06445070989992414
TTC,F,-0.137,C,0.07659736671103906
TTT,F,0.137,T,0.07659736671103907
TAC,Y,-0.236,C,0.08367406360814728
TAT,Y,0.236,T,0.08367406360814726
TGC,C,-0.443,C,0.12308838450592621
TGT,C,0.443,T,0.12308838450592621
