codon,amino_acid,Methyloceanibacter,third_nucl,standard_error
ATA,I,1.076,A,0.15785835996502293
ATC,I,-0.783,C,0.0751764888662138
ATT,I,0.585,T,0.08023048439489958
ACA,T,1.038,A,0.10134082312753817
ACC,T,-0.274,C,0.06362205482300146
ACG,T,-0.456,G,0.06273205356794204
ACT,T,0.837,T,0.12426039867341715
AAC,N,-0.413,C,0.10222919830968485
AAT,N,0.413,T,0.10222919830968484
AAA,K,0.954,A,0.08413546620567619
AAG,K,-0.954,G,0.08413546620567619
AGC,S,-0.038,C,0.06893604949236236
AGT,S,0.784,T,0.13188903521341092
TCA,S,1.086,A,0.1425964644591851
TCC,S,-0.116,C,0.07525733184066236
TCG,S,-0.64,G,0.07190695916059707
TCT,S,0.583,T,0.12913540589846695
AGA,R,1.716,A,0.16205762374706814
AGG,R,0.525,G,0.1268518072537192
CGA,R,0.821,A,0.1152136146721552
CGC,R,-0.506,C,0.059767607525418265
CGG,R,-0.447,G,0.06965474694498482
CGT,R,0.294,T,0.08924421301672424
CTA,L,0.588,A,0.12383401482021858
CTC,L,-0.331,C,0.05146813438111645
CTG,L,-0.431,G,0.05180746923287285
CTT,L,0.569,T,0.07049241253939903
TTA,L,1.389,A,0.2639200287589932
TTG,L,0.454,G,0.06776377710354436
CCA,P,1.122,A,0.11782711643307457
CCC,P,-0.166,C,0.0711028333631512
CCG,P,-0.554,G,0.06680457583460668
CCT,P,0.716,T,0.10899914231625388
CAC,H,-0.044,C,0.11124666062396435
CAT,H,0.044,T,0.11124666062396436
CAA,Q,0.535,A,0.09523495260431572
CAG,Q,-0.535,G,0.09523495260431572
GTA,V,0.625,A,0.1249168301592784
GTC,V,-0.363,C,0.05742296011103824
GTG,V,-0.018,G,0.05811456546132609
GTT,V,0.475,T,0.08063218209679679
GCA,A,0.856,A,0.07018742811296089
GCC,A,-0.352,C,0.04716079749473771
GCG,A,-0.277,G,0.04801243719458832
GCT,A,0.515,T,0.07359030288540024
GAC,D,-0.2,C,0.06867930639957912
GAT,D,0.2,T,0.0686793063995791
GAA,E,0.601,A,0.06692638340402336
GAG,E,-0.601,G,0.06692638340402336
GGA,G,0.695,A,0.08500561294702791
GGC,G,-0.573,C,0.05965198469431837
GGG,G,0.058,G,0.07795223962602976
GGT,G,0.408,T,0.08356474551331484
TTC,F,-0.995,C,0.09211863720413213
TTT,F,0.995,T,0.09211863720413213
TAC,Y,-0.095,C,0.1106719711632125
TAT,Y,0.095,T,0.1106719711632125
TGC,C,-0.88,C,0.19672068028050516
TGT,C,0.88,T,0.19672068028050516
