codon,amino_acid,Methylocella,third_nucl,standard_error
ATA,I,1.041,A,0.15518685830332413
ATC,I,-0.713,C,0.06564959975666632
ATT,I,0.556,T,0.06888454962412399
ACA,T,0.749,A,0.10637806456046392
ACC,T,-0.167,C,0.0630011279428497
ACG,T,-0.36,G,0.06258208299303743
ACT,T,0.812,T,0.12196394897198048
AAC,N,0.158,C,0.0864103041892787
AAT,N,-0.158,T,0.0864103041892787
AAA,K,0.587,A,0.0709233334703509
AAG,K,-0.587,G,0.0709233334703509
AGC,S,0.01,C,0.06111365604218754
AGT,S,0.541,T,0.14004998352274167
TCA,S,0.683,A,0.11717640812899105
TCC,S,0.087,C,0.06746070270434024
TCG,S,-0.557,G,0.060399065106857816
TCT,S,0.577,T,0.11718271208640414
AGA,R,1.393,A,0.15067181464173707
AGG,R,0.388,G,0.11130983138923657
CGA,R,0.787,A,0.10318550811987923
CGC,R,-0.39,C,0.05271508765947284
CGG,R,-0.415,G,0.06691308918976865
CGT,R,0.362,T,0.09081350632378081
CTA,L,0.773,A,0.14476855069960018
CTC,L,-0.33,C,0.04756754741889572
CTG,L,-0.575,G,0.04772633833658841
CTT,L,0.431,T,0.0585781719344421
TTA,L,0.848,A,0.1661911024918342
TTG,L,0.744,G,0.06239378622888567
CCA,P,0.684,A,0.10305598079215698
CCC,P,0.218,C,0.0658982936992372
CCG,P,-0.733,G,0.0599400505457784
CCT,P,0.831,T,0.10005364417235744
CAC,H,0.001,C,0.10752885614028462
CAT,H,-0.001,T,0.10752885614028461
CAA,Q,0.929,A,0.08849806026996573
CAG,Q,-0.929,G,0.08849806026996573
GTA,V,0.779,A,0.14475059500907533
GTC,V,-0.383,C,0.05488538094612625
GTG,V,-0.032,G,0.06017283979736863
GTT,V,0.563,T,0.07650962448064708
GCA,A,0.774,A,0.07402305806691568
GCC,A,-0.229,C,0.039960570935188254
GCG,A,-0.259,G,0.03988220393476523
GCT,A,0.671,T,0.06611660804330323
GAC,D,-0.135,C,0.06197335092737441
GAT,D,0.135,T,0.06197335092737441
GAA,E,0.459,A,0.06220823378988851
GAG,E,-0.459,G,0.06220823378988851
GGA,G,0.657,A,0.0785505031907528
GGC,G,-0.579,C,0.05651667129546927
GGG,G,0.162,G,0.07508869254480459
GGT,G,0.521,T,0.10359427121885126
TTC,F,-0.377,C,0.0731834761753803
TTT,F,0.377,T,0.0731834761753803
TAC,Y,0.32,C,0.1098705564832371
TAT,Y,-0.32,T,0.1098705564832371
TGC,C,-0.693,C,0.2076501402976641
TGT,C,0.693,T,0.20765014029766413
