codon,amino_acid,Methylovorus,third_nucl,standard_error
ATA,I,0.591,A,0.09411235708805205
ATC,I,-0.324,C,0.06415284377626365
ATT,I,0.033,T,0.06493913069652509
ACA,T,0.866,A,0.09207148727032342
ACC,T,-0.539,C,0.06676956748269453
ACG,T,-0.324,G,0.08527067973620776
ACT,T,0.45,T,0.09285286807701645
AAC,N,-0.15,C,0.08147948948208938
AAT,N,0.15,T,0.08147948948208938
AAA,K,1.059,A,0.0719157372198165
AAG,K,-1.059,G,0.0719157372198165
AGC,S,-0.283,C,0.06917662967361991
AGT,S,0.226,T,0.0930691605270434
TCA,S,0.498,A,0.10405094673127814
TCC,S,0.18,C,0.07915283229605512
TCG,S,-0.84,G,0.09490298843434597
TCT,S,0.552,T,0.1057389203790609
AGA,R,1.249,A,0.14484023492561507
AGG,R,0.477,G,0.19424489964860747
CGA,R,0.771,A,0.1467890705211072
CGC,R,-0.6,C,0.07113363741669597
CGG,R,-0.357,G,0.12150979454526328
CGT,R,0.162,T,0.08007161074785668
CTA,L,0.611,A,0.11459637343023761
CTC,L,0.181,C,0.07258979816369608
CTG,L,-0.937,G,0.04993727817347243
CTT,L,0.687,T,0.08179932886164144
TTA,L,1.274,A,0.09731943458465045
TTG,L,0.105,G,0.0637886428244889
CCA,P,0.276,A,0.09551091793058498
CCC,P,0.114,C,0.08317505812045023
CCG,P,-0.514,G,0.08662265090213729
CCT,P,0.19,T,0.09037973683765668
CAC,H,0.057,C,0.10690469324960342
CAT,H,-0.057,T,0.10690469324960343
CAA,Q,0.969,A,0.07961310006059417
CAG,Q,-0.969,G,0.07961310006059417
GTA,V,0.696,A,0.08323340579275221
GTC,V,-0.03,C,0.07748105378669143
GTG,V,-0.851,G,0.06681527006609635
GTT,V,0.691,T,0.08412533580504108
GCA,A,0.698,A,0.06404084979674983
GCC,A,-0.316,C,0.05546846558016424
GCG,A,-0.503,G,0.06861115495436473
GCT,A,0.226,T,0.07089480050736502
GAC,D,0.062,C,0.0765029994297636
GAT,D,-0.062,T,0.07650299942976359
GAA,E,0.692,A,0.0810143261027313
GAG,E,-0.692,G,0.0810143261027313
GGA,G,1.019,A,0.11733505413640324
GGC,G,-0.481,C,0.07273918404643497
GGG,G,-0.197,G,0.11253888545841645
GGT,G,0.239,T,0.08242751366229192
TTC,F,-0.222,C,0.08419218346340285
TTT,F,0.222,T,0.08419218346340285
TAC,Y,0.059,C,0.10419036786942461
TAT,Y,-0.059,T,0.10419036786942461
TGC,C,-0.57,C,0.18449521324161283
TGT,C,0.57,T,0.18449521324161283
