codon,amino_acid,Methylobacillus,third_nucl,standard_error
ATA,I,0.506,A,0.10226230570031825
ATC,I,-0.547,C,0.06551091844650125
ATT,I,0.371,T,0.06922391242969111
ACA,T,0.643,A,0.09061429663550315
ACC,T,-0.144,C,0.07194041343134279
ACG,T,-0.554,G,0.08781563819303637
ACT,T,0.152,T,0.09174695275641659
AAC,N,-0.14,C,0.08422858088072681
AAT,N,0.14,T,0.08422858088072681
AAA,K,1.312,A,0.07825133510029819
AAG,K,-1.312,G,0.07825133510029819
AGC,S,-0.309,C,0.06931086202882411
AGT,S,0.481,T,0.09587745203693272
TCA,S,0.324,A,0.10435413903475078
TCC,S,-0.041,C,0.07867169920015962
TCG,S,-0.596,G,0.09815831395023689
TCT,S,0.571,T,0.11047162254892401
AGA,R,1.646,A,0.17513042853023972
AGG,R,0.314,G,0.12140477411064114
CGA,R,0.422,A,0.1470482965023792
CGC,R,-0.485,C,0.07216049286093139
CGG,R,-0.265,G,0.11033981805703062
CGT,R,0.029,T,0.08468458240671915
CTA,L,0.583,A,0.10856201923525538
CTC,L,-0.086,C,0.06954700134057976
CTG,L,-0.605,G,0.05144965961095491
CTT,L,0.396,T,0.08218118442851537
TTA,L,1.19,A,0.1138247647026755
TTG,L,0.068,G,0.0576146471448968
CCA,P,0.376,A,0.09721411201840843
CCC,P,0.172,C,0.0870730332795082
CCG,P,-0.686,G,0.08868073295751822
CCT,P,0.229,T,0.09093843652318245
CAC,H,0.011,C,0.1053141552413045
CAT,H,-0.011,T,0.1053141552413045
CAA,Q,0.882,A,0.08144027740867296
CAG,Q,-0.882,G,0.08144027740867296
GTA,V,0.402,A,0.08636305892084728
GTC,V,-0.143,C,0.07074115482974054
GTG,V,-0.471,G,0.06673575556547387
GTT,V,0.64,T,0.08932484337199237
GCA,A,0.494,A,0.06263820006174992
GCC,A,-0.288,C,0.05734465092988392
GCG,A,-0.419,G,0.06718475955464215
GCT,A,0.319,T,0.07390754500440008
GAC,D,-0.257,C,0.07921348100200085
GAT,D,0.257,T,0.07921348100200086
GAA,E,0.675,A,0.0795608022178636
GAG,E,-0.675,G,0.0795608022178636
GGA,G,0.491,A,0.10217786437784389
GGC,G,-0.353,C,0.07134618834670216
GGG,G,0.062,G,0.09830372775068309
GGT,G,0.135,T,0.08680015012745386
TTC,F,-0.693,C,0.08777920882248601
TTT,F,0.693,T,0.087779208822486
TAC,Y,-0.186,C,0.10712552912688104
TAT,Y,0.186,T,0.10712552912688104
TGC,C,-0.682,C,0.19404986793884288
TGT,C,0.682,T,0.19404986793884288
