codon,amino_acid,Methylomagnum,third_nucl,standard_error
ATA,I,0.525,A,0.10276859977520522
ATC,I,-0.503,C,0.06683497419849081
ATT,I,0.389,T,0.07936260225799868
ACA,T,1.072,A,0.12907956573070245
ACC,T,-0.441,C,0.060716606018453995
ACG,T,-0.054,G,0.07150989601364743
ACT,T,0.766,T,0.12694659008862938
AAC,N,-0.3,C,0.0765461332800607
AAT,N,0.3,T,0.07654613328006069
AAA,K,1.255,A,0.0648002649400681
AAG,K,-1.255,G,0.0648002649400681
AGC,S,-0.201,C,0.058054828733482215
AGT,S,0.219,T,0.12030824837117844
TCA,S,1.146,A,0.17083323595992117
TCC,S,0.373,C,0.058300104838749325
TCG,S,-0.702,G,0.07002508050555283
TCT,S,0.552,T,0.14838680449927208
AGA,R,1.755,A,0.14937621308126028
AGG,R,0.291,G,0.1010588273327146
CGA,R,1.7,A,0.1418169142009209
CGC,R,-0.184,C,0.04935261757777044
CGG,R,-0.831,G,0.057826072531712354
CGT,R,0.56,T,0.08575941795404257
CTA,L,1.01,A,0.09463972156628606
CTC,L,0.419,C,0.04705522295021144
CTG,L,-0.76,G,0.039623394269343096
CTT,L,0.936,T,0.09581074310045899
TTA,L,1.159,A,0.11588845777924336
TTG,L,-0.089,G,0.045108641305066116
CCA,P,1.186,A,0.1050082507012719
CCC,P,0.144,C,0.05150201852338069
CCG,P,-0.727,G,0.05423128131672151
CCT,P,0.595,T,0.10211685791376804
CAC,H,0.1,C,0.08252560668231225
CAT,H,-0.1,T,0.08252560668231225
CAA,Q,0.89,A,0.06914929318151164
CAG,Q,-0.89,G,0.06914929318151164
GTA,V,1.246,A,0.1120994628391086
GTC,V,0.085,C,0.054537352864315686
GTG,V,-0.784,G,0.05507456244163721
GTT,V,1.032,T,0.09252776234123465
GCA,A,1.316,A,0.09449193822799037
GCC,A,-0.257,C,0.04056207796576739
GCG,A,-0.307,G,0.04468342657487164
GCT,A,0.86,T,0.080551687784847
GAC,D,-0.116,C,0.058335851823951436
GAT,D,0.116,T,0.05833585182395143
GAA,E,0.896,A,0.06314128064261855
GAG,E,-0.896,G,0.06314128064261856
GGA,G,0.911,A,0.08451260354851754
GGC,G,-0.356,C,0.05301952585500435
GGG,G,-0.306,G,0.06734927808645867
GGT,G,0.457,T,0.07855684614425315
TTC,F,-0.948,C,0.09664836890207992
TTT,F,0.948,T,0.09664836890207994
TAC,Y,0.097,C,0.0846431515346829
TAT,Y,-0.097,T,0.0846431515346829
TGC,C,-0.692,C,0.17185608664471388
TGT,C,0.692,T,0.17185608664471388
