codon,amino_acid,Microvenator,third_nucl,standard_error
ATA,I,1.048,A,0.09993473881404057
ATC,I,-0.683,C,0.052430776937527346
ATT,I,0.353,T,0.05350142760737759
ACA,T,0.862,A,0.0697127015939688
ACC,T,-0.29,C,0.057252764742457656
ACG,T,-0.486,G,0.06130290695451638
ACT,T,0.171,T,0.07331017592579013
AAC,N,-0.468,C,0.0693307367472943
AAT,N,0.468,T,0.0693307367472943
AAA,K,0.759,A,0.05652221013004232
AAG,K,-0.759,G,0.05652221013004232
AGC,S,-0.178,C,0.06091657903329828
AGT,S,0.633,T,0.06940510705484572
TCA,S,0.506,A,0.06979160722797646
TCC,S,-0.259,C,0.06630682419448379
TCG,S,-0.574,G,0.0623324580084705
TCT,S,0.068,T,0.07290017313237922
AGA,R,1.05,A,0.07523457504629191
AGG,R,-0.369,G,0.09399616219025606
CGA,R,0.351,A,0.060455811459798524
CGC,R,-0.56,C,0.05950013439238443
CGG,R,-0.575,G,0.08624424837246145
CGT,R,-0.074,T,0.06752782015354543
CTA,L,0.559,A,0.06777348100529411
CTC,L,-0.537,C,0.04101473111354381
CTG,L,-0.374,G,0.05190068441177068
CTT,L,-0.132,T,0.047087543503966295
TTA,L,1.142,A,0.09062311852925133
TTG,L,0.418,G,0.045323591963304904
CCA,P,0.429,A,0.06777695836426105
CCC,P,0.122,C,0.07219580078093227
CCG,P,-0.63,G,0.07171183996619812
CCT,P,0.07,T,0.07386299722740224
CAC,H,-0.317,C,0.09031142344159186
CAT,H,0.317,T,0.09031142344159185
CAA,Q,0.84,A,0.07433215390604361
CAG,Q,-0.84,G,0.07433215390604361
GTA,V,0.626,A,0.07027930407097273
GTC,V,-0.377,C,0.052223407144475265
GTG,V,-0.147,G,0.04756911154871932
GTT,V,0.222,T,0.054657367268329766
GCA,A,0.664,A,0.05384651382548152
GCC,A,-0.161,C,0.049956834297015494
GCG,A,-0.423,G,0.050313067103070055
GCT,A,0.024,T,0.057858851057127035
GAC,D,-0.328,C,0.05887154666210419
GAT,D,0.328,T,0.05887154666210419
GAA,E,0.929,A,0.05175712093188962
GAG,E,-0.929,G,0.05175712093188962
GGA,G,0.494,A,0.06041814404103329
GGC,G,-0.543,C,0.05852735389570227
GGG,G,0.091,G,0.06907599436058755
GGT,G,0.06,T,0.06457114034726998
TTC,F,-0.516,C,0.0591339342033921
TTT,F,0.516,T,0.0591339342033921
TAC,Y,-0.377,C,0.08827811738144593
TAT,Y,0.377,T,0.08827811738144593
TGC,C,-0.434,C,0.12242135803070983
TGT,C,0.434,T,0.12242135803070983
