codon,amino_acid,Microterricola,third_nucl,standard_error
ATA,I,1.41,A,0.33879734372219444
ATC,I,-1.611,C,0.12410649017192163
ATT,I,1.592,T,0.1318088491808564
ACA,T,1.522,A,0.13297352482130181
ACC,T,-0.495,C,0.05546165055152016
ACG,T,-0.32,G,0.05900986593198399
ACT,T,1.65,T,0.14863858167310406
AAC,N,-1.381,C,0.1651061284352608
AAT,N,1.381,T,0.16510612843526076
AAA,K,1.759,A,0.18898712080772817
AAG,K,-1.759,G,0.18898712080772817
AGC,S,-0.079,C,0.05767134456429536
AGT,S,1.179,T,0.16574489948241614
TCA,S,1.472,A,0.1639099558332723
TCC,S,-0.242,C,0.0637926164795368
TCG,S,-0.579,G,0.06624402047991391
TCT,S,1.39,T,0.16142187907127206
AGA,R,2.116,A,0.25190543122766673
AGG,R,0.62,G,0.14682399301810195
CGA,R,1.324,A,0.1288342949223443
CGC,R,-0.515,C,0.05690193572827551
CGG,R,-0.576,G,0.07119732692490417
CGT,R,0.847,T,0.10406476182431205
CTA,L,1.061,A,0.2827171920014564
CTC,L,-0.103,C,0.04758832304521173
CTG,L,-0.528,G,0.04842952408622996
CTT,L,1.612,T,0.12883228752998843
TTA,L,1.674,A,0.6409497611374293
TTG,L,1.236,G,0.1076420992699902
CCA,P,1.173,A,0.12809722838625934
CCC,P,0.49,C,0.06196075875970638
CCG,P,-1.017,G,0.061354764978711146
CCT,P,1.078,T,0.14976032068557246
CAC,H,-0.491,C,0.1674757286288521
CAT,H,0.491,T,0.1674757286288521
CAA,Q,1.37,A,0.16280637517619492
CAG,Q,-1.37,G,0.16280637517619492
GTA,V,1.713,A,0.19849838446535326
GTC,V,-0.696,C,0.05153617793765834
GTG,V,0.247,G,0.050440740069002316
GTT,V,0.991,T,0.10226532944104436
GCA,A,1.319,A,0.06906674696601886
GCC,A,-0.498,C,0.04172767583470626
GCG,A,-0.43,G,0.04579844358796082
GCT,A,1.267,T,0.09229051574381267
GAC,D,-0.906,C,0.08360960954136136
GAT,D,0.906,T,0.08360960954136136
GAA,E,1.741,A,0.08810935110065088
GAG,E,-1.741,G,0.08810935110065088
GGA,G,1.257,A,0.09501532511759984
GGC,G,-0.783,C,0.05852749194704602
GGG,G,0.135,G,0.07607632162305901
GGT,G,0.561,T,0.09552499282088349
TTC,F,-2.015,C,0.1903078523756148
TTT,F,2.015,T,0.1903078523756148
TAC,Y,-1.042,C,0.1838570286433071
TAT,Y,1.042,T,0.1838570286433071
TGC,C,-0.737,C,0.3412187861875154
TGT,C,0.737,T,0.3412187861875154
