codon,amino_acid,Microvirga,third_nucl,standard_error
ATA,I,0.525,A,0.10730166403428043
ATC,I,-0.573,C,0.04920107523698196
ATT,I,0.531,T,0.05280041030760003
ACA,T,0.808,A,0.06374663370172162
ACC,T,-0.209,C,0.03848330763446538
ACG,T,-0.31,G,0.04041325253946333
ACT,T,0.52,T,0.07185829432964257
AAC,N,-0.277,C,0.06290766665513331
AAT,N,0.277,T,0.06290766665513331
AAA,K,0.841,A,0.05836005817115246
AAG,K,-0.841,G,0.05836005817115246
AGC,S,-0.166,C,0.04220107364828426
AGT,S,0.163,T,0.08170662224922284
TCA,S,0.503,A,0.07357418746859037
TCC,S,0.021,C,0.04297684063206762
TCG,S,-0.416,G,0.044454868827790345
TCT,S,0.881,T,0.078415573319743
AGA,R,1.035,A,0.0839055789778782
AGG,R,0.191,G,0.06120455962791128
CGA,R,0.562,A,0.06279877936657775
CGC,R,-0.327,C,0.03404996793791969
CGG,R,-0.422,G,0.04092235482225766
CGT,R,0.454,T,0.05191865462096149
CTA,L,0.52,A,0.10000486324027397
CTC,L,-0.197,C,0.03039055553840083
CTG,L,-0.396,G,0.03059430361114365
CTT,L,0.542,T,0.04267978823224111
TTA,L,0.463,A,0.12591232349570844
TTG,L,0.544,G,0.04764071746470996
CCA,P,0.569,A,0.0683323432349619
CCC,P,0.155,C,0.04363512816032236
CCG,P,-0.662,G,0.041255401170063245
CCT,P,0.609,T,0.05834865854048662
CAC,H,-0.212,C,0.06325991960546055
CAT,H,0.212,T,0.06325991960546054
CAA,Q,0.832,A,0.06065314092609347
CAG,Q,-0.832,G,0.06065314092609347
GTA,V,0.484,A,0.085873359345893
GTC,V,-0.236,C,0.03561096445619567
GTG,V,-0.181,G,0.036538566370470954
GTT,V,0.607,T,0.04919385249483342
GCA,A,0.612,A,0.043625161274173783
GCC,A,-0.185,C,0.02906538031164976
GCG,A,-0.44,G,0.03221692181459427
GCT,A,0.582,T,0.042872789872212394
GAC,D,-0.225,C,0.04107833467354973
GAT,D,0.225,T,0.04107833467354973
GAA,E,0.784,A,0.04452085036312247
GAG,E,-0.784,G,0.04452085036312247
GGA,G,0.487,A,0.05178772719096576
GGC,G,-0.479,C,0.03785772948323502
GGG,G,-0.02,G,0.05217449522415515
GGT,G,0.47,T,0.05274907777183346
TTC,F,-0.699,C,0.06131041883528937
TTT,F,0.699,T,0.06131041883528937
TAC,Y,0.014,C,0.06904298374688894
TAT,Y,-0.014,T,0.06904298374688894
TGC,C,-0.638,C,0.1444056701915755
TGT,C,0.638,T,0.1444056701915755
