codon,amino_acid,Microvirgula,third_nucl,standard_error
ATA,I,0.893,A,0.17404802088029186
ATC,I,-0.778,C,0.07206153714875765
ATT,I,0.67,T,0.0754393419425598
ACA,T,1.097,A,0.12983793694854437
ACC,T,-0.305,C,0.0605196449729402
ACG,T,-0.455,G,0.06887483677770727
ACT,T,1.187,T,0.12333167544851241
AAC,N,-0.122,C,0.0871976053518875
AAT,N,0.122,T,0.0871976053518875
AAA,K,1.543,A,0.08539010335127159
AAG,K,-1.543,G,0.0853901033512716
AGC,S,-0.428,C,0.06147738279706859
AGT,S,0.202,T,0.10109642330973741
TCA,S,0.751,A,0.14192421554164883
TCC,S,0.867,C,0.0694279374643492
TCG,S,-0.904,G,0.06739115796240978
TCT,S,1.256,T,0.16326016510275246
AGA,R,1.303,A,0.15081139618768877
AGG,R,0.519,G,0.15299475637002277
CGA,R,1.279,A,0.13273116918777456
CGC,R,-0.293,C,0.05295322123893888
CGG,R,-0.61,G,0.0682316668392217
CGT,R,0.337,T,0.07508187960171697
CTA,L,1.067,A,0.23850666944548204
CTC,L,0.599,C,0.05871033348497187
CTG,L,-1.102,G,0.04669765792276481
CTT,L,1.292,T,0.09484442855068513
TTA,L,1.139,A,0.2535916093560843
TTG,L,0.903,G,0.08688131523793613
CCA,P,0.459,A,0.12369381476193327
CCC,P,1.324,C,0.07857960751765934
CCG,P,-1.513,G,0.06724999812892148
CCT,P,1.253,T,0.12953796060517367
CAC,H,-0.099,C,0.09477275306285732
CAT,H,0.099,T,0.09477275306285732
CAA,Q,1.723,A,0.10024627484334665
CAG,Q,-1.723,G,0.10024627484334664
GTA,V,0.765,A,0.10672585920769656
GTC,V,-0.168,C,0.055002282126248185
GTG,V,-0.398,G,0.05588753231535814
GTT,V,0.939,T,0.09308779378765186
GCA,A,0.389,A,0.06506172073039965
GCC,A,-0.063,C,0.0437650117045955
GCG,A,-0.473,G,0.05094561402933361
GCT,A,0.936,T,0.08676695700698707
GAC,D,-0.267,C,0.06508835384550962
GAT,D,0.267,T,0.06508835384550962
GAA,E,0.955,A,0.07583042617407382
GAG,E,-0.955,G,0.07583042617407382
GGA,G,1.02,A,0.10620461185551144
GGC,G,-0.413,C,0.060768335199075416
GGG,G,-0.193,G,0.09120807407987387
GGT,G,0.287,T,0.07810371868876496
TTC,F,-0.722,C,0.08484782104849889
TTT,F,0.722,T,0.08484782104849889
TAC,Y,-0.094,C,0.10000574530675564
TAT,Y,0.094,T,0.10000574530675564
TGC,C,-0.485,C,0.18823598260924831
TGT,C,0.485,T,0.18823598260924831
