codon,amino_acid,Microbulbifer,third_nucl,standard_error
ATA,I,0.693,A,0.10234494645797886
ATC,I,-0.509,C,0.061810433598339196
ATT,I,0.259,T,0.06422818279168407
ACA,T,0.95,A,0.08929401182561733
ACC,T,-0.702,C,0.06198195387832855
ACG,T,-0.077,G,0.08515479801323994
ACT,T,0.454,T,0.08628349668950254
AAC,N,-0.221,C,0.07651089844046167
AAT,N,0.221,T,0.07651089844046167
AAA,K,0.629,A,0.06621507244343403
AAG,K,-0.629,G,0.06621507244343403
AGC,S,-0.309,C,0.06291009100699767
AGT,S,0.132,T,0.07578329593277994
TCA,S,0.575,A,0.09902128831417384
TCC,S,-0.05,C,0.06448788649776327
TCG,S,-0.333,G,0.089278116428878
TCT,S,0.378,T,0.09239654771787402
AGA,R,1.661,A,0.1317305006375372
AGG,R,0.322,G,0.14402560806679376
CGA,R,0.775,A,0.10644978150330164
CGC,R,-0.53,C,0.05941538231494094
CGG,R,-0.588,G,0.0859503172485128
CGT,R,0.113,T,0.07738458979661614
CTA,L,0.516,A,0.10711409462608208
CTC,L,0.151,C,0.06033264643732728
CTG,L,-0.734,G,0.04493007792573406
CTT,L,0.6,T,0.0833844285301085
TTA,L,0.884,A,0.10163002009474421
TTG,L,0.343,G,0.06058918982906334
CCA,P,0.645,A,0.09585185127748548
CCC,P,0.305,C,0.0702018998149304
CCG,P,-0.866,G,0.07136038517750266
CCT,P,0.418,T,0.10178419914151937
CAC,H,-0.144,C,0.10365942663733725
CAT,H,0.144,T,0.10365942663733725
CAA,Q,1.074,A,0.08041968811248834
CAG,Q,-1.074,G,0.08041968811248834
GTA,V,0.387,A,0.069058041186519
GTC,V,-0.081,C,0.06792301958219786
GTG,V,-0.356,G,0.05668506989733076
GTT,V,0.271,T,0.07534023674438513
GCA,A,0.538,A,0.06150240000870327
GCC,A,-0.195,C,0.05050801605595548
GCG,A,-0.452,G,0.05544753494084209
GCT,A,0.475,T,0.07483510457751401
GAC,D,-0.112,C,0.06615721198575299
GAT,D,0.112,T,0.06615721198575299
GAA,E,0.949,A,0.0672069049527853
GAG,E,-0.949,G,0.0672069049527853
GGA,G,0.79,A,0.08759917327505778
GGC,G,-0.141,C,0.06341528196342132
GGG,G,-0.252,G,0.08745947910876907
GGT,G,-0.157,T,0.07127959118358045
TTC,F,-0.338,C,0.07349775926349397
TTT,F,0.338,T,0.07349775926349397
TAC,Y,-0.077,C,0.09604740459670275
TAT,Y,0.077,T,0.09604740459670275
TGC,C,-0.221,C,0.1527311452399294
TGT,C,0.221,T,0.15273114523992942
