codon,amino_acid,Microcella,third_nucl,standard_error
ATA,I,2.618,A,1.4681628857720643
ATC,I,-1.139,C,0.27656755258725096
ATT,I,1.011,T,0.2810574643841427
ACA,T,1.395,A,0.34126332548805366
ACC,T,0.488,C,0.0668473587657617
ACG,T,-0.753,G,0.06897968794118171
ACT,T,1.365,T,0.2560700134605318
AAC,N,-1.264,C,0.25785617474580974
AAT,N,1.264,T,0.25785617474580974
AAA,K,1.694,A,0.4168899326774548
AAG,K,-1.694,G,0.4168899326774548
AGC,S,0.206,C,0.07372345821221275
AGT,S,1.218,T,0.3071264268440965
TCA,S,0.962,A,0.30320232229146543
TCC,S,0.765,C,0.08708054712236833
TCG,S,-1.148,G,0.0778358341926178
TCT,S,1.251,T,0.30630568016746634
AGA,R,1.985,A,0.3389283792863058
AGG,R,1.09,G,0.23345486470815388
CGA,R,1.254,A,0.1569718477942396
CGC,R,-0.477,C,0.06591689236043091
CGG,R,-0.306,G,0.08055648543778016
CGT,R,0.716,T,0.137418013114976
CTA,L,1.14,A,0.44632701838691335
CTC,L,-0.148,C,0.05720391902711178
CTG,L,-0.043,G,0.05850224557907136
CTT,L,1.325,T,0.24735905163411012
TTA,L,2.389,A,1.4909774060423095
TTG,L,0.873,G,0.20705676085502817
CCA,P,0.848,A,0.3601807566993044
CCC,P,0.415,C,0.0681545078847256
CCG,P,-0.603,G,0.06907822107199134
CCT,P,1.177,T,0.23202185773110773
CAC,H,-1.199,C,0.23787784554254623
CAT,H,1.199,T,0.23787784554254623
CAA,Q,0.921,A,0.2835371671520942
CAG,Q,-0.921,G,0.28353716715209415
GTA,V,1.026,A,0.32741821205313343
GTC,V,-0.672,C,0.059443201035351764
GTG,V,0.559,G,0.05938724721374113
GTT,V,0.85,T,0.20642110630067897
GCA,A,1.8,A,0.14112678809371038
GCC,A,0.005,C,0.047730977359074694
GCG,A,-0.549,G,0.05004775044423813
GCT,A,1.168,T,0.12672656784115516
GAC,D,-0.685,C,0.1005018168654022
GAT,D,0.685,T,0.1005018168654022
GAA,E,1.445,A,0.1369748525470905
GAG,E,-1.445,G,0.1369748525470905
GGA,G,1.005,A,0.12060215240904143
GGC,G,-0.548,C,0.07029464768068622
GGG,G,0.017,G,0.08837811878908088
GGT,G,0.639,T,0.12894017176320655
TTC,F,-0.547,C,0.5205921101753018
TTT,F,0.547,T,0.5205921101753018
TAC,Y,-0.882,C,0.34846187313212523
TAT,Y,0.882,T,0.34846187313212523
TGC,C,-1.272,C,1.2333244792386433
TGT,C,1.272,T,1.2333244792386435
