codon,amino_acid,Microbacterium,third_nucl,standard_error
ATA,I,0.682,A,0.4390736971338703
ATC,I,-1.218,C,0.22793483148645322
ATT,I,1.377,T,0.26804184712346774
ACA,T,1.084,A,0.16225698657866322
ACC,T,0.282,C,0.05292219242523591
ACG,T,-0.606,G,0.05407898097055066
ACT,T,1.163,T,0.17654220196911674
AAC,N,-0.882,C,0.21963331631698732
AAT,N,0.882,T,0.21963331631698732
AAA,K,1.216,A,0.26571898584684384
AAG,K,-1.216,G,0.26571898584684384
AGC,S,0.225,C,0.0651190904124024
AGT,S,0.691,T,0.19130551215865385
TCA,S,1.56,A,0.2547054139079095
TCC,S,0.066,C,0.06026329493073312
TCG,S,-0.665,G,0.06375873498641137
TCT,S,0.889,T,0.18024830643341508
AGA,R,2.037,A,0.2593414237632998
AGG,R,0.864,G,0.13765273284466573
CGA,R,0.806,A,0.09801400074952189
CGC,R,-0.201,C,0.04940829489705718
CGG,R,-0.594,G,0.05708663144660558
CGT,R,0.438,T,0.07913864246958426
CTA,L,0.319,A,0.35501983514557495
CTC,L,0.03,C,0.046757597070785584
CTG,L,-0.241,G,0.04750860124065105
CTT,L,0.948,T,0.1261184935107623
TTA,L,0.886,A,1.2249680310938544
TTG,L,0.52,G,0.14547426587530846
CCA,P,1.175,A,0.24960196349537173
CCC,P,0.381,C,0.05762045817811516
CCG,P,-0.673,G,0.05712084289852546
CCT,P,0.97,T,0.13040958033221095
CAC,H,-0.371,C,0.14062870909531233
CAT,H,0.371,T,0.1406287090953123
CAA,Q,0.841,A,0.2253142749817119
CAG,Q,-0.841,G,0.2253142749817119
GTA,V,0.409,A,0.21064673202712472
GTC,V,-0.316,C,0.04671485575674054
GTG,V,0.223,G,0.046805424021462844
GTT,V,0.842,T,0.1649602589127369
GCA,A,1.05,A,0.07975409432798514
GCC,A,0.074,C,0.03972587913743006
GCG,A,-0.544,G,0.04071067875184319
GCT,A,0.848,T,0.0938923680577506
GAC,D,-0.536,C,0.0746968046993164
GAT,D,0.536,T,0.0746968046993164
GAA,E,1.353,A,0.09641696696932944
GAG,E,-1.353,G,0.09641696696932946
GGA,G,0.668,A,0.0745476529220185
GGC,G,-0.324,C,0.05311929686677239
GGG,G,-0.205,G,0.06130622678674664
GGT,G,0.463,T,0.09299306368364128
TTC,F,-1.258,C,0.35662133742160007
TTT,F,1.258,T,0.35662133742160007
TAC,Y,-0.411,C,0.173610629621702
TAT,Y,0.411,T,0.17361062962170204
TGC,C,-0.811,C,0.3933675034342299
TGT,C,0.811,T,0.3933675034342299
