codon,amino_acid,Mobiluncus,third_nucl,standard_error
ATA,I,0.812,A,0.1456943806856274
ATC,I,-0.489,C,0.09577315007027432
ATT,I,0.106,T,0.09090730739552452
ACA,T,0.751,A,0.12438966626399653
ACC,T,-0.534,C,0.08149080902630959
ACG,T,-0.179,G,0.09655376921917727
ACT,T,0.381,T,0.0911691679107823
AAC,N,-0.431,C,0.10588391166750521
AAT,N,0.431,T,0.10588391166750521
AAA,K,0.274,A,0.09335485380379915
AAG,K,-0.274,G,0.09335485380379917
AGC,S,0.209,C,0.09954192966832939
AGT,S,0.52,T,0.11906149069571281
TCA,S,0.364,A,0.1332517248443514
TCC,S,-0.552,C,0.09513736024921021
TCG,S,-0.337,G,0.11112403185149637
TCT,S,0.091,T,0.10663309503501715
AGA,R,0.99,A,0.1835841817605747
AGG,R,0.775,G,0.1875409791723281
CGA,R,0.311,A,0.12434395649021922
CGC,R,-0.297,C,0.09013870266726544
CGG,R,-0.505,G,0.11270939983698625
CGT,R,0.021,T,0.09532197721564896
CTA,L,0.275,A,0.13353479094526718
CTC,L,-0.007,C,0.09541508679261321
CTG,L,-0.593,G,0.06926908817903814
CTT,L,0.749,T,0.12467855183698842
TTA,L,0.739,A,0.1192725520375929
TTG,L,0.04,G,0.07288713193565734
CCA,P,0.656,A,0.12580188725140742
CCC,P,-0.09,C,0.09525215210777949
CCG,P,-0.58,G,0.09547399303536411
CCT,P,0.392,T,0.11226486044759046
CAC,H,-0.036,C,0.1495515555421477
CAT,H,0.036,T,0.1495515555421477
CAA,Q,0.489,A,0.10845284336934088
CAG,Q,-0.489,G,0.1084528433693409
GTA,V,0.216,A,0.10015885793693807
GTC,V,-0.64,C,0.08635151791591364
GTG,V,0.088,G,0.07041636724744144
GTT,V,0.394,T,0.08970354934749362
GCA,A,0.402,A,0.07914704449038364
GCC,A,-0.342,C,0.07615363377178418
GCG,A,-0.21,G,0.07536228576204838
GCT,A,0.194,T,0.0754078232302889
GAC,D,-0.194,C,0.08818117736574109
GAT,D,0.194,T,0.08818117736574109
GAA,E,0.333,A,0.08772652674920761
GAG,E,-0.333,G,0.08772652674920763
GGA,G,0.347,A,0.09749844039881779
GGC,G,-0.159,C,0.09430516716433106
GGG,G,-0.081,G,0.0994156257146669
GGT,G,-0.078,T,0.09063449793993353
TTC,F,-0.609,C,0.11733625753341101
TTT,F,0.609,T,0.11733625753341102
TAC,Y,-0.268,C,0.1441002361528522
TAT,Y,0.268,T,0.1441002361528522
TGC,C,-0.75,C,0.23485340561513984
TGT,C,0.75,T,0.23485340561513984
