codon,amino_acid,Moorella,third_nucl,standard_error
ATA,I,0.143,A,0.0700685796057726
ATC,I,-0.28,C,0.058630294783724904
ATT,I,0.177,T,0.05838026164556384
ACA,T,0.499,A,0.09762644320146235
ACC,T,-0.331,C,0.06553470053844623
ACG,T,-0.227,G,0.08501527667891945
ACT,T,0.404,T,0.08602917804931305
AAC,N,-0.063,C,0.08391216201151595
AAT,N,0.063,T,0.08391216201151595
AAA,K,0.296,A,0.0642013128548635
AAG,K,-0.296,G,0.0642013128548635
AGC,S,-0.276,C,0.0742512045454278
AGT,S,0.537,T,0.1012693289862929
TCA,S,0.441,A,0.1373834804292201
TCC,S,-0.248,C,0.08426911112794663
TCG,S,0.016,G,0.13080879955339095
TCT,S,0.083,T,0.11322606196635814
AGA,R,0.896,A,0.11803591386734497
AGG,R,0.325,G,0.07521998138647465
CGA,R,0.531,A,0.15681061183756734
CGC,R,-0.342,C,0.06268747091728746
CGG,R,-0.467,G,0.06287218550057265
CGT,R,0.43,T,0.08735855022483062
CTA,L,0.351,A,0.10058058216628643
CTC,L,-0.338,C,0.06605641219253904
CTG,L,-0.783,G,0.044545070556987094
CTT,L,0.238,T,0.06736084577790012
TTA,L,0.513,A,0.05885384931754572
TTG,L,0.893,G,0.06397439084602966
CCA,P,0.711,A,0.11101046161013224
CCC,P,-0.298,C,0.07267745609941852
CCG,P,-0.343,G,0.07628282861617369
CCT,P,0.478,T,0.0908647580274502
CAC,H,-0.372,C,0.1180449050074817
CAT,H,0.372,T,0.11804490500748172
CAA,Q,0.789,A,0.08869101823997046
CAG,Q,-0.789,G,0.08869101823997046
GTA,V,-0.064,A,0.06169759329372738
GTC,V,-0.515,C,0.06250941645354262
GTG,V,0.331,G,0.05641408974518523
GTT,V,0.186,T,0.0636218043348581
GCA,A,0.605,A,0.07318666608670578
GCC,A,-0.492,C,0.04934840496224265
GCG,A,0.007,G,0.06920025462074779
GCT,A,0.334,T,0.06130575991945434
GAC,D,-0.308,C,0.07303772792546814
GAT,D,0.308,T,0.07303772792546814
GAA,E,0.333,A,0.061194909803260464
GAG,E,-0.333,G,0.06119490980326047
GGA,G,0.406,A,0.08295939578204801
GGC,G,-0.274,C,0.05700493245149131
GGG,G,-0.11,G,0.06717045544827631
GGT,G,0.221,T,0.06576070698091238
TTC,F,-0.221,C,0.0820283706238001
TTT,F,0.221,T,0.08202837062380011
TAC,Y,-0.306,C,0.08885861945886592
TAT,Y,0.306,T,0.08885861945886592
TGC,C,-0.083,C,0.1515954158390197
TGT,C,0.083,T,0.1515954158390197
