codon,amino_acid,Moraxella,third_nucl,standard_error
ATA,I,0.115,A,0.09021082129317941
ATC,I,0.13,C,0.06302037803439131
ATT,I,-0.174,T,0.06092447465207633
ACA,T,0.061,A,0.07510248167609611
ACC,T,0.349,C,0.06314746536831435
ACG,T,-0.91,G,0.09476741767841915
ACT,T,0.033,T,0.08299087547838088
AAC,N,0.154,C,0.07139031563335724
AAT,N,-0.154,T,0.07139031563335722
AAA,K,0.691,A,0.08360269602166999
AAG,K,-0.691,G,0.08360269602166999
AGC,S,-0.265,C,0.07723239715539221
AGT,S,-0.242,T,0.08326853272172649
TCA,S,0.308,A,0.0859552714066676
TCC,S,0.646,C,0.10825009610571798
TCG,S,-1.022,G,0.13347882313221374
TCT,S,0.357,T,0.09300815406927951
AGA,R,0.293,A,0.12233618923724389
AGG,R,-0.503,G,0.2326468065537063
CGA,R,0.036,A,0.13887478337057865
CGC,R,0.119,C,0.0949286232708913
CGG,R,-0.781,G,0.21405083084623158
CGT,R,-0.036,T,0.08965287841805944
CTA,L,0.346,A,0.06604249396890101
CTC,L,-0.051,C,0.09828962527595726
CTG,L,-0.603,G,0.08580506177452384
CTT,L,-0.07,T,0.06730366155585797
TTA,L,0.529,A,0.06016194646454161
TTG,L,-0.495,G,0.06306700996365823
CCA,P,0.257,A,0.08784362701654827
CCC,P,0.533,C,0.08778605495197113
CCG,P,-0.639,G,0.13339079252999494
CCT,P,-0.593,T,0.0950006647394803
CAC,H,0.297,C,0.10005553099841936
CAT,H,-0.297,T,0.10005553099841935
CAA,Q,0.61,A,0.09864841482909657
CAG,Q,-0.61,G,0.09864841482909657
GTA,V,0.382,A,0.08861327232349772
GTC,V,0.006,C,0.08553295380249903
GTG,V,-0.624,G,0.07571872674585868
GTT,V,0.448,T,0.08302621861378931
GCA,A,0.32,A,0.06993137108147397
GCC,A,0.151,C,0.06310968682768305
GCG,A,-0.826,G,0.09801162423040868
GCT,A,-0.041,T,0.08159811259745217
GAC,D,0.257,C,0.0707847098934107
GAT,D,-0.257,T,0.0707847098934107
GAA,E,0.625,A,0.09158226725078848
GAG,E,-0.625,G,0.0915822672507885
GGA,G,0.469,A,0.12001274090729465
GGC,G,-0.116,C,0.08383158528946619
GGG,G,-0.366,G,0.11334606241856171
GGT,G,0.118,T,0.08647423362971521
TTC,F,0.405,C,0.1247092472613527
TTT,F,-0.405,T,0.1247092472613527
TAC,Y,0.368,C,0.10120036172331073
TAT,Y,-0.368,T,0.10120036172331073
TGC,C,0.165,C,0.17075426218705164
TGT,C,-0.165,T,0.17075426218705164
