codon,amino_acid,Moritella,third_nucl,standard_error
ATA,I,0.828,A,0.06295051780113003
ATC,I,-0.342,C,0.05315348435209242
ATT,I,-0.25,T,0.04840801708761083
ACA,T,0.484,A,0.05880991196794843
ACC,T,-0.443,C,0.0677017383314075
ACG,T,-0.387,G,0.07141755115633752
ACT,T,0.11,T,0.0601685518223489
AAC,N,-0.238,C,0.06342238949200901
AAT,N,0.238,T,0.06342238949200901
AAA,K,0.224,A,0.06171857540578587
AAG,K,-0.224,G,0.06171857540578587
AGC,S,-0.139,C,0.07074665010707001
AGT,S,-0.03,T,0.05978234055011901
TCA,S,0.083,A,0.05919725743215549
TCC,S,0.093,C,0.1287907035397605
TCG,S,-0.28,G,0.08579657251748063
TCT,S,0.194,T,0.06590602216477601
AGA,R,1.275,A,0.1035678369107721
AGG,R,0.262,G,0.18387196035631992
CGA,R,0.441,A,0.10498566868108059
CGC,R,-0.144,C,0.0863871976659871
CGG,R,-0.036,G,0.18183689786215965
CGT,R,-0.797,T,0.07111683385512059
CTA,L,0.055,A,0.06098095240797711
CTC,L,0.098,C,0.0822176886255455
CTG,L,-0.321,G,0.07067940733411004
CTT,L,0.07,T,0.059394341173037955
TTA,L,0.085,A,0.040972294996603244
TTG,L,-0.123,G,0.0590905877996842
CCA,P,0.036,A,0.0773197312477888
CCC,P,0.489,C,0.12174676186521421
CCG,P,-0.291,G,0.09857106978111611
CCT,P,-0.053,T,0.08106512817143847
CAC,H,0.074,C,0.1008162296625016
CAT,H,-0.074,T,0.1008162296625016
CAA,Q,0.166,A,0.07186861121207516
CAG,Q,-0.166,G,0.07186861121207516
GTA,V,0.309,A,0.05910182757399391
GTC,V,-0.228,C,0.07867001049234672
GTG,V,-0.176,G,0.06305647203080068
GTT,V,-0.022,T,0.0572601993035084
GCA,A,0.378,A,0.053624058680584286
GCC,A,-0.073,C,0.07243806002450426
GCG,A,-0.504,G,0.06599177408024853
GCT,A,0.014,T,0.056319259411843806
GAC,D,0.127,C,0.07224609075459566
GAT,D,-0.127,T,0.07224609075459566
GAA,E,0.288,A,0.07813740598424
GAG,E,-0.288,G,0.07813740598424002
GGA,G,0.924,A,0.09858817267683943
GGC,G,-0.178,C,0.07470781230396545
GGG,G,-0.125,G,0.11989217735664416
GGT,G,-0.223,T,0.0660009130183479
TTC,F,-0.424,C,0.07434136831094273
TTT,F,0.424,T,0.07434136831094273
TAC,Y,-0.199,C,0.08685386431503361
TAT,Y,0.199,T,0.08685386431503361
TGC,C,0.052,C,0.14460208250779888
TGT,C,-0.052,T,0.14460208250779888
