codon,amino_acid,Morococcus,third_nucl,standard_error
ATA,I,0.182,A,0.12456980991606731
ATC,I,-0.336,C,0.07076553610946043
ATT,I,0.301,T,0.07379679797313415
ACA,T,0.766,A,0.1061047537098577
ACC,T,-0.183,C,0.07263923231953631
ACG,T,-0.912,G,0.10491412906016101
ACT,T,0.474,T,0.1053083147627987
AAC,N,-0.313,C,0.09033000380740924
AAT,N,0.313,T,0.09033000380740924
AAA,K,0.522,A,0.09841905042832658
AAG,K,-0.522,G,0.09841905042832658
AGC,S,-0.502,C,0.07856423179726686
AGT,S,0.261,T,0.12577799741467896
TCA,S,0.537,A,0.12667702546542928
TCC,S,0.263,C,0.08538569190807503
TCG,S,-0.636,G,0.1238507541569382
TCT,S,0.477,T,0.11715834983602831
AGA,R,1.304,A,0.17152339549258055
AGG,R,-0.088,G,0.24597224933499057
CGA,R,1.025,A,0.14220261223348085
CGC,R,-0.664,C,0.08071748573876954
CGG,R,-0.309,G,0.15280330617607574
CGT,R,0.12,T,0.09772767377698552
CTA,L,1.029,A,0.1613644716816712
CTC,L,0.241,C,0.07378767598406119
CTG,L,-0.593,G,0.06223772335690234
CTT,L,0.408,T,0.09372669633932362
TTA,L,0.997,A,0.09232601270920701
TTG,L,-0.508,G,0.06513654309754575
CCA,P,0.623,A,0.15184126837345002
CCC,P,0.167,C,0.08963822131311343
CCG,P,-0.571,G,0.09329006384024939
CCT,P,0.216,T,0.11069224219279884
CAC,H,-0.053,C,0.12019640482672733
CAT,H,0.053,T,0.12019640482672733
CAA,Q,0.995,A,0.09789215464012649
CAG,Q,-0.995,G,0.09789215464012649
GTA,V,0.593,A,0.09804798571932098
GTC,V,-0.41,C,0.08244969369860866
GTG,V,-0.367,G,0.10024875616619314
GTT,V,0.306,T,0.0884185904506252
GCA,A,0.55,A,0.07445975453742486
GCC,A,-0.024,C,0.0629155966240159
GCG,A,-0.871,G,0.08284327341429161
GCT,A,0.415,T,0.09337274441161687
GAC,D,-0.09,C,0.0842416631540283
GAT,D,0.09,T,0.0842416631540283
GAA,E,0.587,A,0.11517015693397224
GAG,E,-0.587,G,0.11517015693397224
GGA,G,0.389,A,0.13234921101236263
GGC,G,-0.16,C,0.08866917523849864
GGG,G,-0.459,G,0.19443368187626836
GGT,G,0.134,T,0.10200324730223093
TTC,F,-0.371,C,0.08705969696593133
TTT,F,0.371,T,0.08705969696593134
TAC,Y,0.08,C,0.10575813508190587
TAT,Y,-0.08,T,0.10575813508190587
TGC,C,-0.527,C,0.2222762430094471
TGT,C,0.527,T,0.2222762430094471
