codon,amino_acid,Mucisphaera,third_nucl,standard_error
ATA,I,0.728,A,0.22361932650317304
ATC,I,-0.675,C,0.09888277523300881
ATT,I,0.619,T,0.10692023440433063
ACA,T,0.906,A,0.10315814837774356
ACC,T,-0.205,C,0.061792465070092804
ACG,T,-0.383,G,0.0655654678912273
ACT,T,1.16,T,0.19133795677454477
AAC,N,-0.647,C,0.12645205387150768
AAT,N,0.647,T,0.12645205387150768
AAA,K,0.862,A,0.10828876801323498
AAG,K,-0.862,G,0.10828876801323498
AGC,S,-0.05,C,0.07448091384492414
AGT,S,0.733,T,0.12337737539741704
TCA,S,0.676,A,0.11901164345646227
TCC,S,-0.191,C,0.08032282743133025
TCG,S,-0.668,G,0.07411869225367533
TCT,S,1.418,T,0.18848737612342567
AGA,R,1.382,A,0.17986225860849459
AGG,R,0.418,G,0.15438639094363624
CGA,R,0.622,A,0.08363701187843915
CGC,R,-0.381,C,0.06320938966613107
CGG,R,-0.549,G,0.07908349430537516
CGT,R,0.098,T,0.07245630688991143
CTA,L,1.007,A,0.2171632899875924
CTC,L,-0.302,C,0.050549844291544216
CTG,L,-0.185,G,0.051456943277751646
CTT,L,0.655,T,0.09973458343970336
TTA,L,1.173,A,0.26939699784572474
TTG,L,0.481,G,0.08273272179502747
CCA,P,1.149,A,0.13761137507803237
CCC,P,-0.002,C,0.0689639143490422
CCG,P,-0.572,G,0.0721423584742998
CCT,P,0.499,T,0.11699819255843855
CAC,H,-0.58,C,0.1279311768029885
CAT,H,0.58,T,0.1279311768029885
CAA,Q,1.129,A,0.10797372927453307
CAG,Q,-1.129,G,0.10797372927453307
GTA,V,0.893,A,0.1739335145325045
GTC,V,-0.726,C,0.06244318436279414
GTG,V,0.182,G,0.06075341251671755
GTT,V,0.906,T,0.0935213348965158
GCA,A,0.976,A,0.08009662846870849
GCC,A,-0.239,C,0.05318143484701745
GCG,A,-0.595,G,0.05648023933970135
GCT,A,0.858,T,0.08988558968290121
GAC,D,-0.651,C,0.07405531504361856
GAT,D,0.651,T,0.07405531504361858
GAA,E,0.902,A,0.07714944504353509
GAG,E,-0.902,G,0.07714944504353509
GGA,G,0.941,A,0.09826308654034849
GGC,G,-0.485,C,0.06758838840229828
GGG,G,-0.272,G,0.09198721578690355
GGT,G,0.311,T,0.08195408188175657
TTC,F,-0.739,C,0.10922714411043039
TTT,F,0.739,T,0.10922714411043039
TAC,Y,-0.573,C,0.13478548540861995
TAT,Y,0.573,T,0.13478548540861995
TGC,C,-0.8,C,0.18321232984874616
TGT,C,0.8,T,0.18321232984874616
