codon,amino_acid,Mucispirillum,third_nucl,standard_error
ATA,I,0.068,A,0.05758626881378129
ATC,I,0.036,C,0.1216179547811643
ATT,I,-0.077,T,0.05784539913438007
ACA,T,0.296,A,0.08985699032042845
ACC,T,-0.108,C,0.22169127975700334
ACG,T,0.7,G,0.36455579946203104
ACT,T,-0.345,T,0.09306059832023618
AAC,N,0.063,C,0.09556509569253278
AAT,N,-0.063,T,0.09556509569253278
AAA,K,-0.061,A,0.08817912938749432
AAG,K,0.061,G,0.08817912938749432
AGC,S,0.138,C,0.10166091879999672
AGT,S,0.334,T,0.08591525075273443
TCA,S,-0.005,A,0.0819522742191266
TCC,S,-0.133,C,0.19913676253054696
TCG,S,0.326,G,0.33748405752563165
TCT,S,-0.423,T,0.08644079214574396
AGA,R,0.049,A,0.10145241993436097
AGG,R,-0.654,G,0.1557062544839498
CGA,R,0.956,A,0.1948161546164582
CGC,R,-0.102,C,0.18240891491869254
CGG,R,-0.099,G,0.2828930856094591
CGT,R,-0.001,T,0.15086039598138473
CTA,L,0.62,A,0.1534419222058108
CTC,L,-0.005,C,0.33129113952735706
CTG,L,-0.22,G,0.1136193042632233
CTT,L,-0.756,T,0.06983692761323926
TTA,L,0.309,A,0.060974343525056415
TTG,L,0.916,G,0.12828090156737343
CCA,P,0.031,A,0.13157796821008302
CCC,P,0.211,C,0.31473549390254074
CCG,P,0.026,G,0.23451984992362232
CCT,P,-0.078,T,0.13417817517343233
CAC,H,0.079,C,0.21322797813135713
CAT,H,-0.079,T,0.21322797813135713
CAA,Q,1.003,A,0.12432905304806788
CAG,Q,-1.003,G,0.12432905304806788
GTA,V,-0.032,A,0.07877797132860132
GTC,V,0.539,C,0.19850441394099033
GTG,V,0.203,G,0.10497126444897703
GTT,V,-0.17,T,0.07910893962094412
GCA,A,0.105,A,0.08083317010818339
GCC,A,-0.261,C,0.2023688923103258
GCG,A,0.083,G,0.22319496924714707
GCT,A,-0.078,T,0.08405655080416173
GAC,D,-0.187,C,0.11892894469211895
GAT,D,0.187,T,0.11892894469211897
GAA,E,0.166,A,0.10478626792568116
GAG,E,-0.166,G,0.10478626792568116
GGA,G,0.67,A,0.10587513747848515
GGC,G,-0.316,C,0.10324915735265537
GGG,G,0.316,G,0.15013030948593914
GGT,G,-0.358,T,0.09257487091389235
TTC,F,-0.036,C,0.16003216282855107
TTT,F,0.036,T,0.1600321628285511
TAC,Y,0.429,C,0.12463555716938259
TAT,Y,-0.429,T,0.12463555716938257
TGC,C,-0.462,C,0.19067849287347802
TGT,C,0.462,T,0.19067849287347802
