codon,amino_acid,Murdochiella,third_nucl,standard_error
ATA,I,0.856,A,0.1441565293193109
ATC,I,-0.365,C,0.09052148242344915
ATT,I,-0.009,T,0.08673750634463706
ACA,T,0.727,A,0.11697341011640751
ACC,T,-0.423,C,0.10387708662078551
ACG,T,-0.411,G,0.09962557702081494
ACT,T,0.671,T,0.16912972343193647
AAC,N,-0.044,C,0.11558601387622197
AAT,N,0.044,T,0.11558601387622197
AAA,K,0.604,A,0.08681536238755808
AAG,K,-0.604,G,0.08681536238755808
AGC,S,0.131,C,0.12364107721404206
AGT,S,0.343,T,0.15780301090843435
TCA,S,0.718,A,0.17631581870810323
TCC,S,-0.452,C,0.11332812367359857
TCG,S,-0.284,G,0.12473086016187535
TCT,S,0.161,T,0.14699365151598487
AGA,R,1.042,A,0.14705207479238713
AGG,R,0.696,G,0.23011306607537582
CGA,R,0.631,A,0.1461224640299911
CGC,R,-0.679,C,0.10159204323622169
CGG,R,-0.239,G,0.15402981308258828
CGT,R,-0.289,T,0.11150451865924746
CTA,L,0.668,A,0.18287015659710396
CTC,L,-0.272,C,0.11295099752764849
CTG,L,-0.613,G,0.08895019453374277
CTT,L,-0.265,T,0.09197229896986896
TTA,L,0.853,A,0.10573082275323693
TTG,L,0.228,G,0.08546634807032918
CCA,P,0.878,A,0.1873172302693966
CCC,P,-0.385,C,0.15884166745983064
CCG,P,-0.37,G,0.12853594481726566
CCT,P,0.404,T,0.1785378148853307
CAC,H,-0.14,C,0.17101253294919788
CAT,H,0.14,T,0.17101253294919788
CAA,Q,0.939,A,0.12296880329448502
CAG,Q,-0.939,G,0.12296880329448502
GTA,V,0.768,A,0.11147484919254004
GTC,V,-0.291,C,0.10940717595900931
GTG,V,-0.272,G,0.09553372370509354
GTT,V,-0.094,T,0.10742947020739502
GCA,A,0.697,A,0.102737828462788
GCC,A,-0.303,C,0.10303590827287147
GCG,A,-0.411,G,0.09937759724980919
GCT,A,0.113,T,0.12718640630161618
GAC,D,-0.148,C,0.11213420723448697
GAT,D,0.148,T,0.11213420723448697
GAA,E,0.403,A,0.0974754435916893
GAG,E,-0.403,G,0.0974754435916893
GGA,G,0.544,A,0.10791614385312326
GGC,G,-0.27,C,0.10148105209062043
GGG,G,-0.311,G,0.14744482090203243
GGT,G,-0.081,T,0.13153967264451955
TTC,F,-0.522,C,0.1268661710279415
TTT,F,0.522,T,0.1268661710279415
TAC,Y,-0.245,C,0.13754033517795453
TAT,Y,0.245,T,0.13754033517795453
TGC,C,-0.486,C,0.23465379369696546
TGT,C,0.486,T,0.23465379369696546
