codon,amino_acid,Muribaculum,third_nucl,standard_error
ATA,I,0.124,A,0.05626651306804336
ATC,I,-0.628,C,0.06030617323189721
ATT,I,0.557,T,0.06630711038377912
ACA,T,0.624,A,0.07099126354482255
ACC,T,-0.668,C,0.07280015502235657
ACG,T,-0.49,G,0.09306941140155323
ACT,T,0.427,T,0.08582933484878912
AAC,N,-0.608,C,0.07056079508178241
AAT,N,0.608,T,0.07056079508178241
AAA,K,1.032,A,0.06135968997809552
AAG,K,-1.032,G,0.06135968997809552
AGC,S,-0.221,C,0.07992546197025162
AGT,S,0.647,T,0.11463978641180304
TCA,S,0.485,A,0.07462220452843707
TCC,S,-0.194,C,0.0957569252765982
TCG,S,-0.613,G,0.07538053979443668
TCT,S,0.364,T,0.11786175910434085
AGA,R,1.28,A,0.09917135332225792
AGG,R,0.266,G,0.13353220348161748
CGA,R,0.684,A,0.09453094777418382
CGC,R,-0.908,C,0.07884298964361966
CGG,R,-0.142,G,0.13905664421971892
CGT,R,-0.556,T,0.08875388088547075
CTA,L,0.961,A,0.11679393051193335
CTC,L,-0.818,C,0.06628196079271521
CTG,L,-0.47,G,0.06661811168845473
CTT,L,-0.256,T,0.061093136084124644
TTA,L,1.698,A,0.10564226174683156
TTG,L,0.321,G,0.07203083178106696
CCA,P,1.154,A,0.1340661933772539
CCC,P,-0.669,C,0.0977789368559217
CCG,P,-0.166,G,0.10218769207638669
CCT,P,0.256,T,0.1087304271920295
CAC,H,-0.335,C,0.12034903378332115
CAT,H,0.335,T,0.12034903378332114
CAA,Q,1.34,A,0.1021616644517041
CAG,Q,-1.34,G,0.1021616644517041
GTA,V,0.638,A,0.0751213854680725
GTC,V,-0.166,C,0.08581764598367188
GTG,V,-0.715,G,0.07418015829215062
GTT,V,0.329,T,0.08434976944707419
GCA,A,0.707,A,0.06663176628141318
GCC,A,-0.753,C,0.06573466150900772
GCG,A,0.041,G,0.08835132755871782
GCT,A,0.096,T,0.07570136480920278
GAC,D,-0.44,C,0.07324653852187808
GAT,D,0.44,T,0.07324653852187808
GAA,E,0.99,A,0.07475099883495046
GAG,E,-0.99,G,0.07475099883495046
GGA,G,0.449,A,0.07936035844417641
GGC,G,-0.505,C,0.08094994763123128
GGG,G,0.148,G,0.14622371230773776
GGT,G,0.025,T,0.0935286375326975
TTC,F,-0.934,C,0.08226456158963073
TTT,F,0.934,T,0.08226456158963073
TAC,Y,-0.204,C,0.08511084314522917
TAT,Y,0.204,T,0.08511084314522915
TGC,C,-0.163,C,0.1585030860547249
TGT,C,0.163,T,0.1585030860547249
