codon,amino_acid,Muriicola,third_nucl,standard_error
ATA,I,0.556,A,0.06714666862868862
ATC,I,-0.533,C,0.06184358009336738
ATT,I,0.04,T,0.05819029378035267
ACA,T,0.712,A,0.0833088923435958
ACC,T,-0.513,C,0.07843786282651034
ACG,T,0.025,G,0.10562476572748139
ACT,T,-0.176,T,0.08618822500674214
AAC,N,-0.034,C,0.07916102293867999
AAT,N,0.034,T,0.07916102293867999
AAA,K,0.455,A,0.06069490543198488
AAG,K,-0.455,G,0.06069490543198488
AGC,S,0.04,C,0.09450750480802639
AGT,S,-0.05,T,0.08484904252908707
TCA,S,0.47,A,0.08792904786346672
TCC,S,-0.183,C,0.09013036640722354
TCG,S,-0.215,G,0.11582815270984012
TCT,S,-0.144,T,0.08395988684285043
AGA,R,0.868,A,0.08746156598863578
AGG,R,-0.572,G,0.0986043948090315
CGA,R,-0.001,A,0.1148346749047198
CGC,R,-0.191,C,0.12906276351667983
CGG,R,-0.541,G,0.14906226249010726
CGT,R,-0.374,T,0.13582886147588136
CTA,L,0.353,A,0.08892914267163979
CTC,L,-0.396,C,0.07338548146972243
CTG,L,-0.552,G,0.06368873886853962
CTT,L,0.054,T,0.06301161751855386
TTA,L,0.585,A,0.06282092821814143
TTG,L,-0.023,G,0.06767950423757846
CCA,P,0.474,A,0.11662377122082007
CCC,P,-0.082,C,0.10623777340557936
CCG,P,-0.069,G,0.12101390389508435
CCT,P,-0.25,T,0.10657852745363934
CAC,H,-0.084,C,0.12925449470307016
CAT,H,0.084,T,0.12925449470307016
CAA,Q,0.576,A,0.09868972027988403
CAG,Q,-0.576,G,0.09868972027988403
GTA,V,0.345,A,0.07269140197511065
GTC,V,-0.049,C,0.09660620188319559
GTG,V,-0.3,G,0.08611920209327853
GTT,V,-0.108,T,0.07515783823105256
GCA,A,0.449,A,0.07771921518818994
GCC,A,-0.287,C,0.0762996611986622
GCG,A,-0.156,G,0.1165602207270088
GCT,A,-0.08,T,0.08015971524677996
GAC,D,-0.141,C,0.08736627379810089
GAT,D,0.141,T,0.08736627379810089
GAA,E,0.327,A,0.07922525896422673
GAG,E,-0.327,G,0.07922525896422673
GGA,G,0.321,A,0.07802260577855327
GGC,G,-0.049,C,0.09888160341840393
GGG,G,-0.348,G,0.10231450950387694
GGT,G,-0.102,T,0.09024205060766267
TTC,F,0.027,C,0.07724703256708741
TTT,F,-0.027,T,0.07724703256708741
TAC,Y,0.025,C,0.09053616336532676
TAT,Y,-0.025,T,0.09053616336532676
TGC,C,0.022,C,0.19424003697808115
TGT,C,-0.022,T,0.19424003697808115
