codon,amino_acid,Mycetohabitans,third_nucl,standard_error
ATA,I,0.417,A,0.14787804372646
ATC,I,-0.49,C,0.07495667190249258
ATT,I,0.42,T,0.07872512984832637
ACA,T,0.322,A,0.10281004250987859
ACC,T,0.32,C,0.07061253126795998
ACG,T,-0.721,G,0.06905541448637569
ACT,T,0.61,T,0.10671428039359482
AAC,N,-0.19,C,0.09437489287119577
AAT,N,0.19,T,0.09437489287119577
AAA,K,0.971,A,0.08900599940382067
AAG,K,-0.971,G,0.08900599940382067
AGC,S,-0.16,C,0.07411211138244747
AGT,S,0.359,T,0.11223503420262049
TCA,S,0.293,A,0.11009827577991099
TCC,S,0.445,C,0.08852956601455397
TCG,S,-0.596,G,0.07021641159095683
TCT,S,0.658,T,0.14008320556257084
AGA,R,1.368,A,0.1915255248107365
AGG,R,0.444,G,0.1617222371645587
CGA,R,0.702,A,0.10559926594735317
CGC,R,-0.292,C,0.0611793777453249
CGG,R,-0.653,G,0.08174355236972163
CGT,R,0.321,T,0.07737386772219924
CTA,L,0.232,A,0.1029563392719595
CTC,L,0.132,C,0.06490083528113878
CTG,L,-0.489,G,0.05234463738483444
CTT,L,0.454,T,0.08301528414013894
TTA,L,0.594,A,0.12709416241455854
TTG,L,0.08,G,0.06093340621813554
CCA,P,0.244,A,0.09690348244896115
CCC,P,0.54,C,0.08681492954681076
CCG,P,-0.737,G,0.0717208716945091
CCT,P,0.593,T,0.11535903917247209
CAC,H,-0.05,C,0.10318040883482954
CAT,H,0.05,T,0.10318040883482954
CAA,Q,0.7,A,0.08348977005999048
CAG,Q,-0.7,G,0.08348977005999048
GTA,V,0.313,A,0.10377273771561882
GTC,V,-0.09,C,0.06485944494326999
GTG,V,-0.337,G,0.0617579865785646
GTT,V,0.631,T,0.08873784564649984
GCA,A,0.382,A,0.06534074122908051
GCC,A,0.113,C,0.05417719883246298
GCG,A,-0.618,G,0.0512569454465053
GCT,A,0.659,T,0.07710076757067842
GAC,D,-0.29,C,0.072283431008674
GAT,D,0.29,T,0.072283431008674
GAA,E,0.895,A,0.08007481849755108
GAG,E,-0.895,G,0.08007481849755108
GGA,G,0.598,A,0.10641221445239782
GGC,G,-0.251,C,0.0694467153385903
GGG,G,-0.147,G,0.09892027298036536
GGT,G,0.125,T,0.08900110491856228
TTC,F,-0.53,C,0.08856536534380961
TTT,F,0.53,T,0.08856536534380961
TAC,Y,0.119,C,0.11086573750456674
TAT,Y,-0.119,T,0.11086573750456674
TGC,C,-0.184,C,0.19240777646522159
TGT,C,0.184,T,0.19240777646522156
