codon,amino_acid,Mycolicibacillus,third_nucl,standard_error
ATA,I,1.024,A,0.2595433376275396
ATC,I,-1.072,C,0.12399961853477084
ATT,I,1.037,T,0.13827935898374155
ACA,T,1.138,A,0.12807980088167187
ACC,T,-0.657,C,0.05619171794930387
ACG,T,0.211,G,0.06277307134138989
ACT,T,1.223,T,0.14859499739532644
AAC,N,-0.796,C,0.14741887034150286
AAT,N,0.796,T,0.14741887034150286
AAA,K,0.247,A,0.10389464918782347
AAG,K,-0.247,G,0.10389464918782347
AGC,S,0.326,C,0.06281819046194292
AGT,S,0.808,T,0.11861062280554954
TCA,S,0.322,A,0.13398936432755337
TCC,S,-0.249,C,0.06684646814927953
TCG,S,-0.609,G,0.06234128847097825
TCT,S,1.308,T,0.2025337470504099
AGA,R,1.445,A,0.24364397609586805
AGG,R,1.777,G,0.19305303896169754
CGA,R,1.018,A,0.10390669047235095
CGC,R,-0.447,C,0.05042473748560946
CGG,R,-0.397,G,0.053912190942644725
CGT,R,0.658,T,0.08441970849405338
CTA,L,0.502,A,0.19113239045665345
CTC,L,0.036,C,0.05436627714905378
CTG,L,-0.331,G,0.04692293391941255
CTT,L,0.893,T,0.15146669650856426
TTA,L,1.182,A,0.31350685991788735
TTG,L,0.297,G,0.0661395084220208
CCA,P,0.854,A,0.13369926708806276
CCC,P,0.374,C,0.056055571555899894
CCG,P,-0.613,G,0.054295330309239366
CCT,P,0.688,T,0.14358171067227293
CAC,H,-0.425,C,0.12072144434010201
CAT,H,0.425,T,0.12072144434010201
CAA,Q,0.688,A,0.11064750398134937
CAG,Q,-0.688,G,0.11064750398134937
GTA,V,0.638,A,0.1490581765202512
GTC,V,-0.432,C,0.047182125516012946
GTG,V,0.166,G,0.04533103393570895
GTT,V,0.812,T,0.10445405567800173
GCA,A,1.099,A,0.07365971379051559
GCC,A,-0.4,C,0.03865328903074627
GCG,A,-0.187,G,0.04008401811493102
GCT,A,1.114,T,0.08995302473732689
GAC,D,-0.48,C,0.0674424578201505
GAT,D,0.48,T,0.06744245782015049
GAA,E,0.482,A,0.0717175474475872
GAG,E,-0.482,G,0.0717175474475872
GGA,G,0.693,A,0.0840819236113793
GGC,G,-0.238,C,0.051270985201830294
GGG,G,-0.335,G,0.059822105193509334
GGT,G,0.437,T,0.0703730702976929
TTC,F,-0.902,C,0.1363419851896992
TTT,F,0.902,T,0.13634198518969923
TAC,Y,-0.393,C,0.12726890984573072
TAT,Y,0.393,T,0.12726890984573072
TGC,C,-0.96,C,0.21634479965375747
TGT,C,0.96,T,0.21634479965375744
