codon,amino_acid,Mycolicibacterium,third_nucl,standard_error
ATA,I,0.912,A,0.1475971052866239
ATC,I,-0.956,C,0.07476673162479776
ATT,I,0.907,T,0.08403532369441247
ACA,T,0.877,A,0.06927447082893815
ACC,T,-0.217,C,0.037017612402457524
ACG,T,-0.354,G,0.04006647674265757
ACT,T,0.964,T,0.08510530215269223
AAC,N,-0.594,C,0.08423516293862567
AAT,N,0.594,T,0.08423516293862567
AAA,K,0.668,A,0.0777619473406592
AAG,K,-0.668,G,0.0777619473406592
AGC,S,0.112,C,0.04572814081549226
AGT,S,0.635,T,0.07870464926618082
TCA,S,0.587,A,0.0813100832262948
TCC,S,-0.067,C,0.05005582591880928
TCG,S,-0.659,G,0.043863597428081456
TCT,S,1.223,T,0.1209691494467802
AGA,R,1.493,A,0.13076775448635966
AGG,R,0.659,G,0.08522028083336908
CGA,R,0.783,A,0.06588214771984569
CGC,R,-0.435,C,0.03727454658022302
CGG,R,-0.357,G,0.03962109954273672
CGT,R,0.437,T,0.05727152960756483
CTA,L,0.574,A,0.12255072835855732
CTC,L,-0.072,C,0.0363329424058007
CTG,L,-0.328,G,0.033031112244197115
CTT,L,0.55,T,0.07539824080316117
TTA,L,1.381,A,0.21923227356382682
TTG,L,0.401,G,0.04724136297773084
CCA,P,0.803,A,0.07416672393234403
CCC,P,-0.008,C,0.04280264895768601
CCG,P,-0.463,G,0.04043042593070108
CCT,P,0.758,T,0.07951433836741412
CAC,H,-0.363,C,0.07762671518729904
CAT,H,0.363,T,0.07762671518729902
CAA,Q,0.577,A,0.07237863145566503
CAG,Q,-0.577,G,0.07237863145566503
GTA,V,0.6,A,0.08543915217981055
GTC,V,-0.393,C,0.03306120735127365
GTG,V,0.099,G,0.03211897608410931
GTT,V,0.724,T,0.0667305027586427
GCA,A,0.702,A,0.04303872501834613
GCC,A,-0.237,C,0.029136320590566547
GCG,A,-0.363,G,0.03000086310543588
GCT,A,0.883,T,0.05654195960437571
GAC,D,-0.297,C,0.04522735163263815
GAT,D,0.297,T,0.04522735163263815
GAA,E,0.603,A,0.04667648956032755
GAG,E,-0.603,G,0.04667648956032755
GGA,G,0.706,A,0.05505178631355431
GGC,G,-0.514,C,0.0375088362783284
GGG,G,0.092,G,0.04818379288886376
GGT,G,0.224,T,0.047753739199062006
TTC,F,-0.985,C,0.10001127817223077
TTT,F,0.985,T,0.10001127817223077
TAC,Y,-0.383,C,0.09102585025184802
TAT,Y,0.383,T,0.09102585025184802
TGC,C,-0.304,C,0.14351613499271684
TGT,C,0.304,T,0.14351613499271684
