codon,amino_acid,Mycobacteroides,third_nucl,standard_error
ATA,I,0.546,A,0.11667926467747537
ATC,I,-0.634,C,0.0647710308829806
ATT,I,0.574,T,0.0720588696823194
ACA,T,0.706,A,0.07180791305772229
ACC,T,-0.467,C,0.044538444639403596
ACG,T,-0.089,G,0.050615663587495405
ACT,T,0.713,T,0.08118687168612332
AAC,N,-0.277,C,0.08263690587241025
AAT,N,0.277,T,0.08263690587241025
AAA,K,0.414,A,0.08582385465331722
AAG,K,-0.414,G,0.08582385465331722
AGC,S,0.116,C,0.053495025932531325
AGT,S,0.598,T,0.08076429183041134
TCA,S,0.555,A,0.08720352687508595
TCC,S,-0.309,C,0.055806742980858255
TCG,S,-0.532,G,0.0514519245701803
TCT,S,0.763,T,0.10193784447575013
AGA,R,1.124,A,0.13012872456004076
AGG,R,0.583,G,0.1028968328321885
CGA,R,0.464,A,0.07470457753994901
CGC,R,-0.337,C,0.04526197808236181
CGG,R,-0.265,G,0.050863356842304724
CGT,R,0.162,T,0.06053708888638698
CTA,L,0.262,A,0.09848881540487796
CTC,L,0.032,C,0.045815268252615914
CTG,L,-0.412,G,0.039150463853492676
CTT,L,0.571,T,0.07023490337777019
TTA,L,0.532,A,0.16215279599374907
TTG,L,0.253,G,0.05317931981377176
CCA,P,0.537,A,0.07652923935578045
CCC,P,-0.024,C,0.05019824190818202
CCG,P,-0.43,G,0.048456194194307446
CCT,P,0.753,T,0.0907248322378783
CAC,H,-0.165,C,0.08653118361902211
CAT,H,0.165,T,0.08653118361902211
CAA,Q,0.256,A,0.07769508053864503
CAG,Q,-0.256,G,0.07769508053864503
GTA,V,0.242,A,0.07477028844439744
GTC,V,-0.364,C,0.04115448590370695
GTG,V,0.13,G,0.03835846861673219
GTT,V,0.346,T,0.06509642221070787
GCA,A,0.576,A,0.05036581909521618
GCC,A,-0.314,C,0.03533723955257279
GCG,A,-0.191,G,0.036519343129976296
GCT,A,0.552,T,0.05852126999995754
GAC,D,-0.109,C,0.04993299426429879
GAT,D,0.109,T,0.04993299426429879
GAA,E,0.534,A,0.054835282667235
GAG,E,-0.534,G,0.054835282667235
GGA,G,0.435,A,0.05794349444891752
GGC,G,-0.231,C,0.04444932160798122
GGG,G,-0.071,G,0.0570094700452113
GGT,G,0.032,T,0.05320959898760147
TTC,F,-0.729,C,0.09367552842007248
TTT,F,0.729,T,0.09367552842007247
TAC,Y,-0.128,C,0.09631707774887666
TAT,Y,0.128,T,0.09631707774887666
TGC,C,-0.43,C,0.15353380945523962
TGT,C,0.43,T,0.15353380945523962
