codon,amino_acid,Mycoavidus,third_nucl,standard_error
ATA,I,0.099,A,0.10360452712731999
ATC,I,-0.109,C,0.07835152155364031
ATT,I,0.045,T,0.07315941034281614
ACA,T,0.364,A,0.09904214001463851
ACC,T,-0.214,C,0.08405849575766251
ACG,T,-0.49,G,0.08846110983956583
ACT,T,0.419,T,0.08803255610909386
AAC,N,0.445,C,0.09722786791587869
AAT,N,-0.445,T,0.0972278679158787
AAA,K,0.159,A,0.08656199562415555
AAG,K,-0.159,G,0.08656199562415555
AGC,S,-0.359,C,0.083742681940541
AGT,S,0.025,T,0.09526964519828114
TCA,S,0.164,A,0.092861013776409
TCC,S,0.246,C,0.11326949271532916
TCG,S,-0.556,G,0.10227798543476799
TCT,S,0.485,T,0.08979972639342902
AGA,R,0.753,A,0.139610977904705
AGG,R,0.517,G,0.17325133831975217
CGA,R,0.111,A,0.11682085638334447
CGC,R,-0.082,C,0.07940427308115731
CGG,R,-0.556,G,0.11234700184828694
CGT,R,-0.05,T,0.09097429313678881
CTA,L,0.175,A,0.0906219075175395
CTC,L,0.086,C,0.08188448372991401
CTG,L,-0.313,G,0.07184813532325854
CTT,L,0.297,T,0.07267359170798225
TTA,L,0.004,A,0.06688538356968386
TTG,L,-0.141,G,0.06815718674826568
CCA,P,-0.036,A,0.09116247722681248
CCC,P,0.046,C,0.10000353076646953
CCG,P,-0.32,G,0.09319873785792607
CCT,P,0.31,T,0.09219782883400793
CAC,H,0.29,C,0.1260679951096429
CAT,H,-0.29,T,0.1260679951096429
CAA,Q,0.323,A,0.08738365011510821
CAG,Q,-0.323,G,0.08738365011510821
GTA,V,0.003,A,0.0962479880415504
GTC,V,-0.042,C,0.09480158843654246
GTG,V,-0.292,G,0.08208986940375394
GTT,V,0.362,T,0.0864518168342145
GCA,A,0.246,A,0.07423264466807292
GCC,A,0.038,C,0.07187325412698972
GCG,A,-0.502,G,0.06917944552957846
GCT,A,0.274,T,0.06908340803324564
GAC,D,0.225,C,0.09570342139514579
GAT,D,-0.225,T,0.0957034213951458
GAA,E,0.373,A,0.09000072987091023
GAG,E,-0.373,G,0.09000072987091022
GGA,G,0.252,A,0.11380774799371363
GGC,G,-0.163,C,0.08577097834819249
GGG,G,-0.201,G,0.11627335483655424
GGT,G,0.181,T,0.09855671990671841
TTC,F,0.175,C,0.10504361645809529
TTT,F,-0.175,T,0.1050436164580953
TAC,Y,0.33,C,0.13610099248017188
TAT,Y,-0.33,T,0.13610099248017185
TGC,C,-0.309,C,0.19375682351688603
TGT,C,0.309,T,0.19375682351688603
