codon,amino_acid,Mycolicibacter,third_nucl,standard_error
ATA,I,1.068,A,0.1859592015286523
ATC,I,-0.811,C,0.08932314548095023
ATT,I,0.668,T,0.09867532606934744
ACA,T,1.141,A,0.10596469177297045
ACC,T,-0.719,C,0.05063226866014425
ACG,T,0.152,G,0.056767265526780554
ACT,T,0.991,T,0.10231011165654981
AAC,N,-0.69,C,0.1097586902869642
AAT,N,0.69,T,0.1097586902869642
AAA,K,0.835,A,0.10492570522999103
AAG,K,-0.835,G,0.10492570522999105
AGC,S,0.085,C,0.057132930781471906
AGT,S,0.667,T,0.09960523708121037
TCA,S,0.751,A,0.11432003314146842
TCC,S,-0.162,C,0.060367177162662114
TCG,S,-0.575,G,0.05692227697067963
TCT,S,1.074,T,0.1527399285314096
AGA,R,1.669,A,0.22382621610130193
AGG,R,1.229,G,0.14437388963125755
CGA,R,0.57,A,0.08335980296776849
CGC,R,-0.296,C,0.04781675291653244
CGG,R,-0.439,G,0.05017246875028547
CGT,R,0.5,T,0.07335010654899389
CTA,L,0.587,A,0.15613642691895332
CTC,L,0.144,C,0.052537366493790184
CTG,L,-0.517,G,0.04288197809190178
CTT,L,0.905,T,0.10715819436916466
TTA,L,1.32,A,0.25704532073332387
TTG,L,0.337,G,0.05941606817171977
CCA,P,0.961,A,0.11235527852415965
CCC,P,0.136,C,0.05451088400205047
CCG,P,-0.537,G,0.05205466230438694
CCT,P,0.932,T,0.12807665750049846
CAC,H,-0.141,C,0.1046425512812747
CAT,H,0.141,T,0.10464255128127468
CAA,Q,0.62,A,0.09321543198121311
CAG,Q,-0.62,G,0.09321543198121311
GTA,V,0.463,A,0.10459577197164317
GTC,V,-0.363,C,0.04346824053285296
GTG,V,0.089,G,0.04182585720974215
GTT,V,0.655,T,0.08496159734288418
GCA,A,0.865,A,0.060563528139171825
GCC,A,-0.44,C,0.03686699243698658
GCG,A,-0.171,G,0.03830094338214643
GCT,A,0.84,T,0.06831917797174095
GAC,D,-0.506,C,0.06367209382814785
GAT,D,0.506,T,0.06367209382814785
GAA,E,0.544,A,0.06292830996620478
GAG,E,-0.544,G,0.06292830996620478
GGA,G,0.537,A,0.07160122025366393
GGC,G,-0.492,C,0.0472591657589718
GGG,G,0.12,G,0.05799314522851962
GGT,G,0.309,T,0.060612866368796814
TTC,F,-0.813,C,0.11063131811399246
TTT,F,0.813,T,0.11063131811399247
TAC,Y,-0.016,C,0.1211846254830075
TAT,Y,0.016,T,0.1211846254830075
TGC,C,-0.449,C,0.18753429129864002
TGT,C,0.449,T,0.18753429129864002
