codon,amino_acid,Myroides,third_nucl,standard_error
ATA,I,0.453,A,0.0493315671731351
ATC,I,-0.601,C,0.0592943444237334
ATT,I,-0.041,T,0.04947554734391113
ACA,T,0.457,A,0.061923666591025904
ACC,T,0.205,C,0.10565302919861433
ACG,T,-0.375,G,0.10194526758114324
ACT,T,-0.408,T,0.06360481345256393
AAC,N,0.117,C,0.06794565100173981
AAT,N,-0.117,T,0.06794565100173981
AAA,K,0.494,A,0.051586815265557334
AAG,K,-0.494,G,0.05158681526555734
AGC,S,0.067,C,0.10590313028077535
AGT,S,0.282,T,0.06361446973946755
TCA,S,0.556,A,0.07255887652413893
TCC,S,0.684,C,0.1874460589207359
TCG,S,0.363,G,0.14661627526025528
TCT,S,-0.922,T,0.06663845926112442
AGA,R,0.707,A,0.07934260239668639
AGG,R,0.024,G,0.16598846720650978
CGA,R,0.067,A,0.14439687628387515
CGC,R,-0.342,C,0.14828251416272922
CGG,R,-0.095,G,0.4874508240142332
CGT,R,-0.958,T,0.10058992630720129
CTA,L,-0.162,A,0.05705046099586389
CTC,L,0.127,C,0.15228667497942308
CTG,L,-0.392,G,0.11125650656302298
CTT,L,0.032,T,0.06572107299595571
TTA,L,0.158,A,0.04467960585269146
TTG,L,-0.052,G,0.07025349665049536
CCA,P,0.334,A,0.09857397526769016
CCC,P,0.998,C,0.22936875243099195
CCG,P,0.363,G,0.19061541458585718
CCT,P,-0.568,T,0.09546712726930973
CAC,H,0.152,C,0.11770185724371537
CAT,H,-0.152,T,0.11770185724371537
CAA,Q,0.455,A,0.08924163578119026
CAG,Q,-0.455,G,0.08924163578119026
GTA,V,-0.032,A,0.05965117059111781
GTC,V,0.057,C,0.12155837584390884
GTG,V,-0.322,G,0.08344036069503817
GTT,V,0.235,T,0.06665283876499181
GCA,A,0.642,A,0.06711414032859313
GCC,A,0.371,C,0.1175378299913131
GCG,A,-0.412,G,0.11292125392859206
GCT,A,-0.6,T,0.06748205338604715
GAC,D,0.205,C,0.0829578792462974
GAT,D,-0.205,T,0.0829578792462974
GAA,E,0.654,A,0.06792983266732104
GAG,E,-0.654,G,0.06792983266732104
GGA,G,0.057,A,0.07219852123852895
GGC,G,0.315,C,0.1398989259737812
GGG,G,-0.086,G,0.11031725698367911
GGT,G,-0.114,T,0.07688995802239743
TTC,F,-0.465,C,0.07333807588268602
TTT,F,0.465,T,0.07333807588268602
TAC,Y,0.123,C,0.08330680138609443
TAT,Y,-0.123,T,0.08330680138609443
TGC,C,0.041,C,0.20224995633419932
TGT,C,-0.041,T,0.20224995633419932
