codon,amino_acid,Myxococcus,third_nucl,standard_error
ATA,I,0.706,A,0.24419448883625114
ATC,I,-0.9,C,0.07349499341179187
ATT,I,0.888,T,0.07583161800582067
ACA,T,1.27,A,0.10453886539008506
ACC,T,0.13,C,0.04116613465130186
ACG,T,-0.656,G,0.04087824757519554
ACT,T,1.568,T,0.11521554054200243
AAC,N,-0.986,C,0.09187778083542594
AAT,N,0.986,T,0.09187778083542594
AAA,K,1.525,A,0.12546249079845617
AAG,K,-1.525,G,0.12546249079845617
AGC,S,-0.192,C,0.04219650874246762
AGT,S,0.972,T,0.0993471861376324
TCA,S,0.845,A,0.09960866772131079
TCC,S,0.02,C,0.039762654995174375
TCG,S,-0.473,G,0.04177671334595439
TCT,S,1.186,T,0.10389061505722927
AGA,R,2.122,A,0.15874146510449239
AGG,R,0.697,G,0.07520648282598691
CGA,R,0.974,A,0.058091962546764915
CGC,R,-0.69,C,0.03452013718846118
CGG,R,-0.581,G,0.04059808339612974
CGT,R,1.094,T,0.06174614909831723
CTA,L,1.645,A,0.2714604233697298
CTC,L,0.173,C,0.029408647913780582
CTG,L,-0.708,G,0.02881140746445678
CTT,L,1.418,T,0.08063728063311996
TTA,L,2.299,A,0.738684984485153
TTG,L,0.757,G,0.050056970530598384
CCA,P,1.031,A,0.09045421179140926
CCC,P,0.024,C,0.039391535561426175
CCG,P,-0.625,G,0.04121289501778103
CCT,P,0.836,T,0.06682389920476031
CAC,H,-0.579,C,0.0801617069690277
CAT,H,0.579,T,0.0801617069690277
CAA,Q,1.058,A,0.08595847768702038
CAG,Q,-1.058,G,0.08595847768702038
GTA,V,1.177,A,0.18225053280417347
GTC,V,0.152,C,0.03455472391944712
GTG,V,-0.411,G,0.03381192005042914
GTT,V,1.344,T,0.09487018251877925
GCA,A,1.587,A,0.07246044649431822
GCC,A,0.112,C,0.03040010125473295
GCG,A,-0.749,G,0.030382995808211022
GCT,A,1.265,T,0.0686462582899023
GAC,D,-0.513,C,0.05940711998801615
GAT,D,0.513,T,0.05940711998801615
GAA,E,1.323,A,0.05711867278339448
GAG,E,-1.323,G,0.05711867278339448
GGA,G,0.903,A,0.05222253938739187
GGC,G,-0.814,C,0.03795966916105506
GGG,G,-0.027,G,0.04409023409439988
GGT,G,0.921,T,0.059131476688669464
TTC,F,-1.496,C,0.12516755723728434
TTT,F,1.496,T,0.12516755723728434
TAC,Y,-0.482,C,0.09734965855885254
TAT,Y,0.482,T,0.09734965855885254
TGC,C,-0.62,C,0.10715072678459713
TGT,C,0.62,T,0.10715072678459711
