codon,amino_acid,Nakamurella,third_nucl,standard_error
ATA,I,0.963,A,0.3113968763631183
ATC,I,-0.911,C,0.11579994418196211
ATT,I,0.882,T,0.1235209396984861
ACA,T,1.459,A,0.15828521209253896
ACC,T,-0.605,C,0.048344164879967615
ACG,T,0.279,G,0.05203723787573977
ACT,T,0.934,T,0.12305127584105471
AAC,N,-0.926,C,0.14478018176605248
AAT,N,0.926,T,0.14478018176605248
AAA,K,1.104,A,0.164778660384064
AAG,K,-1.104,G,0.164778660384064
AGC,S,0.259,C,0.05471883802293841
AGT,S,1.275,T,0.13810070357340984
TCA,S,0.995,A,0.1505635613114673
TCC,S,-0.22,C,0.05390242789900281
TCG,S,-0.571,G,0.052900862787818775
TCT,S,1.385,T,0.21796429484896176
AGA,R,1.914,A,0.26145681767565093
AGG,R,1.35,G,0.15108627075700104
CGA,R,0.987,A,0.08143163690704616
CGC,R,-0.088,C,0.04400485034495626
CGG,R,-0.718,G,0.04291221203633507
CGT,R,0.951,T,0.0834381362716439
CTA,L,0.333,A,0.21070484129239805
CTC,L,0.303,C,0.049657680878383674
CTG,L,-0.607,G,0.04186210173575261
CTT,L,0.925,T,0.11914964412797162
TTA,L,0.265,A,0.5348868295073366
TTG,L,0.624,G,0.06535928790054397
CCA,P,0.765,A,0.1138197699032678
CCC,P,0.444,C,0.04800628233494758
CCG,P,-0.721,G,0.04625702327012772
CCT,P,1.455,T,0.15881305401476045
CAC,H,-0.371,C,0.10349351160926258
CAT,H,0.371,T,0.10349351160926258
CAA,Q,0.787,A,0.10393602416351856
CAG,Q,-0.787,G,0.10393602416351856
GTA,V,0.801,A,0.16630731055918033
GTC,V,-0.593,C,0.03861344145938559
GTG,V,0.414,G,0.03802161387266643
GTT,V,0.798,T,0.10355761075909793
GCA,A,1.573,A,0.08705588279873068
GCC,A,-0.427,C,0.034038763418032636
GCG,A,-0.113,G,0.03582848498454704
GCT,A,1.252,T,0.08996770967796991
GAC,D,-0.614,C,0.06152510861334279
GAT,D,0.614,T,0.06152510861334279
GAA,E,0.877,A,0.0666985242371269
GAG,E,-0.877,G,0.0666985242371269
GGA,G,0.671,A,0.07063750481398769
GGC,G,-0.492,C,0.0427089845693598
GGG,G,0.03,G,0.05003195483692592
GGT,G,0.473,T,0.06145099761844855
TTC,F,-0.714,C,0.16100087379611472
TTT,F,0.714,T,0.1610008737961147
TAC,Y,-0.879,C,0.1459904269775492
TAT,Y,0.879,T,0.1459904269775492
TGC,C,-0.757,C,0.21756896170455384
TGT,C,0.757,T,0.21756896170455384
