codon,amino_acid,Nautilia,third_nucl,standard_error
ATA,I,0.285,A,0.06623710837591201
ATC,I,-0.467,C,0.09101558790460502
ATT,I,-0.038,T,0.06544166557452737
ACA,T,0.13,A,0.10002257636618828
ACC,T,-0.292,C,0.14783478413827106
ACG,T,0.005,G,0.13824369735213435
ACT,T,0.004,T,0.10825382608935939
AAC,N,-0.368,C,0.091856036002406
AAT,N,0.368,T,0.091856036002406
AAA,K,-0.408,A,0.09974770647662941
AAG,K,0.408,G,0.09974770647662942
AGC,S,-0.037,C,0.12423460935889488
AGT,S,0.361,T,0.10204622569997421
TCA,S,-0.397,A,0.11629500259835811
TCC,S,0.037,C,0.1835299266517548
TCG,S,0.002,G,0.1962665076815506
TCT,S,-0.053,T,0.12261899991525957
AGA,R,0.217,A,0.13737010259949026
AGG,R,-0.323,G,0.17197179843837845
CGA,R,0.205,A,0.48942158371689604
CGC,R,0.086,C,0.47502345286336295
CGG,R,0.492,G,0.9147244739967221
CGT,R,-0.125,T,0.23263781624601154
CTA,L,0.022,A,0.12408601447056515
CTC,L,-0.406,C,0.14405784131093916
CTG,L,0.006,G,0.1303757260409522
CTT,L,-0.81,T,0.07164309207045406
TTA,L,0.498,A,0.0664487551953874
TTG,L,0.547,G,0.09429842274743404
CCA,P,0.171,A,0.15594002293071382
CCC,P,-0.088,C,0.22558135289576745
CCG,P,0.087,G,0.14783970043427896
CCT,P,-0.154,T,0.12941680292132143
CAC,H,-0.678,C,0.2053871358266184
CAT,H,0.678,T,0.20538713582661844
CAA,Q,0.749,A,0.15374070967363346
CAG,Q,-0.749,G,0.15374070967363343
GTA,V,0.082,A,0.08438712863656181
GTC,V,0.222,C,0.1757398680913553
GTG,V,-0.077,G,0.11760404221618613
GTT,V,-0.097,T,0.08607470572258837
GCA,A,0.156,A,0.09216964258263524
GCC,A,-0.198,C,0.13399524527546633
GCG,A,-0.068,G,0.11804576360082551
GCT,A,-0.024,T,0.10154238048996483
GAC,D,-0.111,C,0.1068423521380231
GAT,D,0.111,T,0.10684235213802308
GAA,E,0.081,A,0.10469953566896924
GAG,E,-0.081,G,0.10469953566896924
GGA,G,0.261,A,0.0971605910129145
GGC,G,0.012,C,0.15973836230507252
GGG,G,0.035,G,0.14148062858741464
GGT,G,-0.309,T,0.102440486710802
TTC,F,-0.141,C,0.10660366687083668
TTT,F,0.141,T,0.10660366687083668
TAC,Y,-0.071,C,0.12323011977668323
TAT,Y,0.071,T,0.12323011977668323
TGC,C,0.437,C,0.24790015935704682
TGT,C,-0.437,T,0.24790015935704682
