codon,amino_acid,Ndongobacter,third_nucl,standard_error
ATA,I,0.773,A,0.12175681231717624
ATC,I,-0.348,C,0.08404064251144601
ATT,I,-0.042,T,0.07918467605444174
ACA,T,0.773,A,0.10934881850103308
ACC,T,-0.008,C,0.10660076242986449
ACG,T,-0.697,G,0.09714716641601012
ACT,T,0.226,T,0.1582672998891885
AAC,N,-0.078,C,0.10901232081381872
AAT,N,0.078,T,0.10901232081381872
AAA,K,0.386,A,0.08144998308087707
AAG,K,-0.386,G,0.08144998308087707
AGC,S,-0.009,C,0.1174182131897264
AGT,S,0.415,T,0.1249572006385057
TCA,S,0.588,A,0.13825734754216704
TCC,S,-0.473,C,0.11357576849632295
TCG,S,-0.298,G,0.12016481273813413
TCT,S,0.013,T,0.1418071448406843
AGA,R,1.367,A,0.14676561790960294
AGG,R,0.616,G,0.19122430247103905
CGA,R,0.815,A,0.1259551484225094
CGC,R,-0.95,C,0.09359115325322694
CGG,R,-0.214,G,0.1167829356766889
CGT,R,-0.316,T,0.11698632067226984
CTA,L,0.343,A,0.16247240130521434
CTC,L,-0.268,C,0.10824425980689965
CTG,L,-0.466,G,0.08066216923305106
CTT,L,-0.019,T,0.08946703678932522
TTA,L,0.78,A,0.09770915464551692
TTG,L,-0.002,G,0.07565940959928702
CCA,P,0.552,A,0.17203139899875478
CCC,P,-0.044,C,0.1475897146106341
CCG,P,-0.391,G,0.12227015159182957
CCT,P,0.336,T,0.18096330077605127
CAC,H,0.041,C,0.16234772714904575
CAT,H,-0.041,T,0.16234772714904575
CAA,Q,0.775,A,0.11184996564684992
CAG,Q,-0.775,G,0.11184996564684992
GTA,V,0.573,A,0.10362515842642805
GTC,V,-0.394,C,0.09612917800612111
GTG,V,-0.238,G,0.08795020385082729
GTT,V,0.208,T,0.10029086907131282
GCA,A,0.534,A,0.0891827839493639
GCC,A,-0.365,C,0.09607986989749265
GCG,A,-0.329,G,0.0861624975351155
GCT,A,0.283,T,0.11935033822149987
GAC,D,-0.305,C,0.10515438988826267
GAT,D,0.305,T,0.10515438988826267
GAA,E,0.591,A,0.08881085162045445
GAG,E,-0.591,G,0.08881085162045445
GGA,G,0.408,A,0.09745785399937507
GGC,G,-0.37,C,0.09866450299677533
GGG,G,-0.137,G,0.12017437507695018
GGT,G,0.082,T,0.11751592548479502
TTC,F,-0.2,C,0.11637314778953617
TTT,F,0.2,T,0.11637314778953617
TAC,Y,-0.287,C,0.12335451506453936
TAT,Y,0.287,T,0.12335451506453936
TGC,C,-0.364,C,0.203801138232778
TGT,C,0.364,T,0.203801138232778
