codon,amino_acid,Neisseria,third_nucl,standard_error
ATA,I,0.018,A,0.0983484711132293
ATC,I,-0.226,C,0.06637751565892808
ATT,I,0.224,T,0.06738831115204065
ACA,T,0.407,A,0.10179462183025938
ACC,T,0.02,C,0.07076096022535287
ACG,T,-0.531,G,0.10252525283271693
ACT,T,0.068,T,0.10097610603615724
AAC,N,-0.226,C,0.08165596131740177
AAT,N,0.226,T,0.08165596131740176
AAA,K,0.511,A,0.08398691287703001
AAG,K,-0.511,G,0.08398691287703001
AGC,S,-0.334,C,0.07373199551133254
AGT,S,0.661,T,0.11733033299326395
TCA,S,0.245,A,0.11465035991497884
TCC,S,0.371,C,0.0990619238054595
TCG,S,-0.94,G,0.10226551560796387
TCT,S,0.534,T,0.10490292381125742
AGA,R,0.915,A,0.12832860240445135
AGG,R,-0.209,G,0.16089664293138256
CGA,R,1.023,A,0.15191709120995978
CGC,R,-0.701,C,0.07027196532248879
CGG,R,0.002,G,0.10397977506470854
CGT,R,0.348,T,0.08753718562999714
CTA,L,0.665,A,0.16433734678801154
CTC,L,-0.001,C,0.07833473357456204
CTG,L,-0.609,G,0.0547290398240813
CTT,L,0.393,T,0.08752348708236275
TTA,L,0.829,A,0.07793290857796085
TTG,L,-0.072,G,0.05783483215016474
CCA,P,0.058,A,0.13382636471544676
CCC,P,0.272,C,0.07853455342883775
CCG,P,-0.395,G,0.07870775289586598
CCT,P,0.18,T,0.1034642197801968
CAC,H,-0.032,C,0.11087993173289366
CAT,H,0.032,T,0.11087993173289366
CAA,Q,0.668,A,0.08134177476035154
CAG,Q,-0.668,G,0.08134177476035152
GTA,V,0.461,A,0.08726218544180782
GTC,V,0.089,C,0.10711978548096597
GTG,V,-0.752,G,0.06954176715566716
GTT,V,0.516,T,0.07488305971686533
GCA,A,0.439,A,0.06615572191277293
GCC,A,-0.144,C,0.05355457878586475
GCG,A,-0.544,G,0.0697354798140756
GCT,A,0.401,T,0.0767106686874189
GAC,D,0.031,C,0.08277575460857149
GAT,D,-0.031,T,0.08277575460857148
GAA,E,0.595,A,0.09006293733298187
GAG,E,-0.595,G,0.09006293733298187
GGA,G,0.412,A,0.12435714425061703
GGC,G,-0.164,C,0.0740269737740711
GGG,G,-0.271,G,0.12166727581286833
GGT,G,0.194,T,0.09022115934302456
TTC,F,-0.28,C,0.0833486371523968
TTT,F,0.28,T,0.0833486371523968
TAC,Y,0.058,C,0.0956678219856643
TAT,Y,-0.058,T,0.0956678219856643
TGC,C,-0.353,C,0.1698230804895166
TGT,C,0.353,T,0.1698230804895166
