codon,amino_acid,Neoehrlichia,third_nucl,standard_error
ATA,I,0.0,A,0.08268259816727296
ATC,I,-0.031,C,0.17801514151298387
ATT,I,0.006,T,0.08303240659451076
ACA,T,0.068,A,0.13283153469847006
ACC,T,-0.256,C,0.2836100152253941
ACG,T,-0.098,G,0.3299600420495435
ACT,T,0.005,T,0.13437617615022557
AAC,N,0.189,C,0.13947941457637694
AAT,N,-0.189,T,0.13947941457637694
AAA,K,0.104,A,0.11506133419015602
AAG,K,-0.104,G,0.11506133419015602
AGC,S,0.03,C,0.192580130649823
AGT,S,0.127,T,0.1150335942768267
TCA,S,-0.225,A,0.11891591405236245
TCC,S,0.313,C,0.24725472475586602
TCG,S,-0.254,G,0.32713864078708904
TCT,S,0.034,T,0.11143090726756226
AGA,R,-0.283,A,0.1633325379253684
AGG,R,0.629,G,0.2463133976361669
CGA,R,-0.093,A,0.34231657212119126
CGC,R,0.327,C,0.3640134256753827
CGG,R,0.346,G,0.562413341151635
CGT,R,-0.105,T,0.19612758369926558
CTA,L,0.151,A,0.14250508716012797
CTC,L,0.103,C,0.4305224797542159
CTG,L,-0.02,G,0.35121381575666155
CTT,L,-0.181,T,0.13304373922420445
TTA,L,-0.099,A,0.0912937860606106
TTG,L,0.253,G,0.13403479792197825
CCA,P,0.117,A,0.179840256657628
CCC,P,-0.283,C,0.4181634209250937
CCG,P,0.372,G,0.48279720840018997
CCT,P,-0.111,T,0.17676497499549834
CAC,H,0.097,C,0.27530190457991555
CAT,H,-0.097,T,0.27530190457991555
CAA,Q,-0.427,A,0.19567045508943506
CAG,Q,0.427,G,0.19567045508943504
GTA,V,-0.4,A,0.11352700034588425
GTC,V,-0.086,C,0.31412614111922593
GTG,V,0.503,G,0.16232797987687367
GTT,V,0.164,T,0.11408827451107093
GCA,A,-0.092,A,0.13581978199058875
GCC,A,0.014,C,0.3518854967485331
GCG,A,0.49,G,0.31291753702038994
GCT,A,-0.001,T,0.1364894267728906
GAC,D,0.12,C,0.2235084819247289
GAT,D,-0.12,T,0.2235084819247289
GAA,E,-0.15,A,0.16847711138760957
GAG,E,0.15,G,0.1684771113876096
GGA,G,-0.144,A,0.14663582605686148
GGC,G,-0.007,C,0.2898683633244499
GGG,G,0.128,G,0.22146563870187877
GGT,G,0.088,T,0.14430368031592478
TTC,F,0.348,C,0.22513513453359146
TTT,F,-0.348,T,0.22513513453359146
TAC,Y,0.027,C,0.18005985124844717
TAT,Y,-0.027,T,0.1800598512484472
TGC,C,-0.376,C,0.3316739434049215
TGT,C,0.376,T,0.3316739434049215
