codon,amino_acid,Neomicrococcus,third_nucl,standard_error
ATA,I,0.506,A,0.2489335180122095
ATC,I,-0.428,C,0.08204810047058095
ATT,I,0.379,T,0.0828163572898292
ACA,T,0.907,A,0.13004581334650156
ACC,T,-0.365,C,0.06846412614069707
ACG,T,-0.667,G,0.07555963528050343
ACT,T,1.012,T,0.09445325092132249
AAC,N,-0.803,C,0.11430907145222317
AAT,N,0.803,T,0.11430907145222317
AAA,K,0.982,A,0.1079274202822877
AAG,K,-0.982,G,0.1079274202822877
AGC,S,0.23,C,0.07927087027443537
AGT,S,0.643,T,0.13015650878723653
TCA,S,0.832,A,0.11011204092681041
TCC,S,-0.623,C,0.07134521629361214
TCG,S,-0.557,G,0.0865564458938212
TCT,S,0.34,T,0.09582679764296465
AGA,R,1.252,A,0.22538077240828105
AGG,R,0.863,G,0.21865232550017258
CGA,R,0.487,A,0.11216645635473012
CGC,R,-0.379,C,0.0741613894045432
CGG,R,-0.051,G,0.11461314565022163
CGT,R,-0.13,T,0.09078757074716746
CTA,L,0.378,A,0.1400123821760196
CTC,L,-0.071,C,0.06488281657458175
CTG,L,-0.39,G,0.07004999549658553
CTT,L,0.446,T,0.08047372216970139
TTA,L,0.881,A,0.1972036213723923
TTG,L,-0.082,G,0.0714393829128226
CCA,P,0.11,A,0.09488281211309416
CCC,P,0.333,C,0.08643605635708308
CCG,P,-0.645,G,0.08361113508404534
CCT,P,0.384,T,0.10341966858246972
CAC,H,-0.702,C,0.13925747603248145
CAT,H,0.702,T,0.13925747603248143
CAA,Q,0.428,A,0.10043973224006379
CAG,Q,-0.428,G,0.1004397322400638
GTA,V,0.455,A,0.10116319929691815
GTC,V,-0.432,C,0.07156728190136756
GTG,V,0.107,G,0.06128314650516568
GTT,V,0.069,T,0.07675452556665936
GCA,A,0.702,A,0.06776397020028806
GCC,A,-0.273,C,0.05841728108415291
GCG,A,-0.324,G,0.06438052109964078
GCT,A,0.018,T,0.0675720380421535
GAC,D,-0.362,C,0.07951794012993754
GAT,D,0.362,T,0.07951794012993754
GAA,E,0.536,A,0.07337274827465945
GAG,E,-0.536,G,0.07337274827465944
GGA,G,0.458,A,0.08979934722197043
GGC,G,-0.342,C,0.07373894603982796
GGG,G,0.128,G,0.11933702255119323
GGT,G,-0.008,T,0.08802695690811177
TTC,F,-1.051,C,0.11299943806119164
TTT,F,1.051,T,0.11299943806119164
TAC,Y,-0.511,C,0.156116578632984
TAT,Y,0.511,T,0.156116578632984
TGC,C,-0.874,C,0.31012618306208534
TGT,C,0.874,T,0.31012618306208534
