codon,amino_acid,Neorhizobium,third_nucl,standard_error
ATA,I,0.992,A,0.1021692109892515
ATC,I,-0.833,C,0.05354216771480266
ATT,I,0.652,T,0.05888622851327641
ACA,T,0.914,A,0.07820737604576879
ACC,T,-0.263,C,0.045414070058896326
ACG,T,-0.399,G,0.04848258687249425
ACT,T,0.934,T,0.09571620566373971
AAC,N,-0.264,C,0.06465520392560434
AAT,N,0.264,T,0.06465520392560434
AAA,K,1.012,A,0.05984815417069843
AAG,K,-1.012,G,0.05984815417069843
AGC,S,-0.046,C,0.05010634245798871
AGT,S,0.707,T,0.10255473483294261
TCA,S,0.846,A,0.09923954341568869
TCC,S,0.065,C,0.04922548530538624
TCG,S,-0.677,G,0.04944864431851385
TCT,S,0.8,T,0.09613810058329883
AGA,R,1.637,A,0.10853965432092916
AGG,R,0.298,G,0.08341631553545166
CGA,R,0.486,A,0.0810484405506811
CGC,R,-0.465,C,0.04335187058342942
CGG,R,-0.368,G,0.05451468581725542
CGT,R,0.241,T,0.06134289937605659
CTA,L,0.663,A,0.12513722192795518
CTC,L,-0.145,C,0.037799597453793035
CTG,L,-0.616,G,0.03673528414888858
CTT,L,0.482,T,0.04710300904557811
TTA,L,1.233,A,0.17494956344186774
TTG,L,0.778,G,0.05768509551317944
CCA,P,0.754,A,0.08656388436312287
CCC,P,0.473,C,0.057446230997980414
CCG,P,-0.913,G,0.05152840033729173
CCT,P,0.665,T,0.0822493676774494
CAC,H,0.002,C,0.07970857612845118
CAT,H,-0.002,T,0.07970857612845118
CAA,Q,0.962,A,0.07993848175165603
CAG,Q,-0.962,G,0.07993848175165603
GTA,V,0.783,A,0.09022972078589792
GTC,V,-0.471,C,0.04327023660549195
GTG,V,-0.059,G,0.04651808341512095
GTT,V,0.625,T,0.059360632598329695
GCA,A,0.722,A,0.04790903519531378
GCC,A,-0.246,C,0.03491262876997534
GCG,A,-0.4,G,0.03773820064188209
GCT,A,0.482,T,0.05440346620977682
GAC,D,-0.276,C,0.049031040760009144
GAT,D,0.276,T,0.049031040760009144
GAA,E,0.608,A,0.050146715929280314
GAG,E,-0.608,G,0.050146715929280314
GGA,G,1.016,A,0.06884051399471795
GGC,G,-0.672,C,0.04651076737662251
GGG,G,0.032,G,0.07060748411717412
GGT,G,0.345,T,0.060305588800531
TTC,F,-0.723,C,0.06445803952936432
TTT,F,0.723,T,0.06445803952936432
TAC,Y,-0.071,C,0.08100777287925748
TAT,Y,0.071,T,0.08100777287925748
TGC,C,-0.224,C,0.17946336036951696
TGT,C,0.224,T,0.17946336036951696
