codon,amino_acid,Neptunomonas,third_nucl,standard_error
ATA,I,0.29,A,0.06825929861224134
ATC,I,-0.086,C,0.06023653991236114
ATT,I,-0.12,T,0.055086631059933805
ACA,T,0.308,A,0.0640854742802037
ACC,T,-0.248,C,0.0685296303181412
ACG,T,-0.427,G,0.07273568123690699
ACT,T,0.271,T,0.06902981790925256
AAC,N,-0.276,C,0.0724267361574944
AAT,N,0.276,T,0.0724267361574944
AAA,K,0.156,A,0.06629442830691662
AAG,K,-0.156,G,0.06629442830691662
AGC,S,-0.212,C,0.06792212005362087
AGT,S,0.17,T,0.071150030636827
TCA,S,0.219,A,0.06782650525116707
TCC,S,-0.105,C,0.094564579910566
TCG,S,-0.222,G,0.08267801959309441
TCT,S,0.035,T,0.06688803701982932
AGA,R,0.768,A,0.11679845057355231
AGG,R,0.303,G,0.1655155958881536
CGA,R,0.024,A,0.09259638684980928
CGC,R,-0.178,C,0.07378941782291903
CGG,R,-0.18,G,0.12463447758080469
CGT,R,-0.138,T,0.06903825437580051
CTA,L,0.047,A,0.06413365304512868
CTC,L,0.114,C,0.07604984805642079
CTG,L,-0.12,G,0.06500516570427818
CTT,L,0.176,T,0.062171274852336304
TTA,L,0.08,A,0.04736737408283087
TTG,L,-0.271,G,0.05688909247180254
CCA,P,0.108,A,0.080251615719737
CCC,P,0.212,C,0.09242749230965266
CCG,P,-0.102,G,0.08896692243366909
CCT,P,-0.159,T,0.07471942884833317
CAC,H,-0.02,C,0.09886903842704221
CAT,H,0.02,T,0.09886903842704221
CAA,Q,0.091,A,0.07252249243749209
CAG,Q,-0.091,G,0.07252249243749208
GTA,V,0.117,A,0.0653952059374538
GTC,V,-0.146,C,0.0763528174780162
GTG,V,0.093,G,0.06368243949363535
GTT,V,-0.086,T,0.05866598172523943
GCA,A,0.377,A,0.05994370963511528
GCC,A,-0.34,C,0.06646324290155989
GCG,A,-0.301,G,0.06695674711903828
GCT,A,0.137,T,0.05627222211232067
GAC,D,-0.162,C,0.06984400105892077
GAT,D,0.162,T,0.06984400105892077
GAA,E,0.435,A,0.07059127818509875
GAG,E,-0.435,G,0.07059127818509875
GGA,G,0.414,A,0.09391627492716224
GGC,G,-0.16,C,0.07375850519807031
GGG,G,-0.296,G,0.09925256922861295
GGT,G,0.074,T,0.06902751959557392
TTC,F,-0.227,C,0.08383317443216154
TTT,F,0.227,T,0.08383317443216154
TAC,Y,-0.066,C,0.09277115828234728
TAT,Y,0.066,T,0.09277115828234728
TGC,C,-0.146,C,0.15161730399824502
TGT,C,0.146,T,0.15161730399824502
