codon,amino_acid,Nesterenkonia,third_nucl,standard_error
ATA,I,-0.173,A,0.21477041989261075
ATC,I,-0.203,C,0.10821059235475793
ATT,I,0.305,T,0.12079225724437116
ACA,T,0.264,A,0.11479543646452434
ACC,T,-0.153,C,0.06683487066943673
ACG,T,-0.17,G,0.07428646960517063
ACT,T,0.495,T,0.10736786429148099
AAC,N,0.031,C,0.15842036555898367
AAT,N,-0.031,T,0.15842036555898367
AAA,K,0.403,A,0.16668400914397807
AAG,K,-0.403,G,0.16668400914397807
AGC,S,0.264,C,0.06758729036956308
AGT,S,0.669,T,0.16321409707433066
TCA,S,-0.122,A,0.10534016571621545
TCC,S,-0.154,C,0.06777971675977311
TCG,S,-0.314,G,0.07746313043828124
TCT,S,0.186,T,0.12346970172471072
AGA,R,0.662,A,0.1518242018374117
AGG,R,-0.129,G,0.10494813404984736
CGA,R,0.175,A,0.09717572786015444
CGC,R,-0.036,C,0.06202237198534592
CGG,R,-0.241,G,0.0705216623862635
CGT,R,0.205,T,0.09831117637743993
CTA,L,-0.188,A,0.25901661104632573
CTC,L,0.004,C,0.05266472801732505
CTG,L,-0.134,G,0.05046596311287543
CTT,L,0.113,T,0.10006827746016397
TTA,L,0.268,A,0.4750120597360359
TTG,L,0.691,G,0.13254669536988006
CCA,P,0.143,A,0.12915889161561642
CCC,P,-0.026,C,0.07141464060027564
CCG,P,-0.197,G,0.07008224460677653
CCT,P,0.321,T,0.0941460295648322
CAC,H,-0.11,C,0.1180130701298559
CAT,H,0.11,T,0.1180130701298559
CAA,Q,0.35,A,0.17208457629804835
CAG,Q,-0.35,G,0.17208457629804835
GTA,V,0.002,A,0.15644447580824886
GTC,V,-0.657,C,0.055605485386012406
GTG,V,0.622,G,0.053839676323624575
GTT,V,-0.036,T,0.11501549923000774
GCA,A,0.2,A,0.06650271232079269
GCC,A,-0.066,C,0.0471357227201699
GCG,A,-0.155,G,0.05078543308735191
GCT,A,0.197,T,0.06610989782707051
GAC,D,-0.182,C,0.07921958004750271
GAT,D,0.182,T,0.07921958004750271
GAA,E,0.302,A,0.08129270853756576
GAG,E,-0.302,G,0.08129270853756576
GGA,G,0.01,A,0.0756847813736487
GGC,G,-0.068,C,0.05793862429936974
GGG,G,-0.102,G,0.07104078230821703
GGT,G,0.321,T,0.09083859801012802
TTC,F,-0.505,C,0.17831974004473108
TTT,F,0.505,T,0.17831974004473108
TAC,Y,-0.21,C,0.1674508679442734
TAT,Y,0.21,T,0.1674508679442734
TGC,C,-0.805,C,0.2826347825297643
TGT,C,0.805,T,0.2826347825297643
