codon,amino_acid,Niallia,third_nucl,standard_error
ATA,I,0.471,A,0.046773463212145004
ATC,I,-0.271,C,0.05341526294359848
ATT,I,-0.212,T,0.041317487643565305
ACA,T,0.136,A,0.05409409640099791
ACC,T,-0.169,C,0.08249063363813418
ACG,T,0.02,G,0.07660022803719625
ACT,T,-0.094,T,0.06167814571617227
AAC,N,0.113,C,0.0642409308804307
AAT,N,-0.113,T,0.0642409308804307
AAA,K,0.168,A,0.04632895506881012
AAG,K,-0.168,G,0.04632895506881012
AGC,S,-0.057,C,0.07822129043367594
AGT,S,0.255,T,0.05873794351161254
TCA,S,0.487,A,0.06257782855270054
TCC,S,-0.439,C,0.08202925847739964
TCG,S,-0.141,G,0.10048180389290495
TCT,S,-0.4,T,0.061026232527557504
AGA,R,0.292,A,0.06319574226521013
AGG,R,0.431,G,0.10639275183099307
CGA,R,-0.007,A,0.08859203934748859
CGC,R,-0.514,C,0.10510981475212765
CGG,R,-0.47,G,0.13490130540559564
CGT,R,-0.239,T,0.08072691904778212
CTA,L,-0.046,A,0.0587320686089769
CTC,L,-0.273,C,0.10123117262510554
CTG,L,-0.512,G,0.08080798085984041
CTT,L,-0.441,T,0.05241421825906768
TTA,L,0.068,A,0.038871436194404335
TTG,L,0.675,G,0.05457228430740163
CCA,P,0.071,A,0.07684158782571875
CCC,P,-0.066,C,0.1426798995362996
CCG,P,-0.093,G,0.10734495895783752
CCT,P,-0.004,T,0.08418405527572677
CAC,H,0.14,C,0.11837647209733095
CAT,H,-0.14,T,0.11837647209733095
CAA,Q,0.154,A,0.07293214852351844
CAG,Q,-0.154,G,0.07293214852351844
GTA,V,0.108,A,0.051066235027229644
GTC,V,-0.363,C,0.08099599197262325
GTG,V,0.404,G,0.06127464379463563
GTT,V,-0.246,T,0.05148956037898335
GCA,A,0.282,A,0.05484667967046873
GCC,A,-0.233,C,0.08844315134132698
GCG,A,-0.057,G,0.08031051152139122
GCT,A,-0.184,T,0.05847466590140205
GAC,D,0.015,C,0.07376675520879218
GAT,D,-0.015,T,0.07376675520879218
GAA,E,0.165,A,0.05619212404827173
GAG,E,-0.165,G,0.05619212404827173
GGA,G,0.103,A,0.057067626638349495
GGC,G,-0.139,C,0.076733007253692
GGG,G,0.044,G,0.07755957938394685
GGT,G,-0.057,T,0.06197782517554209
TTC,F,-0.464,C,0.07388205021123037
TTT,F,0.464,T,0.07388205021123037
TAC,Y,-0.119,C,0.08259265967456127
TAT,Y,0.119,T,0.08259265967456127
TGC,C,-0.187,C,0.16999836481131872
TGT,C,0.187,T,0.16999836481131872
