codon,amino_acid,Nibricoccus,third_nucl,standard_error
ATA,I,0.472,A,0.1716164523275983
ATC,I,-0.522,C,0.07469453989153615
ATT,I,0.489,T,0.07955505301554097
ACA,T,0.8,A,0.10476753459891146
ACC,T,-0.056,C,0.055453437308507735
ACG,T,-0.648,G,0.0601140618209836
ACT,T,0.988,T,0.09785219392855198
AAC,N,-0.115,C,0.08514777194164727
AAT,N,0.115,T,0.08514777194164727
AAA,K,0.873,A,0.06710319919608948
AAG,K,-0.873,G,0.06710319919608948
AGC,S,-0.501,C,0.06489666858056704
AGT,S,0.049,T,0.10765434385414198
TCA,S,0.679,A,0.10455151567388576
TCC,S,0.212,C,0.05499083151907441
TCG,S,-0.625,G,0.06468226710273178
TCT,S,1.03,T,0.10264978903247993
AGA,R,0.76,A,0.17957403280197673
AGG,R,0.103,G,0.1803505248138293
CGA,R,0.854,A,0.12314076252683406
CGC,R,-0.244,C,0.05574657164317054
CGG,R,-0.718,G,0.07992411178288389
CGT,R,0.633,T,0.07783845455867149
CTA,L,0.865,A,0.13579431235339362
CTC,L,-0.12,C,0.041949044103249934
CTG,L,-0.394,G,0.05127024354324177
CTT,L,0.795,T,0.0725349502040206
TTA,L,0.609,A,0.1578799795343299
TTG,L,-0.136,G,0.0690183653588439
CCA,P,0.71,A,0.1085611219600296
CCC,P,0.225,C,0.058445736093483656
CCG,P,-0.846,G,0.06029244655980843
CCT,P,0.759,T,0.09149165165617319
CAC,H,-0.245,C,0.10527770008315078
CAT,H,0.245,T,0.10527770008315078
CAA,Q,0.846,A,0.08786553126268168
CAG,Q,-0.846,G,0.08786553126268168
GTA,V,0.467,A,0.12947212165581026
GTC,V,-0.118,C,0.055596362516759305
GTG,V,-0.423,G,0.05768169754994206
GTT,V,0.848,T,0.07941884941815341
GCA,A,0.795,A,0.07829019318348654
GCC,A,0.197,C,0.043746242591717936
GCG,A,-0.882,G,0.04872754862020083
GCT,A,0.715,T,0.0683609401891003
GAC,D,-0.039,C,0.07044862616410198
GAT,D,0.039,T,0.07044862616410198
GAA,E,0.769,A,0.0720881915099941
GAG,E,-0.769,G,0.07208819150999411
GGA,G,0.736,A,0.09100833785232224
GGC,G,-0.45,C,0.06652551599816783
GGG,G,-0.395,G,0.09773887194102733
GGT,G,0.494,T,0.08662509566486781
TTC,F,-0.359,C,0.07341113323336736
TTT,F,0.359,T,0.07341113323336736
TAC,Y,0.024,C,0.11124669094948625
TAT,Y,-0.024,T,0.11124669094948625
TGC,C,-0.702,C,0.18174996364436272
TGT,C,0.702,T,0.18174996364436272
