codon,amino_acid,Nibribacter,third_nucl,standard_error
ATA,I,0.9,A,0.07351254684613252
ATC,I,-0.267,C,0.06003279881951623
ATT,I,-0.352,T,0.056888021102717866
ACA,T,0.675,A,0.08545522405537391
ACC,T,-0.258,C,0.05828912443458108
ACG,T,-0.368,G,0.07456513938590238
ACT,T,0.255,T,0.07589759187086659
AAC,N,-0.665,C,0.07235048624921865
AAT,N,0.665,T,0.07235048624921865
AAA,K,0.612,A,0.054711722490756044
AAG,K,-0.612,G,0.054711722490756044
AGC,S,-0.475,C,0.06972125765283649
AGT,S,0.347,T,0.09258129544227169
TCA,S,0.549,A,0.08612790598161789
TCC,S,0.069,C,0.07349084304883655
TCG,S,-0.278,G,0.11333834424567392
TCT,S,-0.044,T,0.0646553145118718
AGA,R,0.917,A,0.07864107678780663
AGG,R,-0.169,G,0.12298173908273316
CGA,R,0.288,A,0.158615876067515
CGC,R,-0.696,C,0.07699484485973611
CGG,R,-0.341,G,0.10324905240761312
CGT,R,-0.014,T,0.09898372498828834
CTA,L,0.508,A,0.07814102999328505
CTC,L,0.157,C,0.06562984588907199
CTG,L,-0.89,G,0.04732146024933809
CTT,L,0.744,T,0.06253631664045553
TTA,L,0.843,A,0.06487966066100535
TTG,L,-0.412,G,0.051747653942639485
CCA,P,0.164,A,0.08452153434091877
CCC,P,0.01,C,0.0764007852570067
CCG,P,-0.519,G,0.08787864690910557
CCT,P,0.293,T,0.08102496987948549
CAC,H,-0.335,C,0.09941470922709332
CAT,H,0.335,T,0.09941470922709332
CAA,Q,0.954,A,0.07214234504502794
CAG,Q,-0.954,G,0.07214234504502794
GTA,V,0.441,A,0.06381334909832767
GTC,V,0.142,C,0.08672128661620254
GTG,V,-0.95,G,0.06098175022937586
GTT,V,0.855,T,0.0786971037368746
GCA,A,0.777,A,0.07059276137137563
GCC,A,-0.64,C,0.054369403035989014
GCG,A,-0.051,G,0.07206537305899693
GCT,A,0.349,T,0.06947732208687389
GAC,D,-0.469,C,0.07529666121776558
GAT,D,0.469,T,0.07529666121776557
GAA,E,0.6,A,0.06312107598097624
GAG,E,-0.6,G,0.06312107598097624
GGA,G,0.928,A,0.08327369012554828
GGC,G,-0.599,C,0.06924909754435012
GGG,G,0.22,G,0.09395183107387366
GGT,G,-0.194,T,0.08808681583367511
TTC,F,-0.2,C,0.06462373563210055
TTT,F,0.2,T,0.06462373563210055
TAC,Y,-0.158,C,0.08164288486938032
TAT,Y,0.158,T,0.08164288486938032
TGC,C,-0.659,C,0.17668692175961573
TGT,C,0.659,T,0.17668692175961576
