codon,amino_acid,Nisaea,third_nucl,standard_error
ATA,I,0.553,A,0.1302875846277401
ATC,I,-0.794,C,0.0687427050353193
ATT,I,0.777,T,0.07600853833468209
ACA,T,0.823,A,0.09401093789231771
ACC,T,-0.417,C,0.054279530755932365
ACG,T,-0.148,G,0.05761449309354416
ACT,T,0.943,T,0.11697246323521848
AAC,N,-0.249,C,0.08268138961206738
AAT,N,0.249,T,0.08268138961206738
AAA,K,1.008,A,0.0715041121083414
AAG,K,-1.008,G,0.0715041121083414
AGC,S,0.045,C,0.056199589646365254
AGT,S,0.499,T,0.10716991404090062
TCA,S,0.915,A,0.13342557601066096
TCC,S,-0.074,C,0.057234089308714896
TCG,S,-0.558,G,0.06125627229995358
TCT,S,0.621,T,0.11626962483465517
AGA,R,1.693,A,0.1431073203216509
AGG,R,0.441,G,0.10023060003167734
CGA,R,0.846,A,0.11331702636897653
CGC,R,-0.322,C,0.04987872797043142
CGG,R,-0.431,G,0.05554544806175767
CGT,R,0.195,T,0.0741270099867074
CTA,L,0.54,A,0.15327848405720257
CTC,L,-0.266,C,0.04376371049939112
CTG,L,-0.384,G,0.04250752488051003
CTT,L,0.525,T,0.061247723632896864
TTA,L,0.897,A,0.24485817495401474
TTG,L,0.89,G,0.07576525534247662
CCA,P,0.536,A,0.12290838930891028
CCC,P,0.465,C,0.06842481462750946
CCG,P,-0.7,G,0.060834807477815854
CCT,P,0.664,T,0.11224867514188842
CAC,H,-0.067,C,0.09917619674226555
CAT,H,0.067,T,0.09917619674226555
CAA,Q,1.16,A,0.10412126302465538
CAG,Q,-1.16,G,0.10412126302465538
GTA,V,0.522,A,0.10889261585672956
GTC,V,-0.41,C,0.049927441882117896
GTG,V,-0.02,G,0.052177746196298794
GTT,V,0.648,T,0.07199413955122136
GCA,A,0.805,A,0.0628749043867877
GCC,A,-0.19,C,0.040692015307691363
GCG,A,-0.401,G,0.04127237738224759
GCT,A,0.736,T,0.07455790693078017
GAC,D,-0.27,C,0.05675496372882482
GAT,D,0.27,T,0.05675496372882482
GAA,E,0.702,A,0.05505466862338666
GAG,E,-0.702,G,0.05505466862338666
GGA,G,0.707,A,0.06878145906343681
GGC,G,-0.494,C,0.05068544540029389
GGG,G,-0.025,G,0.06740667938945218
GGT,G,0.27,T,0.0723193226532464
TTC,F,-0.949,C,0.08446090456284282
TTT,F,0.949,T,0.08446090456284282
TAC,Y,0.037,C,0.0948938889895738
TAT,Y,-0.037,T,0.0948938889895738
TGC,C,-0.4,C,0.1839406978297174
TGT,C,0.4,T,0.1839406978297174
