codon,amino_acid,Nitrosomonas,third_nucl,standard_error
ATA,I,0.354,A,0.0639399209354217
ATC,I,-0.26,C,0.05518861221202945
ATT,I,-0.009,T,0.051736432770893945
ACA,T,0.269,A,0.06816113307340786
ACC,T,-0.212,C,0.06790281748521769
ACG,T,-0.347,G,0.0794441178166514
ACT,T,0.196,T,0.06771398448288309
AAC,N,0.152,C,0.07406506104221747
AAT,N,-0.152,T,0.07406506104221748
AAA,K,0.342,A,0.06236876802548402
AAG,K,-0.342,G,0.06236876802548402
AGC,S,-0.18,C,0.07024148676232299
AGT,S,0.081,T,0.07102396598906813
TCA,S,0.074,A,0.07040628829119375
TCC,S,-0.058,C,0.08437883077302355
TCG,S,-0.181,G,0.09443549483695426
TCT,S,0.195,T,0.07598251478719709
AGA,R,0.651,A,0.08442427688924706
AGG,R,-0.019,G,0.11189389096222369
CGA,R,0.381,A,0.08366578906522473
CGC,R,-0.131,C,0.07022304486045428
CGG,R,-0.565,G,0.09838931128480016
CGT,R,-0.294,T,0.07144205674176507
CTA,L,0.324,A,0.07512000699457362
CTC,L,-0.14,C,0.06760920612995305
CTG,L,-0.5,G,0.0538264719323585
CTT,L,0.105,T,0.058538051515803796
TTA,L,0.235,A,0.05390115010535013
TTG,L,0.105,G,0.05395655961010228
CCA,P,0.241,A,0.07787991658204803
CCC,P,-0.082,C,0.09042479038510454
CCG,P,-0.241,G,0.08634191956687627
CCT,P,0.018,T,0.07649741721006607
CAC,H,0.244,C,0.09672653380861175
CAT,H,-0.244,T,0.09672653380861175
CAA,Q,0.569,A,0.0708998876096178
CAG,Q,-0.569,G,0.0708998876096178
GTA,V,0.127,A,0.06906204913298837
GTC,V,-0.395,C,0.07603502180767407
GTG,V,-0.026,G,0.06380713151933377
GTT,V,0.212,T,0.0652931525548705
GCA,A,0.225,A,0.056914276573449066
GCC,A,-0.171,C,0.06541904624933632
GCG,A,-0.386,G,0.07120533386476521
GCT,A,0.169,T,0.05807679622322395
GAC,D,0.198,C,0.07437309352163408
GAT,D,-0.198,T,0.07437309352163408
GAA,E,0.339,A,0.06696487050772248
GAG,E,-0.339,G,0.06696487050772248
GGA,G,0.171,A,0.07768786286772635
GGC,G,-0.132,C,0.0715450278245156
GGG,G,-0.165,G,0.09585212551640675
GGT,G,0.076,T,0.0682227784626829
TTC,F,-0.19,C,0.07470212994358445
TTT,F,0.19,T,0.07470212994358445
TAC,Y,0.06,C,0.0931055208126804
TAT,Y,-0.06,T,0.0931055208126804
TGC,C,0.064,C,0.13967316623190915
TGT,C,-0.064,T,0.13967316623190915
