codon,amino_acid,Nitrosospira,third_nucl,standard_error
ATA,I,0.412,A,0.08366806472589343
ATC,I,-0.344,C,0.06281804890198667
ATT,I,0.112,T,0.06506285854591826
ACA,T,0.627,A,0.08707859339125286
ACC,T,-0.341,C,0.06829448860353503
ACG,T,-0.394,G,0.08022930190871183
ACT,T,0.421,T,0.09447853949042283
AAC,N,-0.065,C,0.0856294997821819
AAT,N,0.065,T,0.0856294997821819
AAA,K,0.832,A,0.07297682086393412
AAG,K,-0.832,G,0.07297682086393412
AGC,S,-0.241,C,0.07574314177226837
AGT,S,-0.021,T,0.09400182256022523
TCA,S,0.514,A,0.09645788529301462
TCC,S,0.052,C,0.07676769425266618
TCG,S,-0.543,G,0.08973857789468384
TCT,S,0.554,T,0.1137384153001402
AGA,R,0.75,A,0.10894142021721949
AGG,R,0.269,G,0.11107602574928871
CGA,R,0.298,A,0.11370773654436266
CGC,R,-0.232,C,0.07127154115987809
CGG,R,-0.45,G,0.08969810596756142
CGT,R,-0.053,T,0.08569930680447212
CTA,L,0.619,A,0.11258347264314406
CTC,L,0.165,C,0.06844118246458286
CTG,L,-0.699,G,0.052963496553134336
CTT,L,0.309,T,0.06750198762700621
TTA,L,0.821,A,0.1004584675344847
TTG,L,0.036,G,0.0623096308784687
CCA,P,0.334,A,0.10101333020059487
CCC,P,-0.022,C,0.08073350308006992
CCG,P,-0.413,G,0.0799222742724462
CCT,P,0.319,T,0.09516252476181901
CAC,H,0.161,C,0.11052889355778713
CAT,H,-0.161,T,0.11052889355778713
CAA,Q,0.532,A,0.08625282711248058
CAG,Q,-0.532,G,0.08625282711248058
GTA,V,0.165,A,0.08128290336463298
GTC,V,-0.048,C,0.07411297127892981
GTG,V,-0.328,G,0.06650196858528991
GTT,V,0.341,T,0.07609108422075042
GCA,A,0.345,A,0.0661515379738784
GCC,A,-0.218,C,0.05928933522369729
GCG,A,-0.281,G,0.06050916014528129
GCT,A,0.337,T,0.07352984899194295
GAC,D,-0.162,C,0.07851077501438697
GAT,D,0.162,T,0.07851077501438697
GAA,E,0.484,A,0.07702507167614284
GAG,E,-0.484,G,0.07702507167614284
GGA,G,0.166,A,0.08495739470059507
GGC,G,-0.062,C,0.0698738414130007
GGG,G,-0.178,G,0.09312927967517065
GGT,G,0.07,T,0.07986312022953777
TTC,F,-0.172,C,0.0828454400331436
TTT,F,0.172,T,0.0828454400331436
TAC,Y,-0.156,C,0.10454480218116723
TAT,Y,0.156,T,0.10454480218116723
TGC,C,-0.271,C,0.18184524748804437
TGT,C,0.271,T,0.18184524748804437
