codon,amino_acid,Nitrobacter,third_nucl,standard_error
ATA,I,0.731,A,0.1137267242499074
ATC,I,-0.604,C,0.06096857856189117
ATT,I,0.452,T,0.06619964520018629
ACA,T,0.739,A,0.0865721267597896
ACC,T,-0.208,C,0.052777504148577514
ACG,T,-0.262,G,0.05538486892640332
ACT,T,0.46,T,0.09707415726630732
AAC,N,-0.257,C,0.07902815940751216
AAT,N,0.257,T,0.07902815940751216
AAA,K,0.856,A,0.06745801961025724
AAG,K,-0.856,G,0.06745801961025724
AGC,S,-0.142,C,0.05855318739171199
AGT,S,0.374,T,0.10301258567362519
TCA,S,0.575,A,0.09687509164311417
TCC,S,0.218,C,0.06286387009682565
TCG,S,-0.561,G,0.05572688463718504
TCT,S,0.732,T,0.11389526920354713
AGA,R,1.232,A,0.12199189020342714
AGG,R,0.245,G,0.09524168265891018
CGA,R,0.669,A,0.08180663967083825
CGC,R,-0.454,C,0.04716896601898652
CGG,R,-0.321,G,0.05796846920808747
CGT,R,0.311,T,0.06680966252892034
CTA,L,0.172,A,0.1225298534804513
CTC,L,-0.218,C,0.0465465813666282
CTG,L,-0.419,G,0.043145402998785484
CTT,L,0.455,T,0.06126162773918453
TTA,L,0.604,A,0.15279724489736368
TTG,L,0.553,G,0.058234463418371296
CCA,P,0.342,A,0.09068543041925974
CCC,P,0.216,C,0.06428069262032064
CCG,P,-0.511,G,0.05654622236313944
CCT,P,0.545,T,0.09256160325203418
CAC,H,0.133,C,0.0913571023990679
CAT,H,-0.133,T,0.09135710239906789
CAA,Q,0.687,A,0.08018748070868441
CAG,Q,-0.687,G,0.08018748070868441
GTA,V,0.265,A,0.10199921726756118
GTC,V,-0.352,C,0.04877590363428719
GTG,V,-0.029,G,0.050489095479090744
GTT,V,0.554,T,0.06492519621477637
GCA,A,0.695,A,0.057580046157523296
GCC,A,-0.135,C,0.040210250679751106
GCG,A,-0.46,G,0.04038107604384036
GCT,A,0.598,T,0.063386605017163
GAC,D,-0.116,C,0.05460263444585053
GAT,D,0.116,T,0.05460263444585052
GAA,E,0.514,A,0.06057317363082336
GAG,E,-0.514,G,0.06057317363082336
GGA,G,0.543,A,0.07092455878715365
GGC,G,-0.482,C,0.05273598285101216
GGG,G,0.069,G,0.07851103843881378
GGT,G,0.293,T,0.07110610190341674
TTC,F,-0.591,C,0.07483702361487699
TTT,F,0.591,T,0.07483702361487699
TAC,Y,0.055,C,0.09567713374379576
TAT,Y,-0.055,T,0.09567713374379574
TGC,C,-0.343,C,0.17195964126288474
TGT,C,0.343,T,0.17195964126288474
