codon,amino_acid,Nitrospira,third_nucl,standard_error
ATA,I,1.214,A,0.15195852579988678
ATC,I,-0.545,C,0.06329385345059992
ATT,I,0.32,T,0.06674665154865184
ACA,T,1.133,A,0.09905063430384992
ACC,T,-0.221,C,0.05499520769498862
ACG,T,-0.435,G,0.05421014386595337
ACT,T,0.809,T,0.10433597026178573
AAC,N,0.068,C,0.08874633409186836
AAT,N,-0.068,T,0.08874633409186836
AAA,K,0.513,A,0.06545550709684189
AAG,K,-0.513,G,0.06545550709684188
AGC,S,-0.2,C,0.06215448804192565
AGT,S,0.42,T,0.1064164016033078
TCA,S,0.844,A,0.11041481435902717
TCC,S,-0.149,C,0.0629505241493625
TCG,S,-0.355,G,0.06098536839961028
TCT,S,0.71,T,0.10881979099253447
AGA,R,1.146,A,0.1070470034186548
AGG,R,0.465,G,0.10457205894533074
CGA,R,0.739,A,0.07308843607751382
CGC,R,-0.405,C,0.05037116166717652
CGG,R,-0.615,G,0.05164109984334403
CGT,R,0.519,T,0.08028430540678301
CTA,L,0.703,A,0.1423185982403349
CTC,L,-0.008,C,0.04336834242725815
CTG,L,-0.284,G,0.04231554423238863
CTT,L,0.573,T,0.07497743421114549
TTA,L,0.737,A,0.13119879699896356
TTG,L,-0.067,G,0.05168470339912766
CCA,P,0.979,A,0.1034838423418673
CCC,P,-0.037,C,0.06363050463865068
CCG,P,-0.626,G,0.0569882200920408
CCT,P,0.837,T,0.09514577351789523
CAC,H,0.028,C,0.08491566399226227
CAT,H,-0.028,T,0.08491566399226227
CAA,Q,0.405,A,0.07332168031428526
CAG,Q,-0.405,G,0.07332168031428526
GTA,V,0.599,A,0.11514116869740983
GTC,V,-0.238,C,0.047747118198436064
GTG,V,-0.145,G,0.047587526913536814
GTT,V,0.927,T,0.09227376893803266
GCA,A,1.068,A,0.07497365755123057
GCC,A,-0.263,C,0.0427163544607317
GCG,A,-0.338,G,0.043046055813692564
GCT,A,0.658,T,0.07479259815667343
GAC,D,-0.087,C,0.06088660091438367
GAT,D,0.087,T,0.06088660091438368
GAA,E,0.267,A,0.05777554581283864
GAG,E,-0.267,G,0.05777554581283864
GGA,G,0.556,A,0.06619594336017268
GGC,G,-0.533,C,0.05264265418817968
GGG,G,-0.127,G,0.06254514132585032
GGT,G,0.724,T,0.08398470914034993
TTC,F,-0.326,C,0.07667903897595048
TTT,F,0.326,T,0.07667903897595048
TAC,Y,-0.122,C,0.0938474112919964
TAT,Y,0.122,T,0.0938474112919964
TGC,C,-0.645,C,0.13727758543867435
TGT,C,0.645,T,0.13727758543867435
