codon,amino_acid,Nitrosococcus,third_nucl,standard_error
ATA,I,0.462,A,0.08043853012247176
ATC,I,-0.254,C,0.057686294007781753
ATT,I,0.007,T,0.055865073820650146
ACA,T,0.651,A,0.09003840967422584
ACC,T,-0.381,C,0.06133663570736919
ACG,T,-0.158,G,0.08128956980222482
ACT,T,0.197,T,0.07080792469377555
AAC,N,-0.21,C,0.07642452481737957
AAT,N,0.21,T,0.07642452481737957
AAA,K,0.456,A,0.06357072157659009
AAG,K,-0.456,G,0.06357072157659009
AGC,S,-0.096,C,0.06793648773380674
AGT,S,0.319,T,0.07803186073881405
TCA,S,0.377,A,0.09234597448772751
TCC,S,-0.432,C,0.07151439658923625
TCG,S,-0.061,G,0.0912925678806939
TCT,S,0.086,T,0.07944019760767335
AGA,R,0.993,A,0.09327960384188583
AGG,R,0.477,G,0.09584224561853817
CGA,R,0.25,A,0.08228190019333458
CGC,R,-0.323,C,0.06314271035292475
CGG,R,-0.584,G,0.06535396026986995
CGT,R,0.047,T,0.07141678424915346
CTA,L,0.121,A,0.0682035897853312
CTC,L,-0.11,C,0.05762316163281831
CTG,L,-0.359,G,0.05268719520664119
CTT,L,0.123,T,0.05524643997827626
TTA,L,0.344,A,0.05777263828938984
TTG,L,-0.017,G,0.050429310126555126
CCA,P,0.645,A,0.08453709295771177
CCC,P,-0.262,C,0.06614275881019803
CCG,P,-0.426,G,0.07871312373018105
CCT,P,0.189,T,0.07133286111563528
CAC,H,0.098,C,0.0938136164784336
CAT,H,-0.098,T,0.0938136164784336
CAA,Q,0.311,A,0.06926304178764622
CAG,Q,-0.311,G,0.06926304178764622
GTA,V,0.136,A,0.07209222312306139
GTC,V,-0.244,C,0.06402240397737756
GTG,V,-0.094,G,0.055922967040057496
GTT,V,0.274,T,0.06555664084049212
GCA,A,0.534,A,0.06588333919841499
GCC,A,-0.363,C,0.052477377850174554
GCG,A,-0.106,G,0.0614761431858113
GCT,A,0.133,T,0.0584921053750914
GAC,D,0.248,C,0.07257224357434329
GAT,D,-0.248,T,0.07257224357434329
GAA,E,0.388,A,0.05853748574296088
GAG,E,-0.388,G,0.05853748574296088
GGA,G,-0.012,A,0.0742627876829352
GGC,G,-0.056,C,0.06412720148402652
GGG,G,-0.202,G,0.06862174002313477
GGT,G,0.286,T,0.06887415588219682
TTC,F,-0.213,C,0.07368974074939032
TTT,F,0.213,T,0.0736897407493903
TAC,Y,0.181,C,0.08783452636300532
TAT,Y,-0.181,T,0.08783452636300532
TGC,C,-0.107,C,0.14538770943993984
TGT,C,0.107,T,0.1453877094399398
