codon,amino_acid,Niveispirillum,third_nucl,standard_error
ATA,I,0.481,A,0.14307483373106822
ATC,I,-0.346,C,0.06403822990001086
ATT,I,0.282,T,0.06845360758770354
ACA,T,0.232,A,0.08640977377817895
ACC,T,0.259,C,0.04906304437363412
ACG,T,-0.447,G,0.053175824326669764
ACT,T,0.245,T,0.11389324461713675
AAC,N,0.137,C,0.07281598978417837
AAT,N,-0.137,T,0.07281598978417837
AAA,K,0.736,A,0.08098497772863571
AAG,K,-0.736,G,0.08098497772863571
AGC,S,0.017,C,0.05490652429919599
AGT,S,0.116,T,0.10179879776742387
TCA,S,0.124,A,0.10582642187943739
TCC,S,0.232,C,0.05538133503383204
TCG,S,-0.546,G,0.06315484905795835
TCT,S,0.389,T,0.11310221951095639
AGA,R,0.962,A,0.19696620097476786
AGG,R,0.698,G,0.13020701661626938
CGA,R,0.673,A,0.11935518804133076
CGC,R,-0.178,C,0.044075991785247216
CGG,R,-0.512,G,0.05176344964750081
CGT,R,0.524,T,0.05754652606702682
CTA,L,-0.072,A,0.14089092443520268
CTC,L,0.736,C,0.07016346688264963
CTG,L,-0.936,G,0.0397756719607363
CTT,L,1.025,T,0.06482046283067874
TTA,L,0.52,A,0.18723645428123464
TTG,L,0.512,G,0.05584686226859994
CCA,P,0.021,A,0.09458289221988027
CCC,P,0.387,C,0.04967797394122525
CCG,P,-0.57,G,0.05019714282428928
CCT,P,0.54,T,0.0910999096556761
CAC,H,0.255,C,0.08622241200903906
CAT,H,-0.255,T,0.08622241200903906
CAA,Q,0.738,A,0.08864004842303218
CAG,Q,-0.738,G,0.08864004842303218
GTA,V,0.334,A,0.09941664233478918
GTC,V,0.095,C,0.04832023744774639
GTG,V,-0.497,G,0.04723942921066353
GTT,V,0.714,T,0.06936653111831927
GCA,A,0.358,A,0.0604332620052913
GCC,A,-0.067,C,0.03572363227203565
GCG,A,-0.284,G,0.040483023849629894
GCT,A,0.557,T,0.06596801352761135
GAC,D,-0.006,C,0.05026482777901399
GAT,D,0.006,T,0.050264827779014
GAA,E,0.562,A,0.060566971129375265
GAG,E,-0.562,G,0.060566971129375265
GGA,G,0.579,A,0.08592865304790638
GGC,G,-0.258,C,0.04664433580634313
GGG,G,-0.062,G,0.05790476002472878
GGT,G,0.203,T,0.05740846128498777
TTC,F,-0.359,C,0.07750162295878268
TTT,F,0.359,T,0.07750162295878268
TAC,Y,0.313,C,0.0940276119517907
TAT,Y,-0.313,T,0.0940276119517907
TGC,C,-0.172,C,0.16173017804812098
TGT,C,0.172,T,0.161730178048121
