codon,amino_acid,Nocardiopsis,third_nucl,standard_error
ATA,I,0.874,A,0.2251936823077875
ATC,I,-1.106,C,0.11842116061254868
ATT,I,1.145,T,0.1368783609953675
ACA,T,1.25,A,0.09497266274428612
ACC,T,-0.641,C,0.04364781106664439
ACG,T,0.108,G,0.049372427751217314
ACT,T,1.088,T,0.10825686985875121
AAC,N,-0.911,C,0.16047010342475812
AAT,N,0.911,T,0.1604701034247581
AAA,K,0.642,A,0.11216691541915329
AAG,K,-0.642,G,0.11216691541915329
AGC,S,0.1,C,0.04654200300432801
AGT,S,0.994,T,0.10022848586844883
TCA,S,0.9,A,0.11015075753833174
TCC,S,-0.308,C,0.04394785606465453
TCG,S,-0.528,G,0.05444287550453117
TCT,S,1.213,T,0.14388278700365806
AGA,R,1.651,A,0.1366562437846236
AGG,R,0.54,G,0.0738011782691356
CGA,R,1.096,A,0.07353790750655884
CGC,R,-0.482,C,0.03747697025602068
CGG,R,-0.44,G,0.04160272433767124
CGT,R,0.466,T,0.058327483725425705
CTA,L,0.506,A,0.13519083947685973
CTC,L,0.19,C,0.03666996450403237
CTG,L,-0.729,G,0.03501113281454443
CTT,L,1.338,T,0.09346727301196094
TTA,L,1.755,A,0.5530392178398571
TTG,L,1.078,G,0.06946085228963042
CCA,P,1.188,A,0.11314203892478333
CCC,P,0.096,C,0.04037071715961045
CCG,P,-0.572,G,0.04143471507290161
CCT,P,1.081,T,0.09312951659466692
CAC,H,-0.568,C,0.1131285065212787
CAT,H,0.568,T,0.1131285065212787
CAA,Q,0.847,A,0.10549844034418271
CAG,Q,-0.847,G,0.10549844034418271
GTA,V,0.494,A,0.09816512901962718
GTC,V,-0.655,C,0.036423807427930374
GTG,V,0.421,G,0.035470965557190495
GTT,V,0.746,T,0.08448373001475991
GCA,A,1.106,A,0.06404704289205454
GCC,A,-0.455,C,0.032412126258488785
GCG,A,-0.061,G,0.03497377725110918
GCT,A,0.734,T,0.06404327454463231
GAC,D,-0.771,C,0.06740066957747824
GAT,D,0.771,T,0.06740066957747824
GAA,E,0.856,A,0.049089111131816625
GAG,E,-0.856,G,0.049089111131816625
GGA,G,0.829,A,0.05817539885283853
GGC,G,-0.429,C,0.03966392336753999
GGG,G,-0.139,G,0.04685242161803961
GGT,G,0.273,T,0.0540062683492466
TTC,F,-0.809,C,0.15161694792553512
TTT,F,0.809,T,0.15161694792553512
TAC,Y,-0.776,C,0.1514788776255048
TAT,Y,0.776,T,0.15147887762550477
TGC,C,-0.889,C,0.1683197211807624
TGT,C,0.889,T,0.1683197211807624
