codon,amino_acid,Nonlabens,third_nucl,standard_error
ATA,I,0.469,A,0.0602109028822272
ATC,I,-0.287,C,0.0577180588214886
ATT,I,-0.14,T,0.054501071887808
ACA,T,0.408,A,0.07679201000228139
ACC,T,-0.065,C,0.07774998322319218
ACG,T,-0.269,G,0.09765991234623227
ACT,T,-0.179,T,0.07605155265787578
AAC,N,0.018,C,0.07047254437522907
AAT,N,-0.018,T,0.07047254437522907
AAA,K,0.39,A,0.05775250988575393
AAG,K,-0.39,G,0.05775250988575393
AGC,S,-0.245,C,0.07949201345773098
AGT,S,-0.119,T,0.07463941512018152
TCA,S,0.39,A,0.07716102000709511
TCC,S,0.082,C,0.09849823003401426
TCG,S,-0.004,G,0.1191197870575787
TCT,S,-0.081,T,0.07757144238706667
AGA,R,0.75,A,0.07972965149835448
AGG,R,0.044,G,0.11819085707367831
CGA,R,-0.011,A,0.11800608837530006
CGC,R,-0.337,C,0.10329047978602145
CGG,R,-0.209,G,0.19964319320539833
CGT,R,-0.882,T,0.10619899882779005
CTA,L,0.201,A,0.07101822860078154
CTC,L,-0.076,C,0.07352386112452791
CTG,L,-0.441,G,0.07204121455142108
CTT,L,-0.011,T,0.06080695266379158
TTA,L,0.495,A,0.05654488722274317
TTG,L,-0.349,G,0.0595966214909383
CCA,P,0.161,A,0.09965568404351231
CCC,P,0.28,C,0.11433922614670985
CCG,P,-0.511,G,0.1537047024603213
CCT,P,-0.135,T,0.09687663498130251
CAC,H,0.098,C,0.11442115922834466
CAT,H,-0.098,T,0.11442115922834464
CAA,Q,0.538,A,0.09124602022749354
CAG,Q,-0.538,G,0.09124602022749354
GTA,V,0.304,A,0.06804698936810007
GTC,V,0.044,C,0.09326077526727398
GTG,V,-0.454,G,0.07942019158140198
GTT,V,0.015,T,0.06896869894288393
GCA,A,0.56,A,0.06990971225877934
GCC,A,-0.05,C,0.08605690472918465
GCG,A,-0.304,G,0.09290103580207096
GCT,A,-0.385,T,0.07400224707354493
GAC,D,0.227,C,0.07678447666610953
GAT,D,-0.227,T,0.07678447666610955
GAA,E,0.509,A,0.07313229779167534
GAG,E,-0.509,G,0.07313229779167534
GGA,G,0.355,A,0.0786928846571476
GGC,G,-0.041,C,0.10002244803101512
GGG,G,-0.024,G,0.1307261793589339
GGT,G,-0.328,T,0.08104362696242869
TTC,F,-0.064,C,0.07556567294272631
TTT,F,0.064,T,0.07556567294272631
TAC,Y,0.22,C,0.08370637455735254
TAT,Y,-0.22,T,0.08370637455735254
TGC,C,0.161,C,0.19079851839343714
TGT,C,-0.161,T,0.19079851839343714
