codon,amino_acid,Nonomuraea,third_nucl,standard_error
ATA,I,1.617,A,0.2173701131632291
ATC,I,-1.649,C,0.11392967276624132
ATT,I,1.61,T,0.13242772726255714
ACA,T,1.43,A,0.09465916292958662
ACC,T,-0.252,C,0.03296340446242863
ACG,T,-0.258,G,0.03424399516999148
ACT,T,1.769,T,0.11605073507422688
AAC,N,-1.487,C,0.14944889729804597
AAT,N,1.487,T,0.14944889729804597
AAA,K,1.365,A,0.11306332284944004
AAG,K,-1.365,G,0.11306332284944004
AGC,S,0.106,C,0.03830345388424031
AGT,S,1.543,T,0.12050456546601371
TCA,S,1.362,A,0.11326749762419117
TCC,S,-0.224,C,0.03924648068854123
TCG,S,-0.606,G,0.040597550644757896
TCT,S,1.672,T,0.13992830200708478
AGA,R,2.153,A,0.11688204670329022
AGG,R,0.224,G,0.044408073571656485
CGA,R,1.76,A,0.08347436821024505
CGC,R,-0.475,C,0.028445766256071425
CGG,R,-0.533,G,0.030198086782579594
CGT,R,0.98,T,0.054265090042194944
CTA,L,1.215,A,0.1455667398279679
CTC,L,0.262,C,0.02731814840659137
CTG,L,-0.803,G,0.026112091613930584
CTT,L,1.788,T,0.0969058118553567
TTA,L,2.99,A,0.32509456122022995
TTG,L,1.257,G,0.061288208207326215
CCA,P,1.265,A,0.09174454665240671
CCC,P,0.1,C,0.03403477246874871
CCG,P,-0.552,G,0.03358916423731851
CCT,P,1.102,T,0.0765409503766352
CAC,H,-0.924,C,0.08203841766940191
CAT,H,0.924,T,0.08203841766940191
CAA,Q,1.28,A,0.10680536662578764
CAG,Q,-1.28,G,0.10680536662578764
GTA,V,0.867,A,0.08420867376655929
GTC,V,-0.383,C,0.027349938020385392
GTG,V,0.111,G,0.026730351875894617
GTT,V,1.496,T,0.09940397323759154
GCA,A,1.563,A,0.06070041519346148
GCC,A,-0.326,C,0.02386880319556725
GCG,A,-0.236,G,0.024660649580331775
GCT,A,1.424,T,0.06572641906058273
GAC,D,-1.209,C,0.05686763688421717
GAT,D,1.209,T,0.05686763688421717
GAA,E,1.492,A,0.05475302955425565
GAG,E,-1.492,G,0.05475302955425565
GGA,G,1.506,A,0.0627182959064617
GGC,G,-0.642,C,0.030230064617704094
GGG,G,-0.058,G,0.03451142902899455
GGT,G,0.815,T,0.05255084726797014
TTC,F,-1.837,C,0.168454419737078
TTT,F,1.837,T,0.168454419737078
TAC,Y,-1.056,C,0.10887925869796893
TAT,Y,1.056,T,0.10887925869796893
TGC,C,-1.114,C,0.15794081302222823
TGT,C,1.114,T,0.15794081302222823
