codon,amino_acid,Nosocomiicoccus,third_nucl,standard_error
ATA,I,0.61,A,0.09151658868237855
ATC,I,-0.609,C,0.09499495141596732
ATT,I,-0.04,T,0.07518301758569121
ACA,T,0.042,A,0.093420963871386
ACC,T,0.096,C,0.26470594099230565
ACG,T,-0.255,G,0.1224612599369161
ACT,T,0.12,T,0.10431075571787109
AAC,N,-0.592,C,0.10064550483383243
AAT,N,0.592,T,0.10064550483383243
AAA,K,-0.533,A,0.10113843892546835
AAG,K,0.533,G,0.10113843892546835
AGC,S,-0.299,C,0.17983236424251436
AGT,S,0.332,T,0.10090794168215936
TCA,S,0.091,A,0.09889827360851292
TCC,S,0.113,C,0.3159056566515291
TCG,S,0.033,G,0.18183666409132107
TCT,S,-0.444,T,0.1141803409669329
AGA,R,0.548,A,0.11162343242593571
AGG,R,0.598,G,0.35129032051758036
CGA,R,0.179,A,0.1739969228899004
CGC,R,-0.21,C,0.19352667175677055
CGG,R,1.07,G,0.47797988175675143
CGT,R,-0.711,T,0.11464418242776976
CTA,L,-0.043,A,0.11013904762434712
CTC,L,-0.449,C,0.1386287453076701
CTG,L,0.445,G,0.22301565162636622
CTT,L,-0.463,T,0.09523366535660631
TTA,L,-0.029,A,0.07005961392074588
TTG,L,1.541,G,0.1709826794331318
CCA,P,-0.072,A,0.1479250390686152
CCC,P,-0.21,C,0.6053667086406379
CCG,P,-0.184,G,0.19734202346720855
CCT,P,0.267,T,0.17346634396978175
CAC,H,-0.616,C,0.17498006781430836
CAT,H,0.616,T,0.17498006781430836
CAA,Q,0.01,A,0.17291706792973202
CAG,Q,-0.01,G,0.17291706792973202
GTA,V,0.204,A,0.08827253043438457
GTC,V,-0.047,C,0.11821446835930358
GTG,V,0.398,G,0.11637331950049756
GTT,V,-0.404,T,0.08840392199552359
GCA,A,-0.159,A,0.10150981415485925
GCC,A,0.141,C,0.24702721148794501
GCG,A,-0.153,G,0.13174876642072528
GCT,A,0.3,T,0.11609294815057768
GAC,D,-0.492,C,0.10884503263459443
GAT,D,0.492,T,0.10884503263459443
GAA,E,0.216,A,0.10795012786214438
GAG,E,-0.216,G,0.10795012786214438
GGA,G,0.274,A,0.10871030409024858
GGC,G,0.296,C,0.16492658756116185
GGG,G,-0.131,G,0.18876263712718683
GGT,G,-0.321,T,0.10393405081268024
TTC,F,-0.667,C,0.13316557444217303
TTT,F,0.667,T,0.13316557444217303
TAC,Y,-0.357,C,0.12709456423581386
TAT,Y,0.357,T,0.12709456423581386
TGC,C,-0.933,C,0.4099366458872322
TGT,C,0.933,T,0.4099366458872321
