codon,amino_acid,Nostoc,third_nucl,standard_error
ATA,I,0.193,A,0.0434527079161712
ATC,I,-0.008,C,0.040053765559354734
ATT,I,-0.118,T,0.034726434725546575
ACA,T,0.003,A,0.038169896579537455
ACC,T,-0.032,C,0.045256803712005286
ACG,T,-0.053,G,0.060656659550050354
ACT,T,0.041,T,0.03819221985497362
AAC,N,0.078,C,0.04306854186025337
AAT,N,-0.078,T,0.04306854186025337
AAA,K,0.444,A,0.04176812010195889
AAG,K,-0.444,G,0.04176812010195889
AGC,S,0.025,C,0.04627632043955734
AGT,S,-0.144,T,0.041409200656856764
TCA,S,0.143,A,0.043003231107527164
TCC,S,0.081,C,0.057236457328140304
TCG,S,-0.146,G,0.06250924429214653
TCT,S,0.011,T,0.0396680155321049
AGA,R,0.398,A,0.049482106966225695
AGG,R,0.202,G,0.0739978767119099
CGA,R,-0.084,A,0.05344954924943522
CGC,R,-0.124,C,0.05042411589023753
CGG,R,-0.529,G,0.06755511798886087
CGT,R,0.002,T,0.04852304579192046
CTA,L,0.22,A,0.040003967870240756
CTC,L,0.046,C,0.04747845417829632
CTG,L,-0.154,G,0.04156425869703616
CTT,L,0.208,T,0.04055254544983058
TTA,L,-0.063,A,0.030962469555700003
TTG,L,-0.145,G,0.03355468867800782
CCA,P,-0.067,A,0.04466270300190425
CCC,P,-0.065,C,0.05210489625897664
CCG,P,0.01,G,0.06712401850360099
CCT,P,0.122,T,0.046865005789734744
CAC,H,0.059,C,0.07043446274914819
CAT,H,-0.059,T,0.07043446274914819
CAA,Q,0.214,A,0.04438009676917178
CAG,Q,-0.214,G,0.04438009676917178
GTA,V,-0.151,A,0.04137681626867684
GTC,V,-0.16,C,0.05094483429688586
GTG,V,0.174,G,0.04287663863401967
GTT,V,0.082,T,0.03818281112415786
GCA,A,0.202,A,0.0367144868341303
GCC,A,-0.193,C,0.04652511792861812
GCG,A,-0.167,G,0.05241041030701326
GCT,A,0.004,T,0.03662279296039629
GAC,D,0.229,C,0.047487867460889885
GAT,D,-0.229,T,0.04748786746088988
GAA,E,0.168,A,0.043529915597071075
GAG,E,-0.168,G,0.043529915597071075
GGA,G,0.136,A,0.048129318875220276
GGC,G,-0.136,C,0.05322703972174742
GGG,G,-0.077,G,0.05903158764208843
GGT,G,0.025,T,0.04488245694178126
TTC,F,-0.1,C,0.05244590236769
TTT,F,0.1,T,0.05244590236769
TAC,Y,0.132,C,0.054939859593192884
TAT,Y,-0.132,T,0.054939859593192884
TGC,C,0.287,C,0.09299699723164587
TGT,C,-0.287,T,0.09299699723164587
