codon,amino_acid,Novacetimonas,third_nucl,standard_error
ATA,I,0.695,A,0.11892151126864663
ATC,I,-0.64,C,0.07193666592288314
ATT,I,0.445,T,0.07818052575574501
ACA,T,0.351,A,0.08007174064065885
ACC,T,-0.065,C,0.06252262158259043
ACG,T,-0.372,G,0.06502316493409865
ACT,T,0.839,T,0.14346024507738517
AAC,N,-0.034,C,0.0966826778016248
AAT,N,0.034,T,0.0966826778016248
AAA,K,0.632,A,0.09351302170670417
AAG,K,-0.632,G,0.09351302170670417
AGC,S,-0.479,C,0.07694991414956699
AGT,S,-0.137,T,0.11549180344583536
TCA,S,0.319,A,0.10054244838309158
TCC,S,0.392,C,0.06951546923007684
TCG,S,-0.559,G,0.08051457316764224
TCT,S,0.726,T,0.11363108224817572
AGA,R,1.257,A,0.18231553881986912
AGG,R,0.702,G,0.13253091482911622
CGA,R,0.877,A,0.13314046658125456
CGC,R,-0.195,C,0.05809135332651509
CGG,R,-0.329,G,0.0723939358482531
CGT,R,-0.093,T,0.06713795626091816
CTA,L,0.568,A,0.18455526167656125
CTC,L,0.526,C,0.08410697647941014
CTG,L,-0.692,G,0.05187799420268198
CTT,L,0.392,T,0.06291281827615394
TTA,L,0.614,A,0.15289781293488217
TTG,L,0.3,G,0.08516379969153802
CCA,P,0.145,A,0.09368745192767501
CCC,P,0.286,C,0.06353420926729965
CCG,P,-0.631,G,0.0648920789669924
CCT,P,0.518,T,0.09337969974634507
CAC,H,0.175,C,0.1012109656062267
CAT,H,-0.175,T,0.1012109656062267
CAA,Q,0.598,A,0.11286216007822264
CAG,Q,-0.598,G,0.11286216007822264
GTA,V,0.498,A,0.11340379506871506
GTC,V,-0.123,C,0.06379194126006794
GTG,V,-0.412,G,0.06246039806125937
GTT,V,0.643,T,0.08151475564385324
GCA,A,0.334,A,0.06239541022856661
GCC,A,0.033,C,0.050002385789614016
GCG,A,-0.491,G,0.0520572358802838
GCT,A,0.742,T,0.0939735045697088
GAC,D,-0.228,C,0.06719108114058324
GAT,D,0.228,T,0.06719108114058324
GAA,E,0.191,A,0.08411013784087544
GAG,E,-0.191,G,0.08411013784087544
GGA,G,0.701,A,0.08707917454622212
GGC,G,-0.221,C,0.062468477335862804
GGG,G,-0.398,G,0.07111504825452138
GGT,G,0.298,T,0.0793379775360443
TTC,F,-0.484,C,0.08691753508295366
TTT,F,0.484,T,0.08691753508295366
TAC,Y,0.129,C,0.12364117847908572
TAT,Y,-0.129,T,0.12364117847908572
TGC,C,0.002,C,0.16769326834066595
TGT,C,-0.002,T,0.16769326834066595
