codon,amino_acid,Novibacillus,third_nucl,standard_error
ATA,I,0.405,A,0.08108732077978988
ATC,I,-0.197,C,0.059845574987151734
ATT,I,-0.028,T,0.059729315574679996
ACA,T,0.404,A,0.07301825509589482
ACC,T,-0.191,C,0.07885734788334695
ACG,T,-0.209,G,0.06465577986656579
ACT,T,0.038,T,0.09708780598419531
AAC,N,-0.035,C,0.08230333491320242
AAT,N,0.035,T,0.08230333491320242
AAA,K,-0.07,A,0.06261271631222366
AAG,K,0.07,G,0.06261271631222366
AGC,S,-0.229,C,0.0847174633800263
AGT,S,0.361,T,0.08280911346482465
TCA,S,0.341,A,0.09496229513212852
TCC,S,-0.299,C,0.08422961287124842
TCG,S,-0.123,G,0.0849630843120927
TCT,S,0.002,T,0.09357236043685095
AGA,R,0.559,A,0.09316364979495582
AGG,R,0.087,G,0.09925715975859765
CGA,R,0.414,A,0.0876238128344154
CGC,R,-0.391,C,0.0671141576158004
CGG,R,-0.461,G,0.07320599007040295
CGT,R,0.263,T,0.07964943280914213
CTA,L,0.124,A,0.1107612398310447
CTC,L,-0.519,C,0.06667145420684412
CTG,L,-0.285,G,0.05896406960859176
CTT,L,-0.075,T,0.07651204989945691
TTA,L,0.255,A,0.06214934064739042
TTG,L,0.345,G,0.05007388454889237
CCA,P,0.47,A,0.10996452646722961
CCC,P,-0.558,C,0.11260071173188405
CCG,P,0.043,G,0.08135140165096219
CCT,P,0.021,T,0.10356988507270895
CAC,H,-0.303,C,0.10288664098834621
CAT,H,0.303,T,0.10288664098834621
CAA,Q,0.337,A,0.07631744353092144
CAG,Q,-0.337,G,0.07631744353092144
GTA,V,0.226,A,0.07315722226601756
GTC,V,-0.646,C,0.054536325854644
GTG,V,0.445,G,0.05128091126084818
GTT,V,0.024,T,0.06490396703306274
GCA,A,0.578,A,0.06859182461403623
GCC,A,-0.51,C,0.0643825707774213
GCG,A,-0.067,G,0.06411769185673626
GCT,A,0.116,T,0.07371674129156246
GAC,D,-0.244,C,0.06929342719284107
GAT,D,0.244,T,0.06929342719284107
GAA,E,0.172,A,0.06280749990862622
GAG,E,-0.172,G,0.06280749990862622
GGA,G,0.364,A,0.06751625267640485
GGC,G,-0.286,C,0.07127632701223645
GGG,G,-0.245,G,0.0724344816785853
GGT,G,0.15,T,0.0754118764274578
TTC,F,-0.152,C,0.07839516797811093
TTT,F,0.152,T,0.07839516797811093
TAC,Y,-0.095,C,0.09191587975969394
TAT,Y,0.095,T,0.09191587975969394
TGC,C,-0.248,C,0.17665943854799804
TGT,C,0.248,T,0.17665943854799807
