codon,amino_acid,Novosphingobium,third_nucl,standard_error
ATA,I,0.423,A,0.10960715427098677
ATC,I,-0.701,C,0.06198640129126746
ATT,I,0.73,T,0.07087697378754257
ACA,T,0.581,A,0.0923368652848889
ACC,T,-0.041,C,0.04478632668372585
ACG,T,-0.424,G,0.04853728472622748
ACT,T,0.817,T,0.08643109024257445
AAC,N,-0.322,C,0.07603691770371121
AAT,N,0.322,T,0.0760369177037112
AAA,K,0.812,A,0.07476636592391728
AAG,K,-0.812,G,0.07476636592391728
AGC,S,-0.021,C,0.04871333851204279
AGT,S,0.398,T,0.10101040719488082
TCA,S,0.605,A,0.1140228113718414
TCC,S,0.537,C,0.05606313718422467
TCG,S,-0.807,G,0.0495580543445517
TCT,S,0.862,T,0.11519677853166499
AGA,R,1.157,A,0.13949560728486082
AGG,R,0.709,G,0.09286549747167157
CGA,R,0.688,A,0.08903713055419614
CGC,R,-0.407,C,0.04047824421704467
CGG,R,-0.408,G,0.05341080584664744
CGT,R,0.531,T,0.06172586689103566
CTA,L,0.421,A,0.1207360876894782
CTC,L,0.063,C,0.03778888509214903
CTG,L,-0.588,G,0.03531330247971983
CTT,L,0.577,T,0.05278737395810925
TTA,L,0.66,A,0.20302326037062896
TTG,L,0.583,G,0.059305474968727095
CCA,P,0.605,A,0.09817521648638544
CCC,P,0.3,C,0.048593371400470854
CCG,P,-0.693,G,0.04758979301445558
CCT,P,0.615,T,0.07396494376784088
CAC,H,-0.357,C,0.07779529002783112
CAT,H,0.357,T,0.07779529002783112
CAA,Q,0.788,A,0.0803588553203216
CAG,Q,-0.788,G,0.0803588553203216
GTA,V,0.585,A,0.08980309331256782
GTC,V,-0.301,C,0.04233154081593913
GTG,V,-0.112,G,0.043103191165163805
GTT,V,0.697,T,0.06848210122989923
GCA,A,0.655,A,0.048764936540693624
GCC,A,0.083,C,0.031963370947795444
GCG,A,-0.614,G,0.03362940298490609
GCT,A,0.573,T,0.05538926773107844
GAC,D,-0.177,C,0.04890185483475309
GAT,D,0.177,T,0.04890185483475309
GAA,E,0.775,A,0.05044592810289566
GAG,E,-0.775,G,0.05044592810289566
GGA,G,0.776,A,0.06596185103162983
GGC,G,-0.474,C,0.04363144435905099
GGG,G,-0.107,G,0.06006582616101599
GGT,G,0.418,T,0.06321078389828014
TTC,F,-0.754,C,0.08105418933806587
TTT,F,0.754,T,0.08105418933806587
TAC,Y,-0.267,C,0.0834170104269872
TAT,Y,0.267,T,0.0834170104269872
TGC,C,-0.494,C,0.16844501679486276
TGT,C,0.494,T,0.16844501679486276
