codon,amino_acid,Occallatibacter,third_nucl,standard_error
ATA,I,0.554,A,0.10394480800030745
ATC,I,-0.442,C,0.052118953030108064
ATT,I,0.325,T,0.054429456645133975
ACA,T,0.672,A,0.06823696305348897
ACC,T,-0.25,C,0.04953054478625575
ACG,T,-0.383,G,0.050770064442739044
ACT,T,0.451,T,0.0688598857660346
AAC,N,-0.407,C,0.06860948307039194
AAT,N,0.407,T,0.06860948307039194
AAA,K,0.92,A,0.06517696524877467
AAG,K,-0.92,G,0.06517696524877467
AGC,S,-0.181,C,0.05096265405384518
AGT,S,0.656,T,0.08984717734257411
TCA,S,0.323,A,0.07698956236173445
TCC,S,0.083,C,0.05511191219696706
TCG,S,-0.609,G,0.05227698027548398
TCT,S,0.708,T,0.07928349360433128
AGA,R,1.137,A,0.09748320569274464
AGG,R,0.421,G,0.08787526537523073
CGA,R,0.772,A,0.07703032942913203
CGC,R,-0.72,C,0.04450410828456164
CGG,R,-0.259,G,0.05571639818068403
CGT,R,0.477,T,0.06737618026796365
CTA,L,0.408,A,0.09534357127903108
CTC,L,-0.265,C,0.04019089161551915
CTG,L,-0.617,G,0.03813565523711295
CTT,L,0.483,T,0.0516749961634139
TTA,L,1.038,A,0.14326823039722858
TTG,L,0.798,G,0.05403734260647373
CCA,P,0.653,A,0.07731788719993943
CCC,P,0.011,C,0.05386072205925087
CCG,P,-0.5,G,0.05264068960180032
CCT,P,0.314,T,0.06973837123178359
CAC,H,-0.374,C,0.08373977280374106
CAT,H,0.374,T,0.08373977280374106
CAA,Q,0.988,A,0.07211700835621693
CAG,Q,-0.988,G,0.07211700835621693
GTA,V,0.374,A,0.07266796933909601
GTC,V,-0.239,C,0.04728392166197929
GTG,V,-0.293,G,0.043870757231302966
GTT,V,0.559,T,0.05519768796101985
GCA,A,0.642,A,0.0470728684605498
GCC,A,-0.277,C,0.038927471375684766
GCG,A,-0.441,G,0.03873112639504501
GCT,A,0.464,T,0.050405039304101354
GAC,D,-0.273,C,0.0564992098650169
GAT,D,0.273,T,0.0564992098650169
GAA,E,0.652,A,0.05404910258243168
GAG,E,-0.652,G,0.05404910258243168
GGA,G,0.478,A,0.05710775645332068
GGC,G,-0.535,C,0.048208419089960715
GGG,G,0.006,G,0.06478546655009115
GGT,G,0.43,T,0.06882022456778444
TTC,F,-0.72,C,0.06411055449309437
TTT,F,0.72,T,0.06411055449309436
TAC,Y,-0.308,C,0.08590177213655248
TAT,Y,0.308,T,0.08590177213655248
TGC,C,-0.894,C,0.14377280641028095
TGT,C,0.894,T,0.14377280641028095
