codon,amino_acid,Occultella,third_nucl,standard_error
ATA,I,1.187,A,0.407347055815529
ATC,I,-1.492,C,0.19396486036578678
ATT,I,1.551,T,0.21969834167811692
ACA,T,1.539,A,0.14195022455492998
ACC,T,-0.199,C,0.04438607328687911
ACG,T,-0.22,G,0.04647959284188857
ACT,T,1.156,T,0.1387939989408071
AAC,N,-1.055,C,0.18324598845799844
AAT,N,1.055,T,0.18324598845799844
AAA,K,0.803,A,0.23279712582365744
AAG,K,-0.803,G,0.23279712582365744
AGC,S,0.326,C,0.0544936592806304
AGT,S,1.123,T,0.1214013579318913
TCA,S,1.1,A,0.14047898532052175
TCC,S,-0.378,C,0.05286846441492934
TCG,S,-0.612,G,0.05665641659704837
TCT,S,1.398,T,0.21831292258418397
AGA,R,2.681,A,0.29898302153640566
AGG,R,0.857,G,0.09736210018059868
CGA,R,1.116,A,0.0823127840811845
CGC,R,-0.146,C,0.04377277371796222
CGG,R,-0.807,G,0.047209697695500666
CGT,R,0.397,T,0.0736949352810824
CTA,L,0.569,A,0.19085810971138029
CTC,L,-0.024,C,0.0400734558848215
CTG,L,-0.29,G,0.03959630599676323
CTT,L,0.736,T,0.11074260687608382
TTA,L,1.254,A,0.5266050949207414
TTG,L,0.891,G,0.08927116872520469
CCA,P,0.76,A,0.09917081498184746
CCC,P,0.383,C,0.05071692507833209
CCG,P,-0.766,G,0.04873475767610316
CCT,P,1.164,T,0.12664698935567859
CAC,H,-0.496,C,0.127456667567098
CAT,H,0.496,T,0.127456667567098
CAA,Q,0.89,A,0.13235470223159002
CAG,Q,-0.89,G,0.13235470223159002
GTA,V,0.821,A,0.14905363265420313
GTC,V,-0.416,C,0.04013228967012892
GTG,V,0.268,G,0.039617762530306314
GTT,V,0.541,T,0.108633492846717
GCA,A,1.09,A,0.059777277568490696
GCC,A,-0.231,C,0.034025190048742514
GCG,A,-0.324,G,0.035577554109875974
GCT,A,0.751,T,0.0810635403252116
GAC,D,-0.79,C,0.07087821331441797
GAT,D,0.79,T,0.07087821331441797
GAA,E,0.966,A,0.07119864655031714
GAG,E,-0.966,G,0.07119864655031714
GGA,G,0.891,A,0.07332514678185863
GGC,G,-0.322,C,0.04425694235596316
GGG,G,-0.232,G,0.053696701180900225
GGT,G,0.303,T,0.061952854470339803
TTC,F,-1.725,C,0.33370191610020666
TTT,F,1.725,T,0.33370191610020666
TAC,Y,-0.736,C,0.1679425015854862
TAT,Y,0.736,T,0.1679425015854862
TGC,C,-0.896,C,0.28957312887654313
TGT,C,0.896,T,0.28957312887654313
