codon,amino_acid,Oceanicoccus,third_nucl,standard_error
ATA,I,0.851,A,0.07193204293399114
ATC,I,0.01,C,0.05697639398719642
ATT,I,-0.497,T,0.05240059380765243
ACA,T,0.929,A,0.07509431399826048
ACC,T,-0.575,C,0.057853540636634976
ACG,T,-0.361,G,0.0829543844833811
ACT,T,0.205,T,0.0700609232745731
AAC,N,0.279,C,0.06659416346729441
AAT,N,-0.279,T,0.06659416346729441
AAA,K,0.253,A,0.0628761309697793
AAG,K,-0.253,G,0.0628761309697793
AGC,S,-0.055,C,0.05704744033071354
AGT,S,0.104,T,0.06362499608813169
TCA,S,0.311,A,0.07067528029973534
TCC,S,-0.173,C,0.07291083334251296
TCG,S,-0.241,G,0.09186124538109237
TCT,S,-0.06,T,0.07273985340641304
AGA,R,0.788,A,0.09483367627755859
AGG,R,0.122,G,0.13256374340776078
CGA,R,0.607,A,0.10974204135409328
CGC,R,-0.248,C,0.06986986351417529
CGG,R,-0.742,G,0.10977564936764786
CGT,R,-0.171,T,0.0729517156068954
CTA,L,0.463,A,0.06694132780087943
CTC,L,0.292,C,0.08330101771411808
CTG,L,-0.61,G,0.04834844224351526
CTT,L,0.394,T,0.06743343106595626
TTA,L,0.208,A,0.047850263393084534
TTG,L,-0.204,G,0.05536590475773364
CCA,P,0.482,A,0.081305410552534
CCC,P,-0.031,C,0.07166686223885674
CCG,P,-0.534,G,0.08302244165987867
CCT,P,0.071,T,0.07874690087394619
CAC,H,0.321,C,0.1005948945944563
CAT,H,-0.321,T,0.1005948945944563
CAA,Q,0.679,A,0.06647418377649522
CAG,Q,-0.679,G,0.06647418377649522
GTA,V,0.257,A,0.06554103161445485
GTC,V,-0.165,C,0.06909855293791993
GTG,V,-0.188,G,0.05882427704573658
GTT,V,0.1,T,0.05842007109416669
GCA,A,0.644,A,0.05986735547635063
GCC,A,-0.297,C,0.05032259632714994
GCG,A,-0.32,G,0.06594593271308277
GCT,A,0.043,T,0.05687495826411453
GAC,D,0.081,C,0.06382277657703368
GAT,D,-0.081,T,0.06382277657703368
GAA,E,0.469,A,0.06672272477323803
GAG,E,-0.469,G,0.06672272477323803
GGA,G,1.163,A,0.11236133303517473
GGC,G,-0.034,C,0.06538482276324128
GGG,G,-0.163,G,0.102901595072123
GGT,G,-0.296,T,0.06680282810511809
TTC,F,0.177,C,0.0878338743566171
TTT,F,-0.177,T,0.0878338743566171
TAC,Y,0.221,C,0.08775749407605916
TAT,Y,-0.221,T,0.08775749407605916
TGC,C,0.029,C,0.14833318246184504
TGT,C,-0.029,T,0.14833318246184507
