codon,amino_acid,Oceanisphaera,third_nucl,standard_error
ATA,I,0.478,A,0.0835176242946088
ATC,I,-0.144,C,0.06912466888447028
ATT,I,-0.17,T,0.06435421662479646
ACA,T,1.113,A,0.1078719953680695
ACC,T,-0.561,C,0.06852855015641196
ACG,T,-0.23,G,0.08942266466372453
ACT,T,0.206,T,0.07796515910087659
AAC,N,-0.259,C,0.08247320334593976
AAT,N,0.259,T,0.08247320334593976
AAA,K,0.427,A,0.07438505556503618
AAG,K,-0.427,G,0.07438505556503618
AGC,S,-0.306,C,0.06900198604442896
AGT,S,0.139,T,0.07881178723705136
TCA,S,0.442,A,0.09580489176672835
TCC,S,0.053,C,0.10554856726778598
TCG,S,-0.419,G,0.10309470022949659
TCT,S,0.183,T,0.08267302885076294
AGA,R,1.219,A,0.13267491078073843
AGG,R,0.715,G,0.2119872175506008
CGA,R,0.512,A,0.1156303219920572
CGC,R,-0.604,C,0.07356111401538157
CGG,R,-0.186,G,0.12144791602062986
CGT,R,-0.058,T,0.07880633624622992
CTA,L,0.339,A,0.07792555071860288
CTC,L,0.249,C,0.08129536090018419
CTG,L,-0.144,G,0.05311754788933814
CTT,L,0.403,T,0.07901985382756492
TTA,L,-0.118,A,0.050203982201384084
TTG,L,-0.195,G,0.05525149178403471
CCA,P,-0.061,A,0.09912069676750503
CCC,P,0.143,C,0.0882075308593493
CCG,P,-0.414,G,0.0942122023193407
CCT,P,0.267,T,0.08662710676192985
CAC,H,-0.14,C,0.10620127309674662
CAT,H,0.14,T,0.10620127309674661
CAA,Q,-0.058,A,0.07376915635374104
CAG,Q,0.058,G,0.07376915635374104
GTA,V,0.093,A,0.07457725412479384
GTC,V,0.022,C,0.09297239597336897
GTG,V,-0.537,G,0.06417077615038962
GTT,V,0.726,T,0.0806481479595895
GCA,A,0.489,A,0.0680783671345507
GCC,A,-0.314,C,0.05657109849121837
GCG,A,-0.298,G,0.06569899804411779
GCT,A,0.287,T,0.06655436663732522
GAC,D,-0.126,C,0.076852858549564
GAT,D,0.126,T,0.076852858549564
GAA,E,0.695,A,0.07892283386801645
GAG,E,-0.695,G,0.07892283386801645
GGA,G,1.004,A,0.1335338980609662
GGC,G,-0.451,C,0.07256329602354783
GGG,G,0.202,G,0.11434026229321188
GGT,G,0.092,T,0.07610655905287303
TTC,F,-0.039,C,0.10005803386376594
TTT,F,0.039,T,0.10005803386376594
TAC,Y,-0.088,C,0.10745281042064095
TAT,Y,0.088,T,0.10745281042064095
TGC,C,-0.335,C,0.16947895315643124
TGT,C,0.335,T,0.16947895315643124
