codon,amino_acid,Oceanobacillus,third_nucl,standard_error
ATA,I,0.382,A,0.054116033542069335
ATC,I,-0.215,C,0.05719690603608015
ATT,I,-0.143,T,0.0463139552283221
ACA,T,0.211,A,0.06074964877951514
ACC,T,-0.212,C,0.09901757527428465
ACG,T,-0.255,G,0.07843774991664342
ACT,T,0.033,T,0.07325965272303217
AAC,N,-0.029,C,0.07026815550224952
AAT,N,0.029,T,0.07026815550224952
AAA,K,0.233,A,0.052507279899002314
AAG,K,-0.233,G,0.052507279899002314
AGC,S,0.134,C,0.08750533934268906
AGT,S,0.197,T,0.068624192307087
TCA,S,0.219,A,0.06720185224166443
TCC,S,-0.582,C,0.10570875236511622
TCG,S,-0.34,G,0.10696834396665944
TCT,S,-0.127,T,0.07607092544941453
AGA,R,0.512,A,0.07437514731280831
AGG,R,0.128,G,0.12437571605133169
CGA,R,-0.045,A,0.09407247040006292
CGC,R,-0.852,C,0.12501691874218926
CGG,R,-0.245,G,0.14421054744507247
CGT,R,-0.178,T,0.08234500493020257
CTA,L,-0.007,A,0.06503397430161482
CTC,L,-0.664,C,0.10616926787494403
CTG,L,-0.499,G,0.09094168331590448
CTT,L,-0.415,T,0.06029532047290409
TTA,L,0.166,A,0.045204097600946506
TTG,L,0.531,G,0.058592919345239365
CCA,P,0.259,A,0.08524487045920465
CCC,P,0.036,C,0.17791424770397754
CCG,P,-0.316,G,0.12005379566242928
CCT,P,-0.133,T,0.09752917314461779
CAC,H,-0.005,C,0.13232002898670547
CAT,H,0.005,T,0.13232002898670547
CAA,Q,0.184,A,0.08040143853105437
CAG,Q,-0.184,G,0.08040143853105436
GTA,V,0.274,A,0.05687077353656807
GTC,V,-0.336,C,0.08739599023444813
GTG,V,0.225,G,0.07310305428520729
GTT,V,-0.267,T,0.05701374989997506
GCA,A,0.144,A,0.06068752721773816
GCC,A,-0.088,C,0.11073927123568757
GCG,A,-0.086,G,0.08817750700351729
GCT,A,-0.094,T,0.06751752062891221
GAC,D,-0.208,C,0.0842211602946011
GAT,D,0.208,T,0.0842211602946011
GAA,E,0.194,A,0.06164371321871419
GAG,E,-0.194,G,0.06164371321871419
GGA,G,0.132,A,0.06287302743627637
GGC,G,-0.147,C,0.08595708984930463
GGG,G,-0.044,G,0.08556952255005407
GGT,G,-0.029,T,0.06387952617547135
TTC,F,-0.497,C,0.07730851401807251
TTT,F,0.497,T,0.07730851401807251
TAC,Y,0.007,C,0.0948337035412676
TAT,Y,-0.007,T,0.0948337035412676
TGC,C,-0.205,C,0.20199211447012255
TGT,C,0.205,T,0.20199211447012255
