codon,amino_acid,Octadecabacter,third_nucl,standard_error
ATA,I,0.314,A,0.08008186217830264
ATC,I,-0.308,C,0.04890633606612165
ATT,I,0.207,T,0.051210247964298815
ACA,T,0.449,A,0.05604257071429854
ACC,T,-0.089,C,0.04949690413621011
ACG,T,-0.663,G,0.05311445379281726
ACT,T,0.573,T,0.07133177794786998
AAC,N,-0.127,C,0.07014710046031636
AAT,N,0.127,T,0.07014710046031636
AAA,K,0.495,A,0.05740215273357576
AAG,K,-0.495,G,0.057402152733575754
AGC,S,-0.103,C,0.056157645197803245
AGT,S,-0.284,T,0.08396239671080319
TCA,S,0.295,A,0.06608393097658273
TCC,S,0.164,C,0.06254060056304873
TCG,S,-0.399,G,0.06615362966805093
TCT,S,0.33,T,0.07898707404871907
AGA,R,1.21,A,0.11592654903260201
AGG,R,0.408,G,0.11600637125405405
CGA,R,0.4,A,0.0801354936634724
CGC,R,-0.286,C,0.050005216895969054
CGG,R,-0.376,G,0.07245134747730743
CGT,R,-0.043,T,0.06249700918866766
CTA,L,0.418,A,0.08310977659840758
CTC,L,0.56,C,0.057337402342131895
CTG,L,-0.611,G,0.04397340883414465
CTT,L,0.284,T,0.050045023785247694
TTA,L,0.762,A,0.08762287526590137
TTG,L,-0.315,G,0.047534429939133475
CCA,P,0.468,A,0.06544651155120593
CCC,P,0.028,C,0.061955955696485654
CCG,P,-0.563,G,0.06461238179082453
CCT,P,0.111,T,0.07559308601437478
CAC,H,-0.133,C,0.08147625277292729
CAT,H,0.133,T,0.08147625277292729
CAA,Q,0.978,A,0.06813280198218886
CAG,Q,-0.978,G,0.06813280198218886
GTA,V,0.254,A,0.08053983866547905
GTC,V,-0.13,C,0.05300698677370417
GTG,V,-0.232,G,0.051873284909116635
GTT,V,0.271,T,0.05352361549956178
GCA,A,0.273,A,0.04716211286456773
GCC,A,0.093,C,0.042537103926961896
GCG,A,-0.587,G,0.04470805979674282
GCT,A,0.374,T,0.053130960148450784
GAC,D,0.213,C,0.050868765341622775
GAT,D,-0.213,T,0.050868765341622775
GAA,E,0.315,A,0.06254597352333627
GAG,E,-0.315,G,0.06254597352333627
GGA,G,0.791,A,0.06656114521896365
GGC,G,-0.293,C,0.050754538343852386
GGG,G,-0.284,G,0.06845736404160467
GGT,G,0.005,T,0.059187437747383366
TTC,F,-0.169,C,0.06398791832782988
TTT,F,0.169,T,0.06398791832782988
TAC,Y,0.115,C,0.08686369235928046
TAT,Y,-0.115,T,0.08686369235928046
TGC,C,0.092,C,0.14053047712860875
TGT,C,-0.092,T,0.14053047712860875
