codon,amino_acid,Odoribacter,third_nucl,standard_error
ATA,I,0.978,A,0.06104598917888481
ATC,I,-0.986,C,0.05398535857383493
ATT,I,0.131,T,0.05189088649400259
ACA,T,1.092,A,0.07241685962788097
ACC,T,-0.674,C,0.07392707719510286
ACG,T,-0.51,G,0.08274586660123975
ACT,T,-0.093,T,0.07596823588778664
AAC,N,-0.137,C,0.07089612058667608
AAT,N,0.137,T,0.07089612058667608
AAA,K,0.382,A,0.05840569743676358
AAG,K,-0.382,G,0.05840569743676358
AGC,S,0.089,C,0.09394488990841172
AGT,S,0.252,T,0.07741475140235586
TCA,S,0.81,A,0.09247667318332302
TCC,S,-0.541,C,0.09151155702190568
TCG,S,-0.466,G,0.08831806852282954
TCT,S,-0.13,T,0.08168879938316204
AGA,R,1.686,A,0.08530691612661405
AGG,R,0.264,G,0.10841543006684101
CGA,R,0.535,A,0.12338770585271981
CGC,R,-0.994,C,0.12117909906196002
CGG,R,-0.982,G,0.08402670474451326
CGT,R,-0.707,T,0.08660342788004186
CTA,L,0.62,A,0.10104275055613554
CTC,L,-0.615,C,0.0831123718198425
CTG,L,-0.771,G,0.05548624206115227
CTT,L,0.041,T,0.06802329404469079
TTA,L,0.989,A,0.054256202719407266
TTG,L,-0.233,G,0.04974813773792806
CCA,P,1.072,A,0.13834125420420373
CCC,P,-0.295,C,0.11831154815353909
CCG,P,-0.431,G,0.09608110431800551
CCT,P,0.153,T,0.10071492466959724
CAC,H,0.115,C,0.1254701582087983
CAT,H,-0.115,T,0.1254701582087983
CAA,Q,0.522,A,0.08336052731163378
CAG,Q,-0.522,G,0.08336052731163378
GTA,V,0.244,A,0.06376815728546484
GTC,V,-0.423,C,0.07730066464624863
GTG,V,-0.385,G,0.07002043244005254
GTT,V,0.437,T,0.06867714993824284
GCA,A,0.801,A,0.06824256485679309
GCC,A,-0.728,C,0.07361498863487276
GCG,A,0.079,G,0.09154282520270357
GCT,A,-0.157,T,0.06687517492585777
GAC,D,-0.128,C,0.07753709698606172
GAT,D,0.128,T,0.07753709698606172
GAA,E,0.31,A,0.06811665321625393
GAG,E,-0.31,G,0.06811665321625393
GGA,G,0.325,A,0.06628966815051618
GGC,G,-0.268,C,0.0961877775938707
GGG,G,-0.133,G,0.08820751268713516
GGT,G,-0.14,T,0.07317716120220545
TTC,F,-0.728,C,0.06768016462672916
TTT,F,0.728,T,0.06768016462672916
TAC,Y,-0.136,C,0.08095926838280167
TAT,Y,0.136,T,0.08095926838280167
TGC,C,-0.158,C,0.131798111681081
TGT,C,0.158,T,0.131798111681081
