codon,amino_acid,Oleidesulfovibrio,third_nucl,standard_error
ATA,I,0.294,A,0.07529537006731105
ATC,I,-0.402,C,0.0657301038286926
ATT,I,0.194,T,0.06923652359702771
ACA,T,0.628,A,0.07494366375726859
ACC,T,-0.3,C,0.062363008945508454
ACG,T,-0.441,G,0.07605645642520058
ACT,T,0.309,T,0.09343138512310013
AAC,N,-0.272,C,0.09052051034972806
AAT,N,0.272,T,0.09052051034972806
AAA,K,0.372,A,0.07043229967738247
AAG,K,-0.372,G,0.07043229967738247
AGC,S,-0.051,C,0.06827574564989668
AGT,S,0.321,T,0.10276295194721376
TCA,S,0.571,A,0.10327919487936796
TCC,S,-0.17,C,0.0727863180855161
TCG,S,-0.687,G,0.08766442201482577
TCT,S,0.434,T,0.09751034831570374
AGA,R,0.795,A,0.08699708581279117
AGG,R,0.044,G,0.11202680663755836
CGA,R,1.314,A,0.15517211192028058
CGC,R,-0.47,C,0.06039776277558158
CGG,R,-0.421,G,0.08034663944644282
CGT,R,0.086,T,0.07196070235347404
CTA,L,1.064,A,0.21881467270829977
CTC,L,0.421,C,0.07451615307204425
CTG,L,-0.812,G,0.04875409785413227
CTT,L,0.273,T,0.058807896998785726
TTA,L,1.328,A,0.16415527412333433
TTG,L,0.766,G,0.0879009815721946
CCA,P,1.128,A,0.1693907687275281
CCC,P,-0.263,C,0.07520564903101885
CCG,P,-0.151,G,0.07429541724283564
CCT,P,0.25,T,0.09298079760351867
CAC,H,-0.397,C,0.09744890629459188
CAT,H,0.397,T,0.09744890629459188
CAA,Q,1.364,A,0.10915930934040836
CAG,Q,-1.364,G,0.10915930934040836
GTA,V,0.638,A,0.08283579918891683
GTC,V,-0.122,C,0.07093827079534755
GTG,V,-0.624,G,0.058860899415836034
GTT,V,0.587,T,0.07259164521773846
GCA,A,0.556,A,0.059929195812852706
GCC,A,-0.451,C,0.052015410291087645
GCG,A,-0.319,G,0.0625962076155594
GCT,A,0.475,T,0.06945992359831119
GAC,D,-0.379,C,0.06983634525976394
GAT,D,0.379,T,0.06983634525976394
GAA,E,0.436,A,0.07385699070506767
GAG,E,-0.436,G,0.07385699070506767
GGA,G,0.558,A,0.07557103212672836
GGC,G,-0.25,C,0.062140142794542684
GGG,G,-0.466,G,0.09082248531617756
GGT,G,0.182,T,0.07768258872956295
TTC,F,-0.205,C,0.07839565797680839
TTT,F,0.205,T,0.07839565797680838
TAC,Y,-0.091,C,0.09900109538830715
TAT,Y,0.091,T,0.09900109538830715
TGC,C,-0.3,C,0.13963701571018758
TGT,C,0.3,T,0.13963701571018758
