codon,amino_acid,Oligella,third_nucl,standard_error
ATA,I,0.478,A,0.09706659321860986
ATC,I,-0.254,C,0.07286242696427143
ATT,I,-0.02,T,0.06612915308617938
ACA,T,0.577,A,0.0829895417118092
ACC,T,-0.493,C,0.08060226623270308
ACG,T,-0.367,G,0.09649867528027256
ACT,T,0.177,T,0.07821296121172996
AAC,N,-0.085,C,0.08573287550034116
AAT,N,0.085,T,0.08573287550034116
AAA,K,0.772,A,0.07251275242441155
AAG,K,-0.772,G,0.07251275242441155
AGC,S,-0.313,C,0.08186292775823337
AGT,S,0.159,T,0.07644471579399247
TCA,S,0.24,A,0.08287665721316345
TCC,S,-0.214,C,0.10583319458902546
TCG,S,-0.403,G,0.11777130646982716
TCT,S,0.196,T,0.08001350459735371
AGA,R,0.786,A,0.1135194453135554
AGG,R,0.399,G,0.18376300853252303
CGA,R,-0.041,A,0.10588691813181703
CGC,R,-0.447,C,0.09029722126370107
CGG,R,0.289,G,0.19473393451620893
CGT,R,-0.14,T,0.07857616233111156
CTA,L,0.127,A,0.08252330964548857
CTC,L,-0.108,C,0.09565254978620612
CTG,L,-0.593,G,0.0908877665997355
CTT,L,0.271,T,0.07347080096652614
TTA,L,0.233,A,0.0541797406665766
TTG,L,-0.302,G,0.0698746295086631
CCA,P,0.304,A,0.10033504950873023
CCC,P,0.034,C,0.11417084248177728
CCG,P,-0.647,G,0.1128333066117184
CCT,P,0.175,T,0.09139681088006407
CAC,H,-0.054,C,0.12252902739666309
CAT,H,0.054,T,0.1225290273966631
CAA,Q,0.519,A,0.08648526310040794
CAG,Q,-0.519,G,0.08648526310040794
GTA,V,0.21,A,0.0842200869886279
GTC,V,-0.308,C,0.08784269528546385
GTG,V,-0.098,G,0.07729941854110695
GTT,V,0.142,T,0.07188022587577919
GCA,A,0.296,A,0.07040953690876924
GCC,A,-0.063,C,0.0723588581254242
GCG,A,-0.471,G,0.08527921298492419
GCT,A,0.097,T,0.06720553509080722
GAC,D,0.02,C,0.08897536308744795
GAT,D,-0.02,T,0.08897536308744795
GAA,E,0.701,A,0.07752241247219353
GAG,E,-0.701,G,0.07752241247219353
GGA,G,0.519,A,0.11477766523201392
GGC,G,-0.013,C,0.08845862515866787
GGG,G,-0.376,G,0.14721181086617122
GGT,G,-0.115,T,0.08132045154154371
TTC,F,-0.269,C,0.09853080132494393
TTT,F,0.269,T,0.09853080132494392
TAC,Y,0.133,C,0.1083402574364582
TAT,Y,-0.133,T,0.1083402574364582
TGC,C,-0.111,C,0.21551016243784177
TGT,C,0.111,T,0.2155101624378418
