codon,amino_acid,Opitutus,third_nucl,standard_error
ATA,I,0.803,A,0.2804936715797572
ATC,I,-0.571,C,0.0716906884482782
ATT,I,0.535,T,0.07307530961582666
ACA,T,0.821,A,0.12079665517646247
ACC,T,0.241,C,0.05240094440974931
ACG,T,-0.902,G,0.05439177571321555
ACT,T,1.397,T,0.10675190445239498
AAC,N,-0.277,C,0.0843723986152136
AAT,N,0.277,T,0.0843723986152136
AAA,K,1.299,A,0.06994683094564391
AAG,K,-1.299,G,0.06994683094564391
AGC,S,-0.817,C,0.05776172894445238
AGT,S,0.084,T,0.10549623984253752
TCA,S,0.576,A,0.11552525333444909
TCC,S,0.838,C,0.05852412879364256
TCG,S,-0.669,G,0.0557484715376776
TCT,S,1.644,T,0.14078408079997162
AGA,R,2.303,A,0.2372499238822762
AGG,R,0.417,G,0.16123098198288255
CGA,R,0.432,A,0.07946853614423842
CGC,R,-0.153,C,0.0458790988757859
CGG,R,-0.802,G,0.05621336094519751
CGT,R,0.851,T,0.07214201908337296
CTA,L,0.544,A,0.14426549455347637
CTC,L,0.149,C,0.0380983106882561
CTG,L,-0.582,G,0.039650702801389257
CTT,L,0.983,T,0.06938584811425492
TTA,L,0.974,A,0.2352730213012326
TTG,L,-0.053,G,0.059209377721277344
CCA,P,0.54,A,0.09617763060246727
CCC,P,0.64,C,0.055684471075557476
CCG,P,-1.267,G,0.0531749044575906
CCT,P,1.413,T,0.09895276727931025
CAC,H,-0.289,C,0.09227077495947843
CAT,H,0.289,T,0.09227077495947843
CAA,Q,1.185,A,0.08201432275458224
CAG,Q,-1.185,G,0.08201432275458224
GTA,V,0.251,A,0.14048350789449487
GTC,V,-0.008,C,0.04925375157233129
GTG,V,-0.503,G,0.0485806090231222
GTT,V,1.146,T,0.07838242755456826
GCA,A,0.621,A,0.07136006460698469
GCC,A,0.372,C,0.03947463774249841
GCG,A,-1.022,G,0.0405894470588979
GCT,A,1.392,T,0.074996940839691
GAC,D,-0.321,C,0.06451415294255511
GAT,D,0.321,T,0.06451415294255511
GAA,E,1.01,A,0.06404618951458574
GAG,E,-1.01,G,0.06404618951458574
GGA,G,0.546,A,0.08492467435343118
GGC,G,-0.484,C,0.0590999729869403
GGG,G,-0.159,G,0.08505873379808791
GGT,G,0.592,T,0.07981168789000681
TTC,F,-0.282,C,0.07013535580915499
TTT,F,0.282,T,0.07013535580915499
TAC,Y,0.085,C,0.10683008954632005
TAT,Y,-0.085,T,0.10683008954632005
TGC,C,-0.481,C,0.1531168585952938
TGT,C,0.481,T,0.1531168585952938
