codon,amino_acid,Orientia,third_nucl,standard_error
ATA,I,0.273,A,0.06616032866924426
ATC,I,-0.045,C,0.11611903340871113
ATT,I,-0.255,T,0.06571750416878183
ACA,T,0.269,A,0.095442044952475
ACC,T,0.056,C,0.19529605171497244
ACG,T,0.351,G,0.2003968738739186
ACT,T,-0.362,T,0.09561141909154403
AAC,N,-0.11,C,0.10585956837046435
AAT,N,0.11,T,0.10585956837046435
AAA,K,-0.099,A,0.07798255088782467
AAG,K,0.099,G,0.07798255088782467
AGC,S,0.2,C,0.11097640299133937
AGT,S,0.312,T,0.09059780475839123
TCA,S,-0.157,A,0.09061378052508148
TCC,S,-0.509,C,0.22830027928348293
TCG,S,-0.007,G,0.2272385384834405
TCT,S,-0.211,T,0.09171462920130424
AGA,R,0.133,A,0.10983464719775701
AGG,R,-0.169,G,0.16201914455884098
CGA,R,-0.094,A,0.18157913774743206
CGC,R,-0.477,C,0.2622204302227359
CGG,R,0.872,G,0.3639013305331186
CGT,R,-0.05,T,0.15980082713148983
CTA,L,-0.172,A,0.08772604126000282
CTC,L,0.407,C,0.19558669979240179
CTG,L,-0.632,G,0.14303216207650574
CTT,L,-0.133,T,0.09225481777587174
TTA,L,-0.083,A,0.06616482776658901
TTG,L,0.645,G,0.09345922733300722
CCA,P,0.005,A,0.13834565277981867
CCC,P,0.728,C,0.3969700574627503
CCG,P,-0.11,G,0.26677534430111616
CCT,P,-0.074,T,0.14296380717395157
CAC,H,0.371,C,0.182735747459347
CAT,H,-0.371,T,0.18273574745934704
CAA,Q,0.054,A,0.12076756960511295
CAG,Q,-0.054,G,0.12076756960511295
GTA,V,-0.004,A,0.09222347538279357
GTC,V,0.17,C,0.20686538768023013
GTG,V,0.735,G,0.13211105861933417
GTT,V,-0.426,T,0.09470692866717588
GCA,A,0.231,A,0.09401304616113601
GCC,A,0.055,C,0.22388580097884198
GCG,A,0.006,G,0.2009080682848576
GCT,A,-0.238,T,0.09330300953554611
GAC,D,0.41,C,0.12108792368314784
GAT,D,-0.41,T,0.12108792368314786
GAA,E,-0.0,A,0.11507262514222519
GAG,E,0.0,G,0.11507262514222519
GGA,G,-0.16,A,0.10895251767477168
GGC,G,-0.113,C,0.14470009655112928
GGG,G,0.164,G,0.2094305054851162
GGT,G,0.196,T,0.11298181760474943
TTC,F,0.199,C,0.1682521660816212
TTT,F,-0.199,T,0.16825216608162122
TAC,Y,0.353,C,0.13489097013843718
TAT,Y,-0.353,T,0.13489097013843718
TGC,C,-0.809,C,0.2411429079422751
TGT,C,0.809,T,0.24114290794227514
