codon,amino_acid,Ornithinimicrobium,third_nucl,standard_error
ATA,I,0.197,A,0.2983190700649508
ATC,I,-0.875,C,0.1427714399251238
ATT,I,1.029,T,0.1620373915039161
ACA,T,1.232,A,0.1247944086596507
ACC,T,-0.423,C,0.05327906682143954
ACG,T,-0.171,G,0.05905780611628117
ACT,T,0.946,T,0.11116715126466245
AAC,N,-0.462,C,0.16872188128534216
AAT,N,0.462,T,0.16872188128534216
AAA,K,0.533,A,0.20082157109161422
AAG,K,-0.533,G,0.20082157109161425
AGC,S,0.351,C,0.06308985771631252
AGT,S,0.558,T,0.11306093645227798
TCA,S,0.54,A,0.12499265493684167
TCC,S,-0.312,C,0.06396626258469883
TCG,S,-0.674,G,0.07113331424753132
TCT,S,0.678,T,0.14722601050986045
AGA,R,1.144,A,0.2012650157568564
AGG,R,0.963,G,0.11553605498676332
CGA,R,0.551,A,0.09403559630530428
CGC,R,-0.165,C,0.052544763966132765
CGG,R,-0.55,G,0.05755819319767225
CGT,R,0.28,T,0.07807139210490656
CTA,L,0.332,A,0.18921202605555204
CTC,L,0.041,C,0.049408828949039654
CTG,L,-0.379,G,0.046558540879722894
CTT,L,1.051,T,0.12659273016192218
TTA,L,0.187,A,0.500532325008614
TTG,L,0.669,G,0.09603769805899698
CCA,P,0.577,A,0.10566815121353976
CCC,P,0.192,C,0.05759061567798892
CCG,P,-0.586,G,0.05696433702142818
CCT,P,0.719,T,0.10732306994678613
CAC,H,-0.536,C,0.15056205682254717
CAT,H,0.536,T,0.15056205682254714
CAA,Q,0.811,A,0.14619497030650644
CAG,Q,-0.811,G,0.14619497030650644
GTA,V,0.618,A,0.22010228066434062
GTC,V,-0.623,C,0.04667238891060747
GTG,V,0.464,G,0.046011017906239834
GTT,V,0.733,T,0.11858177070445383
GCA,A,0.985,A,0.06644107444867604
GCC,A,-0.383,C,0.042470828267007994
GCG,A,-0.246,G,0.046685862602840286
GCT,A,0.453,T,0.07174381056897672
GAC,D,-0.549,C,0.08266066496620954
GAT,D,0.549,T,0.08266066496620954
GAA,E,1.068,A,0.09779018221330095
GAG,E,-1.068,G,0.09779018221330095
GGA,G,0.738,A,0.07985755188663957
GGC,G,-0.228,C,0.05321544638642428
GGG,G,-0.106,G,0.06200709669496832
GGT,G,-0.032,T,0.0685156301929593
TTC,F,-0.531,C,0.13479118219674782
TTT,F,0.531,T,0.13479118219674782
TAC,Y,0.106,C,0.12073928100309286
TAT,Y,-0.106,T,0.12073928100309286
TGC,C,-0.743,C,0.23767310147435372
TGT,C,0.743,T,0.23767310147435372
