codon,amino_acid,Ornithobacterium,third_nucl,standard_error
ATA,I,1.033,A,0.07561419747497185
ATC,I,-0.49,C,0.07133043694143325
ATT,I,-0.403,T,0.061970030304554585
ACA,T,0.867,A,0.08759050343797314
ACC,T,-0.428,C,0.1016558077041444
ACG,T,-0.718,G,0.12711177826265185
ACT,T,-0.258,T,0.09821164599180605
AAC,N,-0.236,C,0.08133706631867861
AAT,N,0.236,T,0.08133706631867861
AAA,K,0.166,A,0.0722356326309911
AAG,K,-0.166,G,0.0722356326309911
AGC,S,0.009,C,0.09384311250409798
AGT,S,0.605,T,0.08865538062097449
TCA,S,0.26,A,0.09728996822964903
TCC,S,-0.264,C,0.16245445346974047
TCG,S,-0.414,G,0.12859133169866152
TCT,S,-0.583,T,0.09197744066487187
AGA,R,0.902,A,0.09445224708386747
AGG,R,0.281,G,0.19533081856971446
CGA,R,-0.026,A,0.13611194866908263
CGC,R,-0.908,C,0.14011301569350468
CGG,R,1.24,G,0.4108853271839791
CGT,R,-1.232,T,0.14733358759139692
CTA,L,0.215,A,0.08871272982252568
CTC,L,-0.374,C,0.1103220720474799
CTG,L,-0.654,G,0.13267237366684878
CTT,L,0.008,T,0.08007111665197364
TTA,L,0.592,A,0.058476410170260305
TTG,L,-0.681,G,0.0711128996675494
CCA,P,-0.075,A,0.11727941690433409
CCC,P,0.647,C,0.15111179333935168
CCG,P,-0.218,G,0.18533164372309788
CCT,P,-0.245,T,0.12662344555528296
CAC,H,-0.154,C,0.1494272763027011
CAT,H,0.154,T,0.1494272763027011
CAA,Q,0.094,A,0.11886694867542028
CAG,Q,-0.094,G,0.11886694867542028
GTA,V,0.779,A,0.07961806170832356
GTC,V,0.015,C,0.1645889554764398
GTG,V,-1.197,G,0.09476722521700819
GTT,V,0.201,T,0.08668430887758803
GCA,A,0.71,A,0.0784378526269468
GCC,A,-0.371,C,0.10040021852735441
GCG,A,-0.245,G,0.11115818031821922
GCT,A,-0.448,T,0.0888123719820442
GAC,D,0.146,C,0.1029758041599487
GAT,D,-0.146,T,0.1029758041599487
GAA,E,0.7,A,0.09041803633253508
GAG,E,-0.7,G,0.09041803633253508
GGA,G,0.296,A,0.08935333994179287
GGC,G,-0.228,C,0.11125958836381566
GGG,G,-0.294,G,0.12533635486187092
GGT,G,0.017,T,0.10462095687071506
TTC,F,-0.584,C,0.09230034952507242
TTT,F,0.584,T,0.09230034952507242
TAC,Y,0.014,C,0.10068720421571167
TAT,Y,-0.014,T,0.10068720421571167
TGC,C,-1.061,C,0.21396560631374928
TGT,C,1.061,T,0.21396560631374925
