codon,amino_acid,Orrella,third_nucl,standard_error
ATA,I,0.993,A,0.17692889628945152
ATC,I,-1.049,C,0.08728249062491539
ATT,I,0.972,T,0.09644156151078664
ACA,T,1.405,A,0.15271063002271495
ACC,T,0.099,C,0.054084252445124964
ACG,T,-0.712,G,0.056793386663312656
ACT,T,1.427,T,0.14475929763449044
AAC,N,-0.638,C,0.09563484631470541
AAT,N,0.638,T,0.09563484631470541
AAA,K,1.75,A,0.10642926626415496
AAG,K,-1.75,G,0.10642926626415496
AGC,S,-0.401,C,0.05669482873575165
AGT,S,0.84,T,0.14942786215816745
TCA,S,0.898,A,0.17251502537393154
TCC,S,0.781,C,0.05878357036435639
TCG,S,-1.061,G,0.06173520900693283
TCT,S,1.525,T,0.16417031905460763
AGA,R,1.82,A,0.23305746087743623
AGG,R,0.431,G,0.129087858244184
CGA,R,1.603,A,0.1443583577319676
CGC,R,-0.661,C,0.050775586487516323
CGG,R,-0.272,G,0.07309480958871922
CGT,R,0.649,T,0.07273100187848011
CTA,L,1.615,A,0.20807544865955044
CTC,L,0.843,C,0.05367999807000004
CTG,L,-1.193,G,0.042466369433001035
CTT,L,1.538,T,0.09387175781477147
TTA,L,1.836,A,0.4073904409836768
TTG,L,0.353,G,0.06451237695733913
CCA,P,0.833,A,0.13528893213956036
CCC,P,0.182,C,0.05321024324712763
CCG,P,-0.769,G,0.0560931273311948
CCT,P,1.022,T,0.0967744252408448
CAC,H,-0.3,C,0.09204030793160628
CAT,H,0.3,T,0.09204030793160628
CAA,Q,1.333,A,0.07971286619125569
CAG,Q,-1.333,G,0.07971286619125569
GTA,V,1.457,A,0.15161058948576692
GTC,V,0.363,C,0.05285286022874359
GTG,V,-0.928,G,0.05319845645625651
GTT,V,1.431,T,0.11302464980865813
GCA,A,1.068,A,0.07029327369806329
GCC,A,0.041,C,0.037781450537721466
GCG,A,-0.723,G,0.042063203062405984
GCT,A,1.017,T,0.0833974446476693
GAC,D,-0.408,C,0.06431398612227299
GAT,D,0.408,T,0.06431398612227299
GAA,E,0.766,A,0.06823262773607848
GAG,E,-0.766,G,0.06823262773607848
GGA,G,1.128,A,0.10451033850781208
GGC,G,-0.697,C,0.06202327184037312
GGG,G,0.07,G,0.09115510798578229
GGT,G,0.632,T,0.0947293191461307
TTC,F,-1.076,C,0.1116423758882244
TTT,F,1.076,T,0.1116423758882244
TAC,Y,0.119,C,0.10235573932763958
TAT,Y,-0.119,T,0.10235573932763958
TGC,C,-1.324,C,0.24669891175244685
TGT,C,1.324,T,0.24669891175244685
