codon,amino_acid,Oryzomicrobium,third_nucl,standard_error
ATA,I,0.267,A,0.29291041058721645
ATC,I,-0.605,C,0.09469497247670558
ATT,I,0.619,T,0.0982432803453002
ACA,T,0.73,A,0.17325618285970124
ACC,T,-0.431,C,0.07102863180355459
ACG,T,-0.085,G,0.08551412415800086
ACT,T,0.984,T,0.1284897046869426
AAC,N,-0.598,C,0.11335753227987946
AAT,N,0.598,T,0.11335753227987946
AAA,K,1.8,A,0.10513581351276205
AAG,K,-1.8,G,0.10513581351276205
AGC,S,-0.349,C,0.07005108071757127
AGT,S,0.108,T,0.13913063027653386
TCA,S,0.509,A,0.1989052566148626
TCC,S,0.37,C,0.06528983904372561
TCG,S,-0.751,G,0.08549288578549921
TCT,S,1.254,T,0.16270218634039352
AGA,R,1.297,A,0.306715270586859
AGG,R,0.53,G,0.25371036496629307
CGA,R,1.096,A,0.16588798118894124
CGC,R,-0.117,C,0.06064324429033085
CGG,R,-0.788,G,0.07754555853859295
CGT,R,0.754,T,0.08927510867085581
CTA,L,0.262,A,0.15302104380440004
CTC,L,0.53,C,0.05319295415227109
CTG,L,-0.886,G,0.04691635125004134
CTT,L,1.274,T,0.10272689477870788
TTA,L,0.639,A,0.25831253101416135
TTG,L,0.359,G,0.0822042260211379
CCA,P,0.592,A,0.1440385543118265
CCC,P,0.348,C,0.061257257366819404
CCG,P,-0.958,G,0.06555739271081697
CCT,P,1.132,T,0.11702650148304156
CAC,H,-0.279,C,0.11531093251463875
CAT,H,0.279,T,0.11531093251463875
CAA,Q,1.388,A,0.0979952161454047
CAG,Q,-1.388,G,0.0979952161454047
GTA,V,0.603,A,0.13274478919219776
GTC,V,0.425,C,0.0627362956993069
GTG,V,-0.971,G,0.06150090509956403
GTT,V,1.11,T,0.09770862415606142
GCA,A,0.761,A,0.09258656173321024
GCC,A,-0.35,C,0.04751722712578624
GCG,A,-0.362,G,0.06078854387861865
GCT,A,0.931,T,0.07842044062163984
GAC,D,-0.191,C,0.07786285098830108
GAT,D,0.191,T,0.07786285098830108
GAA,E,1.119,A,0.08068167195876405
GAG,E,-1.119,G,0.08068167195876405
GGA,G,1.136,A,0.13741150319244871
GGC,G,-0.524,C,0.06925552333875547
GGG,G,0.099,G,0.09480130515885855
GGT,G,0.333,T,0.09273040587091727
TTC,F,-0.795,C,0.09838933657097741
TTT,F,0.795,T,0.09838933657097741
TAC,Y,-0.044,C,0.13993749912754197
TAT,Y,0.044,T,0.13993749912754197
TGC,C,-0.417,C,0.24336601850526343
TGT,C,0.417,T,0.24336601850526343
