codon,amino_acid,Otariodibacter,third_nucl,standard_error
ATA,I,0.388,A,0.09850547759344092
ATC,I,-0.2,C,0.08932762331641111
ATT,I,-0.089,T,0.07410638729571443
ACA,T,0.458,A,0.08793853675252439
ACC,T,-0.287,C,0.11926115502990911
ACG,T,-0.355,G,0.13384451086984578
ACT,T,-0.165,T,0.09123990212801528
AAC,N,0.139,C,0.11028201572177139
AAT,N,-0.139,T,0.1102820157217714
AAA,K,0.162,A,0.10172767584631659
AAG,K,-0.162,G,0.10172767584631659
AGC,S,-0.174,C,0.12460697941022326
AGT,S,-0.124,T,0.09288307185854987
TCA,S,0.224,A,0.08884205370137553
TCC,S,0.248,C,0.17508899597583794
TCG,S,-0.346,G,0.17643907006540327
TCT,S,0.001,T,0.08882833451568578
AGA,R,0.181,A,0.11783416151602105
AGG,R,-0.03,G,0.26903156710706533
CGA,R,0.024,A,0.14730328018240307
CGC,R,0.191,C,0.15521182008349224
CGG,R,0.017,G,0.3338469693716432
CGT,R,-0.228,T,0.10242568783901113
CTA,L,0.262,A,0.10227033995079875
CTC,L,0.154,C,0.13693188809850804
CTG,L,-0.164,G,0.1481142025883592
CTT,L,0.233,T,0.07985648920654928
TTA,L,-0.104,A,0.060838241577502714
TTG,L,-0.317,G,0.09560645672028918
CCA,P,0.151,A,0.10928548503761289
CCC,P,0.341,C,0.20415173893306635
CCG,P,-0.309,G,0.19732287539139318
CCT,P,-0.156,T,0.1115305508452875
CAC,H,-0.177,C,0.16826974532081176
CAT,H,0.177,T,0.16826974532081176
CAA,Q,-0.06,A,0.1333577835832164
CAG,Q,0.06,G,0.13335778358321643
GTA,V,0.105,A,0.09018505204195311
GTC,V,-0.302,C,0.13780396219303598
GTG,V,-0.119,G,0.10848623631093222
GTT,V,0.102,T,0.08622081215411549
GCA,A,0.319,A,0.08318658973847691
GCC,A,0.033,C,0.13851390593182727
GCG,A,-0.392,G,0.12464658503153843
GCT,A,-0.167,T,0.08859033340470047
GAC,D,0.434,C,0.13349365540038638
GAT,D,-0.434,T,0.13349365540038638
GAA,E,0.317,A,0.11117424808980182
GAG,E,-0.317,G,0.11117424808980184
GGA,G,0.014,A,0.1143512636362692
GGC,G,0.206,C,0.1302621110372836
GGG,G,-0.31,G,0.16225885791822311
GGT,G,-0.005,T,0.09957496380399887
TTC,F,-0.661,C,0.11161869412375665
TTT,F,0.661,T,0.11161869412375665
TAC,Y,0.276,C,0.1392501111190975
TAT,Y,-0.276,T,0.1392501111190975
TGC,C,0.604,C,0.24619044407191015
TGT,C,-0.604,T,0.24619044407191015
