codon,amino_acid,Oxalobacter,third_nucl,standard_error
ATA,I,0.741,A,0.10598956254910676
ATC,I,-0.365,C,0.06847037759794654
ATT,I,0.032,T,0.06889556659975431
ACA,T,0.523,A,0.08074642221614275
ACC,T,-0.371,C,0.07498464636659678
ACG,T,-0.459,G,0.08755647265192784
ACT,T,0.564,T,0.11726489352568965
AAC,N,0.168,C,0.08674269723102206
AAT,N,-0.168,T,0.08674269723102206
AAA,K,0.892,A,0.07511142555567231
AAG,K,-0.892,G,0.07511142555567231
AGC,S,-0.134,C,0.08479991716223137
AGT,S,0.049,T,0.10605378931036244
TCA,S,0.491,A,0.09145121606372723
TCC,S,-0.383,C,0.0827094494251494
TCG,S,-0.514,G,0.10943232788027432
TCT,S,0.549,T,0.10456275160540421
AGA,R,1.005,A,0.11112542761268301
AGG,R,0.055,G,0.10946575523716001
CGA,R,1.063,A,0.13731140845114523
CGC,R,-0.533,C,0.08114504217275115
CGG,R,-0.552,G,0.09645862795547759
CGT,R,-0.095,T,0.08619194007048613
CTA,L,0.954,A,0.19146323531725085
CTC,L,0.052,C,0.07980741768332383
CTG,L,-0.583,G,0.05754132153230335
CTT,L,0.119,T,0.0708521459774319
TTA,L,0.812,A,0.11551729407043192
TTG,L,0.351,G,0.08348361839693318
CCA,P,0.85,A,0.11831552923153729
CCC,P,0.0,C,0.0951290074655659
CCG,P,-0.708,G,0.09068179481759103
CCT,P,0.243,T,0.10119000568614471
CAC,H,0.367,C,0.12345267624852362
CAT,H,-0.367,T,0.12345267624852363
CAA,Q,1.169,A,0.09955423153341725
CAG,Q,-1.169,G,0.09955423153341725
GTA,V,0.549,A,0.10132583976359756
GTC,V,-0.398,C,0.08157938217862867
GTG,V,-0.331,G,0.07801733254508446
GTT,V,0.386,T,0.07845757712720194
GCA,A,0.471,A,0.06787974842618615
GCC,A,-0.329,C,0.06630709089600248
GCG,A,-0.379,G,0.07643202390357359
GCT,A,0.277,T,0.08128437508953666
GAC,D,0.006,C,0.08198715537504793
GAT,D,-0.006,T,0.08198715537504792
GAA,E,0.631,A,0.08664128403313653
GAG,E,-0.631,G,0.08664128403313653
GGA,G,0.594,A,0.09262829640788135
GGC,G,-0.329,C,0.07943127245385828
GGG,G,-0.5,G,0.10840179169305965
GGT,G,0.249,T,0.08809531224242331
TTC,F,-0.339,C,0.08893916273176077
TTT,F,0.339,T,0.08893916273176077
TAC,Y,0.039,C,0.1112249067195658
TAT,Y,-0.039,T,0.1112249067195658
TGC,C,0.061,C,0.18212127434150832
TGT,C,-0.061,T,0.18212127434150832
