codon,amino_acid,Oxynema,third_nucl,standard_error
ATA,I,0.872,A,0.11198410557859578
ATC,I,-0.365,C,0.04906000276862361
ATT,I,0.174,T,0.048607937847643
ACA,T,0.919,A,0.08535758760749787
ACC,T,-0.39,C,0.05150224941928107
ACG,T,-0.648,G,0.060719293442056635
ACT,T,0.702,T,0.06429202679493042
AAC,N,-0.069,C,0.06149856593882402
AAT,N,0.069,T,0.06149856593882402
AAA,K,0.023,A,0.06744294762506017
AAG,K,-0.023,G,0.06744294762506017
AGC,S,-0.222,C,0.0626451177201767
AGT,S,-0.269,T,0.06010600603984291
TCA,S,0.851,A,0.0900193540500059
TCC,S,-0.103,C,0.057015406478694734
TCG,S,-0.466,G,0.05881392149435175
TCT,S,0.616,T,0.061322458150672124
AGA,R,0.896,A,0.08568227111300472
AGG,R,0.546,G,0.12924802364228255
CGA,R,0.512,A,0.05902194004266045
CGC,R,-0.662,C,0.051032381636672654
CGG,R,-0.496,G,0.06943156658465549
CGT,R,0.277,T,0.06773574941072141
CTA,L,0.659,A,0.07827759375496528
CTC,L,-0.225,C,0.044360697283495315
CTG,L,-0.161,G,0.050603232509002734
CTT,L,0.674,T,0.07078457129118004
TTA,L,0.11,A,0.043263902914589064
TTG,L,-0.267,G,0.04432724913463957
CCA,P,0.879,A,0.08131040098253303
CCC,P,-0.215,C,0.05422920446173862
CCG,P,-0.644,G,0.05876245350869124
CCT,P,0.575,T,0.07080400293736912
CAC,H,-0.276,C,0.09204847393480632
CAT,H,0.276,T,0.09204847393480632
CAA,Q,0.212,A,0.06458771187501201
CAG,Q,-0.212,G,0.06458771187501203
GTA,V,0.392,A,0.07929617955807365
GTC,V,-0.746,C,0.05260355702568376
GTG,V,0.224,G,0.05421521975838758
GTT,V,0.436,T,0.056423182689430244
GCA,A,0.956,A,0.06490261088905186
GCC,A,-0.418,C,0.04749017617299998
GCG,A,-0.633,G,0.05147980393154397
GCT,A,0.694,T,0.057758339024065394
GAC,D,-0.04,C,0.05751129590861155
GAT,D,0.04,T,0.05751129590861155
GAA,E,0.095,A,0.06062463377085239
GAG,E,-0.095,G,0.06062463377085239
GGA,G,0.122,A,0.06043949946969717
GGC,G,-0.211,C,0.06149329542094781
GGG,G,-0.212,G,0.06630380369163713
GGT,G,0.314,T,0.0649456602709548
TTC,F,-0.296,C,0.0639681340162844
TTT,F,0.296,T,0.0639681340162844
TAC,Y,0.003,C,0.0740521373429901
TAT,Y,-0.003,T,0.0740521373429901
TGC,C,-0.198,C,0.12249096112344142
TGT,C,0.198,T,0.12249096112344142
