codon,amino_acid,Pacificitalea,third_nucl,standard_error
ATA,I,0.988,A,0.19597423722115434
ATC,I,-0.572,C,0.07901827706321694
ATT,I,0.443,T,0.08384970918918762
ACA,T,0.749,A,0.10412278464693597
ACC,T,-0.056,C,0.05672808266910179
ACG,T,-0.481,G,0.06342965097639858
ACT,T,0.913,T,0.14033586260708408
AAC,N,-0.039,C,0.10033979540332912
AAT,N,0.039,T,0.10033979540332912
AAA,K,0.727,A,0.08502100436033293
AAG,K,-0.727,G,0.08502100436033293
AGC,S,0.047,C,0.06658266712256242
AGT,S,0.57,T,0.15543702118210298
TCA,S,0.648,A,0.15624756006118512
TCC,S,0.262,C,0.06857640282224042
TCG,S,-0.845,G,0.07267235072308201
TCT,S,0.697,T,0.13643642707012138
AGA,R,2.185,A,0.2232428754617113
AGG,R,0.812,G,0.17823968877777566
CGA,R,0.877,A,0.1255660937459372
CGC,R,-0.146,C,0.05343841947243701
CGG,R,-0.742,G,0.06446729839673591
CGT,R,0.456,T,0.08234369694793105
CTA,L,0.669,A,0.14106244795832412
CTC,L,0.514,C,0.05997286766705913
CTG,L,-0.822,G,0.046368471674590045
CTT,L,0.775,T,0.06799436285734202
TTA,L,0.325,A,0.264441051213604
TTG,L,0.146,G,0.07252365125945336
CCA,P,0.442,A,0.1308485352682443
CCC,P,0.404,C,0.0609553739260871
CCG,P,-0.762,G,0.06134857484298636
CCT,P,0.729,T,0.10727169433082719
CAC,H,0.22,C,0.1000445079703717
CAT,H,-0.22,T,0.10004450797037172
CAA,Q,0.557,A,0.0954597340256956
CAG,Q,-0.557,G,0.0954597340256956
GTA,V,1.076,A,0.165390888665236
GTC,V,-0.022,C,0.059410489153585114
GTG,V,-0.521,G,0.05920777885929911
GTT,V,0.953,T,0.09298709533242926
GCA,A,0.743,A,0.0693804288606914
GCC,A,0.188,C,0.04290197891002236
GCG,A,-0.712,G,0.04515035842277192
GCT,A,0.692,T,0.08420729965088157
GAC,D,0.171,C,0.05942892073360007
GAT,D,-0.171,T,0.059428920733600066
GAA,E,0.465,A,0.07036892049328965
GAG,E,-0.465,G,0.07036892049328965
GGA,G,1.279,A,0.10083278128512009
GGC,G,-0.383,C,0.057792114807158575
GGG,G,-0.282,G,0.07025215466043395
GGT,G,0.306,T,0.08417362274101174
TTC,F,-0.202,C,0.08412000141503274
TTT,F,0.202,T,0.08412000141503274
TAC,Y,0.103,C,0.1093510872722244
TAT,Y,-0.103,T,0.1093510872722244
TGC,C,-0.103,C,0.2000742889901494
TGT,C,0.103,T,0.2000742889901494
