codon,amino_acid,Paeniclostridium,third_nucl,standard_error
ATA,I,-0.118,A,0.0474598756013785
ATC,I,-0.043,C,0.12090954323033526
ATT,I,0.133,T,0.04894533424692297
ACA,T,0.131,A,0.07166660509690487
ACC,T,0.131,C,0.19497390567890094
ACG,T,0.688,G,0.17148312326338117
ACT,T,-0.273,T,0.07156636111753926
AAC,N,0.133,C,0.07130418828527178
AAT,N,-0.133,T,0.07130418828527178
AAA,K,0.127,A,0.054497098965295074
AAG,K,-0.127,G,0.054497098965295074
AGC,S,0.394,C,0.10931267594077355
AGT,S,0.325,T,0.06390798527691396
TCA,S,0.079,A,0.06819107969477292
TCC,S,0.209,C,0.2286175494092902
TCG,S,0.709,G,0.21492562566066764
TCT,S,-0.79,T,0.07488567914921306
AGA,R,-0.237,A,0.10258045701368583
AGG,R,0.315,G,0.12760918462265003
CGA,R,0.321,A,0.2767057368546877
CGC,R,0.102,C,0.6720619455483775
CGG,R,1.829,G,1.069823953180055
CGT,R,-0.145,T,0.18513087843259424
CTA,L,-0.06,A,0.07636955243471315
CTC,L,-0.013,C,0.317526855792045
CTG,L,0.335,G,0.25732386933293
CTT,L,-0.644,T,0.07054329416048538
TTA,L,-0.014,A,0.04964277043385131
TTG,L,0.985,G,0.08863481990343347
CCA,P,0.225,A,0.1100657668594466
CCC,P,0.849,C,0.3651151946363758
CCG,P,0.331,G,0.25023734362972583
CCT,P,-0.383,T,0.1140899163458367
CAC,H,0.104,C,0.1782052201399319
CAT,H,-0.104,T,0.1782052201399319
CAA,Q,-0.035,A,0.16513511832682773
CAG,Q,0.035,G,0.16513511832682773
GTA,V,-0.01,A,0.06140925382114899
GTC,V,0.451,C,0.19955226380842989
GTG,V,1.022,G,0.1189971051992453
GTT,V,-0.349,T,0.06256433778426412
GCA,A,0.163,A,0.07540277079563819
GCC,A,0.225,C,0.17845296892103985
GCG,A,0.153,G,0.18663846100400858
GCT,A,-0.228,T,0.07562833560996103
GAC,D,0.032,C,0.09445030504335705
GAT,D,-0.032,T,0.09445030504335705
GAA,E,0.085,A,0.07665366771462236
GAG,E,-0.085,G,0.07665366771462236
GGA,G,-0.033,A,0.06847776450602688
GGC,G,0.287,C,0.15538770158591186
GGG,G,0.229,G,0.10712883402238692
GGT,G,-0.137,T,0.07503381397297403
TTC,F,-0.457,C,0.11726912680637461
TTT,F,0.457,T,0.11726912680637461
TAC,Y,0.244,C,0.09802071273070365
TAT,Y,-0.244,T,0.09802071273070365
TGC,C,0.231,C,0.1743115491550399
TGT,C,-0.231,T,0.1743115491550399
