codon,amino_acid,Paenibacillus,third_nucl,standard_error
ATA,I,0.83,A,0.055286566296757676
ATC,I,-0.541,C,0.039780301979926436
ATT,I,0.083,T,0.04005546310829771
ACA,T,0.703,A,0.05672855350844761
ACC,T,-0.224,C,0.05530697660134423
ACG,T,-0.474,G,0.04533715502901873
ACT,T,0.34,T,0.06761489345149206
AAC,N,-0.185,C,0.05109550056063312
AAT,N,0.185,T,0.05109550056063312
AAA,K,0.714,A,0.042029386120395806
AAG,K,-0.714,G,0.04202938612039581
AGC,S,-0.066,C,0.04588163002668355
AGT,S,0.594,T,0.06828512143791797
TCA,S,0.796,A,0.07536421768552384
TCC,S,-0.458,C,0.051329317528113684
TCG,S,-0.322,G,0.04967633893665429
TCT,S,0.247,T,0.06815472079729237
AGA,R,0.917,A,0.05728085368288319
AGG,R,0.289,G,0.0696133253320997
CGA,R,0.336,A,0.06270035053155006
CGC,R,-0.655,C,0.050549900854840096
CGG,R,-0.524,G,0.05637457117901585
CGT,R,-0.125,T,0.06063051156283806
CTA,L,0.517,A,0.06750287959410452
CTC,L,-0.537,C,0.05246229178672925
CTG,L,-0.69,G,0.03599657902424602
CTT,L,-0.359,T,0.044618421237159665
TTA,L,0.909,A,0.053422459122968106
TTG,L,0.643,G,0.037520476420096815
CCA,P,0.806,A,0.07740876318583445
CCC,P,-0.248,C,0.07249421501112835
CCG,P,-0.321,G,0.05740384741581661
CCT,P,0.057,T,0.07013681028732535
CAC,H,-0.207,C,0.08200527663915964
CAT,H,0.207,T,0.08200527663915966
CAA,Q,0.749,A,0.05628791295449244
CAG,Q,-0.749,G,0.05628791295449243
GTA,V,0.373,A,0.047883626721690054
GTC,V,-0.536,C,0.04686027813503005
GTG,V,0.191,G,0.04363011476387445
GTT,V,-0.031,T,0.04788975727097938
GCA,A,0.762,A,0.046130681927078025
GCC,A,-0.351,C,0.045208606133642804
GCG,A,-0.394,G,0.04166265196754309
GCT,A,0.122,T,0.05023214818467458
GAC,D,-0.239,C,0.04990034234070016
GAT,D,0.239,T,0.04990034234070016
GAA,E,0.538,A,0.04341049974753586
GAG,E,-0.538,G,0.043410499747535865
GGA,G,0.51,A,0.04654571300389473
GGC,G,-0.662,C,0.043867387527629614
GGG,G,0.148,G,0.05818387853048807
GGT,G,0.278,T,0.05869617743915195
TTC,F,-0.598,C,0.053154360284895626
TTT,F,0.598,T,0.05315436028489562
TAC,Y,-0.228,C,0.0604823949596689
TAT,Y,0.228,T,0.0604823949596689
TGC,C,-0.45,C,0.13592032413010724
TGT,C,0.45,T,0.13592032413010724
