codon,amino_acid,Paenarthrobacter,third_nucl,standard_error
ATA,I,0.85,A,0.1452009031957129
ATC,I,-0.742,C,0.0713530811191622
ATT,I,0.609,T,0.07666141263517534
ACA,T,0.758,A,0.08124272607416837
ACC,T,-0.397,C,0.05047610861493207
ACG,T,-0.442,G,0.057834369212770236
ACT,T,0.878,T,0.08091888436408422
AAC,N,-0.584,C,0.10144029280580517
AAT,N,0.584,T,0.10144029280580517
AAA,K,0.775,A,0.08255037559127099
AAG,K,-0.775,G,0.08255037559127099
AGC,S,0.272,C,0.05772176130324212
AGT,S,0.526,T,0.1081691444442798
TCA,S,0.616,A,0.09225539141088858
TCC,S,-0.433,C,0.05448936454886585
TCG,S,-0.559,G,0.0683053582261252
TCT,S,0.599,T,0.10997392271178734
AGA,R,1.292,A,0.1685782283884214
AGG,R,0.04,G,0.08865985844302302
CGA,R,1.065,A,0.11204215448305525
CGC,R,-0.178,C,0.05459913270308174
CGG,R,-0.494,G,0.062223607784821236
CGT,R,0.199,T,0.07590740336507039
CTA,L,0.797,A,0.16537642623405793
CTC,L,-0.092,C,0.04865401579466379
CTG,L,-0.472,G,0.04570610274115225
CTT,L,0.449,T,0.062469017708275926
TTA,L,0.919,A,0.24514276492833248
TTG,L,0.388,G,0.060901683632690606
CCA,P,0.944,A,0.09894690857392084
CCC,P,0.045,C,0.057196367355984136
CCG,P,-0.633,G,0.05800728524088639
CCT,P,0.445,T,0.08408925247515689
CAC,H,-0.344,C,0.10741706174182178
CAT,H,0.344,T,0.10741706174182178
CAA,Q,0.689,A,0.08411973793564183
CAG,Q,-0.689,G,0.08411973793564181
GTA,V,0.582,A,0.08504842195716289
GTC,V,-0.394,C,0.04838324250816603
GTG,V,0.106,G,0.04668168508222638
GTT,V,0.147,T,0.0622039114699814
GCA,A,0.654,A,0.049856974525537195
GCC,A,-0.376,C,0.04021769665690481
GCG,A,-0.302,G,0.0484239396850635
GCT,A,0.322,T,0.05767565172146592
GAC,D,-0.405,C,0.06420460182045783
GAT,D,0.405,T,0.06420460182045783
GAA,E,0.467,A,0.05748342931210096
GAG,E,-0.467,G,0.05748342931210096
GGA,G,0.551,A,0.06326589709008112
GGC,G,-0.296,C,0.05066054763366654
GGG,G,-0.201,G,0.0685154937056756
GGT,G,0.119,T,0.06985144821017134
TTC,F,-0.778,C,0.09828226527686253
TTT,F,0.778,T,0.09828226527686253
TAC,Y,-0.554,C,0.12644067119481503
TAT,Y,0.554,T,0.12644067119481506
TGC,C,-0.7,C,0.24622420524754296
TGT,C,0.7,T,0.24622420524754296
