codon,amino_acid,Paenalkalicoccus,third_nucl,standard_error
ATA,I,0.589,A,0.06757262304232164
ATC,I,-0.292,C,0.05578295624089082
ATT,I,-0.105,T,0.050417882510467506
ACA,T,0.462,A,0.05832034448821948
ACC,T,-0.195,C,0.09034960378214615
ACG,T,-0.396,G,0.06125562808204137
ACT,T,-0.037,T,0.07155321761615024
AAC,N,-0.098,C,0.07024107530926105
AAT,N,0.098,T,0.07024107530926105
AAA,K,0.492,A,0.05373634300271195
AAG,K,-0.492,G,0.05373634300271195
AGC,S,-0.044,C,0.07876124343278007
AGT,S,0.296,T,0.0704423138528493
TCA,S,0.411,A,0.07071013627641845
TCC,S,-0.429,C,0.09345655153209395
TCG,S,-0.238,G,0.08470624822843827
TCT,S,-0.248,T,0.07007767991983097
AGA,R,0.559,A,0.07564553966122052
AGG,R,0.325,G,0.12090901646727618
CGA,R,0.116,A,0.07646911544231223
CGC,R,-0.316,C,0.08118923542486421
CGG,R,-0.067,G,0.14047532559051237
CGT,R,-0.5,T,0.07464842351332186
CTA,L,-0.044,A,0.05842357865419698
CTC,L,-0.371,C,0.07201302251398334
CTG,L,-0.14,G,0.09175494112449567
CTT,L,-0.392,T,0.053509057163643556
TTA,L,0.298,A,0.04652246762843152
TTG,L,0.469,G,0.06882218061810463
CCA,P,0.371,A,0.0818476638626889
CCC,P,0.004,C,0.16839933261382709
CCG,P,0.017,G,0.10243058819987416
CCT,P,-0.461,T,0.09141158585991575
CAC,H,-0.28,C,0.09553157807109124
CAT,H,0.28,T,0.09553157807109124
CAA,Q,0.352,A,0.07345488978020903
CAG,Q,-0.352,G,0.07345488978020903
GTA,V,0.365,A,0.055010059721755517
GTC,V,-0.465,C,0.07015249893423134
GTG,V,0.262,G,0.0583621339844575
GTT,V,-0.336,T,0.057504627070246034
GCA,A,0.559,A,0.05635194381545444
GCC,A,-0.374,C,0.08946708406244491
GCG,A,-0.256,G,0.06697454217729598
GCT,A,-0.268,T,0.06228108263952473
GAC,D,-0.193,C,0.0695793973547041
GAT,D,0.193,T,0.0695793973547041
GAA,E,0.546,A,0.056043128371503874
GAG,E,-0.546,G,0.056043128371503874
GGA,G,0.459,A,0.06337588682148229
GGC,G,-0.383,C,0.07719827180763682
GGG,G,-0.095,G,0.08902722875113528
GGT,G,-0.154,T,0.06691969547226051
TTC,F,-0.582,C,0.07816310238409452
TTT,F,0.582,T,0.07816310238409452
TAC,Y,-0.241,C,0.08206204185479808
TAT,Y,0.241,T,0.08206204185479808
TGC,C,-0.179,C,0.19197166475768188
TGT,C,0.179,T,0.19197166475768188
