codon,amino_acid,Paenacidovorax,third_nucl,standard_error
ATA,I,1.069,A,0.2506206969523643
ATC,I,-1.077,C,0.10090912146776292
ATT,I,1.024,T,0.10795556911353478
ACA,T,1.348,A,0.15996693088106362
ACC,T,0.513,C,0.057707156915739855
ACG,T,-1.173,G,0.0627447965088855
ACT,T,1.741,T,0.1928746669579893
AAC,N,-0.663,C,0.11422041293756778
AAT,N,0.663,T,0.11422041293756778
AAA,K,2.316,A,0.11876597761797435
AAG,K,-2.316,G,0.11876597761797435
AGC,S,-0.709,C,0.06119493182218398
AGT,S,0.648,T,0.16669294773419396
TCA,S,0.916,A,0.19799767915240044
TCC,S,1.065,C,0.0659682440679631
TCG,S,-0.995,G,0.06897498292985996
TCT,S,1.32,T,0.15823345967990946
AGA,R,2.225,A,0.2855942793510469
AGG,R,0.477,G,0.19213778004466978
CGA,R,1.664,A,0.17564748273252007
CGC,R,-0.563,C,0.057081238517427364
CGG,R,-0.361,G,0.07789779764273741
CGT,R,0.784,T,0.09261328601733917
CTA,L,1.147,A,0.2635494953602926
CTC,L,0.233,C,0.047831400737159746
CTG,L,-0.828,G,0.043281835275131464
CTT,L,1.483,T,0.10557596835404319
TTA,L,1.18,A,0.3806256217275208
TTG,L,0.952,G,0.08663502613855352
CCA,P,0.878,A,0.12405793729357964
CCC,P,0.066,C,0.05586087162157181
CCG,P,-0.695,G,0.06066396058796329
CCT,P,1.076,T,0.11348591307462916
CAC,H,-0.182,C,0.09607652842525063
CAT,H,0.182,T,0.09607652842525063
CAA,Q,2.043,A,0.10282587999319641
CAG,Q,-2.043,G,0.10282587999319641
GTA,V,1.07,A,0.14944218731110526
GTC,V,0.722,C,0.061776819929975364
GTG,V,-1.172,G,0.05748525712434899
GTT,V,1.545,T,0.12249740873037854
GCA,A,1.053,A,0.07025558910532809
GCC,A,0.099,C,0.039285441993132886
GCG,A,-0.77,G,0.04478910750091463
GCT,A,0.71,T,0.0841188222579731
GAC,D,-0.468,C,0.07945439168208558
GAT,D,0.468,T,0.07945439168208558
GAA,E,1.399,A,0.0741710364403525
GAG,E,-1.399,G,0.0741710364403525
GGA,G,1.331,A,0.12077947049833591
GGC,G,-0.703,C,0.06465981228269628
GGG,G,-0.041,G,0.08908777517347637
GGT,G,0.873,T,0.10450928663464015
TTC,F,-0.997,C,0.1048055673814243
TTT,F,0.997,T,0.1048055673814243
TAC,Y,-0.171,C,0.13409663963969204
TAT,Y,0.171,T,0.13409663963969204
TGC,C,-1.13,C,0.2447895809551422
TGT,C,1.13,T,0.2447895809551422
