codon,amino_acid,Pajaroellobacter,third_nucl,standard_error
ATA,I,0.152,A,0.11733800498050771
ATC,I,-0.417,C,0.08637927427351738
ATT,I,0.326,T,0.08494927053903234
ACA,T,0.086,A,0.1019520342210834
ACC,T,-0.293,C,0.10947693593597253
ACG,T,-0.142,G,0.11884031907812037
ACT,T,0.307,T,0.10842165215227022
AAC,N,-0.015,C,0.1280023635031206
AAT,N,0.015,T,0.1280023635031206
AAA,K,0.07,A,0.09569152390350107
AAG,K,-0.07,G,0.09569152390350107
AGC,S,-0.417,C,0.11223891340472555
AGT,S,0.131,T,0.113576518221983
TCA,S,0.108,A,0.11297276480330685
TCC,S,-0.185,C,0.10231227515822135
TCG,S,-0.114,G,0.1204616092524801
TCT,S,0.275,T,0.08403097255111962
AGA,R,0.467,A,0.11998795999491634
AGG,R,0.05,G,0.1362337941983121
CGA,R,-0.054,A,0.10382354037426184
CGC,R,-0.147,C,0.10420270982414921
CGG,R,-0.366,G,0.12807652025705654
CGT,R,0.059,T,0.10006654219029956
CTA,L,0.192,A,0.11680213159042582
CTC,L,-0.33,C,0.07776134250692956
CTG,L,-0.288,G,0.09543697314765916
CTT,L,-0.016,T,0.07361647154126442
TTA,L,0.341,A,0.09645050553523776
TTG,L,0.254,G,0.08095790605451984
CCA,P,-0.033,A,0.11203822442781848
CCC,P,0.143,C,0.1118248012642784
CCG,P,-0.334,G,0.14583700689531595
CCT,P,0.063,T,0.09353096590140385
CAC,H,-0.128,C,0.1335333169628118
CAT,H,0.128,T,0.1335333169628118
CAA,Q,0.329,A,0.10797558369955228
CAG,Q,-0.329,G,0.10797558369955228
GTA,V,-0.164,A,0.10469483601535186
GTC,V,-0.441,C,0.10122447952464123
GTG,V,0.326,G,0.08348700877147025
GTT,V,0.088,T,0.08675638806926542
GCA,A,0.117,A,0.08918228877213603
GCC,A,-0.088,C,0.10465986331071374
GCG,A,-0.329,G,0.10255737065383817
GCT,A,0.175,T,0.08243605075315567
GAC,D,0.03,C,0.12969851658785264
GAT,D,-0.03,T,0.12969851658785264
GAA,E,0.324,A,0.09415387962720836
GAG,E,-0.324,G,0.09415387962720836
GGA,G,-0.02,A,0.09429291261399983
GGC,G,0.087,C,0.12118038613681108
GGG,G,-0.392,G,0.0996130694212842
GGT,G,0.399,T,0.10343585719220635
TTC,F,-0.148,C,0.10736789644723177
TTT,F,0.148,T,0.10736789644723177
TAC,Y,-0.005,C,0.14683467858052757
TAT,Y,0.005,T,0.14683467858052757
TGC,C,0.082,C,0.17336217624696937
TGT,C,-0.082,T,0.17336217624696937
