codon,amino_acid,Paludisphaera,third_nucl,standard_error
ATA,I,0.805,A,0.17282083284272318
ATC,I,-1.084,C,0.07815183728542176
ATT,I,1.083,T,0.08520683243710148
ACA,T,1.258,A,0.12520065804038397
ACC,T,-0.451,C,0.04776760027804709
ACG,T,-0.068,G,0.047217791182342164
ACT,T,1.084,T,0.1056062101555721
AAC,N,-0.922,C,0.0873847993027035
AAT,N,0.922,T,0.0873847993027035
AAA,K,1.141,A,0.07663759753990929
AAG,K,-1.141,G,0.07663759753990929
AGC,S,-0.237,C,0.05086064976183423
AGT,S,0.936,T,0.11442912545852221
TCA,S,1.132,A,0.12329183414281789
TCC,S,0.224,C,0.0563913281792206
TCG,S,-0.533,G,0.04561416477410913
TCT,S,1.192,T,0.1312162599622589
AGA,R,1.75,A,0.14723234946641392
AGG,R,0.418,G,0.09023910328690969
CGA,R,1.162,A,0.058838148384301944
CGC,R,-0.516,C,0.04147622951687584
CGG,R,-0.884,G,0.04424860027807064
CGT,R,0.747,T,0.06708663373653585
CTA,L,1.13,A,0.15687616069476806
CTC,L,-0.399,C,0.038122083496922476
CTG,L,-0.406,G,0.03739678223937861
CTT,L,0.574,T,0.06324939021650201
TTA,L,1.255,A,0.20848407144534534
TTG,L,0.863,G,0.053176556287820566
CCA,P,1.395,A,0.11287107502985338
CCC,P,-0.195,C,0.04772917032539068
CCG,P,-0.356,G,0.04628461895924182
CCT,P,0.687,T,0.08118807939868378
CAC,H,-0.774,C,0.0871482146941333
CAT,H,0.774,T,0.0871482146941333
CAA,Q,1.109,A,0.08094962587494593
CAG,Q,-1.109,G,0.08094962587494593
GTA,V,1.084,A,0.13467005120840797
GTC,V,-0.899,C,0.04296669020718467
GTG,V,0.48,G,0.04454425359150015
GTT,V,0.972,T,0.07472499583260868
GCA,A,1.483,A,0.08735760446968936
GCC,A,-0.521,C,0.036274335734685394
GCG,A,-0.017,G,0.03683775109790543
GCT,A,0.777,T,0.06831068251024779
GAC,D,-0.859,C,0.05720781069550938
GAT,D,0.859,T,0.05720781069550937
GAA,E,0.859,A,0.05274606450363667
GAG,E,-0.859,G,0.05274606450363666
GGA,G,1.021,A,0.0629699238421857
GGC,G,-0.856,C,0.04560530929590165
GGG,G,-0.047,G,0.054386723036747714
GGT,G,0.943,T,0.0729967373129053
TTC,F,-0.995,C,0.09190075713499021
TTT,F,0.995,T,0.09190075713499021
TAC,Y,-0.668,C,0.0966926678273345
TAT,Y,0.668,T,0.0966926678273345
TGC,C,-1.092,C,0.16742891822878148
TGT,C,1.092,T,0.16742891822878148
