codon,amino_acid,Paludibaculum,third_nucl,standard_error
ATA,I,1.265,A,0.13822237365127893
ATC,I,-0.733,C,0.05025199502660013
ATT,I,0.564,T,0.05195654897442401
ACA,T,0.801,A,0.06704152464120713
ACC,T,-0.224,C,0.04248873854670729
ACG,T,-0.579,G,0.04472239961373628
ACT,T,0.907,T,0.06779570212333072
AAC,N,-0.412,C,0.06354178865470518
AAT,N,0.412,T,0.0635417886547052
AAA,K,1.085,A,0.05581795457157974
AAG,K,-1.085,G,0.05581795457157974
AGC,S,-0.3,C,0.045416925943828186
AGT,S,0.684,T,0.0758880489494101
TCA,S,0.874,A,0.08358441488988134
TCC,S,0.033,C,0.04434560712145501
TCG,S,-0.665,G,0.04723905327596257
TCT,S,1.08,T,0.09106916371525156
AGA,R,2.023,A,0.10923583301608734
AGG,R,0.285,G,0.0752205057569279
CGA,R,1.203,A,0.07185397363532284
CGC,R,-0.587,C,0.037026927181303466
CGG,R,-0.591,G,0.042606579629920545
CGT,R,0.469,T,0.06017086553028964
CTA,L,1.057,A,0.09023516206431974
CTC,L,0.141,C,0.03319105371750161
CTG,L,-0.794,G,0.029642689124038696
CTT,L,0.948,T,0.05910039009916332
TTA,L,1.161,A,0.1283336251996171
TTG,L,0.397,G,0.04275247117363036
CCA,P,0.956,A,0.07466285959055897
CCC,P,-0.11,C,0.045569246718343136
CCG,P,-0.6,G,0.044170089809129495
CCT,P,0.752,T,0.06756410771126932
CAC,H,-0.313,C,0.07667443954981036
CAT,H,0.313,T,0.07667443954981036
CAA,Q,1.229,A,0.06326147747465109
CAG,Q,-1.229,G,0.06326147747465108
GTA,V,0.644,A,0.06957856365726596
GTC,V,-0.29,C,0.03994518870100373
GTG,V,-0.27,G,0.038278750303771515
GTT,V,0.753,T,0.058720164341685775
GCA,A,0.967,A,0.053573551959338946
GCC,A,-0.328,C,0.03185476635495504
GCG,A,-0.301,G,0.03371219483012629
GCT,A,0.543,T,0.04933172616791634
GAC,D,-0.299,C,0.051087739521098276
GAT,D,0.299,T,0.051087739521098276
GAA,E,0.715,A,0.04678694043665163
GAG,E,-0.715,G,0.04678694043665163
GGA,G,0.62,A,0.057358295111817066
GGC,G,-0.494,C,0.041709314640205615
GGG,G,-0.064,G,0.055174651969944845
GGT,G,0.453,T,0.059528408121985565
TTC,F,-0.676,C,0.059379236503947205
TTT,F,0.676,T,0.059379236503947205
TAC,Y,-0.154,C,0.0740361266544058
TAT,Y,0.154,T,0.07403612665440579
TGC,C,-0.949,C,0.12679653095401083
TGT,C,0.949,T,0.12679653095401083
