codon,amino_acid,Panacibacter,third_nucl,standard_error
ATA,I,0.243,A,0.04469306312532576
ATC,I,-0.019,C,0.053106595461316
ATT,I,-0.212,T,0.04273734920567551
ACA,T,0.088,A,0.05290293457987989
ACC,T,-0.068,C,0.06711768902292131
ACG,T,0.039,G,0.08226036306889335
ACT,T,-0.087,T,0.06284479043906484
AAC,N,0.268,C,0.05706088659381525
AAT,N,-0.268,T,0.05706088659381525
AAA,K,0.065,A,0.051883388620245406
AAG,K,-0.065,G,0.051883388620245406
AGC,S,-0.223,C,0.06592473161512742
AGT,S,-0.279,T,0.06396714852061634
TCA,S,0.377,A,0.06075070028510737
TCC,S,0.204,C,0.08990357195278365
TCG,S,0.253,G,0.10711760847795325
TCT,S,-0.124,T,0.0645135650149048
AGA,R,0.444,A,0.07028870189841761
AGG,R,-0.003,G,0.09469921331898304
CGA,R,0.498,A,0.1327229548389061
CGC,R,-0.412,C,0.08954215490344905
CGG,R,-0.017,G,0.13743801629850527
CGT,R,-0.483,T,0.08583695879987918
CTA,L,0.584,A,0.08009423626682219
CTC,L,0.198,C,0.07640298550000159
CTG,L,-0.325,G,0.05548959998385179
CTT,L,-0.204,T,0.0465273515800419
TTA,L,0.279,A,0.04360537399651276
TTG,L,-0.219,G,0.05184221461064353
CCA,P,0.247,A,0.08070644993739895
CCC,P,-0.025,C,0.1022566774686042
CCG,P,-0.104,G,0.09325680841807628
CCT,P,-0.14,T,0.07782736134093705
CAC,H,0.25,C,0.1010740641316088
CAT,H,-0.25,T,0.1010740641316088
CAA,Q,0.479,A,0.06660018624072275
CAG,Q,-0.479,G,0.06660018624072275
GTA,V,-0.027,A,0.054423510615313093
GTC,V,0.668,C,0.12798808231421865
GTG,V,-0.313,G,0.06923218147238114
GTT,V,0.103,T,0.055128710929685784
GCA,A,0.141,A,0.050356379802407536
GCC,A,-0.105,C,0.07123235949082296
GCG,A,-0.138,G,0.08186057722584214
GCT,A,-0.047,T,0.058081171421537285
GAC,D,0.412,C,0.07375003038990377
GAT,D,-0.412,T,0.07375003038990377
GAA,E,0.209,A,0.07457787713027474
GAG,E,-0.209,G,0.07457787713027474
GGA,G,0.478,A,0.07211682580815619
GGC,G,-0.248,C,0.0709908011581702
GGG,G,0.052,G,0.10755956624023703
GGT,G,-0.182,T,0.06537028509791964
TTC,F,0.113,C,0.06246015262562666
TTT,F,-0.113,T,0.06246015262562666
TAC,Y,0.361,C,0.07259504340641275
TAT,Y,-0.361,T,0.07259504340641276
TGC,C,-0.085,C,0.1295530085382022
TGT,C,0.085,T,0.1295530085382022
