codon,amino_acid,Pandoraea,third_nucl,standard_error
ATA,I,0.83,A,0.17013261110518144
ATC,I,-0.592,C,0.05855448101703831
ATT,I,0.511,T,0.06002239834070002
ACA,T,0.621,A,0.08476581483514349
ACC,T,0.308,C,0.050276077010348044
ACG,T,-0.858,G,0.0483069243108078
ACT,T,1.342,T,0.10705623675558931
AAC,N,-0.494,C,0.07488763570887058
AAT,N,0.494,T,0.07488763570887058
AAA,K,1.349,A,0.0697176489554365
AAG,K,-1.349,G,0.06971764895543651
AGC,S,-0.295,C,0.054859568212773074
AGT,S,0.335,T,0.08853051296143262
TCA,S,0.978,A,0.11378835166305114
TCC,S,0.858,C,0.06600512733512397
TCG,S,-0.945,G,0.05026668750893057
TCT,S,1.213,T,0.11587319129697414
AGA,R,1.742,A,0.16937815743954882
AGG,R,0.531,G,0.15908322719542764
CGA,R,0.739,A,0.07630982849162862
CGC,R,-0.271,C,0.04438079550699518
CGG,R,-0.307,G,0.06854578509605501
CGT,R,-0.106,T,0.052533468669032954
CTA,L,0.38,A,0.12655346288044633
CTC,L,-0.134,C,0.04084499445810893
CTG,L,-0.402,G,0.03746626766549817
CTT,L,0.812,T,0.06686759288169261
TTA,L,0.685,A,0.1508118425120163
TTG,L,0.312,G,0.051919083021156796
CCA,P,0.897,A,0.10416622042653184
CCC,P,0.492,C,0.056652972309381384
CCG,P,-0.991,G,0.052143458057257196
CCT,P,0.927,T,0.08963117889356943
CAC,H,-0.025,C,0.07799288147480933
CAT,H,0.025,T,0.07799288147480933
CAA,Q,1.031,A,0.06462852107663135
CAG,Q,-1.031,G,0.06462852107663135
GTA,V,0.691,A,0.08807332113279284
GTC,V,-0.013,C,0.046203313893386735
GTG,V,-0.575,G,0.045513458514919024
GTT,V,1.047,T,0.07570063560789722
GCA,A,0.505,A,0.0506296488978452
GCC,A,0.091,C,0.03688328443100591
GCG,A,-0.683,G,0.037884340723228806
GCT,A,0.86,T,0.0632938925411569
GAC,D,-0.274,C,0.05592184986947794
GAT,D,0.274,T,0.05592184986947794
GAA,E,0.631,A,0.05734554173391356
GAG,E,-0.631,G,0.05734554173391357
GGA,G,0.816,A,0.08119218072780193
GGC,G,-0.313,C,0.05020057215002716
GGG,G,-0.167,G,0.06980643493018711
GGT,G,0.159,T,0.06428091908614963
TTC,F,-0.697,C,0.07341907809822881
TTT,F,0.697,T,0.07341907809822881
TAC,Y,-0.089,C,0.08757166561980509
TAT,Y,0.089,T,0.08757166561980509
TGC,C,-0.602,C,0.1625773969868217
TGT,C,0.602,T,0.1625773969868217
