codon,amino_acid,Pantoea,third_nucl,standard_error
ATA,I,0.794,A,0.09302659835990786
ATC,I,-0.328,C,0.053662364487775095
ATT,I,0.035,T,0.05241971385968079
ACA,T,0.783,A,0.07426375316459072
ACC,T,-0.482,C,0.05471405114666258
ACG,T,-0.428,G,0.05773824427787835
ACT,T,0.777,T,0.0794271608225368
AAC,N,-0.306,C,0.06479911016008874
AAT,N,0.306,T,0.06479911016008874
AAA,K,0.362,A,0.06354650158621392
AAG,K,-0.362,G,0.06354650158621393
AGC,S,-0.498,C,0.05788975539890901
AGT,S,0.258,T,0.06775863101652513
TCA,S,0.457,A,0.0683456501384797
TCC,S,-0.123,C,0.07462180569144043
TCG,S,-0.423,G,0.07251767212693962
TCT,S,0.497,T,0.07357855168394435
AGA,R,1.128,A,0.10710152022005401
AGG,R,0.101,G,0.12862019097841926
CGA,R,0.688,A,0.10547223064136167
CGC,R,-0.378,C,0.05530068308668052
CGG,R,-0.506,G,0.0858879226896467
CGT,R,0.04,T,0.05669091538347477
CTA,L,0.602,A,0.11544732590875866
CTC,L,0.161,C,0.06353930498948145
CTG,L,-0.916,G,0.03942030455693172
CTT,L,0.465,T,0.05687235797625167
TTA,L,0.877,A,0.057456027441355584
TTG,L,0.318,G,0.061495495654733896
CCA,P,0.458,A,0.08289132936427111
CCC,P,0.104,C,0.07248045213148101
CCG,P,-0.634,G,0.06511915734486695
CCT,P,0.364,T,0.07393831374651746
CAC,H,0.083,C,0.0847207233143672
CAT,H,-0.083,T,0.0847207233143672
CAA,Q,1.101,A,0.06709217521345016
CAG,Q,-1.101,G,0.06709217521345018
GTA,V,0.473,A,0.07069845836963853
GTC,V,-0.353,C,0.06017021309141951
GTG,V,-0.263,G,0.05237044655472636
GTT,V,0.338,T,0.058386647952655406
GCA,A,0.601,A,0.053110993365973615
GCC,A,-0.289,C,0.04742751547809182
GCG,A,-0.5,G,0.048671652119482205
GCT,A,0.465,T,0.05889269808795735
GAC,D,-0.06,C,0.061041484739352635
GAT,D,0.06,T,0.061041484739352635
GAA,E,0.48,A,0.06463451342788824
GAG,E,-0.48,G,0.06463451342788824
GGA,G,0.655,A,0.08006797168812176
GGC,G,-0.519,C,0.05922754921855186
GGG,G,-0.107,G,0.08651893621607673
GGT,G,0.269,T,0.06296612082910956
TTC,F,-0.381,C,0.06785247073902045
TTT,F,0.381,T,0.06785247073902045
TAC,Y,-0.089,C,0.0844200276891949
TAT,Y,0.089,T,0.0844200276891949
TGC,C,-0.516,C,0.13074218851559813
TGT,C,0.516,T,0.13074218851559813
