codon,amino_acid,Paradevosia,third_nucl,standard_error
ATA,I,1.336,A,0.16555087770922725
ATC,I,-0.972,C,0.06952709194606059
ATT,I,0.799,T,0.07423327667588897
ACA,T,0.982,A,0.12000608129357049
ACC,T,-0.086,C,0.052891958891681766
ACG,T,-0.588,G,0.0574814278815821
ACT,T,1.267,T,0.11434112226970644
AAC,N,-0.085,C,0.0785855313405282
AAT,N,0.085,T,0.0785855313405282
AAA,K,1.293,A,0.08882626629227056
AAG,K,-1.293,G,0.08882626629227056
AGC,S,0.02,C,0.05915102487695572
AGT,S,0.901,T,0.14666229059267133
TCA,S,0.78,A,0.13427094712585433
TCC,S,0.242,C,0.06225595106106462
TCG,S,-0.802,G,0.059476511147280864
TCT,S,1.065,T,0.1476932979927009
AGA,R,2.13,A,0.22318284857305984
AGG,R,0.9,G,0.1201115635589965
CGA,R,0.68,A,0.115153985755272
CGC,R,-0.554,C,0.050902428094485176
CGG,R,-0.298,G,0.06529396957696888
CGT,R,0.493,T,0.0771349576233712
CTA,L,0.715,A,0.13693391398022584
CTC,L,-0.344,C,0.040971925105719204
CTG,L,-0.473,G,0.041393206283948235
CTT,L,0.712,T,0.06343408467078342
TTA,L,1.555,A,0.34698044844468084
TTG,L,1.143,G,0.07605995252497247
CCA,P,0.612,A,0.10995066563310381
CCC,P,0.223,C,0.05914327760886302
CCG,P,-0.6,G,0.0578606720859332
CCT,P,0.679,T,0.106170338186845
CAC,H,-0.004,C,0.09708752483238907
CAT,H,0.004,T,0.09708752483238908
CAA,Q,1.426,A,0.10080753871137826
CAG,Q,-1.426,G,0.10080753871137826
GTA,V,0.889,A,0.11123929332326392
GTC,V,-0.289,C,0.04907557840316069
GTG,V,-0.364,G,0.0504715025027401
GTT,V,0.92,T,0.07220871058842776
GCA,A,0.943,A,0.06617133799940657
GCC,A,-0.317,C,0.03870569244653769
GCG,A,-0.38,G,0.04323942381475154
GCT,A,0.723,T,0.06399513988643184
GAC,D,-0.079,C,0.0573053026287777
GAT,D,0.079,T,0.0573053026287777
GAA,E,0.631,A,0.06030666864113761
GAG,E,-0.631,G,0.06030666864113761
GGA,G,1.245,A,0.09745435943217597
GGC,G,-0.648,C,0.05402088568814165
GGG,G,0.022,G,0.07244646456593386
GGT,G,0.496,T,0.0772144515595709
TTC,F,-1.067,C,0.0903466189295127
TTT,F,1.067,T,0.09034661892951269
TAC,Y,0.113,C,0.09536279568020829
TAT,Y,-0.113,T,0.09536279568020829
TGC,C,-0.707,C,0.25563535848086133
TGT,C,0.707,T,0.25563535848086133
