codon,amino_acid,Parabacteroides,third_nucl,standard_error
ATA,I,0.784,A,0.04490092397755911
ATC,I,-0.939,C,0.04417690459027834
ATT,I,0.145,T,0.043738252764935974
ACA,T,0.912,A,0.052241577430137555
ACC,T,-0.745,C,0.06263797974423704
ACG,T,-0.488,G,0.06298998203766804
ACT,T,-0.085,T,0.06138173173348338
AAC,N,-0.21,C,0.05149191443283858
AAT,N,0.21,T,0.05149191443283858
AAA,K,0.32,A,0.04193590431594304
AAG,K,-0.32,G,0.04193590431594304
AGC,S,-0.258,C,0.06831403311499874
AGT,S,0.327,T,0.06114393039520916
TCA,S,0.76,A,0.06697960119474482
TCC,S,-0.522,C,0.07158441832805423
TCG,S,-0.492,G,0.07481252232716624
TCT,S,-0.025,T,0.06298283799807776
AGA,R,1.888,A,0.07078563608562342
AGG,R,0.24,G,0.09236639287119894
CGA,R,0.942,A,0.10952744724641333
CGC,R,-1.176,C,0.08536712232552286
CGG,R,-0.709,G,0.08662169817623246
CGT,R,-1.174,T,0.06782184485454125
CTA,L,0.779,A,0.07655173297065512
CTC,L,-0.278,C,0.06610920415333989
CTG,L,-1.008,G,0.04220042828178664
CTT,L,0.089,T,0.053203960327060325
TTA,L,1.09,A,0.0458895492551594
TTG,L,-0.225,G,0.043589272613759306
CCA,P,0.852,A,0.10344275659893679
CCC,P,0.105,C,0.089237026646661
CCG,P,-0.684,G,0.0770405180707539
CCT,P,0.188,T,0.07818025643428096
CAC,H,0.23,C,0.10248946050743658
CAT,H,-0.23,T,0.10248946050743658
CAA,Q,1.009,A,0.06680957547163824
CAG,Q,-1.009,G,0.06680957547163824
GTA,V,0.632,A,0.051079285854082716
GTC,V,-0.473,C,0.06543014689147361
GTG,V,-0.657,G,0.06117726768863285
GTT,V,0.175,T,0.05539723824305308
GCA,A,0.8,A,0.05308940692795673
GCC,A,-0.585,C,0.0580593187476555
GCG,A,-0.139,G,0.07272979565480756
GCT,A,-0.246,T,0.056644714640080085
GAC,D,-0.184,C,0.059554212073799156
GAT,D,0.184,T,0.059554212073799156
GAA,E,0.43,A,0.05636176977153532
GAG,E,-0.43,G,0.05636176977153533
GGA,G,0.472,A,0.0573509954706047
GGC,G,-0.301,C,0.07259126522772084
GGG,G,-0.246,G,0.08512415755630338
GGT,G,-0.174,T,0.06110486172721503
TTC,F,-0.671,C,0.053482873613343196
TTT,F,0.671,T,0.053482873613343196
TAC,Y,0.031,C,0.06257949564798812
TAT,Y,-0.031,T,0.06257949564798812
TGC,C,-0.167,C,0.10709757423137267
TGT,C,0.167,T,0.10709757423137267
