codon,amino_acid,Parascardovia,third_nucl,standard_error
ATA,I,0.672,A,0.16225401739618805
ATC,I,-0.796,C,0.10164127760667752
ATT,I,0.669,T,0.11420391749681802
ACA,T,1.413,A,0.153656707704282
ACC,T,-1.131,C,0.08923045126871912
ACG,T,0.253,G,0.10563786506593364
ACT,T,0.641,T,0.1202119500950373
AAC,N,-0.619,C,0.11862267170632239
AAT,N,0.619,T,0.11862267170632237
AAA,K,0.579,A,0.09838314828726964
AAG,K,-0.579,G,0.09838314828726966
AGC,S,0.043,C,0.1003686869372588
AGT,S,0.768,T,0.16373097881547405
TCA,S,0.761,A,0.1525011974252818
TCC,S,-0.77,C,0.08579846761535617
TCG,S,-0.019,G,0.12234590819126759
TCT,S,0.652,T,0.13665490609001715
AGA,R,1.631,A,0.19965518870136825
AGG,R,0.117,G,0.12684392160384209
CGA,R,0.852,A,0.16516157546171617
CGC,R,-0.549,C,0.1010144094566496
CGG,R,-0.629,G,0.11191211146177947
CGT,R,0.154,T,0.11720567107741726
CTA,L,0.127,A,0.2526549318253733
CTC,L,-0.075,C,0.0987358988986391
CTG,L,-0.707,G,0.08473089661825765
CTT,L,0.474,T,0.10566229758405964
TTA,L,1.184,A,0.19269736055381048
TTG,L,0.286,G,0.0956660039904262
CCA,P,1.259,A,0.16651068751395226
CCC,P,-0.578,C,0.10990732918609855
CCG,P,-0.298,G,0.11842294302945751
CCT,P,0.263,T,0.12126397745236701
CAC,H,-0.336,C,0.15935341036765724
CAT,H,0.336,T,0.15935341036765727
CAA,Q,0.678,A,0.11657372280937589
CAG,Q,-0.678,G,0.11657372280937588
GTA,V,1.263,A,0.19341926252009065
GTC,V,-0.823,C,0.08886882188742272
GTG,V,0.101,G,0.0882965065310739
GTT,V,0.871,T,0.12781590831243556
GCA,A,1.723,A,0.12491599617064078
GCC,A,-1.217,C,0.07926964964255857
GCG,A,0.242,G,0.09613237458581961
GCT,A,0.387,T,0.09973808205380946
GAC,D,-0.662,C,0.08824035354863895
GAT,D,0.662,T,0.08824035354863895
GAA,E,0.648,A,0.09502094799210259
GAG,E,-0.648,G,0.09502094799210259
GGA,G,0.816,A,0.11251132526759317
GGC,G,-0.448,C,0.09245619242427076
GGG,G,-0.483,G,0.10604807754087367
GGT,G,0.456,T,0.11615009884623707
TTC,F,-0.945,C,0.14868124292912432
TTT,F,0.945,T,0.14868124292912432
TAC,Y,-0.313,C,0.1486232208210908
TAT,Y,0.313,T,0.1486232208210908
TGC,C,-0.398,C,0.31246740271199747
TGT,C,0.398,T,0.31246740271199747
