codon,amino_acid,Paraliobacillus,third_nucl,standard_error
ATA,I,0.442,A,0.05355280868964829
ATC,I,-0.145,C,0.06584422424928957
ATT,I,-0.292,T,0.048716055634461956
ACA,T,0.283,A,0.06159167396124872
ACC,T,-0.219,C,0.10807780219579462
ACG,T,-0.136,G,0.08189378702175042
ACT,T,-0.185,T,0.0721932294036443
AAC,N,-0.023,C,0.07447502475516689
AAT,N,0.023,T,0.07447502475516687
AAA,K,0.203,A,0.058621571460194435
AAG,K,-0.203,G,0.058621571460194435
AGC,S,0.053,C,0.11152943729716526
AGT,S,0.129,T,0.06779748672376952
TCA,S,0.144,A,0.06927500170268713
TCC,S,0.013,C,0.12184568002120331
TCG,S,-0.163,G,0.11660505053233933
TCT,S,-0.283,T,0.07495688321233628
AGA,R,0.42,A,0.08062552122337611
AGG,R,0.534,G,0.15120387223006254
CGA,R,-0.138,A,0.09799165532112386
CGC,R,0.112,C,0.13736202196858813
CGG,R,-0.378,G,0.17178200138977257
CGT,R,-0.459,T,0.08290000767999518
CTA,L,-0.009,A,0.0675461993378071
CTC,L,-0.317,C,0.13462395690357498
CTG,L,0.113,G,0.1200463835027266
CTT,L,-0.369,T,0.06639504806181867
TTA,L,-0.02,A,0.04612032481627767
TTG,L,0.396,G,0.061656518148063943
CCA,P,0.195,A,0.08990896325352768
CCC,P,0.135,C,0.18301093281526729
CCG,P,0.01,G,0.1294805229425004
CCT,P,-0.283,T,0.10008817137133873
CAC,H,-0.043,C,0.1261367300525149
CAT,H,0.043,T,0.1261367300525149
CAA,Q,0.007,A,0.09000699254528916
CAG,Q,-0.007,G,0.09000699254528916
GTA,V,0.194,A,0.05929775146909984
GTC,V,-0.176,C,0.09967547298813885
GTG,V,0.707,G,0.0770915750260408
GTT,V,-0.549,T,0.058786819469371754
GCA,A,0.259,A,0.06458411073207948
GCC,A,0.014,C,0.12572572311328342
GCG,A,-0.264,G,0.09765216241915636
GCT,A,-0.164,T,0.06904471211317602
GAC,D,-0.244,C,0.08435203701433702
GAT,D,0.244,T,0.08435203701433702
GAA,E,0.144,A,0.07016264227910575
GAG,E,-0.144,G,0.07016264227910575
GGA,G,0.284,A,0.06889470791211658
GGC,G,-0.09,C,0.10105694479732524
GGG,G,-0.015,G,0.1059525016766395
GGT,G,-0.217,T,0.06659472184320214
TTC,F,-0.094,C,0.08418030694525491
TTT,F,0.094,T,0.08418030694525491
TAC,Y,0.072,C,0.09610703277203039
TAT,Y,-0.072,T,0.09610703277203039
TGC,C,-0.225,C,0.23723197442887917
TGT,C,0.225,T,0.23723197442887917
