codon,amino_acid,Paracoccus,third_nucl,standard_error
ATA,I,0.904,A,0.17148491904828553
ATC,I,-1.123,C,0.08363159635912137
ATT,I,1.119,T,0.09331510875291259
ACA,T,1.303,A,0.13470798352353344
ACC,T,-0.134,C,0.05189089416024119
ACG,T,-0.328,G,0.055747169617771146
ACT,T,0.967,T,0.14483146273207376
AAC,N,-0.252,C,0.0891397052015599
AAT,N,0.252,T,0.08913970520155991
AAA,K,1.28,A,0.08497392797901622
AAG,K,-1.28,G,0.08497392797901622
AGC,S,0.053,C,0.057588944355488815
AGT,S,0.511,T,0.15087272807808738
TCA,S,1.087,A,0.1721728179659308
TCC,S,0.573,C,0.06653871389712758
TCG,S,-0.921,G,0.057919050113255564
TCT,S,1.064,T,0.14749294589857517
AGA,R,2.249,A,0.18532910179116538
AGG,R,0.581,G,0.09528495006219555
CGA,R,1.092,A,0.11843027410704789
CGC,R,-0.315,C,0.04341617207713368
CGG,R,-0.547,G,0.051250205474605036
CGT,R,0.601,T,0.08069604047888852
CTA,L,0.555,A,0.18946982350823616
CTC,L,0.333,C,0.056703204691049405
CTG,L,-0.881,G,0.03975949923594124
CTT,L,0.975,T,0.05702584810586666
TTA,L,1.589,A,0.49025322530283644
TTG,L,0.527,G,0.0684752614435492
CCA,P,0.932,A,0.12573324586714588
CCC,P,0.306,C,0.05125031880345315
CCG,P,-0.66,G,0.05103556843885539
CCT,P,0.795,T,0.10886986757734306
CAC,H,0.223,C,0.08387562908597758
CAT,H,-0.223,T,0.08387562908597758
CAA,Q,0.598,A,0.08319776724980002
CAG,Q,-0.598,G,0.08319776724980002
GTA,V,0.906,A,0.1632127925547677
GTC,V,-0.006,C,0.04961173419278984
GTG,V,-0.508,G,0.05089826567476749
GTT,V,1.238,T,0.09065620664349668
GCA,A,1.024,A,0.06580709825107925
GCC,A,0.015,C,0.03581240313426591
GCG,A,-0.563,G,0.03816586203737547
GCT,A,0.832,T,0.08302935727654168
GAC,D,-0.19,C,0.05408741757778198
GAT,D,0.19,T,0.05408741757778198
GAA,E,0.931,A,0.05686464227185475
GAG,E,-0.931,G,0.05686464227185475
GGA,G,1.188,A,0.08673745522542001
GGC,G,-0.545,C,0.04896375772192639
GGG,G,-0.036,G,0.05975669017315234
GGT,G,0.51,T,0.08303810067531536
TTC,F,-0.619,C,0.07949502879295309
TTT,F,0.619,T,0.07949502879295309
TAC,Y,0.081,C,0.09626118629616717
TAT,Y,-0.081,T,0.09626118629616717
TGC,C,-0.597,C,0.2064455339675322
TGT,C,0.597,T,0.2064455339675322
