codon,amino_acid,Parasphaerochaeta,third_nucl,standard_error
ATA,I,0.482,A,0.08952075804524919
ATC,I,-0.424,C,0.07572962318116062
ATT,I,0.076,T,0.07824805179883669
ACA,T,0.729,A,0.09422294091295216
ACC,T,-0.514,C,0.0945865615207462
ACG,T,-0.312,G,0.09784815821178192
ACT,T,0.065,T,0.10425866684424993
AAC,N,-0.094,C,0.10282500040258068
AAT,N,0.094,T,0.10282500040258068
AAA,K,0.65,A,0.07944077291175748
AAG,K,-0.65,G,0.07944077291175747
AGC,S,0.068,C,0.09519118989991035
AGT,S,0.553,T,0.11803720487985062
TCA,S,0.306,A,0.10568941235432235
TCC,S,-0.474,C,0.0900102550939607
TCG,S,-0.414,G,0.14539562867988912
TCT,S,0.061,T,0.11685202553055161
AGA,R,1.151,A,0.11494445205814749
AGG,R,-0.052,G,0.11381962927027565
CGA,R,0.504,A,0.17248674413521492
CGC,R,-0.515,C,0.10376042066359935
CGG,R,-0.459,G,0.11737539807229651
CGT,R,-0.307,T,0.10348600759132283
CTA,L,0.917,A,0.19639324939620587
CTC,L,-0.422,C,0.09944638108594483
CTG,L,-0.31,G,0.07259254426399075
CTT,L,-0.061,T,0.07705976255681121
TTA,L,1.018,A,0.15917147283336952
TTG,L,0.29,G,0.08337732395000651
CCA,P,0.799,A,0.1439885462583286
CCC,P,-0.127,C,0.1224952855044532
CCG,P,-0.13,G,0.12610661820482194
CCT,P,-0.322,T,0.1217417164052981
CAC,H,0.079,C,0.1517919261845985
CAT,H,-0.079,T,0.1517919261845985
CAA,Q,0.355,A,0.1293175127531904
CAG,Q,-0.355,G,0.1293175127531904
GTA,V,0.4,A,0.0968059659250656
GTC,V,-0.62,C,0.08071071274232054
GTG,V,0.177,G,0.0852312474249223
GTT,V,0.271,T,0.09453305169129435
GCA,A,0.869,A,0.08701593899037093
GCC,A,-0.809,C,0.08895654818014433
GCG,A,-0.149,G,0.09196129297053908
GCT,A,0.102,T,0.09283556836151531
GAC,D,-0.066,C,0.0889459895066087
GAT,D,0.066,T,0.08894598950660872
GAA,E,0.522,A,0.09194081960028092
GAG,E,-0.522,G,0.09194081960028092
GGA,G,0.244,A,0.08613343692056734
GGC,G,-0.235,C,0.09532127903338779
GGG,G,-0.175,G,0.11645266436098313
GGT,G,0.07,T,0.10090280393163577
TTC,F,-0.439,C,0.10186613413127626
TTT,F,0.439,T,0.10186613413127628
TAC,Y,-0.161,C,0.125875742901521
TAT,Y,0.161,T,0.125875742901521
TGC,C,-0.664,C,0.21285186060197153
TGT,C,0.664,T,0.21285186060197153
