codon,amino_acid,Paraurantiacibacter,third_nucl,standard_error
ATA,I,0.782,A,0.17539688513779547
ATC,I,-0.676,C,0.09386955339183514
ATT,I,0.551,T,0.10494799883847183
ACA,T,0.955,A,0.12556564937736808
ACC,T,0.108,C,0.0713069210310167
ACG,T,-0.784,G,0.07622679584435416
ACT,T,0.889,T,0.15662672631875507
AAC,N,0.087,C,0.10985241198347875
AAT,N,-0.087,T,0.10985241198347877
AAA,K,1.292,A,0.11505819650818175
AAG,K,-1.292,G,0.11505819650818175
AGC,S,-0.321,C,0.07341435699919943
AGT,S,0.589,T,0.18188806671652077
TCA,S,0.76,A,0.19230549735955438
TCC,S,0.189,C,0.08120700808582465
TCG,S,-0.267,G,0.08935944652235808
TCT,S,0.667,T,0.18379387072801104
AGA,R,1.817,A,0.32877889336109806
AGG,R,0.881,G,0.1705495327895716
CGA,R,0.779,A,0.18549467577832612
CGC,R,-0.451,C,0.0670277101965988
CGG,R,-0.248,G,0.08480655441120714
CGT,R,0.621,T,0.11195782303118085
CTA,L,0.59,A,0.19816423525732332
CTC,L,0.599,C,0.06744698849234615
CTG,L,-1.038,G,0.056595284069480396
CTT,L,0.734,T,0.08631042083342799
TTA,L,0.999,A,0.3694038492995265
TTG,L,0.767,G,0.10613184033866759
CCA,P,0.788,A,0.1507983639290426
CCC,P,0.275,C,0.07715991801432265
CCG,P,-0.72,G,0.07593404800697652
CCT,P,0.729,T,0.13526639597364506
CAC,H,0.191,C,0.12741685467550176
CAT,H,-0.191,T,0.12741685467550176
CAA,Q,1.231,A,0.13663720039103602
CAG,Q,-1.231,G,0.13663720039103602
GTA,V,0.965,A,0.15103640180952302
GTC,V,0.161,C,0.07143941966010632
GTG,V,-0.515,G,0.07052641344679132
GTT,V,0.432,T,0.12207405563391117
GCA,A,0.68,A,0.06730656776727947
GCC,A,-0.011,C,0.04912845458088591
GCG,A,-0.639,G,0.05368627991550307
GCT,A,0.623,T,0.09262913446130801
GAC,D,-0.024,C,0.07434496908228971
GAT,D,0.024,T,0.0743449690822897
GAA,E,0.871,A,0.07814312632220369
GAG,E,-0.871,G,0.07814312632220369
GGA,G,0.901,A,0.11386913563232719
GGC,G,-0.527,C,0.06827991820555984
GGG,G,0.06,G,0.09319879784560979
GGT,G,0.367,T,0.09942403701580972
TTC,F,-0.71,C,0.12089204299109718
TTT,F,0.71,T,0.12089204299109718
TAC,Y,0.261,C,0.13685348369045386
TAT,Y,-0.261,T,0.13685348369045386
TGC,C,-0.737,C,0.2750140534622797
TGT,C,0.737,T,0.2750140534622797
