codon,amino_acid,Paraclostridium,third_nucl,standard_error
ATA,I,-0.046,A,0.0484060036406188
ATC,I,-0.221,C,0.11435220858411638
ATT,I,0.092,T,0.050216847674128505
ACA,T,0.11,A,0.07102491368279887
ACC,T,0.05,C,0.20188191032607747
ACG,T,0.506,G,0.14945689175981203
ACT,T,-0.236,T,0.07169418058765681
AAC,N,-0.109,C,0.06921393736824963
AAT,N,0.109,T,0.06921393736824963
AAA,K,0.12,A,0.056799110053326884
AAG,K,-0.12,G,0.05679911005332689
AGC,S,0.383,C,0.10500713334070737
AGT,S,0.332,T,0.06394791961257089
TCA,S,-0.067,A,0.06916322054617158
TCC,S,-0.187,C,0.23019133144367598
TCG,S,0.684,G,0.17800658904785766
TCT,S,-0.632,T,0.07373585679007776
AGA,R,-0.325,A,0.10840460138994149
AGG,R,0.464,G,0.1445978814276087
CGA,R,0.302,A,0.26230296840201633
CGC,R,0.599,C,0.5493085965181482
CGG,R,1.006,G,0.6679685889080306
CGT,R,-0.158,T,0.19137977628569652
CTA,L,-0.062,A,0.07455375086973445
CTC,L,-0.096,C,0.36021029561936674
CTG,L,0.215,G,0.2069583455012057
CTT,L,-0.645,T,0.0719829897815596
TTA,L,-0.002,A,0.04965738483333457
TTG,L,0.851,G,0.0838621226523687
CCA,P,0.246,A,0.112105244769712
CCC,P,0.43,C,0.34013781987746944
CCG,P,-0.237,G,0.2662182063127976
CCT,P,-0.259,T,0.11518604427708025
CAC,H,-0.011,C,0.1789322164404441
CAT,H,0.011,T,0.1789322164404441
CAA,Q,-0.15,A,0.15693469854470526
CAG,Q,0.15,G,0.15693469854470526
GTA,V,0.032,A,0.06100694592622066
GTC,V,0.003,C,0.17844185483079916
GTG,V,0.939,G,0.11512268098992137
GTT,V,-0.329,T,0.06209286668049475
GCA,A,0.234,A,0.07602574758727826
GCC,A,0.219,C,0.201185201543967
GCG,A,0.306,G,0.1652869382102414
GCT,A,-0.336,T,0.07715273655472908
GAC,D,-0.136,C,0.09260229791571029
GAT,D,0.136,T,0.09260229791571029
GAA,E,0.045,A,0.07516933079112371
GAG,E,-0.045,G,0.07516933079112371
GGA,G,-0.079,A,0.06883014896632089
GGC,G,-0.03,C,0.14767771506569002
GGG,G,0.14,G,0.11025331829245397
GGT,G,0.039,T,0.07554088470880367
TTC,F,-0.431,C,0.1111229967097338
TTT,F,0.431,T,0.1111229967097338
TAC,Y,0.023,C,0.09677822184753843
TAT,Y,-0.023,T,0.09677822184753843
TGC,C,-0.166,C,0.16837436859806998
TGT,C,0.166,T,0.16837436859806998
