codon,amino_acid,Parageobacillus,third_nucl,standard_error
ATA,I,0.432,A,0.07122424311381585
ATC,I,-0.116,C,0.05427049485034785
ATT,I,-0.121,T,0.050078136858681795
ACA,T,0.417,A,0.06591980009822088
ACC,T,-0.487,C,0.09550627425076424
ACG,T,-0.21,G,0.06591795319926737
ACT,T,0.058,T,0.09421278627399812
AAC,N,-0.224,C,0.07143752704905333
AAT,N,0.224,T,0.07143752704905332
AAA,K,0.027,A,0.06005041803097049
AAG,K,-0.027,G,0.06005041803097049
AGC,S,-0.215,C,0.07626574818788577
AGT,S,0.451,T,0.09647999623419454
TCA,S,0.469,A,0.08599811364634978
TCC,S,-0.282,C,0.08678512658327184
TCG,S,-0.25,G,0.07929186280995858
TCT,S,0.011,T,0.08602193057406744
AGA,R,0.622,A,0.08504426016532118
AGG,R,0.346,G,0.1262657115406885
CGA,R,0.707,A,0.09579295984541841
CGC,R,-0.764,C,0.0693616252462731
CGG,R,-0.296,G,0.07882660844226495
CGT,R,0.126,T,0.08150878872728688
CTA,L,0.434,A,0.0965235480349889
CTC,L,-0.488,C,0.08697563792451851
CTG,L,-0.336,G,0.06660112251456045
CTT,L,-0.238,T,0.0573616319034967
TTA,L,0.079,A,0.04920265233491837
TTG,L,0.348,G,0.05109172447430706
CCA,P,0.593,A,0.08507329267699477
CCC,P,0.067,C,0.1586560028742023
CCG,P,-0.541,G,0.08103853855398664
CCT,P,-0.001,T,0.09970716059985531
CAC,H,-0.31,C,0.11228848175194203
CAT,H,0.31,T,0.11228848175194203
CAA,Q,0.173,A,0.07818623857361147
CAG,Q,-0.173,G,0.07818623857361147
GTA,V,0.239,A,0.0689829840316002
GTC,V,-0.532,C,0.06386281494807726
GTG,V,0.294,G,0.0553743302617375
GTT,V,-0.044,T,0.05795213940370919
GCA,A,0.495,A,0.06124315122905766
GCC,A,-0.395,C,0.07468343397496628
GCG,A,-0.335,G,0.058013139316132264
GCT,A,0.21,T,0.06917334292632742
GAC,D,-0.142,C,0.07663478422939402
GAT,D,0.142,T,0.07663478422939402
GAA,E,0.141,A,0.06395484740447442
GAG,E,-0.141,G,0.06395484740447442
GGA,G,0.183,A,0.06389799225203414
GGC,G,-0.274,C,0.06820065836168064
GGG,G,-0.155,G,0.07770700444453958
GGT,G,0.294,T,0.08380817338950386
TTC,F,-0.095,C,0.07907017933624601
TTT,F,0.095,T,0.07907017933624601
TAC,Y,-0.155,C,0.08430139547151846
TAT,Y,0.155,T,0.08430139547151845
TGC,C,-0.379,C,0.15722285301863406
TGT,C,0.379,T,0.15722285301863406
