codon,amino_acid,Parasphingopyxis,third_nucl,standard_error
ATA,I,0.625,A,0.11121647814388816
ATC,I,-0.758,C,0.0700251307432794
ATT,I,0.677,T,0.08118817811562139
ACA,T,0.913,A,0.1189425890583215
ACC,T,0.07,C,0.059873717519417044
ACG,T,-0.598,G,0.062109770760945315
ACT,T,1.01,T,0.14279927078856816
AAC,N,-0.1,C,0.09120777922628784
AAT,N,0.1,T,0.09120777922628784
AAA,K,1.05,A,0.08301009089434595
AAG,K,-1.05,G,0.08301009089434595
AGC,S,-0.098,C,0.06387045876111658
AGT,S,0.327,T,0.13293634511494568
TCA,S,0.785,A,0.1590591061142062
TCC,S,0.455,C,0.07566165752669622
TCG,S,-0.589,G,0.06603537945989599
TCT,S,0.543,T,0.15445417899316127
AGA,R,1.125,A,0.16508629467900088
AGG,R,0.566,G,0.1321549001463921
CGA,R,0.85,A,0.11687300260895656
CGC,R,-0.253,C,0.05484113119999569
CGG,R,-0.589,G,0.06266785941743581
CGT,R,0.778,T,0.09559694567694826
CTA,L,0.581,A,0.16089662786183737
CTC,L,-0.295,C,0.04977775677877166
CTG,L,-0.421,G,0.04845946420492054
CTT,L,0.782,T,0.08134250657381019
TTA,L,0.936,A,0.21954722272703756
TTG,L,0.642,G,0.07315458439347801
CCA,P,0.87,A,0.1507666782774948
CCC,P,0.254,C,0.06526841383077141
CCG,P,-0.696,G,0.0630883636932884
CCT,P,1.128,T,0.13366815796972753
CAC,H,0.201,C,0.10605680388599294
CAT,H,-0.201,T,0.10605680388599294
CAA,Q,1.23,A,0.10831322436401068
CAG,Q,-1.23,G,0.10831322436401067
GTA,V,0.865,A,0.12671477135452075
GTC,V,-0.523,C,0.05833560607442666
GTG,V,0.092,G,0.061463665595379205
GTT,V,0.558,T,0.08784963097151062
GCA,A,0.822,A,0.07466379557949337
GCC,A,0.029,C,0.043346544060979084
GCG,A,-0.509,G,0.043581728618311624
GCT,A,0.714,T,0.08818252042274413
GAC,D,-0.073,C,0.058372968539505514
GAT,D,0.073,T,0.058372968539505514
GAA,E,0.743,A,0.0646972888319165
GAG,E,-0.743,G,0.0646972888319165
GGA,G,1.01,A,0.08469521618852541
GGC,G,-0.578,C,0.058135896895879544
GGG,G,-0.054,G,0.08175146918336906
GGT,G,0.276,T,0.08458555198371426
TTC,F,-0.771,C,0.08708122894996238
TTT,F,0.771,T,0.0870812289499624
TAC,Y,0.01,C,0.11744519296380583
TAT,Y,-0.01,T,0.11744519296380583
TGC,C,-0.324,C,0.19453192369457872
TGT,C,0.324,T,0.19453192369457875
