codon,amino_acid,Paraburkholderia,third_nucl,standard_error
ATA,I,0.351,A,0.08823850240485927
ATC,I,-0.485,C,0.04246380854594863
ATT,I,0.456,T,0.04517215693744828
ACA,T,0.703,A,0.05652766249336661
ACC,T,0.394,C,0.03887814482819908
ACG,T,-1.005,G,0.03600745407875323
ACT,T,1.04,T,0.06472806832849648
AAC,N,-0.219,C,0.05230489864401354
AAT,N,0.219,T,0.05230489864401354
AAA,K,1.119,A,0.048321718974707585
AAG,K,-1.119,G,0.048321718974707585
AGC,S,-0.172,C,0.03821730184423988
AGT,S,0.232,T,0.066470868241903
TCA,S,0.734,A,0.06553975562751083
TCC,S,0.767,C,0.04841625752502591
TCG,S,-0.867,G,0.036121984883785464
TCT,S,1.01,T,0.07966474559952576
AGA,R,1.344,A,0.09031742835066756
AGG,R,0.468,G,0.08076197267664931
CGA,R,1.036,A,0.0634877516138795
CGC,R,-0.533,C,0.03327093065250974
CGG,R,-0.366,G,0.046700016067950365
CGT,R,0.161,T,0.04382651440997367
CTA,L,0.623,A,0.08092782972659147
CTC,L,-0.203,C,0.030538297204467404
CTG,L,-0.466,G,0.02820182168302427
CTT,L,0.618,T,0.044762035341825955
TTA,L,1.046,A,0.11445255429065923
TTG,L,0.476,G,0.0405427644118734
CCA,P,0.71,A,0.06522407285755494
CCC,P,0.197,C,0.0429141574970714
CCG,P,-0.679,G,0.03908760930953274
CCT,P,0.606,T,0.06088421461827055
CAC,H,0.091,C,0.05526699958174404
CAT,H,-0.091,T,0.05526699958174404
CAA,Q,1.0,A,0.0493391924896399
CAG,Q,-1.0,G,0.0493391924896399
GTA,V,0.738,A,0.06303308233571227
GTC,V,-0.149,C,0.033307315639233274
GTG,V,-0.451,G,0.0333448019053968
GTT,V,0.787,T,0.048160727357594156
GCA,A,0.753,A,0.03513519844259945
GCC,A,0.194,C,0.02947147489056808
GCG,A,-0.898,G,0.027598757703280633
GCT,A,0.694,T,0.04292872500370152
GAC,D,-0.162,C,0.03917340290501613
GAT,D,0.162,T,0.03917340290501613
GAA,E,0.554,A,0.0425889451465923
GAG,E,-0.554,G,0.042588945146592304
GGA,G,0.764,A,0.05634277153748731
GGC,G,-0.492,C,0.038478823903400974
GGG,G,-0.084,G,0.06036832226211595
GGT,G,0.319,T,0.05030327439623257
TTC,F,-0.585,C,0.05067460234708133
TTT,F,0.585,T,0.05067460234708133
TAC,Y,0.013,C,0.062147333284267484
TAT,Y,-0.013,T,0.062147333284267484
TGC,C,-0.56,C,0.10914304173812135
TGT,C,0.56,T,0.10914304173812135
