codon,amino_acid,Parolsenella,third_nucl,standard_error
ATA,I,1.011,A,0.21269345573418813
ATC,I,-0.676,C,0.11329222028210846
ATT,I,0.448,T,0.12646676698724468
ACA,T,1.239,A,0.20391176064250305
ACC,T,0.288,C,0.08649898074870925
ACG,T,-0.8,G,0.08682794790128617
ACT,T,1.157,T,0.21180330499087072
AAC,N,-0.481,C,0.19962991290257176
AAT,N,0.481,T,0.19962991290257176
AAA,K,0.899,A,0.23829651574580007
AAG,K,-0.899,G,0.23829651574580007
AGC,S,0.401,C,0.08730866600932874
AGT,S,1.169,T,0.2565811469892551
TCA,S,1.525,A,0.2487372711317286
TCC,S,-0.617,C,0.09318330580696907
TCG,S,-0.577,G,0.09950528589179673
TCT,S,0.532,T,0.16664399639721397
AGA,R,2.182,A,0.26800994632068437
AGG,R,0.92,G,0.11760058140980352
CGA,R,0.761,A,0.18572512958766912
CGC,R,-1.108,C,0.0847095088050603
CGG,R,0.082,G,0.1786025113953608
CGT,R,0.099,T,0.12440418943012385
CTA,L,1.302,A,0.24875406879633097
CTC,L,-0.246,C,0.0704870938607275
CTG,L,-0.266,G,0.07783080158262849
CTT,L,0.181,T,0.09841260227180354
TTA,L,-0.235,A,0.6464555905682078
TTG,L,1.505,G,0.1974355482897604
CCA,P,1.268,A,0.1997509650980641
CCC,P,-0.259,C,0.10183799688975187
CCG,P,-0.343,G,0.11007057014969178
CCT,P,0.536,T,0.1892184133564719
CAC,H,-0.648,C,0.198051993457816
CAT,H,0.648,T,0.198051993457816
CAA,Q,1.302,A,0.23101660139337404
CAG,Q,-1.302,G,0.23101660139337404
GTA,V,1.477,A,0.22230721587238558
GTC,V,-0.216,C,0.07409798352076802
GTG,V,-0.298,G,0.07450581882088918
GTT,V,0.685,T,0.11271740676609279
GCA,A,1.4,A,0.10157233069610495
GCC,A,-0.847,C,0.0642495468236298
GCG,A,-0.119,G,0.06984842854987
GCT,A,1.002,T,0.12140328835710067
GAC,D,-0.599,C,0.12371836947287974
GAT,D,0.599,T,0.12371836947287973
GAA,E,1.492,A,0.15427285745566918
GAG,E,-1.492,G,0.1542728574556692
GGA,G,1.145,A,0.12497680994146416
GGC,G,-0.861,C,0.08273029390914009
GGG,G,0.391,G,0.11772551008423682
GGT,G,0.348,T,0.12547541617409433
TTC,F,-0.493,C,0.14382791923527763
TTT,F,0.493,T,0.14382791923527763
TAC,Y,-0.403,C,0.1642692300811729
TAT,Y,0.403,T,0.1642692300811729
TGC,C,-0.853,C,0.2771055636738164
TGT,C,0.853,T,0.2771055636738164
