codon,amino_acid,Parvularcula,third_nucl,standard_error
ATA,I,0.586,A,0.15776472250654439
ATC,I,-0.38,C,0.07577797768090141
ATT,I,0.263,T,0.07937568138728464
ACA,T,0.743,A,0.10708829862311797
ACC,T,-0.322,C,0.06794378704370985
ACG,T,-0.313,G,0.07311506521669754
ACT,T,0.915,T,0.13735936050044342
AAC,N,0.258,C,0.11135403392482035
AAT,N,-0.258,T,0.11135403392482035
AAA,K,0.526,A,0.09046094939268245
AAG,K,-0.526,G,0.09046094939268245
AGC,S,-0.155,C,0.07793231823238894
AGT,S,0.245,T,0.11167275775494406
TCA,S,0.343,A,0.12154458827987022
TCC,S,-0.069,C,0.07690368179647125
TCG,S,-0.327,G,0.07791633600063168
TCT,S,0.587,T,0.11795029479779695
AGA,R,1.177,A,0.15236910544089122
AGG,R,0.412,G,0.1485742006444737
CGA,R,0.477,A,0.09736240481304588
CGC,R,-0.073,C,0.06632854354449624
CGG,R,-0.692,G,0.07186765066829975
CGT,R,0.184,T,0.08546057078765627
CTA,L,0.416,A,0.14550983178436097
CTC,L,-0.151,C,0.05645979382382569
CTG,L,-0.231,G,0.058855536930321625
CTT,L,0.174,T,0.0661706854515911
TTA,L,0.23,A,0.13834258453371148
TTG,L,0.203,G,0.06976900361625689
CCA,P,0.286,A,0.1145514662330464
CCC,P,0.141,C,0.07282176445200675
CCG,P,-0.506,G,0.07479967106614199
CCT,P,0.425,T,0.10170673589312432
CAC,H,-0.072,C,0.12231255904371985
CAT,H,0.072,T,0.12231255904371985
CAA,Q,0.626,A,0.0994261193515273
CAG,Q,-0.626,G,0.0994261193515273
GTA,V,0.749,A,0.14734211968198874
GTC,V,-0.432,C,0.06555923647911452
GTG,V,0.014,G,0.06684823382307509
GTT,V,0.451,T,0.08569195074441549
GCA,A,0.65,A,0.08178300483758391
GCC,A,-0.227,C,0.05204425176705155
GCG,A,-0.274,G,0.05457449272927272
GCT,A,0.528,T,0.08287849902642125
GAC,D,0.061,C,0.0691419956091211
GAT,D,-0.061,T,0.0691419956091211
GAA,E,0.471,A,0.07705661607731518
GAG,E,-0.471,G,0.07705661607731519
GGA,G,0.61,A,0.09201326690335061
GGC,G,-0.312,C,0.06763977567833332
GGG,G,-0.32,G,0.07485065365198088
GGT,G,0.481,T,0.09119173457499248
TTC,F,-0.285,C,0.08841493459710335
TTT,F,0.285,T,0.08841493459710335
TAC,Y,-0.079,C,0.13485565865339283
TAT,Y,0.079,T,0.13485565865339283
TGC,C,-0.062,C,0.21325854239468842
TGT,C,0.062,T,0.21325854239468844
