codon,amino_acid,Parvimonas,third_nucl,standard_error
ATA,I,0.342,A,0.0718951442811897
ATC,I,-0.365,C,0.13985616797035635
ATT,I,-0.233,T,0.06993328053755789
ACA,T,0.111,A,0.11084525805013871
ACC,T,-0.229,C,0.24898622359932032
ACG,T,0.618,G,0.2530296835299409
ACT,T,-0.186,T,0.11154199125013463
AAC,N,-0.017,C,0.12448155379584552
AAT,N,0.017,T,0.12448155379584552
AAA,K,0.319,A,0.08389606313991738
AAG,K,-0.319,G,0.08389606313991738
AGC,S,-0.037,C,0.17819550098163114
AGT,S,0.57,T,0.09850263336176299
TCA,S,-0.245,A,0.1011581123041551
TCC,S,-0.443,C,0.22855479335314985
TCG,S,0.125,G,0.2769175490338143
TCT,S,-0.338,T,0.11458190132915644
AGA,R,0.0,A,0.1495105180685128
AGG,R,0.127,G,0.2340319748986014
CGA,R,0.502,A,0.3167872221110337
CGC,R,0.114,C,0.6732570856165215
CGG,R,-1.911,G,1.0816368292815113
CGT,R,-0.282,T,0.23465239543408464
CTA,L,-0.45,A,0.1399871625194902
CTC,L,-0.663,C,0.3175261895823003
CTG,L,-0.134,G,0.22379029646281196
CTT,L,-0.779,T,0.09817100486987315
TTA,L,0.561,A,0.07209185875026335
TTG,L,0.068,G,0.09292621253706716
CCA,P,0.077,A,0.17006370852407526
CCC,P,0.156,C,0.34660062629876554
CCG,P,0.04,G,0.21897700232485248
CCT,P,-0.129,T,0.16495076336774517
CAC,H,-0.33,C,0.36132275997279995
CAT,H,0.33,T,0.36132275997279995
CAA,Q,-0.322,A,0.23089563445519803
CAG,Q,0.322,G,0.23089563445519803
GTA,V,0.062,A,0.09559306653928001
GTC,V,0.2,C,0.21814535075105143
GTG,V,0.734,G,0.15580445282606464
GTT,V,-0.341,T,0.09021678408162795
GCA,A,0.205,A,0.11184477881178435
GCC,A,0.17,C,0.238295723045564
GCG,A,0.204,G,0.2135802829026144
GCT,A,-0.313,T,0.11558211058260537
GAC,D,-0.225,C,0.13536106814890167
GAT,D,0.225,T,0.13536106814890164
GAA,E,0.221,A,0.12786502405573205
GAG,E,-0.221,G,0.12786502405573205
GGA,G,-0.041,A,0.10565077538629583
GGC,G,-0.015,C,0.19250906779106938
GGG,G,0.15,G,0.19971055335141585
GGT,G,0.005,T,0.11706008581948005
TTC,F,-0.618,C,0.1575069108567961
TTT,F,0.618,T,0.1575069108567961
TAC,Y,0.199,C,0.16532996924311982
TAT,Y,-0.199,T,0.16532996924311982
TGC,C,-0.114,C,0.3004350061922823
TGT,C,0.114,T,0.3004350061922823
