codon,amino_acid,Parvibaculum,third_nucl,standard_error
ATA,I,0.668,A,0.11969364197773304
ATC,I,-0.553,C,0.06687453884219347
ATT,I,0.399,T,0.07276146800542989
ACA,T,0.67,A,0.08937115568098866
ACC,T,0.014,C,0.06018372354872381
ACG,T,-0.486,G,0.060663887322083956
ACT,T,0.607,T,0.1322993871107834
AAC,N,0.064,C,0.0888260056055956
AAT,N,-0.064,T,0.0888260056055956
AAA,K,0.979,A,0.07517997540424665
AAG,K,-0.979,G,0.07517997540424665
AGC,S,0.143,C,0.06419393656877283
AGT,S,0.766,T,0.13851832662007493
TCA,S,0.668,A,0.12721157349007692
TCC,S,-0.041,C,0.06867047739607679
TCG,S,-0.737,G,0.06619780578719281
TCT,S,0.938,T,0.14670198756049074
AGA,R,1.567,A,0.14903719355655426
AGG,R,0.801,G,0.10994530170641217
CGA,R,0.934,A,0.1213216724747489
CGC,R,-0.584,C,0.053872133166346085
CGG,R,-0.252,G,0.06498500435511713
CGT,R,0.185,T,0.0828478968132554
CTA,L,0.818,A,0.19960854059804434
CTC,L,-0.321,C,0.04798387552530579
CTG,L,-0.221,G,0.049231217392927316
CTT,L,0.215,T,0.061610998961659565
TTA,L,0.679,A,0.2955357930818713
TTG,L,0.834,G,0.07846605904651649
CCA,P,1.041,A,0.13561481904726128
CCC,P,0.198,C,0.06595046857811832
CCG,P,-0.643,G,0.06291388774421777
CCT,P,0.546,T,0.10151723617763786
CAC,H,0.182,C,0.1052352347518839
CAT,H,-0.182,T,0.1052352347518839
CAA,Q,0.753,A,0.10101136680161936
CAG,Q,-0.753,G,0.10101136680161936
GTA,V,0.78,A,0.11771022369709697
GTC,V,-0.304,C,0.0568853332298398
GTG,V,-0.176,G,0.0586026823707116
GTT,V,0.528,T,0.07794513822141713
GCA,A,0.659,A,0.06608393408487916
GCC,A,-0.022,C,0.043466032192767026
GCG,A,-0.511,G,0.04387944409472184
GCT,A,0.708,T,0.0768022949319926
GAC,D,0.006,C,0.0629883800008009
GAT,D,-0.006,T,0.0629883800008009
GAA,E,0.531,A,0.05984903600016425
GAG,E,-0.531,G,0.05984903600016425
GGA,G,0.765,A,0.0835397829544922
GGC,G,-0.594,C,0.05713044870198078
GGG,G,0.111,G,0.08429839074845791
GGT,G,0.393,T,0.08234535770236356
TTC,F,-0.522,C,0.08388283439161023
TTT,F,0.522,T,0.08388283439161023
TAC,Y,0.087,C,0.10408325512816076
TAT,Y,-0.087,T,0.10408325512816077
TGC,C,-0.809,C,0.2408701318729501
TGT,C,0.809,T,0.2408701318729501
