codon,amino_acid,Pasteurella,third_nucl,standard_error
ATA,I,0.354,A,0.11376854371172053
ATC,I,0.125,C,0.0804374701798055
ATT,I,-0.245,T,0.07212074536115282
ACA,T,0.555,A,0.08204236099936205
ACC,T,-0.32,C,0.09127802019498632
ACG,T,-0.45,G,0.1016519621313081
ACT,T,-0.018,T,0.09177845022122712
AAC,N,0.015,C,0.09702410600995894
AAT,N,-0.015,T,0.09702410600995894
AAA,K,0.063,A,0.09824203244287029
AAG,K,-0.063,G,0.09824203244287029
AGC,S,-0.407,C,0.10782455761600783
AGT,S,0.031,T,0.08802875267710226
TCA,S,0.341,A,0.09135752422719039
TCC,S,-0.223,C,0.13956273301838976
TCG,S,-0.387,G,0.1455516725799631
TCT,S,0.172,T,0.09374739375659574
AGA,R,0.926,A,0.13326293617924284
AGG,R,0.282,G,0.30192789637210377
CGA,R,0.367,A,0.15753172503378732
CGC,R,-0.112,C,0.11650234071968188
CGG,R,-0.374,G,0.27599832809202396
CGT,R,-0.518,T,0.09407771953337152
CTA,L,0.143,A,0.1076439973349909
CTC,L,0.269,C,0.10463025552492397
CTG,L,-0.143,G,0.11094022337170113
CTT,L,0.565,T,0.08244673244242216
TTA,L,-0.186,A,0.0558603624670138
TTG,L,-0.322,G,0.07860835938560022
CCA,P,0.057,A,0.10650745765409009
CCC,P,0.194,C,0.15404830960256594
CCG,P,-0.846,G,0.14590136723013514
CCT,P,0.367,T,0.10811591044681397
CAC,H,-0.083,C,0.13971475763176636
CAT,H,0.083,T,0.13971475763176633
CAA,Q,0.246,A,0.10655708413684743
CAG,Q,-0.246,G,0.10655708413684743
GTA,V,0.282,A,0.0914223548125176
GTC,V,-0.193,C,0.10272976217916117
GTG,V,-0.483,G,0.08592392479956774
GTT,V,0.381,T,0.08521753266113888
GCA,A,0.62,A,0.0755252413804916
GCC,A,-0.224,C,0.09550206875177222
GCG,A,-0.67,G,0.09216006920878127
GCT,A,0.008,T,0.08977819210283226
GAC,D,0.012,C,0.11517755321687785
GAT,D,-0.012,T,0.11517755321687785
GAA,E,0.502,A,0.10913368655804419
GAG,E,-0.502,G,0.10913368655804419
GGA,G,0.304,A,0.11864659794240169
GGC,G,-0.055,C,0.10655914170021896
GGG,G,-0.379,G,0.13396927380447382
GGT,G,0.052,T,0.09141179134785375
TTC,F,-0.275,C,0.10079425499822524
TTT,F,0.275,T,0.10079425499822524
TAC,Y,0.166,C,0.12767234898908222
TAT,Y,-0.166,T,0.12767234898908222
TGC,C,0.108,C,0.2105671047326614
TGT,C,-0.108,T,0.2105671047326614
