codon,amino_acid,Paucilactobacillus,third_nucl,standard_error
ATA,I,0.576,A,0.1017211505699692
ATC,I,-0.234,C,0.08379791367000437
ATT,I,-0.126,T,0.07030464391670554
ACA,T,0.707,A,0.07564066716754086
ACC,T,-0.264,C,0.1013680476997708
ACG,T,-0.497,G,0.10381891257156121
ACT,T,-0.322,T,0.07740051480299634
AAC,N,-0.12,C,0.08682843744790872
AAT,N,0.12,T,0.08682843744790873
AAA,K,0.582,A,0.07221278302631344
AAG,K,-0.582,G,0.07221278302631344
AGC,S,0.134,C,0.11163319366593144
AGT,S,0.193,T,0.08208682695262198
TCA,S,0.125,A,0.08111612652873032
TCC,S,-0.419,C,0.1737640108742814
TCG,S,-0.53,G,0.15454580684552194
TCT,S,-0.218,T,0.10434708505144104
AGA,R,0.888,A,0.13118843846196046
AGG,R,0.321,G,0.22714347844999802
CGA,R,0.24,A,0.105934918104108
CGC,R,-0.411,C,0.14122945963805592
CGG,R,-0.626,G,0.14413698039793169
CGT,R,-0.314,T,0.10065428983852262
CTA,L,0.006,A,0.08890455779016695
CTC,L,-0.24,C,0.15406984854530736
CTG,L,-0.444,G,0.11608345197352636
CTT,L,-0.113,T,0.09574846295100561
TTA,L,0.239,A,0.05842216847369163
TTG,L,-0.074,G,0.07053637980900107
CCA,P,0.367,A,0.11120322389538574
CCC,P,-0.006,C,0.18414532743609693
CCG,P,-0.26,G,0.1606435451323157
CCT,P,-0.372,T,0.14098776996179593
CAC,H,-0.038,C,0.1442426118509696
CAT,H,0.038,T,0.1442426118509696
CAA,Q,0.427,A,0.09841537269915014
CAG,Q,-0.427,G,0.09841537269915013
GTA,V,0.521,A,0.08176478112119981
GTC,V,-0.244,C,0.10273939030591461
GTG,V,0.052,G,0.08571047298977873
GTT,V,-0.307,T,0.07026440417167398
GCA,A,0.666,A,0.07316000816342162
GCC,A,-0.497,C,0.10487459694339014
GCG,A,-0.223,G,0.11188211114955036
GCT,A,-0.371,T,0.0794644446671149
GAC,D,0.019,C,0.09774227703251309
GAT,D,-0.019,T,0.09774227703251309
GAA,E,0.529,A,0.10212746415020475
GAG,E,-0.529,G,0.10212746415020474
GGA,G,0.655,A,0.08889319802505319
GGC,G,-0.317,C,0.1084238883855389
GGG,G,-0.181,G,0.1375699970176502
GGT,G,-0.331,T,0.0869121042609379
TTC,F,-0.449,C,0.11811368282886653
TTT,F,0.449,T,0.11811368282886653
TAC,Y,-0.019,C,0.1147950021455091
TAT,Y,0.019,T,0.11479500214550911
TGC,C,0.487,C,0.33610064756854613
TGT,C,-0.487,T,0.33610064756854613
