codon,amino_acid,Pauljensenia,third_nucl,standard_error
ATA,I,0.47,A,0.29812474896160523
ATC,I,-1.354,C,0.19549037991892076
ATT,I,1.778,T,0.2629595094176693
ACA,T,1.544,A,0.1902471554973092
ACC,T,-0.402,C,0.08673080146868763
ACG,T,-0.428,G,0.09249499279079001
ACT,T,1.094,T,0.186156183361075
AAC,N,-0.625,C,0.2364640497679891
AAT,N,0.625,T,0.2364640497679891
AAA,K,0.873,A,0.17106489574186
AAG,K,-0.873,G,0.17106489574186
AGC,S,0.662,C,0.10509104451723904
AGT,S,1.318,T,0.21491318984266783
TCA,S,0.936,A,0.21587514280568418
TCC,S,-0.481,C,0.08798194998113792
TCG,S,-0.757,G,0.10076059311124752
TCT,S,1.094,T,0.30609787340738
AGA,R,1.982,A,0.30992876325114876
AGG,R,0.319,G,0.13005172142952812
CGA,R,1.691,A,0.24625030576650941
CGC,R,-0.694,C,0.0804846371263184
CGG,R,-0.226,G,0.10112721515103387
CGT,R,0.845,T,0.16835936451374725
CTA,L,1.405,A,0.3477287046979203
CTC,L,0.15,C,0.07673165198209808
CTG,L,-0.625,G,0.07619375211520987
CTT,L,1.354,T,0.2391969160265174
TTA,L,1.245,A,0.585086129402737
TTG,L,0.76,G,0.14758468674607422
CCA,P,1.438,A,0.2276874868064552
CCC,P,-0.32,C,0.0891955501653513
CCG,P,-0.2,G,0.09480092154896767
CCT,P,1.017,T,0.23132381097076526
CAC,H,-1.063,C,0.26597303941974915
CAT,H,1.063,T,0.26597303941974915
CAA,Q,1.024,A,0.18949763043996293
CAG,Q,-1.024,G,0.18949763043996293
GTA,V,1.271,A,0.28904330334028
GTC,V,-0.716,C,0.07627648068550949
GTG,V,0.421,G,0.07571582950954056
GTT,V,0.902,T,0.17375003620101712
GCA,A,1.765,A,0.12646129158851174
GCC,A,-0.442,C,0.06294374457778265
GCG,A,-0.336,G,0.06554061294974091
GCT,A,0.858,T,0.14548000800746916
GAC,D,-0.84,C,0.1284594539380439
GAT,D,0.84,T,0.1284594539380439
GAA,E,1.567,A,0.12500987714843748
GAG,E,-1.567,G,0.12500987714843748
GGA,G,0.907,A,0.12245547773579359
GGC,G,-0.495,C,0.08003762775503745
GGG,G,-0.115,G,0.0881353721105729
GGT,G,0.766,T,0.15631678297393353
TTC,F,-1.581,C,0.384691548051427
TTT,F,1.581,T,0.38469154805142697
TAC,Y,-1.125,C,0.3520721289093812
TAT,Y,1.125,T,0.3520721289093813
TGC,C,-1.813,C,0.5328578123840582
TGT,C,1.813,T,0.5328578123840582
