codon,amino_acid,Pectinatus,third_nucl,standard_error
ATA,I,0.182,A,0.055935488513732985
ATC,I,-0.328,C,0.07623437555122964
ATT,I,-0.006,T,0.0553712455331747
ACA,T,0.435,A,0.0744267684951669
ACC,T,-0.497,C,0.09834756626602115
ACG,T,-0.245,G,0.11036751249468865
ACT,T,-0.039,T,0.07854354877408252
AAC,N,-0.08,C,0.09026700398175734
AAT,N,0.08,T,0.09026700398175734
AAA,K,0.366,A,0.06928873075204194
AAG,K,-0.366,G,0.06928873075204195
AGC,S,-0.179,C,0.10470048579020551
AGT,S,0.166,T,0.08397630351325754
TCA,S,0.096,A,0.08277789368953486
TCC,S,-0.257,C,0.11716180158941451
TCG,S,0.07,G,0.13332957078472144
TCT,S,-0.051,T,0.09341514371143478
AGA,R,0.836,A,0.09795610352511752
AGG,R,0.36,G,0.15098859836103035
CGA,R,0.171,A,0.1380257370065575
CGC,R,-0.578,C,0.11878998379307759
CGG,R,-0.551,G,0.1324362729773301
CGT,R,-0.352,T,0.0945343850495268
CTA,L,0.427,A,0.12218935154930972
CTC,L,-0.25,C,0.13423600208350212
CTG,L,-0.655,G,0.07864040056092199
CTT,L,-0.409,T,0.07512895859191258
TTA,L,0.241,A,0.058582584904070464
TTG,L,0.368,G,0.06233230149509901
CCA,P,0.344,A,0.1084659371509872
CCC,P,0.248,C,0.1468485102235097
CCG,P,-0.53,G,0.11687336504006393
CCT,P,0.008,T,0.11502862889889194
CAC,H,0.058,C,0.16193015670059596
CAT,H,-0.058,T,0.16193015670059596
CAA,Q,0.59,A,0.09575781179319987
CAG,Q,-0.59,G,0.09575781179319987
GTA,V,0.134,A,0.07252658280243023
GTC,V,-0.516,C,0.10106408469197004
GTG,V,0.304,G,0.08383069535576447
GTT,V,-0.083,T,0.07205985721896548
GCA,A,0.419,A,0.06891460024904177
GCC,A,-0.528,C,0.08661065699075772
GCG,A,-0.043,G,0.10749093526112974
GCT,A,-0.05,T,0.07112203988303792
GAC,D,-0.074,C,0.09097217364177292
GAT,D,0.074,T,0.09097217364177292
GAA,E,0.293,A,0.09768745425549188
GAG,E,-0.293,G,0.09768745425549188
GGA,G,0.276,A,0.0802924681425546
GGC,G,-0.117,C,0.08864009418571422
GGG,G,-0.086,G,0.11782858232481759
GGT,G,-0.125,T,0.07719336111523502
TTC,F,-0.32,C,0.11022142354471676
TTT,F,0.32,T,0.11022142354471674
TAC,Y,0.287,C,0.12276474939604592
TAT,Y,-0.287,T,0.12276474939604592
TGC,C,-0.407,C,0.1608744476508492
TGT,C,0.407,T,0.16087444765084924
