codon,amino_acid,Pectobacterium,third_nucl,standard_error
ATA,I,0.617,A,0.07131397001666492
ATC,I,-0.371,C,0.051247178801928576
ATT,I,0.032,T,0.04918199380317837
ACA,T,0.612,A,0.06710654279555808
ACC,T,-0.247,C,0.05606364792440753
ACG,T,-0.535,G,0.05692456877075497
ACT,T,0.494,T,0.07152224426954035
AAC,N,-0.322,C,0.06253294260823637
AAT,N,0.322,T,0.06253294260823637
AAA,K,0.333,A,0.059553890346630806
AAG,K,-0.333,G,0.059553890346630806
AGC,S,-0.321,C,0.05794052881339352
AGT,S,0.258,T,0.0660441543288904
TCA,S,0.358,A,0.0656842125436
TCC,S,-0.176,C,0.07016036225837428
TCG,S,-0.373,G,0.07513971029352215
TCT,S,0.222,T,0.06437973927673522
AGA,R,0.987,A,0.09819952693798036
AGG,R,0.348,G,0.13097582899181437
CGA,R,0.661,A,0.09386271689948061
CGC,R,-0.414,C,0.05833199337543027
CGG,R,-0.172,G,0.08752418853421116
CGT,R,-0.216,T,0.05767545713968159
CTA,L,0.098,A,0.07191056480625624
CTC,L,0.212,C,0.06517206324839096
CTG,L,-0.762,G,0.04051011633903532
CTT,L,0.435,T,0.05970876170458772
TTA,L,0.786,A,0.05313662370711914
TTG,L,-0.032,G,0.051269234569997324
CCA,P,0.384,A,0.07454878473250681
CCC,P,0.354,C,0.08148204358947587
CCG,P,-0.775,G,0.06715091908462145
CCT,P,0.309,T,0.07346748924899126
CAC,H,-0.073,C,0.08585287717862877
CAT,H,0.073,T,0.08585287717862877
CAA,Q,0.809,A,0.06286324387588998
CAG,Q,-0.809,G,0.06286324387588998
GTA,V,0.354,A,0.06551246229015471
GTC,V,-0.259,C,0.06217451490972102
GTG,V,-0.223,G,0.05271526993818524
GTT,V,0.198,T,0.054861916297315905
GCA,A,0.35,A,0.052039358852048065
GCC,A,-0.087,C,0.051688039969591405
GCG,A,-0.514,G,0.05095926200268175
GCT,A,0.344,T,0.05607116978998423
GAC,D,0.018,C,0.06324505943619314
GAT,D,-0.018,T,0.06324505943619314
GAA,E,0.381,A,0.06318732326610944
GAG,E,-0.381,G,0.06318732326610944
GGA,G,0.68,A,0.07641315168624747
GGC,G,-0.316,C,0.06053057429847209
GGG,G,-0.311,G,0.07940148166096565
GGT,G,0.097,T,0.061048275142040385
TTC,F,-0.519,C,0.06578451422376344
TTT,F,0.519,T,0.06578451422376344
TAC,Y,-0.092,C,0.07783827873351552
TAT,Y,0.092,T,0.07783827873351552
TGC,C,-0.37,C,0.13023989642025974
TGT,C,0.37,T,0.1302398964202597
