codon,amino_acid,Pediococcus,third_nucl,standard_error
ATA,I,0.891,A,0.11124785183097952
ATC,I,-0.263,C,0.08243825864219394
ATT,I,-0.218,T,0.07134807773940909
ACA,T,0.705,A,0.07870655273893327
ACC,T,-0.252,C,0.09662069482073912
ACG,T,-0.604,G,0.10289176616165764
ACT,T,-0.208,T,0.08267699494223126
AAC,N,-0.187,C,0.08890089927022023
AAT,N,0.187,T,0.08890089927022023
AAA,K,0.61,A,0.07194535863329656
AAG,K,-0.61,G,0.07194535863329656
AGC,S,0.039,C,0.11478268155619084
AGT,S,0.224,T,0.08088032386102827
TCA,S,0.254,A,0.08404178681152867
TCC,S,-0.429,C,0.15098577201909472
TCG,S,-0.367,G,0.14786594976155745
TCT,S,-0.33,T,0.09650217323634376
AGA,R,1.056,A,0.11889161712966945
AGG,R,0.107,G,0.2450669060833964
CGA,R,0.216,A,0.10731686515874289
CGC,R,-0.198,C,0.12800736168621438
CGG,R,-0.63,G,0.15039624801284243
CGT,R,-0.599,T,0.1010406803155229
CTA,L,0.143,A,0.10492281159973074
CTC,L,-0.339,C,0.14657526813172944
CTG,L,-0.662,G,0.1250622343840206
CTT,L,-0.253,T,0.08854597516123258
TTA,L,0.432,A,0.061197285255092056
TTG,L,-0.183,G,0.07107894275957359
CCA,P,0.57,A,0.11170498952741467
CCC,P,-0.083,C,0.16116524161453016
CCG,P,-0.46,G,0.16157005583981307
CCT,P,-0.427,T,0.13575045086781415
CAC,H,-0.066,C,0.1556852727117512
CAT,H,0.066,T,0.1556852727117512
CAA,Q,0.322,A,0.09759938850845092
CAG,Q,-0.322,G,0.09759938850845092
GTA,V,0.497,A,0.08897530089851816
GTC,V,-0.276,C,0.10477922584569362
GTG,V,0.083,G,0.08624248138688487
GTT,V,-0.252,T,0.07188941573055363
GCA,A,0.929,A,0.0786252039611341
GCC,A,-0.412,C,0.09995717784558102
GCG,A,-0.357,G,0.11442485474176231
GCT,A,-0.558,T,0.08395612511761558
GAC,D,-0.095,C,0.09742857073178744
GAT,D,0.095,T,0.09742857073178744
GAA,E,0.367,A,0.09977523482044756
GAG,E,-0.367,G,0.09977523482044756
GGA,G,0.476,A,0.09343515659411868
GGC,G,-0.374,C,0.10830551634178885
GGG,G,-0.232,G,0.13407570158561308
GGT,G,-0.059,T,0.08966997741513927
TTC,F,-0.446,C,0.10945632585550683
TTT,F,0.446,T,0.10945632585550684
TAC,Y,-0.171,C,0.11032322100645947
TAT,Y,0.171,T,0.11032322100645947
TGC,C,0.348,C,0.2894912455552312
TGT,C,-0.348,T,0.2894912455552312
