codon,amino_acid,Pedococcus,third_nucl,standard_error
ATA,I,0.839,A,0.5015496624737599
ATC,I,-1.133,C,0.23871550039004202
ATT,I,1.197,T,0.27034753347067636
ACA,T,1.222,A,0.1811232115704024
ACC,T,-0.247,C,0.05514039858465934
ACG,T,-0.068,G,0.05869510353867844
ACT,T,0.818,T,0.1398204251696197
AAC,N,-1.274,C,0.3525734707463878
AAT,N,1.274,T,0.3525734707463878
AAA,K,1.453,A,0.3431888292673199
AAG,K,-1.453,G,0.3431888292673199
AGC,S,0.471,C,0.06124599871431627
AGT,S,0.869,T,0.15544683475565074
TCA,S,0.441,A,0.15381084423853272
TCC,S,0.116,C,0.0650674411999434
TCG,S,-0.979,G,0.06357401807708844
TCT,S,1.149,T,0.22806912223824374
AGA,R,2.344,A,0.3967659561425944
AGG,R,0.808,G,0.12491571769973123
CGA,R,0.806,A,0.10198650154596339
CGC,R,-0.093,C,0.051910165129611885
CGG,R,-0.654,G,0.05759317637333999
CGT,R,0.474,T,0.08786404328694254
CTA,L,0.461,A,0.3237866791627097
CTC,L,-0.035,C,0.047462078315493865
CTG,L,-0.156,G,0.04729261091696521
CTT,L,1.138,T,0.1708111928420432
TTA,L,0.606,A,0.9131759591933906
TTG,L,0.432,G,0.11141060898493618
CCA,P,0.571,A,0.12588709873738324
CCC,P,0.317,C,0.057438642109342165
CCG,P,-0.658,G,0.056977587949015265
CCT,P,1.049,T,0.13688667777486777
CAC,H,-0.616,C,0.2046360647015495
CAT,H,0.616,T,0.2046360647015495
CAA,Q,1.062,A,0.19208707595398314
CAG,Q,-1.062,G,0.19208707595398314
GTA,V,0.471,A,0.26516002549103
GTC,V,-0.522,C,0.04566073447787223
GTG,V,0.433,G,0.04552478381072099
GTT,V,0.904,T,0.17047412802563644
GCA,A,0.985,A,0.07452456127007373
GCC,A,-0.132,C,0.04088942148987976
GCG,A,-0.442,G,0.04443588544462189
GCT,A,0.809,T,0.08738432039089404
GAC,D,-0.862,C,0.12815051470063663
GAT,D,0.862,T,0.12815051470063663
GAA,E,1.282,A,0.11514273889238297
GAG,E,-1.282,G,0.11514273889238295
GGA,G,1.075,A,0.09214012753178101
GGC,G,-0.39,C,0.052742714099872696
GGG,G,-0.145,G,0.06406528826817566
GGT,G,0.223,T,0.07054209268341098
TTC,F,-0.984,C,0.26724631776260893
TTT,F,0.984,T,0.26724631776260893
TAC,Y,-0.506,C,0.18950959632445816
TAT,Y,0.506,T,0.18950959632445816
TGC,C,-0.568,C,0.27372329557535735
TGT,C,0.568,T,0.27372329557535735
