codon,amino_acid,Pelagovum,third_nucl,standard_error
ATA,I,1.174,A,0.17740545434080737
ATC,I,-1.139,C,0.09279084487785831
ATT,I,1.038,T,0.1055015029208472
ACA,T,1.126,A,0.11129001677149779
ACC,T,0.113,C,0.05298963778331262
ACG,T,-0.663,G,0.055782493240831045
ACT,T,0.771,T,0.12337824715216097
AAC,N,-0.522,C,0.1158672053790121
AAT,N,0.522,T,0.1158672053790121
AAA,K,1.33,A,0.10213143734388436
AAG,K,-1.33,G,0.10213143734388436
AGC,S,0.194,C,0.06502597847781934
AGT,S,0.852,T,0.15583975368167938
TCA,S,1.212,A,0.16534276136110493
TCC,S,0.006,C,0.06382639864835893
TCG,S,-0.761,G,0.06601815505303406
TCT,S,0.624,T,0.13908473241195451
AGA,R,2.584,A,0.2396309349217396
AGG,R,0.852,G,0.12855228393488738
CGA,R,0.861,A,0.11493800076999641
CGC,R,-0.178,C,0.05172704048226294
CGG,R,-0.876,G,0.060184064609872676
CGT,R,0.527,T,0.08238132463841738
CTA,L,0.686,A,0.18564089360170655
CTC,L,0.003,C,0.04395711775711582
CTG,L,-0.494,G,0.04296969367330606
CTT,L,0.63,T,0.06779870827785431
TTA,L,1.14,A,0.430084454761081
TTG,L,0.741,G,0.09294899345985058
CCA,P,0.842,A,0.12967038363110875
CCC,P,0.516,C,0.06303724601160858
CCG,P,-0.905,G,0.06174069738402302
CCT,P,0.935,T,0.1344971200854082
CAC,H,-0.318,C,0.10443979601425303
CAT,H,0.318,T,0.10443979601425303
CAA,Q,0.992,A,0.11405493996389722
CAG,Q,-0.992,G,0.1140549399638972
GTA,V,1.04,A,0.1570000053532213
GTC,V,-0.263,C,0.053380800499222364
GTG,V,-0.145,G,0.05585526144102715
GTT,V,0.793,T,0.09465318607171025
GCA,A,0.775,A,0.07240282652447555
GCC,A,0.083,C,0.041648456135597645
GCG,A,-0.528,G,0.04345920756883638
GCT,A,0.627,T,0.08831023177796805
GAC,D,-0.276,C,0.06355237685371636
GAT,D,0.276,T,0.06355237685371634
GAA,E,0.849,A,0.06423584491490048
GAG,E,-0.849,G,0.06423584491490048
GGA,G,1.142,A,0.0867859258646512
GGC,G,-0.456,C,0.05421169080128652
GGG,G,-0.084,G,0.06903156035106472
GGT,G,0.118,T,0.0811053087521712
TTC,F,-0.89,C,0.11051828083957493
TTT,F,0.89,T,0.11051828083957493
TAC,Y,-0.378,C,0.1114390795718457
TAT,Y,0.378,T,0.1114390795718457
TGC,C,-0.26,C,0.21818774943986557
TGT,C,0.26,T,0.21818774943986557
