codon,amino_acid,Pelagibacterium,third_nucl,standard_error
ATA,I,0.71,A,0.1084575482917868
ATC,I,-0.549,C,0.06154849289894015
ATT,I,0.367,T,0.06711525866934442
ACA,T,0.736,A,0.08668446332908912
ACC,T,-0.339,C,0.057076087454826764
ACG,T,-0.273,G,0.0641735919235556
ACT,T,0.793,T,0.12106946805087035
AAC,N,-0.025,C,0.08412147507252728
AAT,N,0.025,T,0.08412147507252726
AAA,K,0.921,A,0.07963678198096369
AAG,K,-0.921,G,0.07963678198096369
AGC,S,0.126,C,0.06702264697761874
AGT,S,0.535,T,0.12418331744599413
TCA,S,0.65,A,0.11708074881369267
TCC,S,0.057,C,0.06589496267943486
TCG,S,-0.678,G,0.06298889802735361
TCT,S,0.623,T,0.12825652133787946
AGA,R,1.546,A,0.1631355989619138
AGG,R,0.319,G,0.10873884083066486
CGA,R,0.846,A,0.11980566288717476
CGC,R,-0.321,C,0.054691142278234406
CGG,R,-0.473,G,0.06860083803233957
CGT,R,0.256,T,0.08045905327858122
CTA,L,0.981,A,0.1820525106401412
CTC,L,-0.128,C,0.047524055417712936
CTG,L,-0.555,G,0.04597175015041752
CTT,L,0.504,T,0.058049402450304585
TTA,L,0.865,A,0.24369626519473317
TTG,L,0.496,G,0.0654858945713152
CCA,P,0.675,A,0.10542618990041415
CCC,P,-0.037,C,0.06383494285571326
CCG,P,-0.39,G,0.06530175479054752
CCT,P,0.419,T,0.1079006290028634
CAC,H,-0.031,C,0.10130818399674861
CAT,H,0.031,T,0.10130818399674861
CAA,Q,0.789,A,0.09276487826323788
CAG,Q,-0.789,G,0.09276487826323788
GTA,V,0.79,A,0.11914552164702866
GTC,V,-0.255,C,0.05518119612123466
GTG,V,-0.152,G,0.05674902572936262
GTT,V,0.329,T,0.06712503071951732
GCA,A,0.76,A,0.0615209671025256
GCC,A,-0.307,C,0.04192172100395094
GCG,A,-0.349,G,0.046467817155443604
GCT,A,0.642,T,0.07106738890417717
GAC,D,0.077,C,0.06032717798390756
GAT,D,-0.077,T,0.06032717798390756
GAA,E,0.508,A,0.06690930143884226
GAG,E,-0.508,G,0.06690930143884226
GGA,G,0.874,A,0.0788967769077284
GGC,G,-0.412,C,0.05520822512765419
GGG,G,-0.253,G,0.07204849422339167
GGT,G,0.288,T,0.07917530036856942
TTC,F,-0.568,C,0.07389336478721392
TTT,F,0.568,T,0.07389336478721392
TAC,Y,0.099,C,0.10698449459775558
TAT,Y,-0.099,T,0.10698449459775558
TGC,C,-0.44,C,0.22258693876677266
TGT,C,0.44,T,0.22258693876677266
