codon,amino_acid,Pelistega,third_nucl,standard_error
ATA,I,0.658,A,0.09581311294208306
ATC,I,-0.237,C,0.0938563215631785
ATT,I,-0.267,T,0.07386177374933497
ACA,T,0.118,A,0.07883007234177582
ACC,T,-0.182,C,0.09498033214509528
ACG,T,-0.304,G,0.11795688373701703
ACT,T,0.181,T,0.08905037872771218
AAC,N,0.278,C,0.11572146552133514
AAT,N,-0.278,T,0.11572146552133515
AAA,K,-0.046,A,0.0974965629670086
AAG,K,0.046,G,0.09749656296700861
AGC,S,0.012,C,0.12773052052844172
AGT,S,-0.087,T,0.08514382130362783
TCA,S,0.244,A,0.0934353421087212
TCC,S,0.102,C,0.1576826573710084
TCG,S,-0.126,G,0.1794565691241745
TCT,S,-0.12,T,0.08319709108312166
AGA,R,0.375,A,0.12325144593170728
AGG,R,-0.201,G,0.28090781333096193
CGA,R,-0.126,A,0.13507960317783158
CGC,R,-0.027,C,0.13057127142608066
CGG,R,-0.312,G,0.2539522114561006
CGT,R,-0.074,T,0.09267382413911039
CTA,L,-0.007,A,0.0898502859145569
CTC,L,-0.105,C,0.12066827544029188
CTG,L,-0.295,G,0.14953711842228148
CTT,L,0.151,T,0.07618792716253017
TTA,L,0.011,A,0.05838692212212332
TTG,L,-0.071,G,0.09438269204619124
CCA,P,0.031,A,0.11358479587984831
CCC,P,0.159,C,0.13903183040858888
CCG,P,-0.058,G,0.21291966596799453
CCT,P,-0.096,T,0.10189630745976364
CAC,H,0.039,C,0.15203934871321972
CAT,H,-0.039,T,0.15203934871321972
CAA,Q,0.146,A,0.11316713435978051
CAG,Q,-0.146,G,0.11316713435978051
GTA,V,0.051,A,0.08536407521115211
GTC,V,-0.132,C,0.12253957938576328
GTG,V,-0.026,G,0.10013888678942849
GTT,V,0.03,T,0.08141816749669764
GCA,A,0.154,A,0.07823436958766769
GCC,A,-0.105,C,0.10212130676929085
GCG,A,-0.288,G,0.11953923729263016
GCT,A,0.039,T,0.08035397072702094
GAC,D,-0.077,C,0.13350515128326257
GAT,D,0.077,T,0.13350515128326257
GAA,E,0.448,A,0.10525283373298111
GAG,E,-0.448,G,0.10525283373298111
GGA,G,0.093,A,0.11953080179050143
GGC,G,0.336,C,0.14081108208280343
GGG,G,-0.626,G,0.14474863782702196
GGT,G,0.102,T,0.09664366334339614
TTC,F,-0.041,C,0.12121207643855127
TTT,F,0.041,T,0.12121207643855125
TAC,Y,0.644,C,0.14339135941118847
TAT,Y,-0.644,T,0.14339135941118847
TGC,C,0.093,C,0.24923694334867566
TGT,C,-0.093,T,0.24923694334867566
