codon,amino_acid,Pelobacter,third_nucl,standard_error
ATA,I,0.901,A,0.0804380657860697
ATC,I,-1.016,C,0.05887218587517327
ATT,I,0.687,T,0.06865379734679726
ACA,T,1.039,A,0.08181886788781079
ACC,T,-0.753,C,0.059259346197933806
ACG,T,0.075,G,0.07343636941015287
ACT,T,0.276,T,0.10026601838174264
AAC,N,-0.422,C,0.08185685183806854
AAT,N,0.422,T,0.08185685183806854
AAA,K,1.117,A,0.061877490443488704
AAG,K,-1.117,G,0.0618774904434887
AGC,S,-0.133,C,0.06210858701775298
AGT,S,0.408,T,0.09426834369955493
TCA,S,0.959,A,0.08961804550381015
TCC,S,-0.473,C,0.06341778562195476
TCG,S,-0.273,G,0.07971866017915116
TCT,S,0.216,T,0.11017590182501204
AGA,R,1.373,A,0.09122738613871056
AGG,R,0.024,G,0.07504910853918764
CGA,R,0.745,A,0.09912651054905706
CGC,R,-0.659,C,0.059823682121936644
CGG,R,-0.555,G,0.06814977667764889
CGT,R,0.208,T,0.08050000724456834
CTA,L,0.81,A,0.13351694862689456
CTC,L,0.084,C,0.05446688993084539
CTG,L,-0.617,G,0.043963159504024935
CTT,L,0.387,T,0.06730152858530054
TTA,L,0.945,A,0.1317865395908804
TTG,L,0.488,G,0.07205850275417533
CCA,P,0.84,A,0.10431964134443115
CCC,P,-0.322,C,0.07065815881351938
CCG,P,-0.372,G,0.07192744313421448
CCT,P,0.589,T,0.10374138404809803
CAC,H,-0.376,C,0.09781848915914655
CAT,H,0.376,T,0.09781848915914655
CAA,Q,0.805,A,0.09623554720389753
CAG,Q,-0.805,G,0.09623554720389753
GTA,V,0.722,A,0.08524022063708002
GTC,V,-0.427,C,0.059670199867137896
GTG,V,-0.304,G,0.0564726039443496
GTT,V,0.511,T,0.06735286276596497
GCA,A,1.069,A,0.06460577789119952
GCC,A,-0.838,C,0.05185750938911327
GCG,A,-0.042,G,0.06146129177079091
GCT,A,0.372,T,0.07471791020797856
GAC,D,-0.342,C,0.06540367912357803
GAT,D,0.342,T,0.06540367912357803
GAA,E,0.938,A,0.0600415166527637
GAG,E,-0.938,G,0.06004151665276371
GGA,G,0.726,A,0.070747021627987
GGC,G,-0.34,C,0.060388747213713574
GGG,G,-0.541,G,0.07776339703789012
GGT,G,0.296,T,0.07716975105991235
TTC,F,-0.625,C,0.0754673683200718
TTT,F,0.625,T,0.0754673683200718
TAC,Y,-0.282,C,0.09419734835961004
TAT,Y,0.282,T,0.09419734835961004
TGC,C,-0.777,C,0.13560998873673666
TGT,C,0.777,T,0.13560998873673666
