codon,amino_acid,Pelodictyon,third_nucl,standard_error
ATA,I,0.787,A,0.08147639776034359
ATC,I,-0.308,C,0.06273712325284035
ATT,I,-0.186,T,0.06081866126460678
ACA,T,0.675,A,0.08087763825722605
ACC,T,-0.447,C,0.07274677887287356
ACG,T,-0.506,G,0.09054440272018288
ACT,T,0.332,T,0.09367023069654695
AAC,N,0.02,C,0.08080451132579777
AAT,N,-0.02,T,0.08080451132579777
AAA,K,0.527,A,0.0670678764848405
AAG,K,-0.527,G,0.0670678764848405
AGC,S,0.027,C,0.07905597273619802
AGT,S,0.138,T,0.08663017234695641
TCA,S,0.057,A,0.07880782012862296
TCC,S,-0.002,C,0.09025291021501596
TCG,S,-0.229,G,0.09437617121390017
TCT,S,-0.052,T,0.09288134102641384
AGA,R,0.737,A,0.09157294493124456
AGG,R,0.19,G,0.0992126875567152
CGA,R,0.544,A,0.10861776253706967
CGC,R,-0.594,C,0.09196103673116797
CGG,R,-0.397,G,0.09753285441089728
CGT,R,-0.32,T,0.09022782243553355
CTA,L,0.904,A,0.18418758950382594
CTC,L,-0.161,C,0.06474469014252612
CTG,L,-0.345,G,0.05919210599707429
CTT,L,-0.237,T,0.05675144267405235
TTA,L,0.854,A,0.09577629742393301
TTG,L,0.433,G,0.07265560933698274
CCA,P,0.436,A,0.09692666088359304
CCC,P,-0.334,C,0.10065658079163699
CCG,P,-0.205,G,0.0920836173591461
CCT,P,0.101,T,0.09432683268333432
CAC,H,-0.088,C,0.11359698054178698
CAT,H,0.088,T,0.11359698054178698
CAA,Q,0.715,A,0.09036842662913742
CAG,Q,-0.715,G,0.09036842662913742
GTA,V,0.502,A,0.08698291474217161
GTC,V,-0.33,C,0.07709086695582769
GTG,V,-0.063,G,0.07842129386350997
GTT,V,-0.005,T,0.06685890529485893
GCA,A,0.395,A,0.06565900576450664
GCC,A,-0.271,C,0.069801687603123
GCG,A,-0.252,G,0.0843095193445545
GCT,A,0.009,T,0.07225347970017743
GAC,D,-0.13,C,0.0816234901577534
GAT,D,0.13,T,0.08162349015775341
GAA,E,0.472,A,0.06850661003703853
GAG,E,-0.472,G,0.06850661003703853
GGA,G,0.424,A,0.07869286022849757
GGC,G,-0.376,C,0.081548595180539
GGG,G,-0.138,G,0.0981840889075596
GGT,G,0.032,T,0.07937458459439041
TTC,F,-0.129,C,0.08263549897266521
TTT,F,0.129,T,0.08263549897266521
TAC,Y,0.04,C,0.099371156072621
TAT,Y,-0.04,T,0.09937115607262101
TGC,C,-0.017,C,0.16340586650978417
TGT,C,0.017,T,0.16340586650978417
