codon,amino_acid,Pelolinea,third_nucl,standard_error
ATA,I,0.968,A,0.09198912764579682
ATC,I,-0.741,C,0.05659241472426756
ATT,I,0.322,T,0.05623322372657899
ACA,T,0.998,A,0.08451667366526094
ACC,T,-0.712,C,0.06876878033805357
ACG,T,-0.382,G,0.08983775973577243
ACT,T,0.35,T,0.0873426052558645
AAC,N,-0.493,C,0.07168986987919082
AAT,N,0.493,T,0.07168986987919082
AAA,K,0.638,A,0.06536618765099393
AAG,K,-0.638,G,0.06536618765099393
AGC,S,-0.566,C,0.07936518632072485
AGT,S,0.711,T,0.09851687145431767
TCA,S,0.784,A,0.09322763516309643
TCC,S,-0.508,C,0.07727485689538874
TCG,S,-0.534,G,0.10229408718051178
TCT,S,0.554,T,0.10071486782700369
AGA,R,1.742,A,0.13450618825602023
AGG,R,0.28,G,0.1531693397154264
CGA,R,1.522,A,0.1391623788906395
CGC,R,-1.229,C,0.07769287878682642
CGG,R,-0.482,G,0.11494396416284429
CGT,R,0.15,T,0.09468263913695647
CTA,L,0.937,A,0.11193261916549041
CTC,L,-0.044,C,0.08432296802862009
CTG,L,-1.216,G,0.05487358377063854
CTT,L,0.581,T,0.08101414546447684
TTA,L,1.215,A,0.07209040755821966
TTG,L,0.025,G,0.05928491908349881
CCA,P,0.974,A,0.11423183002954428
CCC,P,-0.067,C,0.08599439381343453
CCG,P,-0.869,G,0.08641941191494812
CCT,P,0.547,T,0.09928614888225305
CAC,H,-0.549,C,0.12200339783730882
CAT,H,0.549,T,0.12200339783730882
CAA,Q,1.29,A,0.08496082372257453
CAG,Q,-1.29,G,0.08496082372257453
GTA,V,0.807,A,0.07725372845283701
GTC,V,-0.331,C,0.07687765977110136
GTG,V,-0.801,G,0.07174820619817396
GTT,V,0.433,T,0.07070491886271944
GCA,A,1.108,A,0.07341299899644858
GCC,A,-0.592,C,0.06646276305379138
GCG,A,-0.693,G,0.07821530906907963
GCT,A,0.32,T,0.07382259790416303
GAC,D,-0.408,C,0.07302378438743316
GAT,D,0.408,T,0.07302378438743315
GAA,E,0.583,A,0.07407657283720347
GAG,E,-0.583,G,0.07407657283720347
GGA,G,0.844,A,0.08493396249285924
GGC,G,-0.835,C,0.07574312004674397
GGG,G,0.087,G,0.1017009201896269
GGT,G,0.224,T,0.08154719332708747
TTC,F,-0.894,C,0.07780521133792172
TTT,F,0.894,T,0.07780521133792172
TAC,Y,-0.579,C,0.09309018161298131
TAT,Y,0.579,T,0.09309018161298131
TGC,C,-0.647,C,0.17572224096990355
TGT,C,0.647,T,0.17572224096990355
