codon,amino_acid,Periweissella,third_nucl,standard_error
ATA,I,0.717,A,0.1052803060924477
ATC,I,-0.238,C,0.07200857152808487
ATT,I,-0.104,T,0.06433815700370685
ACA,T,0.95,A,0.07046842074272604
ACC,T,-0.548,C,0.09242635655791052
ACG,T,-0.556,G,0.08119926160730898
ACT,T,-0.247,T,0.07145018249080744
AAC,N,-0.327,C,0.07668009172688649
AAT,N,0.327,T,0.07668009172688649
AAA,K,0.894,A,0.06409110704931929
AAG,K,-0.894,G,0.06409110704931929
AGC,S,-0.055,C,0.10690924803709777
AGT,S,0.388,T,0.08216295814040592
TCA,S,-0.048,A,0.07679149597051962
TCC,S,-0.463,C,0.1796695945665908
TCG,S,-0.421,G,0.1428259501886502
TCT,S,-0.114,T,0.11802454815081279
AGA,R,0.993,A,0.1654424908871636
AGG,R,0.48,G,0.2430858084403555
CGA,R,0.72,A,0.12293667916200353
CGC,R,-0.296,C,0.1029353216651721
CGG,R,-0.638,G,0.11660288007168149
CGT,R,-0.18,T,0.09071751517516945
CTA,L,-0.119,A,0.0989857373072789
CTC,L,-0.298,C,0.11514095775548353
CTG,L,-0.463,G,0.12696837491150462
CTT,L,-0.189,T,0.08382912673956021
TTA,L,0.724,A,0.05676182216363811
TTG,L,-0.562,G,0.06441208149941804
CCA,P,0.375,A,0.10444664889569405
CCC,P,-0.327,C,0.17153930355814526
CCG,P,-0.415,G,0.1579520999421115
CCT,P,-0.096,T,0.13124050043084823
CAC,H,-0.401,C,0.12390763418450221
CAT,H,0.401,T,0.12390763418450221
CAA,Q,0.309,A,0.11520635830057546
CAG,Q,-0.309,G,0.11520635830057546
GTA,V,0.897,A,0.07703852856173331
GTC,V,-0.409,C,0.08868374829889225
GTG,V,-0.212,G,0.0772408943940097
GTT,V,-0.287,T,0.06578220458427876
GCA,A,0.749,A,0.06573454520938933
GCC,A,-0.529,C,0.08622715278207967
GCG,A,-0.378,G,0.08251998167465327
GCT,A,-0.222,T,0.07281260428577643
GAC,D,-0.376,C,0.09056357167268557
GAT,D,0.376,T,0.09056357167268557
GAA,E,0.253,A,0.1060569242305009
GAG,E,-0.253,G,0.1060569242305009
GGA,G,0.805,A,0.08938255822420825
GGC,G,-0.19,C,0.09641390310543065
GGG,G,-0.157,G,0.10367411907773962
GGT,G,-0.378,T,0.07732089493183912
TTC,F,-0.761,C,0.09273125925217217
TTT,F,0.761,T,0.09273125925217215
TAC,Y,-0.24,C,0.09695170013851105
TAT,Y,0.24,T,0.09695170013851107
TGC,C,-0.748,C,0.39733308975756754
TGT,C,0.748,T,0.39733308975756754
