codon,amino_acid,Peribacillus,third_nucl,standard_error
ATA,I,0.466,A,0.04778043642340816
ATC,I,-0.497,C,0.04522583534850137
ATT,I,0.061,T,0.04093387121403668
ACA,T,0.374,A,0.05476813108018662
ACC,T,-0.286,C,0.07105614702911031
ACG,T,-0.301,G,0.06277548048648031
ACT,T,0.033,T,0.06177088928617866
AAC,N,-0.176,C,0.060180830580876414
AAT,N,0.176,T,0.060180830580876414
AAA,K,0.242,A,0.04525092358770389
AAG,K,-0.242,G,0.04525092358770389
AGC,S,-0.032,C,0.07125899492738123
AGT,S,0.271,T,0.06208561688882009
TCA,S,0.277,A,0.05806103130116278
TCC,S,-0.635,C,0.07107993557176531
TCG,S,-0.284,G,0.08177733717558544
TCT,S,0.119,T,0.06437617826089104
AGA,R,0.565,A,0.0688433487902204
AGG,R,-0.22,G,0.08196716566687955
CGA,R,0.151,A,0.08877912143764176
CGC,R,-0.309,C,0.09843168506838748
CGG,R,-0.419,G,0.09574411588670423
CGT,R,-0.155,T,0.07384404570952613
CTA,L,0.029,A,0.06690129532354352
CTC,L,-0.366,C,0.08518568645360106
CTG,L,-0.574,G,0.0619992622426335
CTT,L,-0.51,T,0.04918029008305399
TTA,L,0.397,A,0.041333797942793224
TTG,L,0.345,G,0.04431124442142143
CCA,P,0.376,A,0.07498317842032354
CCC,P,-0.044,C,0.10955572801084867
CCG,P,-0.32,G,0.08675574116520059
CCT,P,-0.116,T,0.07840112259669732
CAC,H,-0.051,C,0.10799002834945495
CAT,H,0.051,T,0.10799002834945495
CAA,Q,0.326,A,0.06884117562310706
CAG,Q,-0.326,G,0.06884117562310706
GTA,V,0.254,A,0.052036467169815456
GTC,V,-0.557,C,0.06255855458408217
GTG,V,0.221,G,0.05481573789063915
GTT,V,-0.052,T,0.050422243848096196
GCA,A,0.376,A,0.05384909118547645
GCC,A,-0.472,C,0.06794367477764339
GCG,A,-0.31,G,0.07240121431936945
GCT,A,0.131,T,0.05694619302449702
GAC,D,-0.147,C,0.06908178452953195
GAT,D,0.147,T,0.06908178452953195
GAA,E,0.156,A,0.05455393713653521
GAG,E,-0.156,G,0.05455393713653521
GGA,G,0.246,A,0.05409725716365446
GGC,G,-0.285,C,0.06839814930282387
GGG,G,-0.197,G,0.06809559933536735
GGT,G,0.071,T,0.05606233003388654
TTC,F,-0.601,C,0.061439690826006955
TTT,F,0.601,T,0.061439690826006955
TAC,Y,-0.16,C,0.0790030158046459
TAT,Y,0.16,T,0.0790030158046459
TGC,C,-0.388,C,0.15108433761347645
TGT,C,0.388,T,0.15108433761347642
