codon,amino_acid,Persicimonas,third_nucl,standard_error
ATA,I,1.903,A,0.20238570098784162
ATC,I,-1.006,C,0.06431820251228315
ATT,I,0.779,T,0.06693101489301594
ACA,T,2.02,A,0.10998581757394738
ACC,T,-0.784,C,0.04639973613596163
ACG,T,-0.237,G,0.050194294091009936
ACT,T,1.067,T,0.08729623416277295
AAC,N,-0.924,C,0.07831852596963636
AAT,N,0.924,T,0.07831852596963637
AAA,K,1.059,A,0.058512501395559684
AAG,K,-1.059,G,0.05851250139555969
AGC,S,-0.435,C,0.048862543781122064
AGT,S,1.179,T,0.09371217555682343
TCA,S,1.121,A,0.11894096617645487
TCC,S,0.276,C,0.061357797552969225
TCG,S,-0.725,G,0.04808694735261638
TCT,S,1.35,T,0.1133765402622694
AGA,R,2.298,A,0.15196203911445602
AGG,R,0.515,G,0.1332332378781862
CGA,R,1.17,A,0.06298358894222901
CGC,R,-1.042,C,0.04426018320797349
CGG,R,-0.593,G,0.06954622729795905
CGT,R,0.458,T,0.06392382136273979
CTA,L,1.296,A,0.1123598188791817
CTC,L,-0.194,C,0.037042627379946444
CTG,L,-0.578,G,0.03904681215632921
CTT,L,0.689,T,0.06710115153228674
TTA,L,1.956,A,0.19869848329659784
TTG,L,0.315,G,0.047578474869444706
CCA,P,1.456,A,0.09403106055421137
CCC,P,-0.179,C,0.05314186049319897
CCG,P,-0.633,G,0.053621998492971994
CCT,P,0.722,T,0.09417387946069948
CAC,H,-0.97,C,0.09174297995258048
CAT,H,0.97,T,0.09174297995258048
CAA,Q,1.1,A,0.0652991427140403
CAG,Q,-1.1,G,0.0652991427140403
GTA,V,1.56,A,0.09779048373895492
GTC,V,-0.547,C,0.04284701741173427
GTG,V,-0.249,G,0.044216465193781564
GTT,V,1.3,T,0.08273836031080917
GCA,A,1.609,A,0.06406600955180747
GCC,A,-0.585,C,0.03865587232148113
GCG,A,-0.522,G,0.04291776751367736
GCT,A,0.908,T,0.0668891628746086
GAC,D,-0.804,C,0.055386377057187464
GAT,D,0.804,T,0.05538637705718746
GAA,E,1.421,A,0.04878783566648027
GAG,E,-1.421,G,0.04878783566648027
GGA,G,1.412,A,0.06890719684300288
GGC,G,-0.952,C,0.05013365522390969
GGG,G,-0.114,G,0.06812336846958113
GGT,G,0.608,T,0.07357871305575359
TTC,F,-0.821,C,0.06586808705230486
TTT,F,0.821,T,0.06586808705230486
TAC,Y,-0.719,C,0.08495148499234617
TAT,Y,0.719,T,0.08495148499234617
TGC,C,-1.099,C,0.12850844913505532
TGT,C,1.099,T,0.12850844913505532
