codon,amino_acid,Peteryoungia,third_nucl,standard_error
ATA,I,0.834,A,0.11945581674888588
ATC,I,-0.484,C,0.059074769082845785
ATT,I,0.292,T,0.062424653555305284
ACA,T,0.634,A,0.07386171889795563
ACC,T,-0.215,C,0.05614906632515168
ACG,T,-0.413,G,0.060867563225500194
ACT,T,0.485,T,0.09680773106004284
AAC,N,0.106,C,0.07875853409245398
AAT,N,-0.106,T,0.07875853409245398
AAA,K,0.982,A,0.07413980382815097
AAG,K,-0.982,G,0.07413980382815097
AGC,S,0.111,C,0.06208445157292024
AGT,S,0.383,T,0.10333958591288361
TCA,S,0.157,A,0.09137259214553632
TCC,S,0.058,C,0.0637161487949263
TCG,S,-0.581,G,0.06389257046610043
TCT,S,0.384,T,0.09587142349911223
AGA,R,1.321,A,0.11058988055206061
AGG,R,0.348,G,0.10335203590021057
CGA,R,0.352,A,0.08798230106612384
CGC,R,-0.356,C,0.052762753966300806
CGG,R,-0.33,G,0.07113873197648587
CGT,R,-0.074,T,0.06859782234794029
CTA,L,0.573,A,0.13202139926569265
CTC,L,-0.087,C,0.049199592510849266
CTG,L,-0.434,G,0.04422857175799172
CTT,L,0.1,T,0.052982038627311996
TTA,L,0.665,A,0.2096531511043636
TTG,L,0.7,G,0.06521781120431043
CCA,P,0.536,A,0.08838819129384141
CCC,P,0.301,C,0.06914901051095926
CCG,P,-0.653,G,0.06362370102625046
CCT,P,0.25,T,0.0904122545989177
CAC,H,0.068,C,0.0966414701155358
CAT,H,-0.068,T,0.0966414701155358
CAA,Q,0.774,A,0.09094100656690418
CAG,Q,-0.774,G,0.09094100656690418
GTA,V,0.689,A,0.10187771616683419
GTC,V,-0.387,C,0.0541922315285146
GTG,V,0.008,G,0.05747930952324125
GTT,V,0.255,T,0.06397998933536088
GCA,A,0.469,A,0.05276096988097275
GCC,A,-0.237,C,0.043733653386336335
GCG,A,-0.306,G,0.04985342229914847
GCT,A,0.299,T,0.06112180203425687
GAC,D,0.017,C,0.05844848482907786
GAT,D,-0.017,T,0.05844848482907785
GAA,E,0.413,A,0.060278588025074555
GAG,E,-0.413,G,0.060278588025074555
GGA,G,0.572,A,0.07652332272601738
GGC,G,-0.35,C,0.05599107328355677
GGG,G,0.048,G,0.08302377411027452
GGT,G,0.044,T,0.06700370090004867
TTC,F,-0.439,C,0.07211412968420373
TTT,F,0.439,T,0.07211412968420373
TAC,Y,0.154,C,0.10023798051929883
TAT,Y,-0.154,T,0.10023798051929883
TGC,C,-0.061,C,0.17977741075090795
TGT,C,0.061,T,0.17977741075090797
