codon,amino_acid,Peterkaempfera,third_nucl,standard_error
ATA,I,1.45,A,0.22067509620117817
ATC,I,-1.715,C,0.1662445940864445
ATT,I,1.896,T,0.24864717658348942
ACA,T,1.717,A,0.16104801006227432
ACC,T,-0.817,C,0.050886799987048315
ACG,T,0.376,G,0.054894246350377776
ACT,T,1.591,T,0.16210373367954423
AAC,N,-0.261,C,0.1343936584494731
AAT,N,0.261,T,0.1343936584494731
AAA,K,1.136,A,0.2188267771106081
AAG,K,-1.136,G,0.2188267771106081
AGC,S,0.32,C,0.05160030773688126
AGT,S,1.129,T,0.14957325791238318
TCA,S,0.902,A,0.15988882863880327
TCC,S,-0.327,C,0.04961609167762781
TCG,S,-0.538,G,0.05765984915982733
TCT,S,2.221,T,0.2789105931114485
AGA,R,2.518,A,0.24629345615004403
AGG,R,0.882,G,0.09049328560535776
CGA,R,1.427,A,0.10322688001673637
CGC,R,-0.131,C,0.03937058663624828
CGG,R,-0.742,G,0.04145355160674699
CGT,R,0.772,T,0.07835355135685983
CTA,L,1.031,A,0.2589932957174032
CTC,L,0.22,C,0.03953687223664342
CTG,L,-0.595,G,0.03805170549688624
CTT,L,1.427,T,0.11734896681151807
TTA,L,1.472,A,0.6585422342953485
TTG,L,1.319,G,0.11200413179423994
CCA,P,1.22,A,0.1404438155348314
CCC,P,0.264,C,0.043576877643465066
CCG,P,-0.61,G,0.04340712694173161
CCT,P,1.354,T,0.13303331044929312
CAC,H,-0.358,C,0.09810212067009678
CAT,H,0.358,T,0.09810212067009677
CAA,Q,0.876,A,0.16463588272052793
CAG,Q,-0.876,G,0.16463588272052793
GTA,V,0.365,A,0.09917262145164857
GTC,V,-0.577,C,0.03870318307925913
GTG,V,0.39,G,0.03803686965014274
GTT,V,1.416,T,0.15313977339478077
GCA,A,1.387,A,0.06519295012698964
GCC,A,-0.445,C,0.03196376587410638
GCG,A,-0.201,G,0.03447473644087825
GCT,A,1.355,T,0.09090801902675658
GAC,D,-0.644,C,0.08240534140146709
GAT,D,0.644,T,0.0824053414014671
GAA,E,0.918,A,0.07000262514502008
GAG,E,-0.918,G,0.07000262514502008
GGA,G,1.178,A,0.07272071151059999
GGC,G,-0.62,C,0.04159862657282059
GGG,G,0.012,G,0.05044020592438219
GGT,G,0.517,T,0.06668903779287191
TTC,F,-0.756,C,0.16115585169609356
TTT,F,0.756,T,0.16115585169609356
TAC,Y,0.018,C,0.12884675905043727
TAT,Y,-0.018,T,0.1288467590504373
TGC,C,-1.091,C,0.24597503328638476
TGT,C,1.091,T,0.24597503328638476
