codon,amino_acid,Petrotoga,third_nucl,standard_error
ATA,I,0.052,A,0.06199138394833475
ATC,I,-0.083,C,0.08183097616703885
ATT,I,-0.004,T,0.06431967101346638
ACA,T,0.098,A,0.0933615339775391
ACC,T,-0.271,C,0.11772534139814192
ACG,T,-0.143,G,0.13759048436399904
ACT,T,0.151,T,0.09654889424789317
AAC,N,-0.186,C,0.08477205242357984
AAT,N,0.186,T,0.08477205242357984
AAA,K,-0.029,A,0.07411602505180064
AAG,K,0.029,G,0.07411602505180064
AGC,S,0.197,C,0.13785536497244605
AGT,S,0.187,T,0.09367600017324054
TCA,S,0.009,A,0.09742604054236191
TCC,S,-0.115,C,0.140343384208857
TCG,S,0.036,G,0.1634429962339212
TCT,S,-0.213,T,0.08747488288209004
AGA,R,0.093,A,0.10488152554163631
AGG,R,-0.294,G,0.12590560395085015
CGA,R,0.138,A,0.19472733455446373
CGC,R,0.133,C,0.3645690931056131
CGG,R,0.774,G,0.4560712622466635
CGT,R,0.058,T,0.20528471310349353
CTA,L,-0.245,A,0.09944948647888618
CTC,L,-0.364,C,0.1395479213318978
CTG,L,-0.302,G,0.1527124969261062
CTT,L,-0.265,T,0.07987293091087849
TTA,L,-0.074,A,0.0612377735907215
TTG,L,0.53,G,0.06820665331546864
CCA,P,0.241,A,0.11881807438000173
CCC,P,-0.019,C,0.17663922171908303
CCG,P,0.248,G,0.20405725896713015
CCT,P,-0.313,T,0.11924122364940914
CAC,H,-0.017,C,0.1943250760163605
CAT,H,0.017,T,0.1943250760163605
CAA,Q,-0.017,A,0.15544199494221211
CAG,Q,0.017,G,0.1554419949422121
GTA,V,-0.005,A,0.0792887538859349
GTC,V,-0.291,C,0.13670589571585226
GTG,V,0.808,G,0.10234152669199019
GTT,V,-0.378,T,0.07567054176700688
GCA,A,0.235,A,0.09829466945453379
GCC,A,-0.254,C,0.13646694608471216
GCG,A,-0.062,G,0.15322325813512036
GCT,A,-0.071,T,0.0973376825073513
GAC,D,-0.071,C,0.1051401303889087
GAT,D,0.071,T,0.1051401303889087
GAA,E,0.043,A,0.09072936476834315
GAG,E,-0.043,G,0.09072936476834315
GGA,G,0.048,A,0.08800884759878022
GGC,G,-0.173,C,0.151402274036159
GGG,G,0.039,G,0.12265136692749971
GGT,G,-0.008,T,0.09031969020124483
TTC,F,-0.318,C,0.09965831596530338
TTT,F,0.318,T,0.09965831596530338
TAC,Y,0.035,C,0.09992249186584852
TAT,Y,-0.035,T,0.09992249186584852
TGC,C,-0.133,C,0.2799119203410093
TGT,C,0.133,T,0.2799119203410093
