codon,amino_acid,Petrimonas,third_nucl,standard_error
ATA,I,0.836,A,0.07141004440547975
ATC,I,-0.872,C,0.057953507380488066
ATT,I,0.319,T,0.06178063917594986
ACA,T,1.008,A,0.07749686889611195
ACC,T,-1.031,C,0.07531054342042134
ACG,T,-0.435,G,0.09541447807378306
ACT,T,0.552,T,0.09467352828821528
AAC,N,-0.369,C,0.0706682435490808
AAT,N,0.369,T,0.0706682435490808
AAA,K,1.025,A,0.05940136316926633
AAG,K,-1.025,G,0.05940136316926633
AGC,S,-0.296,C,0.08128704740804946
AGT,S,0.415,T,0.08571956692977009
TCA,S,0.823,A,0.08504089204413379
TCC,S,-0.285,C,0.08532401447794584
TCG,S,-0.772,G,0.08209647728708101
TCT,S,0.319,T,0.10551068295461091
AGA,R,1.77,A,0.08698077532740892
AGG,R,-0.61,G,0.09415428153531036
CGA,R,0.556,A,0.12471896854656607
CGC,R,-1.015,C,0.11055706091410399
CGG,R,-1.019,G,0.10292814758827191
CGT,R,-0.442,T,0.10316533671861855
CTA,L,0.998,A,0.11654528612047554
CTC,L,-0.374,C,0.07034464929765716
CTG,L,-1.01,G,0.05712735696073741
CTT,L,0.191,T,0.07005087575819326
TTA,L,1.604,A,0.0902313960729503
TTG,L,-0.011,G,0.06391888646206755
CCA,P,0.786,A,0.1240656587322908
CCC,P,-0.352,C,0.10083029823844698
CCG,P,-0.402,G,0.10535062230483912
CCT,P,0.332,T,0.1230191976153509
CAC,H,-0.458,C,0.12533575165062483
CAT,H,0.458,T,0.12533575165062483
CAA,Q,1.209,A,0.09364788514147462
CAG,Q,-1.209,G,0.09364788514147462
GTA,V,0.504,A,0.07477522467554722
GTC,V,-0.113,C,0.08663638172687539
GTG,V,-0.813,G,0.07917879504224254
GTT,V,0.383,T,0.0772501305476249
GCA,A,0.702,A,0.0720603786613202
GCC,A,-0.902,C,0.07697470628281011
GCG,A,-0.029,G,0.0973238459490172
GCT,A,0.252,T,0.08623095478544895
GAC,D,-0.177,C,0.0788884137238913
GAT,D,0.177,T,0.0788884137238913
GAA,E,0.894,A,0.07073038846192378
GAG,E,-0.894,G,0.07073038846192378
GGA,G,0.55,A,0.07742170128686271
GGC,G,-0.248,C,0.09016987658873812
GGG,G,-0.425,G,0.10448955215016187
GGT,G,-0.145,T,0.09017487428358661
TTC,F,-0.856,C,0.07317680279772808
TTT,F,0.856,T,0.07317680279772808
TAC,Y,-0.259,C,0.08542717920778532
TAT,Y,0.259,T,0.08542717920778532
TGC,C,-0.176,C,0.17566742698130766
TGT,C,0.176,T,0.17566742698130766
