codon,amino_acid,Petrocella,third_nucl,standard_error
ATA,I,0.486,A,0.05305870069041325
ATC,I,-0.337,C,0.061674959899125845
ATT,I,-0.214,T,0.04933487435548678
ACA,T,0.524,A,0.07001436709258035
ACC,T,-0.639,C,0.08554993945772184
ACG,T,-0.121,G,0.10080629949904436
ACT,T,-0.036,T,0.08647927674827713
AAC,N,-0.173,C,0.07477212565364992
AAT,N,0.173,T,0.07477212565364992
AAA,K,0.342,A,0.05540516096861447
AAG,K,-0.342,G,0.05540516096861447
AGC,S,-0.037,C,0.09866462084663256
AGT,S,0.271,T,0.07263895729281845
TCA,S,0.355,A,0.07443793485083208
TCC,S,-0.573,C,0.11393211310974616
TCG,S,0.062,G,0.13654211851684447
TCT,S,-0.569,T,0.09333687258551951
AGA,R,0.537,A,0.07727008590362441
AGG,R,-0.298,G,0.1272163765925395
CGA,R,-0.093,A,0.11908393144987699
CGC,R,-0.511,C,0.18037698466344762
CGG,R,-0.685,G,0.20877191160259154
CGT,R,-0.342,T,0.10270641668930203
CTA,L,-0.007,A,0.07057119032940101
CTC,L,-0.553,C,0.1170053477551951
CTG,L,-0.35,G,0.09380567517073742
CTT,L,-0.601,T,0.06408632816770804
TTA,L,0.577,A,0.05259854382773856
TTG,L,0.094,G,0.06231483493105377
CCA,P,0.491,A,0.10816204014639505
CCC,P,0.036,C,0.15915095387965086
CCG,P,-0.169,G,0.132774241573581
CCT,P,-0.438,T,0.117111909728791
CAC,H,0.034,C,0.13966502033390057
CAT,H,-0.034,T,0.13966502033390055
CAA,Q,0.44,A,0.1013323153307613
CAG,Q,-0.44,G,0.1013323153307613
GTA,V,0.498,A,0.06498401287007559
GTC,V,-0.407,C,0.09280339250208987
GTG,V,0.088,G,0.07866851943992104
GTT,V,-0.354,T,0.06527077314539302
GCA,A,0.627,A,0.07103412578880007
GCC,A,-0.781,C,0.09770841664336898
GCG,A,-0.006,G,0.10871382961246544
GCT,A,-0.215,T,0.08169939420291387
GAC,D,-0.177,C,0.08129817375390115
GAT,D,0.177,T,0.08129817375390115
GAA,E,0.268,A,0.07048556956358966
GAG,E,-0.268,G,0.07048556956358965
GGA,G,0.362,A,0.07775389940851904
GGC,G,-0.101,C,0.08573227307772525
GGG,G,-0.083,G,0.11670377160761822
GGT,G,-0.184,T,0.06861041983203449
TTC,F,-0.34,C,0.09786562347341803
TTT,F,0.34,T,0.09786562347341803
TAC,Y,-0.022,C,0.09503104698684459
TAT,Y,0.022,T,0.09503104698684459
TGC,C,-0.121,C,0.19244283247163513
TGT,C,0.121,T,0.19244283247163513
