codon,amino_acid,Phascolarctobacterium,third_nucl,standard_error
ATA,I,0.466,A,0.0816854122405137
ATC,I,-0.395,C,0.07017063075667913
ATT,I,0.035,T,0.06645847088851792
ACA,T,0.261,A,0.08439092314937015
ACC,T,-0.229,C,0.09924049317305406
ACG,T,-0.265,G,0.10597652647305182
ACT,T,0.069,T,0.08212607773106408
AAC,N,-0.245,C,0.09407912736226359
AAT,N,0.245,T,0.09407912736226359
AAA,K,0.452,A,0.0746678635495633
AAG,K,-0.452,G,0.0746678635495633
AGC,S,-0.209,C,0.09781293150632896
AGT,S,0.312,T,0.09075182129303866
TCA,S,0.296,A,0.12537941570980765
TCC,S,-0.216,C,0.12373257322959585
TCG,S,-0.45,G,0.1519441207686061
TCT,S,-0.005,T,0.10176308641351868
AGA,R,1.086,A,0.10344070345044416
AGG,R,-0.031,G,0.13315406317585027
CGA,R,0.908,A,0.22547116018263472
CGC,R,-0.623,C,0.114306081037931
CGG,R,-0.551,G,0.14509937934246628
CGT,R,-0.418,T,0.09245211057485365
CTA,L,0.176,A,0.1695859363856018
CTC,L,-0.176,C,0.1480106989479611
CTG,L,-0.974,G,0.062945943558479
CTT,L,-0.196,T,0.07888938614256713
TTA,L,0.922,A,0.06589020710753601
TTG,L,0.288,G,0.06656676859146751
CCA,P,0.402,A,0.1418003033391788
CCC,P,-0.114,C,0.16408030885745012
CCG,P,-0.205,G,0.11288397953045629
CCT,P,0.013,T,0.1154529304337446
CAC,H,-0.085,C,0.17523134667907875
CAT,H,0.085,T,0.17523134667907875
CAA,Q,0.921,A,0.1021057273852543
CAG,Q,-0.921,G,0.1021057273852543
GTA,V,0.233,A,0.07359208473954228
GTC,V,-0.458,C,0.09648690727378663
GTG,V,0.244,G,0.08340683499318112
GTT,V,-0.139,T,0.07156594813602986
GCA,A,0.596,A,0.07212214492877551
GCC,A,-0.459,C,0.09240689293087007
GCG,A,-0.055,G,0.09236573410934167
GCT,A,-0.256,T,0.07100437652487927
GAC,D,0.01,C,0.09428804029175418
GAT,D,-0.01,T,0.09428804029175418
GAA,E,0.424,A,0.08575748495565555
GAG,E,-0.424,G,0.08575748495565555
GGA,G,0.305,A,0.09524370525782992
GGC,G,-0.203,C,0.0820143854965529
GGG,G,0.055,G,0.12361188853801695
GGT,G,-0.039,T,0.08026561775748584
TTC,F,-0.395,C,0.1127349153540175
TTT,F,0.395,T,0.1127349153540175
TAC,Y,-0.049,C,0.12235790429499836
TAT,Y,0.049,T,0.12235790429499836
TGC,C,-0.231,C,0.15987436756546733
TGT,C,0.231,T,0.15987436756546736
