codon,amino_acid,Phenylobacterium,third_nucl,standard_error
ATA,I,1.169,A,0.31368419360407446
ATC,I,-1.006,C,0.1478147139787466
ATT,I,0.928,T,0.16587584330408375
ACA,T,1.092,A,0.18757236978064964
ACC,T,-0.158,C,0.058943551061596516
ACG,T,-0.091,G,0.06072914221890409
ACT,T,1.223,T,0.22873505436960162
AAC,N,-0.571,C,0.14137866330528162
AAT,N,0.571,T,0.14137866330528162
AAA,K,2.086,A,0.19803460933816686
AAG,K,-2.086,G,0.19803460933816686
AGC,S,0.176,C,0.06239937606808567
AGT,S,0.929,T,0.2175761519143246
TCA,S,0.973,A,0.2165560955482648
TCC,S,0.444,C,0.06863489419262529
TCG,S,-0.88,G,0.06285831002312794
TCT,S,1.158,T,0.2056093741180348
AGA,R,2.215,A,0.2650019698967528
AGG,R,1.135,G,0.11413262269527215
CGA,R,1.261,A,0.12208703018685357
CGC,R,-0.279,C,0.04583723034740257
CGG,R,-0.661,G,0.052200391833438664
CGT,R,1.002,T,0.10069955766482254
CTA,L,0.748,A,0.2527906483788061
CTC,L,0.316,C,0.04458735439654532
CTG,L,-0.8,G,0.04237868627579108
CTT,L,1.087,T,0.09832286861672904
TTA,L,2.453,A,1.0410357894947362
TTG,L,1.477,G,0.11716990629652402
CCA,P,0.886,A,0.16913409384574138
CCC,P,0.254,C,0.054197065750504515
CCG,P,-0.601,G,0.05389221266705105
CCT,P,1.194,T,0.12968814880121007
CAC,H,-0.347,C,0.12500876055939214
CAT,H,0.347,T,0.12500876055939214
CAA,Q,2.041,A,0.1644921475488994
CAG,Q,-2.041,G,0.1644921475488994
GTA,V,1.123,A,0.2406074998002961
GTC,V,0.083,C,0.048709118114518515
GTG,V,-0.345,G,0.04902648582795356
GTT,V,1.268,T,0.13331285298265466
GCA,A,1.195,A,0.12324681991237293
GCC,A,-0.239,C,0.03571877322673536
GCG,A,-0.065,G,0.03697468228968933
GCT,A,1.194,T,0.1022825188474693
GAC,D,-0.54,C,0.08146185388422197
GAT,D,0.54,T,0.08146185388422197
GAA,E,1.28,A,0.07164860730386109
GAG,E,-1.28,G,0.07164860730386109
GGA,G,1.022,A,0.09650994427668093
GGC,G,-0.568,C,0.05348409549138453
GGG,G,0.006,G,0.06417156738819683
GGT,G,1.016,T,0.11234234431336637
TTC,F,-1.452,C,0.20199112971630234
TTT,F,1.452,T,0.20199112971630234
TAC,Y,-0.6,C,0.1256141696826973
TAT,Y,0.6,T,0.1256141696826973
TGC,C,-0.613,C,0.2957172956076742
TGT,C,0.613,T,0.2957172956076742
