codon,amino_acid,Phocaeicola,third_nucl,standard_error
ATA,I,0.646,A,0.050162471443992926
ATC,I,-0.506,C,0.052986387731339325
ATT,I,-0.199,T,0.04730836800667404
ACA,T,0.699,A,0.0603028156903759
ACC,T,-0.361,C,0.06577345852100072
ACG,T,-0.272,G,0.08188819621131883
ACT,T,-0.311,T,0.06587102374862161
AAC,N,0.074,C,0.059829122733848786
AAT,N,-0.074,T,0.05982912273384879
AAA,K,0.434,A,0.0478392659336242
AAG,K,-0.434,G,0.0478392659336242
AGC,S,-0.01,C,0.07569343450341447
AGT,S,0.282,T,0.06808242947277918
TCA,S,0.425,A,0.07410380668395727
TCC,S,-0.408,C,0.08176088644196029
TCG,S,-0.309,G,0.09550425752967244
TCT,S,-0.204,T,0.07327930848562916
AGA,R,1.856,A,0.07628243864917017
AGG,R,0.141,G,0.10582893556715028
CGA,R,0.535,A,0.1131805525786981
CGC,R,-0.899,C,0.09831725456062414
CGG,R,-1.002,G,0.11179043646775379
CGT,R,-1.184,T,0.07468518758936077
CTA,L,0.595,A,0.08155199824308439
CTC,L,-0.064,C,0.08724659577669684
CTG,L,-0.885,G,0.05339684933590106
CTT,L,-0.056,T,0.058823124415435635
TTA,L,1.087,A,0.05129485106706404
TTG,L,-0.48,G,0.04717135284254811
CCA,P,0.859,A,0.11302644043233305
CCC,P,-0.23,C,0.1006942748042231
CCG,P,-0.288,G,0.09564552115089381
CCT,P,-0.075,T,0.08815188426800726
CAC,H,0.152,C,0.11147674418814893
CAT,H,-0.152,T,0.11147674418814893
CAA,Q,0.653,A,0.07756114336418925
CAG,Q,-0.653,G,0.07756114336418925
GTA,V,0.44,A,0.05753391719380135
GTC,V,-0.175,C,0.08120422812614632
GTG,V,-0.61,G,0.06851438644435907
GTT,V,0.127,T,0.06517222960270948
GCA,A,0.827,A,0.05945499622066144
GCC,A,-0.675,C,0.06903211896495476
GCG,A,-0.224,G,0.08526597227060455
GCT,A,-0.2,T,0.06261900612002358
GAC,D,-0.133,C,0.06774480712048637
GAT,D,0.133,T,0.06774480712048636
GAA,E,0.65,A,0.06477633513314023
GAG,E,-0.65,G,0.06477633513314023
GGA,G,0.401,A,0.06309655048479841
GGC,G,-0.349,C,0.08162623943703926
GGG,G,-0.277,G,0.09907834121692045
GGT,G,-0.072,T,0.067671316515715
TTC,F,-0.611,C,0.06227238918364654
TTT,F,0.611,T,0.06227238918364653
TAC,Y,-0.018,C,0.07311453036488175
TAT,Y,0.018,T,0.07311453036488175
TGC,C,-0.014,C,0.11636691244647876
TGT,C,0.014,T,0.11636691244647875
