codon,amino_acid,Photorhabdus,third_nucl,standard_error
ATA,I,0.4,A,0.05485232071622358
ATC,I,-0.148,C,0.05278142837732641
ATT,I,-0.174,T,0.04586145801657138
ACA,T,0.368,A,0.05908879466180262
ACC,T,-0.257,C,0.0616835959250432
ACG,T,-0.299,G,0.07306758761689705
ACT,T,0.057,T,0.05865256524671231
AAC,N,0.081,C,0.06096377355390645
AAT,N,-0.081,T,0.06096377355390645
AAA,K,0.202,A,0.05776077931808809
AAG,K,-0.202,G,0.05776077931808809
AGC,S,-0.031,C,0.06466897952696875
AGT,S,-0.03,T,0.05841224553487577
TCA,S,0.208,A,0.05945768121843654
TCC,S,-0.11,C,0.07825683996859671
TCG,S,-0.197,G,0.08826482626527503
TCT,S,0.0,T,0.05867376867315215
AGA,R,0.567,A,0.07381496886520891
AGG,R,0.263,G,0.11696227595850427
CGA,R,0.232,A,0.08931119560952751
CGC,R,-0.124,C,0.07389732595828585
CGG,R,-0.402,G,0.09267505387305937
CGT,R,-0.309,T,0.06137845199439148
CTA,L,-0.025,A,0.06712250328773879
CTC,L,0.107,C,0.07627569311092772
CTG,L,-0.395,G,0.048946900574080555
CTT,L,0.133,T,0.0563325422559327
TTA,L,0.349,A,0.04345874301662322
TTG,L,-0.179,G,0.049147354659917875
CCA,P,0.088,A,0.07017427966701588
CCC,P,0.099,C,0.0877682734154379
CCG,P,-0.371,G,0.07598560612449826
CCT,P,0.176,T,0.07064911324239623
CAC,H,0.36,C,0.09284733470769535
CAT,H,-0.36,T,0.09284733470769535
CAA,Q,0.412,A,0.06277319136529119
CAG,Q,-0.412,G,0.06277319136529119
GTA,V,0.213,A,0.06133845953113146
GTC,V,-0.213,C,0.0687498326466903
GTG,V,0.131,G,0.05970237191088172
GTT,V,-0.137,T,0.05346988246947536
GCA,A,0.316,A,0.05322673400297526
GCC,A,-0.155,C,0.061861721454457654
GCG,A,-0.401,G,0.0641574281247998
GCT,A,0.089,T,0.05372977028480985
GAC,D,0.203,C,0.06879788744251052
GAT,D,-0.203,T,0.06879788744251052
GAA,E,0.209,A,0.06280747493331704
GAG,E,-0.209,G,0.06280747493331704
GGA,G,0.219,A,0.07200329986145167
GGC,G,-0.052,C,0.0676340544132813
GGG,G,-0.136,G,0.08555824041947194
GGT,G,-0.042,T,0.06083118054508233
TTC,F,-0.361,C,0.07051341665961236
TTT,F,0.361,T,0.07051341665961236
TAC,Y,0.173,C,0.0819549237942323
TAT,Y,-0.173,T,0.0819549237942323
TGC,C,0.326,C,0.13051566383032887
TGT,C,-0.326,T,0.13051566383032887
