codon,amino_acid,Photobacterium,third_nucl,standard_error
ATA,I,0.74,A,0.07509297409872596
ATC,I,-0.716,C,0.04893691487282447
ATT,I,0.381,T,0.04880255858435404
ACA,T,0.781,A,0.06541890617429519
ACC,T,-0.761,C,0.054455365184873865
ACG,T,-0.078,G,0.06954915972599675
ACT,T,0.333,T,0.0643239802235503
AAC,N,-0.367,C,0.059881097673985265
AAT,N,0.367,T,0.059881097673985265
AAA,K,0.657,A,0.05109161110559701
AAG,K,-0.657,G,0.05109161110559701
AGC,S,-0.263,C,0.05579345245472993
AGT,S,0.182,T,0.06340182565999496
TCA,S,0.321,A,0.06292585422633319
TCC,S,-0.214,C,0.07868530678582139
TCG,S,-0.364,G,0.07027000509400397
TCT,S,0.261,T,0.06337401458789181
AGA,R,1.133,A,0.0999183738537165
AGG,R,0.285,G,0.11358602733357746
CGA,R,0.603,A,0.09514639980858983
CGC,R,-0.556,C,0.061896556558172944
CGG,R,-0.571,G,0.09410503390853307
CGT,R,-0.023,T,0.06365194971239965
CTA,L,0.444,A,0.05683982857713038
CTC,L,-0.057,C,0.05725733709034253
CTG,L,-0.785,G,0.042810531920188584
CTT,L,0.15,T,0.05157657290385217
TTA,L,0.909,A,0.05822940628473729
TTG,L,-0.082,G,0.04676515186252787
CCA,P,0.475,A,0.07024084232678433
CCC,P,0.221,C,0.08843008854241287
CCG,P,-0.912,G,0.07287113296127094
CCT,P,0.323,T,0.07234699271371736
CAC,H,-0.224,C,0.08142815110097013
CAT,H,0.224,T,0.08142815110097013
CAA,Q,0.829,A,0.05902148090718496
CAG,Q,-0.829,G,0.05902148090718496
GTA,V,0.43,A,0.059263465578352166
GTC,V,-0.501,C,0.057961841583652314
GTG,V,-0.171,G,0.05290318121315187
GTT,V,0.256,T,0.053205899961416586
GCA,A,0.534,A,0.05036298949614778
GCC,A,-0.45,C,0.04836316273773098
GCG,A,-0.163,G,0.05498525852990896
GCT,A,0.11,T,0.052452526863100986
GAC,D,-0.215,C,0.06096083862293302
GAT,D,0.215,T,0.06096083862293302
GAA,E,0.688,A,0.058000915015386414
GAG,E,-0.688,G,0.058000915015386414
GGA,G,1.032,A,0.0835055283837965
GGC,G,-0.374,C,0.05924079769121134
GGG,G,-0.065,G,0.07705878767657644
GGT,G,-0.091,T,0.06008399219873223
TTC,F,-0.777,C,0.062036876073776316
TTT,F,0.777,T,0.062036876073776316
TAC,Y,-0.414,C,0.07482524661934223
TAT,Y,0.414,T,0.07482524661934223
TGC,C,0.039,C,0.12153287345625635
TGT,C,-0.039,T,0.12153287345625635
