codon,amino_acid,Phototrophicus,third_nucl,standard_error
ATA,I,0.753,A,0.07806741592104792
ATC,I,-0.364,C,0.0477527486269241
ATT,I,0.061,T,0.04812542953423413
ACA,T,0.327,A,0.05279751889537248
ACC,T,-0.166,C,0.054821118860429785
ACG,T,-0.475,G,0.053397442321292024
ACT,T,0.545,T,0.07459093797246899
AAC,N,-0.048,C,0.06340626088986395
AAT,N,0.048,T,0.06340626088986394
AAA,K,0.585,A,0.06414994231952917
AAG,K,-0.585,G,0.06414994231952917
AGC,S,-0.466,C,0.05588768953805819
AGT,S,0.251,T,0.07032425163991693
TCA,S,0.494,A,0.07430030493220652
TCC,S,-0.113,C,0.07387469760947805
TCG,S,-0.273,G,0.07964565249140247
TCT,S,0.377,T,0.0737732838448854
AGA,R,1.451,A,0.12180084837706126
AGG,R,0.018,G,0.13952269077110752
CGA,R,0.682,A,0.08295978070756505
CGC,R,-0.469,C,0.0529769293953268
CGG,R,-0.435,G,0.07730264700367105
CGT,R,0.018,T,0.05635197056866799
CTA,L,0.298,A,0.07134667974041232
CTC,L,0.035,C,0.051526668773483775
CTG,L,-0.802,G,0.044222285182076444
CTT,L,0.222,T,0.06116244552361093
TTA,L,0.669,A,0.05873414443248252
TTG,L,0.234,G,0.04956637347826332
CCA,P,0.293,A,0.06423208329868779
CCC,P,0.103,C,0.06677632435141354
CCG,P,-0.631,G,0.06349881004885834
CCT,P,0.299,T,0.0672156451488347
CAC,H,0.042,C,0.08739970598956043
CAT,H,-0.042,T,0.08739970598956043
CAA,Q,1.003,A,0.06093535308749314
CAG,Q,-1.003,G,0.06093535308749314
GTA,V,0.535,A,0.07012359970157073
GTC,V,-0.448,C,0.05233574550892083
GTG,V,-0.128,G,0.050883777338708726
GTT,V,0.325,T,0.05524483517832625
GCA,A,0.645,A,0.05001079802959317
GCC,A,-0.333,C,0.051859600321940265
GCG,A,-0.371,G,0.054349062699455906
GCT,A,-0.004,T,0.0542119029479433
GAC,D,0.067,C,0.05797585208620197
GAT,D,-0.067,T,0.05797585208620197
GAA,E,0.263,A,0.059082792862996385
GAG,E,-0.263,G,0.059082792862996385
GGA,G,0.933,A,0.09475651951348692
GGC,G,-0.357,C,0.05740171703900322
GGG,G,-0.107,G,0.07242425189198813
GGT,G,0.115,T,0.06269969240255091
TTC,F,-0.499,C,0.06592645748977737
TTT,F,0.499,T,0.06592645748977737
TAC,Y,0.136,C,0.0766704495395552
TAT,Y,-0.136,T,0.0766704495395552
TGC,C,-0.23,C,0.15994953889876312
TGT,C,0.23,T,0.15994953889876312
