codon,amino_acid,Phreatobacter,third_nucl,standard_error
ATA,I,1.068,A,0.1772177582875854
ATC,I,-0.723,C,0.06221054510112487
ATT,I,0.637,T,0.06527400908070856
ACA,T,1.161,A,0.09569075386255872
ACC,T,-0.434,C,0.04289283180389094
ACG,T,-0.027,G,0.04578339818192132
ACT,T,1.168,T,0.1334857632635666
AAC,N,0.148,C,0.07179354587086618
AAT,N,-0.148,T,0.07179354587086618
AAA,K,1.056,A,0.07424657289861841
AAG,K,-1.056,G,0.07424657289861841
AGC,S,-0.159,C,0.04904586583433407
AGT,S,0.632,T,0.12535436029657884
TCA,S,1.039,A,0.11866125837736252
TCC,S,0.339,C,0.05288381591421889
TCG,S,-0.624,G,0.04631155650246766
TCT,S,1.506,T,0.1542541288975361
AGA,R,1.927,A,0.17314645536518258
AGG,R,0.218,G,0.07661021808495089
CGA,R,1.478,A,0.10344093990991689
CGC,R,-0.295,C,0.03727664612553056
CGG,R,-0.637,G,0.044742970115888694
CGT,R,0.754,T,0.061590309354535355
CTA,L,0.977,A,0.20289965147963374
CTC,L,0.049,C,0.034497393439411654
CTG,L,-0.669,G,0.03279144815657542
CTT,L,1.026,T,0.06195699406744665
TTA,L,1.54,A,0.3195514877371737
TTG,L,0.674,G,0.054161771392889316
CCA,P,0.898,A,0.09196313508650561
CCC,P,0.373,C,0.04904960092946153
CCG,P,-0.822,G,0.0450408628955251
CCT,P,1.032,T,0.0917289689606121
CAC,H,0.01,C,0.0735689578657624
CAT,H,-0.01,T,0.0735689578657624
CAA,Q,1.115,A,0.07812150068690792
CAG,Q,-1.115,G,0.0781215006869079
GTA,V,0.754,A,0.14969347613375517
GTC,V,-0.264,C,0.0391965822481598
GTG,V,-0.187,G,0.041062842678973595
GTT,V,1.107,T,0.07034323146636151
GCA,A,1.06,A,0.06171541584183999
GCC,A,-0.263,C,0.02982722240343754
GCG,A,-0.351,G,0.032026213508052515
GCT,A,1.204,T,0.06534659763070948
GAC,D,-0.293,C,0.04719803931357875
GAT,D,0.293,T,0.04719803931357876
GAA,E,0.709,A,0.052091939764030905
GAG,E,-0.709,G,0.052091939764030905
GGA,G,1.196,A,0.08141743767819011
GGC,G,-0.838,C,0.044500284229215654
GGG,G,0.315,G,0.062467327628733624
GGT,G,0.637,T,0.06361425201665864
TTC,F,-0.696,C,0.0720943771747348
TTT,F,0.696,T,0.0720943771747348
TAC,Y,0.468,C,0.08708891632035098
TAT,Y,-0.468,T,0.08708891632035097
TGC,C,-0.838,C,0.17693861654743612
TGT,C,0.838,T,0.17693861654743612
