codon,amino_acid,Phycisphaera,third_nucl,standard_error
ATA,I,1.125,A,1.1555127994104888
ATC,I,-0.539,C,0.24370917923399005
ATT,I,0.506,T,0.2494589342686108
ACA,T,1.043,A,0.28183897628211274
ACC,T,0.481,C,0.06613199241636379
ACG,T,-0.654,G,0.06754865147641773
ACT,T,1.396,T,0.3448386436416891
AAC,N,-1.606,C,0.2980024885918371
AAT,N,1.606,T,0.2980024885918371
AAA,K,1.566,A,0.19474370604555233
AAG,K,-1.566,G,0.19474370604555233
AGC,S,-0.364,C,0.06932193435564533
AGT,S,0.867,T,0.37750198571399324
TCA,S,1.429,A,0.38171242204069417
TCC,S,0.891,C,0.07220301537039975
TCG,S,-1.01,G,0.07792174122985987
TCT,S,1.699,T,0.2756388842550801
AGA,R,1.852,A,0.2491307563047956
AGG,R,0.471,G,0.16376619912992119
CGA,R,1.955,A,0.14545850772793434
CGC,R,0.185,C,0.053765018773904244
CGG,R,-1.263,G,0.06334453712562203
CGT,R,0.906,T,0.12115721218671471
CTA,L,0.808,A,0.4496964115283703
CTC,L,0.498,C,0.047029007043352
CTG,L,-0.974,G,0.049345184331643095
CTT,L,1.216,T,0.14588172248032605
TTA,L,0.612,A,0.8663399428939065
TTG,L,1.079,G,0.1073245590828614
CCA,P,1.595,A,0.24912836867664717
CCC,P,0.502,C,0.05515855697147889
CCG,P,-0.917,G,0.05600435177376787
CCT,P,1.87,T,0.20980945051734087
CAC,H,-1.583,C,0.2659141678419249
CAT,H,1.583,T,0.26591416784192484
CAA,Q,1.758,A,0.15445252000275678
CAG,Q,-1.758,G,0.15445252000275678
GTA,V,0.672,A,0.5862883428944204
GTC,V,-0.221,C,0.059365072479420695
GTG,V,0.05,G,0.05916993389463872
GTT,V,1.094,T,0.1603538604359354
GCA,A,1.389,A,0.12937995151696896
GCC,A,0.496,C,0.04289364182436919
GCG,A,-1.068,G,0.046876645395404794
GCT,A,1.282,T,0.10282186679113747
GAC,D,-0.822,C,0.10084037593771829
GAT,D,0.822,T,0.10084037593771829
GAA,E,1.878,A,0.092332732140906
GAG,E,-1.878,G,0.092332732140906
GGA,G,1.759,A,0.12578208779046088
GGC,G,-0.627,C,0.06573504059674853
GGG,G,-0.233,G,0.07998532408782835
GGT,G,0.956,T,0.12325940007412234
TTC,F,-1.287,C,0.22235622649046913
TTT,F,1.287,T,0.22235622649046913
TAC,Y,-0.912,C,0.3528725217508067
TAT,Y,0.912,T,0.35287252175080663
TGC,C,-1.551,C,0.38945570294461673
TGT,C,1.551,T,0.38945570294461673
