codon,amino_acid,Phytobacter,third_nucl,standard_error
ATA,I,0.82,A,0.08450515689830766
ATC,I,-0.489,C,0.04984381195501267
ATT,I,0.167,T,0.04876906018550138
ACA,T,0.878,A,0.06846725853792288
ACC,T,-0.557,C,0.05128324493047155
ACG,T,-0.342,G,0.05686939184645561
ACT,T,0.563,T,0.07339258873803575
AAC,N,-0.275,C,0.06286345450184944
AAT,N,0.275,T,0.06286345450184944
AAA,K,0.037,A,0.06276596579833463
AAG,K,-0.037,G,0.06276596579833463
AGC,S,-0.415,C,0.05525362376184832
AGT,S,0.371,T,0.06756736859017111
TCA,S,0.568,A,0.07409406356313511
TCC,S,-0.222,C,0.06630437534247309
TCG,S,-0.396,G,0.0707075286149494
TCT,S,0.354,T,0.06977316953804831
AGA,R,1.468,A,0.120780762784315
AGG,R,0.45,G,0.13732356917383856
CGA,R,0.864,A,0.1030577947201536
CGC,R,-0.437,C,0.05346180146141467
CGG,R,-0.391,G,0.08975737658480527
CGT,R,-0.122,T,0.054436407873906086
CTA,L,0.365,A,0.09584508588473253
CTC,L,0.142,C,0.055698147583372326
CTG,L,-0.941,G,0.03801792917698496
CTT,L,0.419,T,0.054492464778432954
TTA,L,1.023,A,0.05713798291404287
TTG,L,0.279,G,0.05566879396122768
CCA,P,0.302,A,0.07940826769100028
CCC,P,0.455,C,0.07531998366836082
CCG,P,-0.858,G,0.06199880349643327
CCT,P,0.626,T,0.07832309082458835
CAC,H,-0.071,C,0.0823070963266494
CAT,H,0.071,T,0.0823070963266494
CAA,Q,0.885,A,0.06160135234700826
CAG,Q,-0.885,G,0.06160135234700826
GTA,V,0.533,A,0.06585772518618115
GTC,V,-0.203,C,0.05608123115391195
GTG,V,-0.413,G,0.04975988956793977
GTT,V,0.324,T,0.054523713823212895
GCA,A,0.661,A,0.05096949348880573
GCC,A,-0.288,C,0.04637298906717913
GCG,A,-0.577,G,0.04627037598069246
GCT,A,0.539,T,0.05820945615560083
GAC,D,-0.08,C,0.05869379509909787
GAT,D,0.08,T,0.05869379509909787
GAA,E,0.466,A,0.060175900773403596
GAG,E,-0.466,G,0.060175900773403596
GGA,G,0.797,A,0.08475640296176955
GGC,G,-0.31,C,0.0565963365823871
GGG,G,-0.381,G,0.07566042674127875
GGT,G,0.224,T,0.060198713248536574
TTC,F,-0.516,C,0.06384634081071866
TTT,F,0.516,T,0.06384634081071867
TAC,Y,-0.02,C,0.07991752574057634
TAT,Y,0.02,T,0.07991752574057634
TGC,C,-0.549,C,0.1249052798348676
TGT,C,0.549,T,0.12490527983486759
