codon,amino_acid,Phytohabitans,third_nucl,standard_error
ATA,I,0.759,A,0.1669425120923921
ATC,I,-1.05,C,0.10954861031975145
ATT,I,1.188,T,0.14243648738585765
ACA,T,1.045,A,0.09041218308232658
ACC,T,-0.345,C,0.037117391054834165
ACG,T,-0.038,G,0.03880744095496112
ACT,T,1.257,T,0.11688317204875148
AAC,N,-1.124,C,0.1675270422975232
AAT,N,1.124,T,0.16752704229752322
AAA,K,0.857,A,0.11862696269451686
AAG,K,-0.857,G,0.11862696269451685
AGC,S,0.08,C,0.04327536350759531
AGT,S,1.372,T,0.11862066272729313
TCA,S,0.744,A,0.12298183916790002
TCC,S,-0.208,C,0.04694350127192348
TCG,S,-0.428,G,0.04526155001189669
TCT,S,1.302,T,0.15415529090491867
AGA,R,2.079,A,0.15853227538416817
AGG,R,1.008,G,0.07741281098751591
CGA,R,1.229,A,0.07703626100268568
CGC,R,-0.496,C,0.03205843698868116
CGG,R,-0.372,G,0.03239726560149809
CGT,R,0.849,T,0.06417197069631313
CTA,L,0.62,A,0.12972856011664388
CTC,L,-0.152,C,0.03157628549169771
CTG,L,-0.387,G,0.03032311877126152
CTT,L,1.105,T,0.0874931073270725
TTA,L,1.974,A,0.3805734081217804
TTG,L,1.421,G,0.07190868353011032
CCA,P,0.872,A,0.07904907365730078
CCC,P,0.1,C,0.04075384069813866
CCG,P,-0.525,G,0.03841697583300213
CCT,P,1.312,T,0.10668771340771617
CAC,H,-1.231,C,0.10967622639478612
CAT,H,1.231,T,0.10967622639478611
CAA,Q,1.101,A,0.11408122660224355
CAG,Q,-1.101,G,0.11408122660224355
GTA,V,0.335,A,0.07646360233550085
GTC,V,-0.652,C,0.029942333741637066
GTG,V,0.445,G,0.029384132536045673
GTT,V,1.269,T,0.10372393584853841
GCA,A,1.086,A,0.06286835370572377
GCC,A,-0.343,C,0.02646457454911193
GCG,A,-0.106,G,0.02674304703490859
GCT,A,1.366,T,0.07193284775635171
GAC,D,-1.167,C,0.06867533799588019
GAT,D,1.167,T,0.06867533799588019
GAA,E,0.807,A,0.061378299665076075
GAG,E,-0.807,G,0.061378299665076075
GGA,G,1.097,A,0.06689670001237628
GGC,G,-0.796,C,0.03413858140935405
GGG,G,0.299,G,0.04070134102669621
GGT,G,0.654,T,0.051601472201079066
TTC,F,-0.829,C,0.11830792946903615
TTT,F,0.829,T,0.11830792946903615
TAC,Y,-0.958,C,0.13425762096554955
TAT,Y,0.958,T,0.13425762096554955
TGC,C,-1.154,C,0.182095485212289
TGT,C,1.154,T,0.18209548521228897
