codon,amino_acid,Pigmentiphaga,third_nucl,standard_error
ATA,I,0.885,A,0.15892469481833957
ATC,I,-0.253,C,0.05737405396437178
ATT,I,0.13,T,0.059186909999819126
ACA,T,0.694,A,0.08643849325758735
ACC,T,-0.314,C,0.04765670180632504
ACG,T,-0.418,G,0.052946848717707266
ACT,T,1.142,T,0.08775431443474323
AAC,N,-0.268,C,0.07198841633206753
AAT,N,0.268,T,0.07198841633206753
AAA,K,1.075,A,0.06895732546183238
AAG,K,-1.075,G,0.06895732546183238
AGC,S,-0.475,C,0.04990175789406573
AGT,S,0.062,T,0.08673979086678923
TCA,S,0.514,A,0.09259830105188047
TCC,S,0.756,C,0.05983415307033709
TCG,S,-0.775,G,0.052245765741615526
TCT,S,1.1,T,0.09149435757140827
AGA,R,1.598,A,0.17544426016294934
AGG,R,0.718,G,0.18010636236094743
CGA,R,0.722,A,0.08612550510508891
CGC,R,-0.25,C,0.045988825438607224
CGG,R,-0.418,G,0.07755909500846046
CGT,R,-0.021,T,0.0532590034582295
CTA,L,0.975,A,0.14171486052516957
CTC,L,1.302,C,0.06493005366344505
CTG,L,-1.148,G,0.037729617951722576
CTT,L,1.195,T,0.06356116076123967
TTA,L,1.294,A,0.18424389755539786
TTG,L,0.046,G,0.04544109294144771
CCA,P,0.28,A,0.08410047137791982
CCC,P,0.556,C,0.05391832395423506
CCG,P,-0.972,G,0.05304455495867201
CCT,P,0.672,T,0.07717582022645737
CAC,H,-0.118,C,0.08218727088556646
CAT,H,0.118,T,0.08218727088556646
CAA,Q,0.741,A,0.06478355747954652
CAG,Q,-0.741,G,0.06478355747954652
GTA,V,0.491,A,0.07981785730999758
GTC,V,0.267,C,0.0483468532030912
GTG,V,-0.804,G,0.04557322210900303
GTT,V,0.916,T,0.06815526163858
GCA,A,0.177,A,0.04519805834342799
GCC,A,-0.031,C,0.036372310288345436
GCG,A,-0.425,G,0.041595173755717675
GCT,A,0.56,T,0.05498210771153476
GAC,D,-0.231,C,0.05502022489709202
GAT,D,0.231,T,0.05502022489709202
GAA,E,0.209,A,0.06657891873925688
GAG,E,-0.209,G,0.06657891873925688
GGA,G,0.844,A,0.09466292204067489
GGC,G,-0.344,C,0.05245805816348741
GGG,G,0.054,G,0.08449855794209497
GGT,G,0.1,T,0.06029399274729074
TTC,F,-0.638,C,0.07231595621285461
TTT,F,0.638,T,0.07231595621285461
TAC,Y,-0.058,C,0.09270165814375937
TAT,Y,0.058,T,0.09270165814375937
TGC,C,-0.339,C,0.16328814707746192
TGT,C,0.339,T,0.16328814707746192
