codon,amino_acid,Pimelobacter,third_nucl,standard_error
ATA,I,0.485,A,0.9134113808220556
ATC,I,-1.316,C,0.2863956845782489
ATT,I,1.391,T,0.3033794619218103
ACA,T,1.438,A,0.20788742489338605
ACC,T,-0.052,C,0.04505638074946442
ACG,T,-0.273,G,0.046766867519571514
ACT,T,1.952,T,0.1988754067868253
AAC,N,-0.81,C,0.2294314473440599
AAT,N,0.81,T,0.2294314473440599
AAA,K,2.776,A,0.5990349639158559
AAG,K,-2.776,G,0.599034963915856
AGC,S,0.408,C,0.05176537456104005
AGT,S,1.211,T,0.185310892052798
TCA,S,1.173,A,0.22681634967561673
TCC,S,0.119,C,0.05383223397822713
TCG,S,-0.959,G,0.05498121047233851
TCT,S,1.717,T,0.245032203772667
AGA,R,2.095,A,0.33413328072838583
AGG,R,1.571,G,0.15295146041571908
CGA,R,1.478,A,0.11817043973461613
CGC,R,-0.327,C,0.040416311562171514
CGG,R,-0.516,G,0.043600468080001724
CGT,R,1.165,T,0.08613171560192666
CTA,L,0.817,A,0.36705567121010274
CTC,L,-0.111,C,0.03698259545982832
CTG,L,-0.09,G,0.037240009759104735
CTT,L,1.138,T,0.14778356154703493
TTA,L,0.078,A,1.4143343130357875
TTG,L,1.278,G,0.14316648548846167
CCA,P,1.005,A,0.16747607480980317
CCC,P,0.219,C,0.04571492244921826
CCG,P,-0.546,G,0.04556305822150499
CCT,P,1.606,T,0.14497465947034577
CAC,H,-2.045,C,0.27307056856773704
CAT,H,2.045,T,0.27307056856773704
CAA,Q,1.179,A,0.23984496887071052
CAG,Q,-1.179,G,0.2398449688707105
GTA,V,0.933,A,0.1991490902474927
GTC,V,-0.885,C,0.03777668408918311
GTG,V,0.797,G,0.03795762299042695
GTT,V,1.046,T,0.16796889597989195
GCA,A,1.413,A,0.0866150684998587
GCC,A,-0.119,C,0.033002292487238585
GCG,A,-0.401,G,0.0346723298585174
GCT,A,1.496,T,0.09536355023740185
GAC,D,-1.289,C,0.11351703932957723
GAT,D,1.289,T,0.11351703932957723
GAA,E,1.626,A,0.1277080288986412
GAG,E,-1.626,G,0.1277080288986412
GGA,G,1.612,A,0.0886473714330319
GGC,G,-0.728,C,0.04616860746210414
GGG,G,-0.0,G,0.057824885163439164
GGT,G,0.583,T,0.07376269772646528
TTC,F,-1.541,C,0.4101415895750422
TTT,F,1.541,T,0.4101415895750422
TAC,Y,-1.008,C,0.2505266776292851
TAT,Y,1.008,T,0.2505266776292851
TGC,C,-1.049,C,0.30481940856042505
TGT,C,1.049,T,0.30481940856042505
