codon,amino_acid,Piscirickettsia,third_nucl,standard_error
ATA,I,0.347,A,0.06893346834803064
ATC,I,-0.221,C,0.06498870557161224
ATT,I,-0.065,T,0.055061976103653765
ACA,T,0.261,A,0.06965768135568444
ACC,T,0.02,C,0.08389876140350638
ACG,T,-0.348,G,0.094492858305075
ACT,T,-0.093,T,0.0729634620303384
AAC,N,-0.22,C,0.07436083472422442
AAT,N,0.22,T,0.0743608347242244
AAA,K,0.156,A,0.057178645620505314
AAG,K,-0.156,G,0.057178645620505314
AGC,S,0.421,C,0.0742899175933937
AGT,S,0.005,T,0.06432720925637259
TCA,S,0.079,A,0.06956271570523594
TCC,S,0.018,C,0.14130872630455288
TCG,S,-0.683,G,0.12559218503907074
TCT,S,-0.247,T,0.06960458440424472
AGA,R,0.755,A,0.09036870525936676
AGG,R,0.058,G,0.13323773876466843
CGA,R,0.071,A,0.09692148641048272
CGC,R,-0.62,C,0.07916749516261433
CGG,R,-0.07,G,0.10845817739141597
CGT,R,0.0,T,0.06737418941276192
CTA,L,0.028,A,0.07177214134807591
CTC,L,0.263,C,0.0860681384994965
CTG,L,0.269,G,0.07848964141853855
CTT,L,-0.121,T,0.0633114225674857
TTA,L,-0.17,A,0.046875646833697715
TTG,L,0.082,G,0.061512435904587486
CCA,P,0.298,A,0.08299374705142436
CCC,P,-0.926,C,0.12448791239291428
CCG,P,-0.388,G,0.11668250441834924
CCT,P,0.331,T,0.07877562331529557
CAC,H,0.674,C,0.10052089918997635
CAT,H,-0.674,T,0.10052089918997635
CAA,Q,-0.01,A,0.07411296630384266
CAG,Q,0.01,G,0.07411296630384265
GTA,V,-0.05,A,0.07688997558145073
GTC,V,-0.098,C,0.08547674750566475
GTG,V,0.277,G,0.06730931029140914
GTT,V,-0.168,T,0.06504163316882615
GCA,A,0.275,A,0.060960142115460525
GCC,A,-0.329,C,0.08036461761504032
GCG,A,0.137,G,0.07683908134075848
GCT,A,-0.179,T,0.06402405040192707
GAC,D,0.386,C,0.07499689521832915
GAT,D,-0.386,T,0.07499689521832915
GAA,E,0.273,A,0.06656921840430967
GAG,E,-0.273,G,0.06656921840430967
GGA,G,0.007,A,0.09456829126575661
GGC,G,-0.189,C,0.08161319161622085
GGG,G,-0.091,G,0.1035659576408862
GGT,G,0.197,T,0.07336773198793828
TTC,F,-0.056,C,0.10726667722004915
TTT,F,0.056,T,0.10726667722004916
TAC,Y,0.606,C,0.09351069399216054
TAT,Y,-0.606,T,0.09351069399216054
TGC,C,0.606,C,0.1430790084977165
TGT,C,-0.606,T,0.1430790084977165
