codon,amino_acid,Planktothrix,third_nucl,standard_error
ATA,I,0.364,A,0.06796272177716883
ATC,I,0.283,C,0.0539205790476246
ATT,I,-0.376,T,0.0461302363769051
ACA,T,0.373,A,0.05179190588274194
ACC,T,-0.41,C,0.05047859744895974
ACG,T,-0.43,G,0.06627884960072163
ACT,T,0.287,T,0.04975189970212461
AAC,N,0.492,C,0.058128301945370955
AAT,N,-0.492,T,0.05812830194537096
AAA,K,0.009,A,0.06551595640420381
AAG,K,-0.009,G,0.06551595640420381
AGC,S,0.1,C,0.07380732185397641
AGT,S,-0.412,T,0.05148459751729788
TCA,S,0.211,A,0.05659536636031738
TCC,S,0.067,C,0.06225552380861369
TCG,S,-0.235,G,0.0871000089324688
TCT,S,0.187,T,0.04708602772815883
AGA,R,0.453,A,0.07039174027959702
AGG,R,0.397,G,0.13223921873740743
CGA,R,-0.098,A,0.0659771785497824
CGC,R,-0.27,C,0.07564638429023056
CGG,R,-0.427,G,0.08052392270894766
CGT,R,0.099,T,0.0636986995965965
CTA,L,0.59,A,0.05970978693116874
CTC,L,0.139,C,0.061604179378694716
CTG,L,0.232,G,0.05725230026501826
CTT,L,0.476,T,0.05582788563239765
TTA,L,-0.588,A,0.0347401988969781
TTG,L,0.144,G,0.050111388799189964
CCA,P,0.608,A,0.06543766970768514
CCC,P,-0.139,C,0.05639464547288342
CCG,P,-0.324,G,0.07356363137802042
CCT,P,-0.124,T,0.05431253852880036
CAC,H,0.571,C,0.09621747623446016
CAT,H,-0.571,T,0.09621747623446016
CAA,Q,0.043,A,0.05980019585957313
CAG,Q,-0.043,G,0.05980019585957313
GTA,V,0.145,A,0.06150367746054947
GTC,V,-0.08,C,0.0643743409775337
GTG,V,-0.058,G,0.05703881205194884
GTT,V,-0.003,T,0.047256659755588556
GCA,A,0.38,A,0.054498077614649
GCC,A,-0.268,C,0.060774014195026226
GCG,A,-0.41,G,0.06983910309164135
GCT,A,0.091,T,0.05077729725231067
GAC,D,0.525,C,0.06839991343044984
GAT,D,-0.525,T,0.06839991343044982
GAA,E,-0.0,A,0.06502334841856114
GAG,E,0.0,G,0.06502334841856114
GGA,G,-0.16,A,0.057620686372038744
GGC,G,0.126,C,0.08046580442106853
GGG,G,-0.38,G,0.07560334213229691
GGT,G,0.365,T,0.06004054883249761
TTC,F,0.25,C,0.07255956154763682
TTT,F,-0.25,T,0.0725595615476368
TAC,Y,0.713,C,0.08389641689369871
TAT,Y,-0.713,T,0.08389641689369871
TGC,C,0.463,C,0.14420577170723886
TGT,C,-0.463,T,0.14420577170723886
