codon,amino_acid,Planctopirus,third_nucl,standard_error
ATA,I,0.505,A,0.13374720734433398
ATC,I,-0.094,C,0.05892303334797673
ATT,I,-0.008,T,0.05871361582380592
ACA,T,0.139,A,0.06293460689910042
ACC,T,-0.246,C,0.06173366774926996
ACG,T,-0.143,G,0.06491201425712943
ACT,T,0.284,T,0.06742714343999402
AAC,N,-0.048,C,0.07718081988348725
AAT,N,0.048,T,0.07718081988348725
AAA,K,0.191,A,0.07014483117366975
AAG,K,-0.191,G,0.07014483117366974
AGC,S,-0.419,C,0.07001139315249066
AGT,S,-0.114,T,0.07121701635000856
TCA,S,0.282,A,0.06745561062295723
TCC,S,0.127,C,0.068425389046559
TCG,S,-0.293,G,0.058749991485233646
TCT,S,0.459,T,0.06907677319742876
AGA,R,0.465,A,0.09400438141912011
AGG,R,-0.086,G,0.11592008864223569
CGA,R,0.379,A,0.06318437913714102
CGC,R,-0.356,C,0.059660458485471114
CGG,R,-0.393,G,0.07474789865988969
CGT,R,0.118,T,0.06497411041679772
CTA,L,0.448,A,0.12800494864705525
CTC,L,-0.293,C,0.04934294696906523
CTG,L,-0.339,G,0.04361114450890376
CTT,L,0.384,T,0.0614716153966801
TTA,L,0.107,A,0.08680981246589071
TTG,L,0.456,G,0.05497984578500095
CCA,P,0.37,A,0.06881849092366925
CCC,P,-0.202,C,0.06347647025332052
CCG,P,-0.239,G,0.06716503618044006
CCT,P,0.106,T,0.06659067792633493
CAC,H,0.173,C,0.09093097470745659
CAT,H,-0.173,T,0.09093097470745659
CAA,Q,0.507,A,0.06909384512346818
CAG,Q,-0.507,G,0.0690938451234682
GTA,V,0.343,A,0.11209479962027244
GTC,V,-0.589,C,0.056693120043625415
GTG,V,0.117,G,0.05433346555170999
GTT,V,0.463,T,0.0619160150144825
GCA,A,0.359,A,0.055646184235222544
GCC,A,-0.316,C,0.04837906621051504
GCG,A,-0.136,G,0.06033123399621238
GCT,A,0.173,T,0.054282235068337625
GAC,D,0.166,C,0.0675694175104912
GAT,D,-0.166,T,0.0675694175104912
GAA,E,0.292,A,0.06523754305972759
GAG,E,-0.292,G,0.06523754305972759
GGA,G,0.226,A,0.06998225395974113
GGC,G,-0.172,C,0.06356221185751089
GGG,G,-0.233,G,0.0763090919831017
GGT,G,0.163,T,0.0642469103055641
TTC,F,-0.155,C,0.06881782013797033
TTT,F,0.155,T,0.06881782013797033
TAC,Y,0.045,C,0.09691993158648422
TAT,Y,-0.045,T,0.09691993158648422
TGC,C,-0.348,C,0.12847662850800529
TGT,C,0.348,T,0.12847662850800529
