codon,amino_acid,Planococcus,third_nucl,standard_error
ATA,I,0.879,A,0.0844776170819357
ATC,I,-0.493,C,0.051738215669016464
ATT,I,0.128,T,0.05142484491586847
ACA,T,0.518,A,0.05905993882839786
ACC,T,-0.32,C,0.07299676860804143
ACG,T,-0.424,G,0.06389567687849301
ACT,T,0.088,T,0.07990579964859376
AAC,N,-0.053,C,0.07086042948856944
AAT,N,0.053,T,0.07086042948856944
AAA,K,0.258,A,0.05634404764122309
AAG,K,-0.258,G,0.05634404764122309
AGC,S,-0.241,C,0.07691392415838365
AGT,S,0.414,T,0.0817320372077032
TCA,S,0.578,A,0.07295771777435742
TCC,S,-0.433,C,0.08353429508190713
TCG,S,-0.524,G,0.08363815559192198
TCT,S,0.079,T,0.08747140755790697
AGA,R,1.241,A,0.08981603248428692
AGG,R,0.526,G,0.1311735638258363
CGA,R,0.535,A,0.09951864631802347
CGC,R,-0.525,C,0.07796646017023004
CGG,R,-0.856,G,0.0667640598659058
CGT,R,0.193,T,0.0874521598379303
CTA,L,0.441,A,0.11261652202935318
CTC,L,-0.526,C,0.06619377818716966
CTG,L,-0.489,G,0.04700534332497449
CTT,L,-0.346,T,0.06017915825188733
TTA,L,0.897,A,0.06491438469088553
TTG,L,0.462,G,0.052439078780100165
CCA,P,0.62,A,0.09736401791718839
CCC,P,0.092,C,0.12244849953633352
CCG,P,-0.585,G,0.0769255973552984
CCT,P,0.286,T,0.09913672207520083
CAC,H,0.094,C,0.10527308303257815
CAT,H,-0.094,T,0.10527308303257814
CAA,Q,0.551,A,0.07123957024742289
CAG,Q,-0.551,G,0.07123957024742289
GTA,V,0.549,A,0.06630039893729177
GTC,V,-0.677,C,0.061970706795925284
GTG,V,0.106,G,0.05456232321024457
GTT,V,0.082,T,0.06451396254544765
GCA,A,0.539,A,0.053825902406170696
GCC,A,-0.547,C,0.06657159026119491
GCG,A,-0.245,G,0.058925217945735166
GCT,A,0.068,T,0.0643771403391009
GAC,D,-0.194,C,0.06858688573946072
GAT,D,0.194,T,0.06858688573946072
GAA,E,0.358,A,0.060851529646140066
GAG,E,-0.358,G,0.06085152964614007
GGA,G,0.566,A,0.06277538603729492
GGC,G,-0.405,C,0.062197381532130315
GGG,G,-0.109,G,0.07816248185635521
GGT,G,-0.09,T,0.07274635356919384
TTC,F,-0.558,C,0.06609160327059381
TTT,F,0.558,T,0.06609160327059382
TAC,Y,-0.139,C,0.08329618350754506
TAT,Y,0.139,T,0.08329618350754506
TGC,C,-0.2,C,0.17478647109452167
TGT,C,0.2,T,0.17478647109452164
