codon,amino_acid,Pluralibacter,third_nucl,standard_error
ATA,I,0.858,A,0.08753321885685263
ATC,I,-0.671,C,0.051448963559377524
ATT,I,0.346,T,0.05160830035359401
ACA,T,1.29,A,0.09504291055044561
ACC,T,-0.748,C,0.05277858102835841
ACG,T,-0.152,G,0.05978361997458781
ACT,T,0.776,T,0.07965910151600705
AAC,N,-0.497,C,0.06610941683415564
AAT,N,0.497,T,0.06610941683415564
AAA,K,0.957,A,0.058351254069931496
AAG,K,-0.957,G,0.058351254069931496
AGC,S,-0.548,C,0.052578726335020295
AGT,S,0.858,T,0.08690273598352022
TCA,S,0.897,A,0.08492772996233268
TCC,S,-0.21,C,0.06462691642073747
TCG,S,-0.589,G,0.06963841854198383
TCT,S,0.662,T,0.08107287796043032
AGA,R,1.514,A,0.11936520774405038
AGG,R,0.034,G,0.1157318237543224
CGA,R,1.426,A,0.12755604356010514
CGC,R,-0.824,C,0.05140683017468683
CGG,R,-0.679,G,0.0747111470119351
CGT,R,0.971,T,0.07258000233025656
CTA,L,1.049,A,0.11859077361669744
CTC,L,-0.104,C,0.050993453848058985
CTG,L,-1.054,G,0.03896911384077199
CTT,L,0.605,T,0.06101384617322308
TTA,L,1.763,A,0.08492149715211963
TTG,L,1.049,G,0.09195857790985774
CCA,P,1.202,A,0.11008950784416796
CCC,P,0.376,C,0.06980525666152063
CCG,P,-1.104,G,0.06198374565584683
CCT,P,0.934,T,0.09448749722387818
CAC,H,-0.757,C,0.09015813183337001
CAT,H,0.757,T,0.09015813183337001
CAA,Q,1.856,A,0.09140475631133015
CAG,Q,-1.856,G,0.09140475631133015
GTA,V,0.858,A,0.072296055656525
GTC,V,-0.29,C,0.05641247019885679
GTG,V,-0.582,G,0.051102329597792186
GTT,V,0.512,T,0.05926255043283978
GCA,A,1.202,A,0.06316324548246634
GCC,A,-0.424,C,0.04255082163514824
GCG,A,-0.537,G,0.04422241188525658
GCT,A,0.77,T,0.06511368442084106
GAC,D,-0.471,C,0.05891990435214941
GAT,D,0.471,T,0.05891990435214941
GAA,E,0.967,A,0.060778349509668615
GAG,E,-0.967,G,0.060778349509668615
GGA,G,1.007,A,0.08701105838937179
GGC,G,-0.78,C,0.05632763291651668
GGG,G,-0.105,G,0.07987659791714123
GGT,G,0.706,T,0.0714715852248839
TTC,F,-0.714,C,0.0659867794194972
TTT,F,0.714,T,0.0659867794194972
TAC,Y,-0.414,C,0.08164915263854403
TAT,Y,0.414,T,0.08164915263854403
TGC,C,-0.82,C,0.14421849775580162
TGT,C,0.82,T,0.14421849775580162
