codon,amino_acid,Polaribacter,third_nucl,standard_error
ATA,I,0.713,A,0.04947453184760055
ATC,I,0.075,C,0.07707945209071397
ATT,I,-0.684,T,0.04702186228082739
ACA,T,0.491,A,0.061252266521514664
ACC,T,-0.118,C,0.08920300116664237
ACG,T,-0.804,G,0.10491356139216076
ACT,T,-0.172,T,0.06659772414741082
AAC,N,0.206,C,0.06309370485906862
AAT,N,-0.206,T,0.06309370485906862
AAA,K,0.238,A,0.06382086808354734
AAG,K,-0.238,G,0.06382086808354734
AGC,S,0.262,C,0.10487392871064447
AGT,S,0.183,T,0.0687867136846493
TCA,S,0.843,A,0.07506204436728563
TCC,S,0.581,C,0.15305668638272119
TCG,S,0.057,G,0.13971470323388932
TCT,S,-0.955,T,0.06417303551796077
AGA,R,0.493,A,0.09290144538461985
AGG,R,0.188,G,0.17144698836178696
CGA,R,-0.207,A,0.19264159574622086
CGC,R,0.112,C,0.2504587172313486
CGG,R,-0.955,G,0.5733920186630216
CGT,R,-0.776,T,0.12139063524646258
CTA,L,0.506,A,0.07809924949403954
CTC,L,0.859,C,0.17610821364738138
CTG,L,0.345,G,0.15557187595989322
CTT,L,0.38,T,0.07031116099530973
TTA,L,-0.254,A,0.046306253781223994
TTG,L,-0.465,G,0.06925379838414658
CCA,P,0.199,A,0.09595662681625558
CCC,P,0.967,C,0.19621146839280543
CCG,P,-0.537,G,0.17345229452740246
CCT,P,-0.257,T,0.0983598875318452
CAC,H,0.544,C,0.1253431122824121
CAT,H,-0.544,T,0.1253431122824121
CAA,Q,0.06,A,0.11671119733771769
CAG,Q,-0.06,G,0.11671119733771769
GTA,V,0.259,A,0.062171700239404264
GTC,V,0.744,C,0.14577924953487365
GTG,V,-0.293,G,0.11557242131188233
GTT,V,-0.314,T,0.06280164293554023
GCA,A,0.464,A,0.06803132261999809
GCC,A,0.105,C,0.11771731778932852
GCG,A,-0.299,G,0.13741423240055625
GCT,A,-0.481,T,0.073519025095409
GAC,D,0.622,C,0.08818076082197236
GAT,D,-0.622,T,0.08818076082197235
GAA,E,0.124,A,0.0856763573523524
GAG,E,-0.124,G,0.08567635735235239
GGA,G,0.602,A,0.0761280312448764
GGC,G,0.122,C,0.14151893974301646
GGG,G,-0.167,G,0.16094226360696243
GGT,G,-0.633,T,0.07988235257510173
TTC,F,0.363,C,0.08890370953598237
TTT,F,-0.363,T,0.08890370953598237
TAC,Y,0.447,C,0.08682332466563072
TAT,Y,-0.447,T,0.08682332466563072
TGC,C,0.272,C,0.20247708882858265
TGT,C,-0.272,T,0.20247708882858265
