codon,amino_acid,Polaromonas,third_nucl,standard_error
ATA,I,0.533,A,0.1163711277018852
ATC,I,-0.404,C,0.055451449350758186
ATT,I,0.296,T,0.05728653975977497
ACA,T,0.751,A,0.08451079731080026
ACC,T,0.07,C,0.04976358887655833
ACG,T,-0.972,G,0.05781977397947273
ACT,T,1.042,T,0.09219059383125917
AAC,N,-0.279,C,0.07387132101879375
AAT,N,0.279,T,0.07387132101879375
AAA,K,1.46,A,0.0603273716593821
AAG,K,-1.46,G,0.0603273716593821
AGC,S,-0.57,C,0.05169396902426837
AGT,S,0.214,T,0.09767392690759909
TCA,S,0.866,A,0.08378568786772962
TCC,S,0.703,C,0.060455039396731344
TCG,S,-0.935,G,0.062284784809733866
TCT,S,0.843,T,0.10405444795420557
AGA,R,1.188,A,0.13438585769844236
AGG,R,-0.099,G,0.11582415616713934
CGA,R,0.982,A,0.1044159418000867
CGC,R,-0.351,C,0.05141404669030026
CGG,R,-0.574,G,0.0716872461517833
CGT,R,0.514,T,0.07771420116488695
CTA,L,0.777,A,0.1268840432940485
CTC,L,0.387,C,0.04978121709831962
CTG,L,-1.089,G,0.03819066060661012
CTT,L,1.102,T,0.06308374772040401
TTA,L,1.181,A,0.12576645178028503
TTG,L,0.461,G,0.05393528785734584
CCA,P,0.534,A,0.08240461181120887
CCC,P,0.343,C,0.053942049758444424
CCG,P,-1.086,G,0.056413470584788676
CCT,P,0.856,T,0.0780338270857446
CAC,H,0.161,C,0.08092573232598113
CAT,H,-0.161,T,0.08092573232598113
CAA,Q,1.349,A,0.06657957255062258
CAG,Q,-1.349,G,0.06657957255062258
GTA,V,0.982,A,0.10731639506978968
GTC,V,0.077,C,0.05256608105070182
GTG,V,-0.763,G,0.051581439332218204
GTT,V,0.826,T,0.06819673112102678
GCA,A,0.885,A,0.055856538549553886
GCC,A,-0.097,C,0.037655953137365875
GCG,A,-0.776,G,0.044822138528927566
GCT,A,0.623,T,0.05809973397245247
GAC,D,-0.313,C,0.06181120108000481
GAT,D,0.313,T,0.06181120108000481
GAA,E,0.972,A,0.06372552041326462
GAG,E,-0.972,G,0.06372552041326461
GGA,G,0.879,A,0.08970914414991996
GGC,G,-0.558,C,0.05686243275617856
GGG,G,-0.139,G,0.08892878866329185
GGT,G,0.544,T,0.07892435280601796
TTC,F,-0.311,C,0.06314928257841579
TTT,F,0.311,T,0.06314928257841579
TAC,Y,0.11,C,0.09557834500535699
TAT,Y,-0.11,T,0.09557834500535699
TGC,C,-0.714,C,0.17973841416751352
TGT,C,0.714,T,0.17973841416751352
