codon,amino_acid,Polymorphospora,third_nucl,standard_error
ATA,I,0.63,A,0.1835149381686223
ATC,I,-0.96,C,0.11230110212666064
ATT,I,1.086,T,0.1393578271834411
ACA,T,1.379,A,0.11604251099608504
ACC,T,-0.476,C,0.04120493952940886
ACG,T,0.078,G,0.04371342455226175
ACT,T,1.393,T,0.1418366231226198
AAC,N,-1.246,C,0.16412829597269066
AAT,N,1.246,T,0.16412829597269066
AAA,K,1.03,A,0.1343380466353177
AAG,K,-1.03,G,0.1343380466353177
AGC,S,0.065,C,0.04969281850640603
AGT,S,1.01,T,0.10983677344756569
TCA,S,0.952,A,0.13019554078058637
TCC,S,-0.064,C,0.0517712254802966
TCG,S,-0.568,G,0.050110783224293375
TCT,S,1.472,T,0.19683898514636147
AGA,R,2.186,A,0.1896963059420804
AGG,R,1.094,G,0.0957155535739828
CGA,R,1.228,A,0.07976836014891603
CGC,R,-0.259,C,0.0364667276146306
CGG,R,-0.637,G,0.03516131554573295
CGT,R,0.698,T,0.0597690125093778
CTA,L,0.843,A,0.14195130014861698
CTC,L,-0.078,C,0.035568583134198375
CTG,L,-0.41,G,0.03353716237687096
CTT,L,1.379,T,0.10492644742105003
TTA,L,2.059,A,0.4381140267096338
TTG,L,0.874,G,0.06723300598880834
CCA,P,1.089,A,0.09501810992146804
CCC,P,0.291,C,0.04374139060232171
CCG,P,-0.69,G,0.041593873083068215
CCT,P,1.54,T,0.14363273767035994
CAC,H,-0.909,C,0.11416388928223767
CAT,H,0.909,T,0.11416388928223767
CAA,Q,0.709,A,0.10601457357288052
CAG,Q,-0.709,G,0.10601457357288052
GTA,V,0.155,A,0.07046806211219381
GTC,V,-0.907,C,0.033599986195424515
GTG,V,0.73,G,0.033371024258157286
GTT,V,0.986,T,0.09654627530928714
GCA,A,1.017,A,0.06285525014454107
GCC,A,-0.305,C,0.029615124900705794
GCG,A,-0.151,G,0.030852066666588008
GCT,A,1.396,T,0.08706688342168742
GAC,D,-1.055,C,0.07024632786867151
GAT,D,1.055,T,0.07024632786867151
GAA,E,0.574,A,0.055313635278830035
GAG,E,-0.574,G,0.055313635278830035
GGA,G,0.884,A,0.06339797350663857
GGC,G,-0.585,C,0.03709062823419172
GGG,G,0.021,G,0.04520933521337801
GGT,G,0.533,T,0.05294318810654879
TTC,F,-1.022,C,0.1555779103181565
TTT,F,1.022,T,0.1555779103181565
TAC,Y,-0.898,C,0.13663100624854593
TAT,Y,0.898,T,0.13663100624854593
TGC,C,-0.704,C,0.18808345450425634
TGT,C,0.704,T,0.18808345450425634
