codon,amino_acid,Polystyrenella,third_nucl,standard_error
ATA,I,0.554,A,0.09217654980470154
ATC,I,-0.403,C,0.053416202870319875
ATT,I,0.211,T,0.05356000084749612
ACA,T,0.049,A,0.063831955599637
ACC,T,-0.032,C,0.05700748805603734
ACG,T,-0.287,G,0.06109488799130725
ACT,T,0.285,T,0.062298847347631775
AAC,N,-0.35,C,0.06450318380686432
AAT,N,0.35,T,0.06450318380686432
AAA,K,0.287,A,0.0627975227408198
AAG,K,-0.287,G,0.0627975227408198
AGC,S,-0.522,C,0.06825187103832878
AGT,S,-0.142,T,0.06572136139516285
TCA,S,0.359,A,0.06721938052784025
TCC,S,0.145,C,0.058905502572204706
TCG,S,-0.378,G,0.06048368681256086
TCT,S,0.471,T,0.0635841048517032
AGA,R,0.581,A,0.09804502750810574
AGG,R,0.227,G,0.15241799589623461
CGA,R,0.178,A,0.060406116209325914
CGC,R,-0.16,C,0.06298691990791938
CGG,R,-0.681,G,0.07582994926902731
CGT,R,0.174,T,0.06280869571099697
CTA,L,0.347,A,0.08172583988292463
CTC,L,-0.182,C,0.04941102811473035
CTG,L,-0.315,G,0.043805519410998445
CTT,L,0.174,T,0.05881539498395969
TTA,L,0.434,A,0.0631449763881851
TTG,L,0.061,G,0.05072140517677186
CCA,P,0.203,A,0.07468897103675837
CCC,P,0.017,C,0.06336550208065199
CCG,P,-0.402,G,0.06783677250628219
CCT,P,0.217,T,0.06759676035043667
CAC,H,-0.045,C,0.08744526362813258
CAT,H,0.045,T,0.08744526362813258
CAA,Q,0.637,A,0.0648214122106468
CAG,Q,-0.637,G,0.0648214122106468
GTA,V,0.442,A,0.07900150894088499
GTC,V,-0.588,C,0.05683676359995262
GTG,V,0.284,G,0.05843432838990056
GTT,V,0.116,T,0.058700193518262715
GCA,A,0.161,A,0.06276798390342131
GCC,A,-0.254,C,0.05552439254661225
GCG,A,-0.188,G,0.06037127216430621
GCT,A,0.326,T,0.058411783278963604
GAC,D,-0.204,C,0.05944913041271016
GAT,D,0.204,T,0.05944913041271017
GAA,E,0.389,A,0.06119518052721984
GAG,E,-0.389,G,0.06119518052721984
GGA,G,0.158,A,0.06389774599402516
GGC,G,-0.052,C,0.07066626956922692
GGG,G,-0.429,G,0.0889857116970402
GGT,G,0.131,T,0.06526518393717944
TTC,F,-0.191,C,0.0626631790039905
TTT,F,0.191,T,0.06266317900399049
TAC,Y,-0.145,C,0.08291269307105999
TAT,Y,0.145,T,0.08291269307105999
TGC,C,-0.214,C,0.12025504106492302
TGT,C,0.214,T,0.12025504106492302
