codon,amino_acid,Polymorphum,third_nucl,standard_error
ATA,I,1.145,A,0.20697294504226257
ATC,I,-0.956,C,0.08823573206309979
ATT,I,0.856,T,0.09538155684798558
ACA,T,1.118,A,0.12441230152656906
ACC,T,-0.176,C,0.05336412126386532
ACG,T,-0.296,G,0.056071412676375706
ACT,T,1.085,T,0.14868369084854777
AAC,N,-0.447,C,0.10727136398499183
AAT,N,0.447,T,0.10727136398499182
AAA,K,1.502,A,0.10530761966415421
AAG,K,-1.502,G,0.10530761966415421
AGC,S,-0.053,C,0.06171323651450408
AGT,S,0.788,T,0.1597027151166058
TCA,S,1.114,A,0.17640574184722407
TCC,S,0.289,C,0.06323342730032508
TCG,S,-0.713,G,0.06106328748116699
TCT,S,0.96,T,0.1515350421255854
AGA,R,2.092,A,0.19305730167272503
AGG,R,0.89,G,0.09999293754404646
CGA,R,0.917,A,0.1062096820090342
CGC,R,-0.564,C,0.04726093729440922
CGG,R,-0.393,G,0.055685144500984725
CGT,R,0.612,T,0.08151438591660883
CTA,L,0.854,A,0.2069086743944216
CTC,L,-0.014,C,0.04386584896896981
CTG,L,-0.592,G,0.04082674997555597
CTT,L,0.865,T,0.0698483924600662
TTA,L,1.201,A,0.3821036209843864
TTG,L,0.901,G,0.08370304414189234
CCA,P,0.862,A,0.14859326589826335
CCC,P,0.458,C,0.06173032771206588
CCG,P,-0.806,G,0.05834273160387987
CCT,P,1.002,T,0.12198910135121688
CAC,H,-0.467,C,0.09902520793974952
CAT,H,0.467,T,0.0990252079397495
CAA,Q,1.088,A,0.11881327219814644
CAG,Q,-1.088,G,0.11881327219814646
GTA,V,0.986,A,0.14037401751485032
GTC,V,-0.389,C,0.04959254236274096
GTG,V,-0.063,G,0.0513968552348859
GTT,V,0.893,T,0.08582580480143129
GCA,A,1.052,A,0.0691592923419433
GCC,A,-0.261,C,0.037613705755152306
GCG,A,-0.339,G,0.039962191711827785
GCT,A,0.928,T,0.08068422548446212
GAC,D,-0.365,C,0.06169709326541135
GAT,D,0.365,T,0.06169709326541134
GAA,E,0.837,A,0.061792730867988074
GAG,E,-0.837,G,0.061792730867988074
GGA,G,1.217,A,0.08403400484165321
GGC,G,-0.845,C,0.05399481849605803
GGG,G,0.303,G,0.07561355851000585
GGT,G,0.406,T,0.08334593534496657
TTC,F,-1.042,C,0.09859632134080089
TTT,F,1.042,T,0.09859632134080089
TAC,Y,-0.275,C,0.10070066488654082
TAT,Y,0.275,T,0.10070066488654082
TGC,C,-0.305,C,0.2095003562978276
TGT,C,0.305,T,0.2095003562978276
