codon,amino_acid,Polynucleobacter,third_nucl,standard_error
ATA,I,0.62,A,0.1189211657999119
ATC,I,0.236,C,0.07563183000494994
ATT,I,-0.439,T,0.07090647406549201
ACA,T,0.313,A,0.09164814932076881
ACC,T,0.163,C,0.08401732064254853
ACG,T,-0.152,G,0.12194514194468614
ACT,T,-0.328,T,0.08015061363772541
AAC,N,0.118,C,0.0909552813693846
AAT,N,-0.118,T,0.0909552813693846
AAA,K,0.611,A,0.07344850227866241
AAG,K,-0.611,G,0.07344850227866241
AGC,S,0.058,C,0.08481072960065666
AGT,S,-0.022,T,0.09227044263772467
TCA,S,0.093,A,0.08466471758824978
TCC,S,0.407,C,0.10674817805263678
TCG,S,-0.242,G,0.13322718842214823
TCT,S,-0.285,T,0.08186573347536573
AGA,R,0.563,A,0.11942588137577595
AGG,R,-0.149,G,0.18191773716935541
CGA,R,0.01,A,0.13829459463613053
CGC,R,0.055,C,0.0909931422664607
CGG,R,-0.003,G,0.19570679150130071
CGT,R,-0.364,T,0.0931574694549192
CTA,L,0.329,A,0.08234168981537632
CTC,L,0.26,C,0.0810395408204612
CTG,L,-0.132,G,0.09085743230924809
CTT,L,0.091,T,0.07613554827187174
TTA,L,0.086,A,0.06399954847105263
TTG,L,-0.49,G,0.06732010700802836
CCA,P,-0.21,A,0.08723453198437885
CCC,P,0.583,C,0.10835288646211898
CCG,P,-0.282,G,0.1312376096468108
CCT,P,-0.066,T,0.09634758655365513
CAC,H,0.37,C,0.1306265108602623
CAT,H,-0.37,T,0.1306265108602623
CAA,Q,0.288,A,0.10047188099759691
CAG,Q,-0.288,G,0.10047188099759691
GTA,V,0.158,A,0.08527573896745157
GTC,V,0.139,C,0.09767424679677515
GTG,V,-0.204,G,0.08905880094484095
GTT,V,-0.063,T,0.07869554566291063
GCA,A,0.225,A,0.0677848113739107
GCC,A,0.182,C,0.07754885998036408
GCG,A,-0.345,G,0.0982813145723146
GCT,A,-0.202,T,0.06995816853685549
GAC,D,0.419,C,0.09651039636104132
GAT,D,-0.419,T,0.09651039636104132
GAA,E,0.692,A,0.09461384747216961
GAG,E,-0.692,G,0.09461384747216961
GGA,G,0.422,A,0.10422275325319938
GGC,G,0.002,C,0.08674215281530155
GGG,G,0.118,G,0.14586209005983006
GGT,G,-0.333,T,0.08872303647376585
TTC,F,0.056,C,0.10244023903539154
TTT,F,-0.056,T,0.10244023903539154
TAC,Y,0.136,C,0.11777964063328425
TAT,Y,-0.136,T,0.11777964063328425
TGC,C,-0.019,C,0.19930884743938043
TGT,C,0.019,T,0.19930884743938043
