codon,amino_acid,Polycladomyces,third_nucl,standard_error
ATA,I,0.449,A,0.1132156020662472
ATC,I,-0.395,C,0.06251368300236713
ATT,I,0.279,T,0.06538148966524839
ACA,T,0.341,A,0.08486921295057191
ACC,T,-0.224,C,0.07108185029983886
ACG,T,-0.011,G,0.07084941471431473
ACT,T,-0.014,T,0.10496330172073104
AAC,N,-0.193,C,0.09022879440949626
AAT,N,0.193,T,0.09022879440949626
AAA,K,0.213,A,0.06792303934843595
AAG,K,-0.213,G,0.06792303934843595
AGC,S,0.05,C,0.08811440047763966
AGT,S,0.203,T,0.10298539194389172
TCA,S,0.315,A,0.10981132526927241
TCC,S,-0.42,C,0.0788641732788413
TCG,S,-0.133,G,0.08800873755535439
TCT,S,0.402,T,0.11141337155502785
AGA,R,0.775,A,0.11015381149204417
AGG,R,0.223,G,0.1284000384835112
CGA,R,0.435,A,0.08237496979175335
CGC,R,-0.211,C,0.07163737380755485
CGG,R,-0.424,G,0.06751634685249827
CGT,R,-0.078,T,0.07391810153050613
CTA,L,0.153,A,0.1431495195815625
CTC,L,-0.288,C,0.07886554567762574
CTG,L,-0.371,G,0.05404406734052793
CTT,L,-0.051,T,0.088128049827546
TTA,L,0.326,A,0.09864194349455738
TTG,L,0.342,G,0.04961560642398626
CCA,P,0.495,A,0.11562005908523806
CCC,P,-0.096,C,0.08756493470300558
CCG,P,-0.243,G,0.07861571145020896
CCT,P,0.181,T,0.10825869816046264
CAC,H,-0.329,C,0.10496755885747741
CAT,H,0.329,T,0.10496755885747741
CAA,Q,0.323,A,0.0807104012116322
CAG,Q,-0.323,G,0.0807104012116322
GTA,V,0.267,A,0.07611714483467613
GTC,V,-0.416,C,0.06539711849357518
GTG,V,0.139,G,0.05450479978486011
GTT,V,0.031,T,0.07570561030232582
GCA,A,0.452,A,0.07552178284329544
GCC,A,-0.371,C,0.06689471133779476
GCG,A,-0.019,G,0.06564861319229368
GCT,A,0.069,T,0.08198364695144361
GAC,D,-0.176,C,0.07601852294760934
GAT,D,0.176,T,0.07601852294760934
GAA,E,0.271,A,0.0665750855063488
GAG,E,-0.271,G,0.0665750855063488
GGA,G,0.137,A,0.06933945613323556
GGC,G,-0.18,C,0.07409880785127222
GGG,G,-0.126,G,0.07645756823066349
GGT,G,0.138,T,0.07213738251605538
TTC,F,-0.295,C,0.08282058322342392
TTT,F,0.295,T,0.08282058322342394
TAC,Y,0.035,C,0.09637384923377
TAT,Y,-0.035,T,0.09637384923377001
TGC,C,-0.198,C,0.17167793836504314
TGT,C,0.198,T,0.17167793836504314
