codon,amino_acid,Polyangium,third_nucl,standard_error
ATA,I,0.678,A,0.1632176981221417
ATC,I,-0.902,C,0.06869087453694654
ATT,I,0.908,T,0.07419500862492517
ACA,T,1.509,A,0.11945374088899957
ACC,T,0.068,C,0.03889658440509002
ACG,T,-0.452,G,0.0383949374703814
ACT,T,1.618,T,0.1499253178557218
AAC,N,-0.489,C,0.07415458961377902
AAT,N,0.489,T,0.07415458961377902
AAA,K,1.004,A,0.06930827544115924
AAG,K,-1.004,G,0.06930827544115924
AGC,S,-0.156,C,0.037720740835156884
AGT,S,0.694,T,0.14641828380016253
TCA,S,1.256,A,0.1393925250621178
TCC,S,0.571,C,0.044993300896235246
TCG,S,-0.712,G,0.03708106403023007
TCT,S,1.558,T,0.10803325441914734
AGA,R,1.907,A,0.13403172643101152
AGG,R,0.429,G,0.05951322058631256
CGA,R,1.27,A,0.05733902005579733
CGC,R,-0.708,C,0.03039865159365381
CGG,R,-0.447,G,0.03825428932906064
CGT,R,0.871,T,0.05765563267191474
CTA,L,0.975,A,0.13787417536770355
CTC,L,-0.24,C,0.027969074677357632
CTG,L,-0.382,G,0.03125306958554239
CTT,L,1.233,T,0.06532600867521149
TTA,L,1.149,A,0.315978897145281
TTG,L,0.689,G,0.05264264641112734
CCA,P,0.611,A,0.09788863417536942
CCC,P,0.085,C,0.035152272572041274
CCG,P,-0.524,G,0.03527089447591918
CCT,P,1.002,T,0.06306773832054463
CAC,H,-0.802,C,0.07460015663498774
CAT,H,0.802,T,0.07460015663498774
CAA,Q,1.181,A,0.07410612671190749
CAG,Q,-1.181,G,0.07410612671190749
GTA,V,1.146,A,0.11728493530628366
GTC,V,-0.317,C,0.03208782008735847
GTG,V,-0.016,G,0.03185702859423333
GTT,V,1.083,T,0.07441815921093688
GCA,A,1.089,A,0.051034967095933456
GCC,A,0.04,C,0.026759866300558058
GCG,A,-0.681,G,0.02631533908279548
GCT,A,1.305,T,0.05718057711385456
GAC,D,-0.514,C,0.043467957397445994
GAT,D,0.514,T,0.043467957397445994
GAA,E,1.294,A,0.0511783954271573
GAG,E,-1.294,G,0.0511783954271573
GGA,G,1.128,A,0.056275471435028666
GGC,G,-0.769,C,0.0341842051743186
GGG,G,-0.004,G,0.03936709365537069
GGT,G,1.091,T,0.061770887859023786
TTC,F,-0.774,C,0.07222242615691385
TTT,F,0.774,T,0.07222242615691386
TAC,Y,-0.343,C,0.08441568321449444
TAT,Y,0.343,T,0.08441568321449444
TGC,C,-1.38,C,0.1355659255368557
TGT,C,1.38,T,0.1355659255368557
