codon,amino_acid,Pontimonas,third_nucl,standard_error
ATA,I,0.882,A,0.2426222066607252
ATC,I,-0.171,C,0.09270040359215613
ATT,I,0.03,T,0.09214906299150746
ACA,T,0.382,A,0.10950301789661376
ACC,T,-0.471,C,0.08190760078256244
ACG,T,-0.084,G,0.10506345860922141
ACT,T,0.524,T,0.11058071836587648
AAC,N,-0.314,C,0.15163647549888123
AAT,N,0.314,T,0.15163647549888123
AAA,K,-0.179,A,0.12272949797888334
AAG,K,0.179,G,0.12272949797888333
AGC,S,0.129,C,0.09545245212701653
AGT,S,0.275,T,0.10929651618076015
TCA,S,0.122,A,0.1137799022768954
TCC,S,-0.274,C,0.09540166896611078
TCG,S,-0.498,G,0.09752912463088265
TCT,S,0.489,T,0.12136226573413778
AGA,R,0.605,A,0.16720462177582737
AGG,R,-0.017,G,0.14760694231654467
CGA,R,-0.02,A,0.11520406158794051
CGC,R,-0.161,C,0.08722938148911732
CGG,R,-0.06,G,0.10775409126394604
CGT,R,0.077,T,0.11359040149225422
CTA,L,0.297,A,0.14916562512691767
CTC,L,0.13,C,0.07577527319163808
CTG,L,-0.273,G,0.07849069730461128
CTT,L,0.306,T,0.09381498486291524
TTA,L,0.258,A,0.143842627727846
TTG,L,-0.303,G,0.08954443733093229
CCA,P,0.279,A,0.12415803101499044
CCC,P,-0.002,C,0.0896741056496829
CCG,P,-0.31,G,0.10378852391094118
CCT,P,0.163,T,0.12326244972009774
CAC,H,-0.369,C,0.18530599532048397
CAT,H,0.369,T,0.185305995320484
CAA,Q,0.006,A,0.11969839499915362
CAG,Q,-0.006,G,0.1196983949991536
GTA,V,0.239,A,0.1346945038506958
GTC,V,-0.478,C,0.07529299837179264
GTG,V,0.34,G,0.06706276524406644
GTT,V,-0.038,T,0.09444284708654094
GCA,A,0.242,A,0.08254302313263577
GCC,A,-0.191,C,0.06867021348846229
GCG,A,-0.153,G,0.07679331503202677
GCT,A,0.245,T,0.08856770506193846
GAC,D,0.12,C,0.09125181904710548
GAT,D,-0.12,T,0.09125181904710548
GAA,E,-0.089,A,0.09208478159581211
GAG,E,0.089,G,0.09208478159581211
GGA,G,0.364,A,0.10161016884585011
GGC,G,-0.147,C,0.08612984424458006
GGG,G,-0.052,G,0.10736916472819547
GGT,G,-0.08,T,0.08829129618213567
TTC,F,-0.157,C,0.12263736214175389
TTT,F,0.157,T,0.1226373621417539
TAC,Y,-0.409,C,0.1777574822530291
TAT,Y,0.409,T,0.1777574822530291
TGC,C,-0.396,C,0.3373854736332429
TGT,C,0.396,T,0.3373854736332429
