codon,amino_acid,Pontibacter,third_nucl,standard_error
ATA,I,0.637,A,0.052578232743102644
ATC,I,-0.446,C,0.05375085867202634
ATT,I,-0.231,T,0.05210880945036399
ACA,T,0.401,A,0.05750142156917491
ACC,T,-0.195,C,0.05890078677596147
ACG,T,-0.179,G,0.07799345484321576
ACT,T,-0.141,T,0.06159914563786362
AAC,N,-0.328,C,0.05975959866896019
AAT,N,0.328,T,0.05975959866896019
AAA,K,0.586,A,0.047516944998045874
AAG,K,-0.586,G,0.047516944998045874
AGC,S,-0.217,C,0.060523323904853786
AGT,S,0.28,T,0.07114484412868585
TCA,S,0.567,A,0.07410555225953588
TCC,S,0.059,C,0.08157982657261006
TCG,S,-0.416,G,0.08998218341123004
TCT,S,-0.239,T,0.0645200078739656
AGA,R,1.429,A,0.07190249574158815
AGG,R,-0.026,G,0.08860392767522823
CGA,R,0.368,A,0.10346170522960821
CGC,R,-0.801,C,0.06836295057837248
CGG,R,-0.529,G,0.09757749944764123
CGT,R,-0.808,T,0.089299442412458
CTA,L,0.257,A,0.05931446355576091
CTC,L,0.36,C,0.06471860417161995
CTG,L,-0.874,G,0.04206647604981923
CTT,L,0.111,T,0.04878495851615723
TTA,L,0.834,A,0.05689426214653652
TTG,L,0.032,G,0.057789078004875
CCA,P,0.037,A,0.07602923845356087
CCC,P,0.304,C,0.09468345431856141
CCG,P,-0.294,G,0.08421581983797288
CCT,P,0.012,T,0.07272457733395055
CAC,H,-0.21,C,0.08884006789819968
CAT,H,0.21,T,0.08884006789819968
CAA,Q,0.89,A,0.06702373254300721
CAG,Q,-0.89,G,0.06702373254300721
GTA,V,0.148,A,0.053689035773216404
GTC,V,0.501,C,0.09679554705506695
GTG,V,-0.568,G,0.05739904500644731
GTT,V,0.274,T,0.060752917992548956
GCA,A,0.502,A,0.054211556785964767
GCC,A,-0.263,C,0.054699394297160656
GCG,A,-0.058,G,0.07921496939869618
GCT,A,-0.213,T,0.05436389064568295
GAC,D,-0.104,C,0.06428005784125172
GAT,D,0.104,T,0.06428005784125172
GAA,E,0.911,A,0.054803405957275175
GAG,E,-0.911,G,0.054803405957275175
GGA,G,0.796,A,0.06970841360010566
GGC,G,-0.3,C,0.06348223464549847
GGG,G,-0.073,G,0.09022694761883007
GGT,G,-0.342,T,0.06958430621749456
TTC,F,-0.168,C,0.061484145697465506
TTT,F,0.168,T,0.061484145697465506
TAC,Y,0.026,C,0.06832476584097984
TAT,Y,-0.026,T,0.06832476584097984
TGC,C,-0.23,C,0.14049766303420122
TGT,C,0.23,T,0.14049766303420125
