codon,amino_acid,Ponticoccus,third_nucl,standard_error
ATA,I,1.16,A,0.17478807850452635
ATC,I,-0.996,C,0.08392708979743047
ATT,I,0.87,T,0.09292006301147444
ACA,T,1.063,A,0.089108575664018
ACC,T,-0.136,C,0.04974091585104245
ACG,T,-0.474,G,0.05437265736333217
ACT,T,0.864,T,0.1451548272560659
AAC,N,-0.408,C,0.10075169497745144
AAT,N,0.408,T,0.10075169497745143
AAA,K,1.362,A,0.08514021567539867
AAG,K,-1.362,G,0.08514021567539867
AGC,S,0.229,C,0.061670512299999015
AGT,S,0.497,T,0.1413899159189094
TCA,S,1.113,A,0.1528663894468096
TCC,S,0.37,C,0.0650178500919016
TCG,S,-1.029,G,0.06246267599748503
TCT,S,0.432,T,0.10494602001037576
AGA,R,1.862,A,0.16920187647648519
AGG,R,0.926,G,0.12502350893748448
CGA,R,1.074,A,0.12027018790793584
CGC,R,-0.351,C,0.04751380790400899
CGG,R,-0.537,G,0.055863238095033595
CGT,R,0.558,T,0.08536043174521878
CTA,L,0.658,A,0.19077246884492338
CTC,L,0.337,C,0.04865606524365
CTG,L,-0.832,G,0.039739131798668316
CTT,L,0.765,T,0.05620597655382428
TTA,L,1.272,A,0.37424011495334647
TTG,L,0.607,G,0.07738978430761664
CCA,P,0.701,A,0.12450034176835845
CCC,P,0.328,C,0.055413626884846245
CCG,P,-0.706,G,0.05601112219738823
CCT,P,0.928,T,0.11917836298931159
CAC,H,-0.006,C,0.09118980782554421
CAT,H,0.006,T,0.09118980782554421
CAA,Q,1.028,A,0.09792121937062007
CAG,Q,-1.028,G,0.09792121937062007
GTA,V,0.898,A,0.13869890719352757
GTC,V,-0.029,C,0.05049734496106383
GTG,V,-0.381,G,0.05096511665950156
GTT,V,0.788,T,0.08645786885869848
GCA,A,0.931,A,0.06152748083429714
GCC,A,0.047,C,0.03755732519707089
GCG,A,-0.623,G,0.039855608915889885
GCT,A,0.809,T,0.08864783107649893
GAC,D,-0.258,C,0.05817275363548067
GAT,D,0.258,T,0.058172753635480676
GAA,E,0.775,A,0.060126392493970865
GAG,E,-0.775,G,0.060126392493970865
GGA,G,1.198,A,0.0828559096871686
GGC,G,-0.519,C,0.049946601797924484
GGG,G,-0.143,G,0.06217338164175879
GGT,G,0.404,T,0.07898944162292096
TTC,F,-0.602,C,0.08153014797492027
TTT,F,0.602,T,0.08153014797492027
TAC,Y,-0.176,C,0.10077873232999252
TAT,Y,0.176,T,0.10077873232999252
TGC,C,-0.482,C,0.19692026726197168
TGT,C,0.482,T,0.19692026726197168
