codon,amino_acid,Poriferisphaera,third_nucl,standard_error
ATA,I,0.68,A,0.08821045490174739
ATC,I,-0.318,C,0.05497224222577944
ATT,I,0.04,T,0.056643599443672796
ACA,T,0.39,A,0.0638484843797331
ACC,T,-0.254,C,0.06561631664829096
ACG,T,-0.367,G,0.0685712611068669
ACT,T,0.257,T,0.0816258639328348
AAC,N,-0.252,C,0.06847881227038444
AAT,N,0.252,T,0.06847881227038442
AAA,K,0.461,A,0.060732489701788406
AAG,K,-0.461,G,0.060732489701788406
AGC,S,0.132,C,0.07628402400813797
AGT,S,0.25,T,0.07645791317633477
TCA,S,0.149,A,0.06848296494023957
TCC,S,-0.211,C,0.08517987061196759
TCG,S,-0.451,G,0.08311497105300819
TCT,S,-0.027,T,0.08709172085063381
AGA,R,1.106,A,0.09910336005617343
AGG,R,0.091,G,0.12826052889152914
CGA,R,0.295,A,0.0851537349383167
CGC,R,-0.413,C,0.07659989287099646
CGG,R,-0.511,G,0.1029375104910393
CGT,R,-0.276,T,0.07167072152216163
CTA,L,0.365,A,0.09031618932444843
CTC,L,-0.597,C,0.05691518224261436
CTG,L,0.003,G,0.06956215268686804
CTT,L,-0.155,T,0.06494458927092145
TTA,L,0.567,A,0.07235017657293881
TTG,L,0.216,G,0.056188249685346775
CCA,P,0.405,A,0.07733343998292283
CCC,P,0.106,C,0.0807910608171163
CCG,P,-0.592,G,0.08884712206275389
CCT,P,-0.054,T,0.09035268960463244
CAC,H,-0.109,C,0.09450548450784003
CAT,H,0.109,T,0.09450548450784003
CAA,Q,0.304,A,0.07298945880539497
CAG,Q,-0.304,G,0.07298945880539497
GTA,V,0.823,A,0.08372023203157623
GTC,V,-0.429,C,0.06965963831016428
GTG,V,-0.072,G,0.06390854306320634
GTT,V,-0.054,T,0.0647685508700802
GCA,A,0.481,A,0.0589503682450455
GCC,A,-0.268,C,0.06890097085564623
GCG,A,-0.551,G,0.06583662976128518
GCT,A,0.227,T,0.06585260405371733
GAC,D,-0.079,C,0.06871776158103374
GAT,D,0.079,T,0.06871776158103374
GAA,E,0.49,A,0.06798813353719914
GAG,E,-0.49,G,0.06798813353719914
GGA,G,0.634,A,0.08719813634887891
GGC,G,-0.413,C,0.06885459604678362
GGG,G,-0.251,G,0.08424091205344554
GGT,G,0.218,T,0.0686999975502692
TTC,F,-0.302,C,0.07868388624171364
TTT,F,0.302,T,0.07868388624171364
TAC,Y,0.017,C,0.09246954532197725
TAT,Y,-0.017,T,0.09246954532197724
TGC,C,-0.303,C,0.13602619831654605
TGT,C,0.303,T,0.13602619831654605
