codon,amino_acid,Prauserella,third_nucl,standard_error
ATA,I,0.917,A,0.18065261558049783
ATC,I,-0.698,C,0.08614949575148635
ATT,I,0.59,T,0.09553980324171313
ACA,T,1.031,A,0.08520282909951922
ACC,T,-0.369,C,0.04108008746700478
ACG,T,-0.093,G,0.04302635722433696
ACT,T,0.803,T,0.09945237749968218
AAC,N,-0.819,C,0.1170903404148691
AAT,N,0.819,T,0.1170903404148691
AAA,K,0.352,A,0.08677337264909195
AAG,K,-0.352,G,0.08677337264909193
AGC,S,0.271,C,0.0494084987880328
AGT,S,0.645,T,0.08785506317596294
TCA,S,0.715,A,0.1032067762571762
TCC,S,-0.119,C,0.05137208403359384
TCG,S,-0.65,G,0.0480561927669036
TCT,S,0.797,T,0.13662272023195068
AGA,R,0.639,A,0.09585233446718729
AGG,R,-0.436,G,0.0527668580824215
CGA,R,0.817,A,0.06766555341760983
CGC,R,-0.203,C,0.03947997452799454
CGG,R,-0.134,G,0.0414639731308543
CGT,R,0.415,T,0.06632844498807644
CTA,L,0.833,A,0.14108711079001277
CTC,L,-0.302,C,0.036522809924451706
CTG,L,-0.14,G,0.03570348286743801
CTT,L,0.403,T,0.06514250880461037
TTA,L,1.254,A,0.28437991933247286
TTG,L,0.55,G,0.05538731049238753
CCA,P,0.683,A,0.07613802349997473
CCC,P,-0.089,C,0.046233282853480565
CCG,P,-0.331,G,0.043767279948706765
CCT,P,0.519,T,0.07797554467415588
CAC,H,-0.365,C,0.09597275442769715
CAT,H,0.365,T,0.09597275442769715
CAA,Q,0.588,A,0.08787964307521948
CAG,Q,-0.588,G,0.08787964307521948
GTA,V,0.343,A,0.08198329907826067
GTC,V,-0.749,C,0.035195588448720824
GTG,V,0.568,G,0.03458862476196015
GTT,V,0.383,T,0.06888039840197457
GCA,A,0.866,A,0.055669410686409945
GCC,A,-0.194,C,0.032268744940254855
GCG,A,-0.342,G,0.032138719728510956
GCT,A,0.803,T,0.061067439857466994
GAC,D,-0.367,C,0.05622209289732302
GAT,D,0.367,T,0.05622209289732302
GAA,E,0.198,A,0.04619143248602378
GAG,E,-0.198,G,0.046191432486023774
GGA,G,0.358,A,0.05241100275940287
GGC,G,-0.357,C,0.038746270776244846
GGG,G,0.065,G,0.049500663591783324
GGT,G,0.21,T,0.049784494016728076
TTC,F,-0.895,C,0.12573381233228043
TTT,F,0.895,T,0.12573381233228043
TAC,Y,-0.493,C,0.11740525626329763
TAT,Y,0.493,T,0.11740525626329763
TGC,C,-0.458,C,0.16560498126073228
TGT,C,0.458,T,0.16560498126073228
