codon,amino_acid,Prescottella,third_nucl,standard_error
ATA,I,1.204,A,0.24625691643424588
ATC,I,-1.222,C,0.10645124598433019
ATT,I,1.176,T,0.11607033226218333
ACA,T,1.037,A,0.10433357243768754
ACC,T,-0.133,C,0.04463120005397618
ACG,T,-0.394,G,0.046911877543208656
ACT,T,1.051,T,0.10341149957480288
AAC,N,-0.807,C,0.1195573150938225
AAT,N,0.807,T,0.11955731509382252
AAA,K,0.759,A,0.14587182663108347
AAG,K,-0.759,G,0.14587182663108347
AGC,S,0.184,C,0.05591375965285332
AGT,S,0.699,T,0.09665328350595921
TCA,S,0.826,A,0.1327490355043869
TCC,S,0.019,C,0.05448499882195974
TCG,S,-0.706,G,0.05008627183336663
TCT,S,1.241,T,0.14465735286741438
AGA,R,2.102,A,0.20888941063904357
AGG,R,1.213,G,0.11508278109164463
CGA,R,0.67,A,0.07101847088011108
CGC,R,-0.437,C,0.044234335592491986
CGG,R,-0.497,G,0.04898120820605523
CGT,R,0.37,T,0.06452446993336552
CTA,L,0.722,A,0.18215610631438567
CTC,L,-0.102,C,0.04195821610161084
CTG,L,-0.345,G,0.041411588840296096
CTT,L,1.137,T,0.1142763314826706
TTA,L,1.178,A,0.41598228639606455
TTG,L,0.68,G,0.07320773428031238
CCA,P,0.954,A,0.11661619277652129
CCC,P,0.346,C,0.0519714776533259
CCG,P,-0.745,G,0.05049658727217383
CCT,P,1.129,T,0.12500768671784263
CAC,H,-0.663,C,0.11352494171597396
CAT,H,0.663,T,0.11352494171597396
CAA,Q,0.889,A,0.11972871332194084
CAG,Q,-0.889,G,0.11972871332194084
GTA,V,0.643,A,0.11240238544980262
GTC,V,-0.693,C,0.03966716274472667
GTG,V,0.443,G,0.039103025978745945
GTT,V,0.694,T,0.0858732919394459
GCA,A,1.081,A,0.056835868294786984
GCC,A,-0.171,C,0.03619587230646629
GCG,A,-0.562,G,0.03670479747721667
GCT,A,0.927,T,0.0728642979803312
GAC,D,-0.606,C,0.06174993353412679
GAT,D,0.606,T,0.06174993353412679
GAA,E,0.879,A,0.05945647709637695
GAG,E,-0.879,G,0.059456477096376956
GGA,G,0.746,A,0.060207037885787885
GGC,G,-0.709,C,0.045325370537638
GGG,G,0.218,G,0.05742361808241263
GGT,G,0.27,T,0.056595465864558644
TTC,F,-1.264,C,0.1824039747350676
TTT,F,1.264,T,0.18240397473506756
TAC,Y,-0.603,C,0.1366067373348232
TAT,Y,0.603,T,0.1366067373348232
TGC,C,-0.73,C,0.18860784856202428
TGT,C,0.73,T,0.18860784856202428
