codon,amino_acid,Priestia,third_nucl,standard_error
ATA,I,0.544,A,0.055844925569625316
ATC,I,-0.24,C,0.05511881556269846
ATT,I,-0.198,T,0.044045213234837344
ACA,T,0.377,A,0.052252233500691476
ACC,T,-0.188,C,0.0818174967948209
ACG,T,-0.431,G,0.059217943451905765
ACT,T,0.058,T,0.06574655464889011
AAC,N,-0.034,C,0.05811401802599419
AAT,N,0.034,T,0.05811401802599419
AAA,K,0.155,A,0.0482238363302214
AAG,K,-0.155,G,0.048223836330221405
AGC,S,-0.316,C,0.06579224217849622
AGT,S,0.585,T,0.06061215204748477
TCA,S,0.238,A,0.05550847404754574
TCC,S,-0.084,C,0.09350756464068896
TCG,S,-0.13,G,0.08918240333001794
TCT,S,-0.456,T,0.057738870862752034
AGA,R,0.634,A,0.06825928910070816
AGG,R,0.311,G,0.12360914562369937
CGA,R,0.03,A,0.07510690945514291
CGC,R,-0.713,C,0.08489175827920814
CGG,R,-0.203,G,0.13248231643318925
CGT,R,-0.212,T,0.06668258242410761
CTA,L,0.024,A,0.05864392819602104
CTC,L,-0.281,C,0.09119370442122826
CTG,L,-0.476,G,0.0683288645970082
CTT,L,-0.456,T,0.04699502498542921
TTA,L,0.18,A,0.03865160182003498
TTG,L,0.614,G,0.05394824775070064
CCA,P,0.447,A,0.07661407120435978
CCC,P,-0.028,C,0.1376827383132656
CCG,P,-0.222,G,0.09163802103523923
CCT,P,-0.266,T,0.07544742932232129
CAC,H,-0.169,C,0.09059767721996306
CAT,H,0.169,T,0.09059767721996305
CAA,Q,0.388,A,0.0638905104783166
CAG,Q,-0.388,G,0.0638905104783166
GTA,V,0.017,A,0.046204852411100436
GTC,V,-0.069,C,0.07245759943213968
GTG,V,0.394,G,0.05264194515514832
GTT,V,-0.32,T,0.048229096091639403
GCA,A,0.463,A,0.052283287401222484
GCC,A,-0.337,C,0.08062379041417511
GCG,A,-0.19,G,0.06954650842586714
GCT,A,-0.219,T,0.05434200623996626
GAC,D,-0.212,C,0.06791836736672797
GAT,D,0.212,T,0.06791836736672797
GAA,E,0.16,A,0.05854723931783874
GAG,E,-0.16,G,0.05854723931783874
GGA,G,0.197,A,0.05296524453295916
GGC,G,-0.448,C,0.06988235994517239
GGG,G,0.081,G,0.0760088246721135
GGT,G,0.044,T,0.05957196454047212
TTC,F,-0.412,C,0.07501360085472168
TTT,F,0.412,T,0.07501360085472168
TAC,Y,-0.342,C,0.07307809684719291
TAT,Y,0.342,T,0.07307809684719291
TGC,C,-0.281,C,0.13661976426450617
TGT,C,0.281,T,0.13661976426450617
