codon,amino_acid,Profundibacter,third_nucl,standard_error
ATA,I,1.149,A,0.10486514263114592
ATC,I,-0.594,C,0.0591193903462057
ATT,I,0.174,T,0.062222843683571456
ACA,T,0.744,A,0.07175463101405846
ACC,T,-0.324,C,0.05740956766894618
ACG,T,-0.579,G,0.07365773672735502
ACT,T,0.571,T,0.11174832221875078
AAC,N,-0.039,C,0.08180325237419563
AAT,N,0.039,T,0.08180325237419563
AAA,K,0.691,A,0.06814954605579002
AAG,K,-0.691,G,0.06814954605579002
AGC,S,0.102,C,0.0732912432941776
AGT,S,0.405,T,0.11701434129890682
TCA,S,0.685,A,0.10688950716982014
TCC,S,-0.029,C,0.07602783016050463
TCG,S,-0.956,G,0.07782469676853779
TCT,S,0.75,T,0.12071884777770772
AGA,R,1.875,A,0.17532929886936285
AGG,R,0.465,G,0.14602883305283348
CGA,R,1.106,A,0.13930403203151642
CGC,R,-0.394,C,0.060291021424540715
CGG,R,-0.596,G,0.07760493179773177
CGT,R,0.205,T,0.07966217582638936
CTA,L,1.253,A,0.12264711711691124
CTC,L,0.66,C,0.10983801965385846
CTG,L,-0.918,G,0.04715537785266531
CTT,L,0.868,T,0.06911051454910866
TTA,L,1.049,A,0.12664124368981966
TTG,L,-0.052,G,0.05983754057058641
CCA,P,0.42,A,0.09990631207670934
CCC,P,0.342,C,0.06869676287640165
CCG,P,-0.708,G,0.06901747154544424
CCT,P,0.409,T,0.10694177759421743
CAC,H,-0.017,C,0.10704492609511333
CAT,H,0.017,T,0.10704492609511332
CAA,Q,0.762,A,0.0853184768219425
CAG,Q,-0.762,G,0.0853184768219425
GTA,V,0.969,A,0.10047112199212965
GTC,V,0.152,C,0.06938148018072693
GTG,V,-0.927,G,0.062467551580652224
GTT,V,0.535,T,0.06733946591932413
GCA,A,0.738,A,0.05889425030673336
GCC,A,-0.158,C,0.04700421388344097
GCG,A,-0.567,G,0.054894033909384306
GCT,A,0.325,T,0.07887480569239033
GAC,D,0.181,C,0.06112743506310722
GAT,D,-0.181,T,0.06112743506310723
GAA,E,0.606,A,0.07638266919506592
GAG,E,-0.606,G,0.07638266919506592
GGA,G,1.061,A,0.09329044829338977
GGC,G,-0.262,C,0.05999178416807985
GGG,G,-0.519,G,0.07589514379500825
GGT,G,0.269,T,0.07421949511435263
TTC,F,-0.421,C,0.07262104713492062
TTT,F,0.421,T,0.07262104713492062
TAC,Y,0.049,C,0.1037914652191374
TAT,Y,-0.049,T,0.1037914652191374
TGC,C,0.134,C,0.18153689356320904
TGT,C,-0.134,T,0.18153689356320904
