codon,amino_acid,Protaetiibacter,third_nucl,standard_error
ATA,I,0.065,A,0.47294920506589455
ATC,I,-0.842,C,0.2556864877644303
ATT,I,1.135,T,0.3129022159543651
ACA,T,1.571,A,0.25304486992922026
ACC,T,0.23,C,0.06219355549264462
ACG,T,-0.512,G,0.06407443093751192
ACT,T,1.06,T,0.23771720416874453
AAC,N,-0.985,C,0.28468285244892705
AAT,N,0.985,T,0.28468285244892705
AAA,K,0.908,A,0.3140284810077059
AAG,K,-0.908,G,0.314028481007706
AGC,S,0.374,C,0.0730161586970028
AGT,S,1.21,T,0.2497705631117934
TCA,S,1.244,A,0.2777724694299816
TCC,S,0.419,C,0.07697170622731246
TCG,S,-1.063,G,0.07229802609305942
TCT,S,1.371,T,0.3305881940153755
AGA,R,2.239,A,0.3976963825927479
AGG,R,1.223,G,0.20535879254676634
CGA,R,1.073,A,0.1303289776537408
CGC,R,-0.557,C,0.058209508302430886
CGG,R,-0.144,G,0.06887469305748062
CGT,R,0.572,T,0.10370884233393655
CTA,L,0.367,A,0.41049474571642286
CTC,L,-0.21,C,0.05265667529975298
CTG,L,0.016,G,0.054167276992236064
CTT,L,0.945,T,0.17965212372358944
TTA,L,0.892,A,1.2250189173703883
TTG,L,0.897,G,0.16625228335098016
CCA,P,0.697,A,0.2405684390995826
CCC,P,0.433,C,0.06492903595298348
CCG,P,-0.615,G,0.06503934657753772
CCT,P,1.179,T,0.22858988614721865
CAC,H,-0.804,C,0.18178313888516082
CAT,H,0.804,T,0.18178313888516082
CAA,Q,1.049,A,0.2550852212119309
CAG,Q,-1.049,G,0.2550852212119309
GTA,V,0.38,A,0.2558232864110664
GTC,V,-0.277,C,0.05171913840624202
GTG,V,0.2,G,0.051500553662368456
GTT,V,0.808,T,0.1997413201892704
GCA,A,1.359,A,0.09447048851752127
GCC,A,-0.068,C,0.04474406961481349
GCG,A,-0.493,G,0.04575841220840375
GCT,A,1.394,T,0.14299700439035656
GAC,D,-0.478,C,0.09509776642466204
GAT,D,0.478,T,0.09509776642466204
GAA,E,1.271,A,0.10782926434369322
GAG,E,-1.271,G,0.1078292643436932
GGA,G,1.293,A,0.10489962150781162
GGC,G,-0.62,C,0.061886630262835744
GGG,G,-0.027,G,0.07589693181889727
GGT,G,0.439,T,0.104686134284385
TTC,F,-1.127,C,0.43166678678558806
TTT,F,1.127,T,0.43166678678558806
TAC,Y,-0.294,C,0.26905318897871194
TAT,Y,0.294,T,0.26905318897871194
TGC,C,-0.575,C,0.5938210646231097
TGT,C,0.575,T,0.5938210646231097
