codon,amino_acid,Proteus,third_nucl,standard_error
ATA,I,0.653,A,0.0679620194452892
ATC,I,-0.101,C,0.05998469833773485
ATT,I,-0.33,T,0.05229286269710753
ACA,T,0.127,A,0.06091453737297181
ACC,T,-0.015,C,0.07711445657247051
ACG,T,-0.112,G,0.08504900699415029
ACT,T,-0.068,T,0.06499380829087603
AAC,N,0.061,C,0.07063062808718246
AAT,N,-0.061,T,0.07063062808718246
AAA,K,-0.154,A,0.07044524266274754
AAG,K,0.154,G,0.07044524266274754
AGC,S,0.021,C,0.0766593521426228
AGT,S,-0.143,T,0.06621442114522985
TCA,S,0.029,A,0.06241202607951964
TCC,S,0.559,C,0.11431360785497545
TCG,S,0.036,G,0.11182790835223101
TCT,S,-0.109,T,0.06395492120004864
AGA,R,0.579,A,0.08881311337979217
AGG,R,0.708,G,0.19075485446494356
CGA,R,0.094,A,0.09996262868281691
CGC,R,-0.025,C,0.08377944538799026
CGG,R,0.32,G,0.1599566344213598
CGT,R,-0.54,T,0.0695600917400083
CTA,L,0.019,A,0.07032302784606388
CTC,L,0.249,C,0.08403876207960351
CTG,L,0.123,G,0.07052451901064208
CTT,L,0.005,T,0.05741951171892893
TTA,L,-0.18,A,0.04420551354364786
TTG,L,0.115,G,0.06639950045396836
CCA,P,-0.118,A,0.0800878386940589
CCC,P,0.517,C,0.11772453906725347
CCG,P,0.162,G,0.11046100786577243
CCT,P,-0.188,T,0.07666354019987405
CAC,H,0.107,C,0.108493089450344
CAT,H,-0.107,T,0.108493089450344
CAA,Q,-0.15,A,0.07882086017170573
CAG,Q,0.15,G,0.07882086017170573
GTA,V,0.122,A,0.06892252534034442
GTC,V,-0.053,C,0.08267889520734778
GTG,V,0.271,G,0.06908700441508585
GTT,V,-0.264,T,0.05957461897980471
GCA,A,0.142,A,0.05743620025085312
GCC,A,0.054,C,0.07909685087751017
GCG,A,-0.109,G,0.07609590720284694
GCT,A,-0.118,T,0.06057895162301233
GAC,D,0.24,C,0.08178811266935379
GAT,D,-0.24,T,0.08178811266935379
GAA,E,0.127,A,0.075840771851165
GAG,E,-0.127,G,0.075840771851165
GGA,G,0.297,A,0.08560918286132992
GGC,G,0.031,C,0.08269955212354471
GGG,G,0.183,G,0.10580377613713696
GGT,G,-0.283,T,0.06887456056157774
TTC,F,-0.251,C,0.082138360146269
TTT,F,0.251,T,0.082138360146269
TAC,Y,0.174,C,0.09519471826240239
TAT,Y,-0.174,T,0.0951947182624024
TGC,C,0.172,C,0.15975243203007197
TGT,C,-0.172,T,0.15975243203007197
