codon,amino_acid,Pseudoprevotella,third_nucl,standard_error
ATA,I,0.515,A,0.06981284687213386
ATC,I,-0.56,C,0.06798213603227632
ATT,I,0.054,T,0.06938327229029798
ACA,T,0.446,A,0.07628095121124348
ACC,T,-0.291,C,0.08827889121719522
ACG,T,-0.564,G,0.09413742521001456
ACT,T,0.236,T,0.0959874171320565
AAC,N,-0.349,C,0.08226924445305432
AAT,N,0.349,T,0.08226924445305432
AAA,K,0.697,A,0.0645194195239412
AAG,K,-0.697,G,0.0645194195239412
AGC,S,-0.415,C,0.09538633217883077
AGT,S,-0.131,T,0.09872312174688076
TCA,S,0.681,A,0.09627474803612594
TCC,S,-0.055,C,0.11161324153020556
TCG,S,-0.371,G,0.11278034200767478
TCT,S,0.194,T,0.10279228031056661
AGA,R,1.577,A,0.09944199792245174
AGG,R,0.11,G,0.13443813344329372
CGA,R,0.182,A,0.13688839230772087
CGC,R,-1.073,C,0.09653189149522425
CGG,R,-0.509,G,0.17620911346239834
CGT,R,-0.588,T,0.10625593261211298
CTA,L,0.742,A,0.12589548023902142
CTC,L,-0.787,C,0.06888394354778705
CTG,L,-0.458,G,0.07110629329112869
CTT,L,0.004,T,0.07174424766030117
TTA,L,1.417,A,0.09892377727573802
TTG,L,0.069,G,0.07623549676051941
CCA,P,0.563,A,0.12204804248323255
CCC,P,-0.313,C,0.12062342391392547
CCG,P,-0.202,G,0.1321503289638631
CCT,P,-0.054,T,0.1199956891305288
CAC,H,-0.387,C,0.13812658678923606
CAT,H,0.387,T,0.13812658678923606
CAA,Q,0.718,A,0.1014521055764932
CAG,Q,-0.718,G,0.1014521055764932
GTA,V,0.63,A,0.08445873665081916
GTC,V,-0.081,C,0.10362267901046712
GTG,V,-0.756,G,0.0856936413734175
GTT,V,0.222,T,0.08880681200140049
GCA,A,0.535,A,0.0715715836961736
GCC,A,-0.41,C,0.08224649251505932
GCG,A,-0.235,G,0.10813286494051905
GCT,A,-0.177,T,0.08987397349317902
GAC,D,-0.327,C,0.09071502053412919
GAT,D,0.327,T,0.09071502053412919
GAA,E,0.573,A,0.08709397068387151
GAG,E,-0.573,G,0.0870939706838715
GGA,G,0.579,A,0.09659210820622309
GGC,G,-0.418,C,0.0941426396197038
GGG,G,0.103,G,0.15925160889330292
GGT,G,-0.138,T,0.0958454224342062
TTC,F,-1.018,C,0.08498197952491392
TTT,F,1.018,T,0.08498197952491392
TAC,Y,0.008,C,0.09506010103751512
TAT,Y,-0.008,T,0.09506010103751512
TGC,C,-0.49,C,0.16830682409788839
TGT,C,0.49,T,0.16830682409788839
