codon,amino_acid,Pseudazoarcus,third_nucl,standard_error
ATA,I,0.804,A,0.2709278925390692
ATC,I,-0.627,C,0.09593377009625963
ATT,I,0.574,T,0.10073895352459829
ACA,T,0.875,A,0.1529860729616638
ACC,T,0.153,C,0.0671085843432892
ACG,T,-0.641,G,0.07200519770267558
ACT,T,0.985,T,0.15891510441261775
AAC,N,-0.27,C,0.1150980859438169
AAT,N,0.27,T,0.1150980859438169
AAA,K,1.488,A,0.1215405383650859
AAG,K,-1.488,G,0.1215405383650859
AGC,S,0.142,C,0.07351861448725358
AGT,S,0.466,T,0.13359067031227273
TCA,S,0.881,A,0.19814420241311623
TCC,S,0.475,C,0.07842584437399079
TCG,S,-1.021,G,0.07454483427084652
TCT,S,0.924,T,0.2031056348985621
AGA,R,1.801,A,0.22085259013253178
AGG,R,0.926,G,0.1721718646396949
CGA,R,1.195,A,0.11666109578668647
CGC,R,-0.593,C,0.056873565618326294
CGG,R,-0.263,G,0.08975547441905016
CGT,R,0.164,T,0.07814829177220642
CTA,L,0.871,A,0.23486505059141885
CTC,L,0.24,C,0.05157320372187932
CTG,L,-0.567,G,0.048145280902402984
CTT,L,1.106,T,0.11804527448857266
TTA,L,0.688,A,0.38802878203225416
TTG,L,0.314,G,0.08874255584981541
CCA,P,0.431,A,0.13873172405348005
CCC,P,0.416,C,0.07028312233259919
CCG,P,-0.761,G,0.0680143725031936
CCT,P,1.2,T,0.15638260256361844
CAC,H,-0.161,C,0.10719395045563367
CAT,H,0.161,T,0.10719395045563368
CAA,Q,1.376,A,0.11881069626115262
CAG,Q,-1.376,G,0.11881069626115262
GTA,V,0.664,A,0.12738320989708563
GTC,V,0.209,C,0.05885084743445776
GTG,V,-0.612,G,0.05895622705433777
GTT,V,0.983,T,0.11838807760256867
GCA,A,0.758,A,0.07368449887902405
GCC,A,-0.054,C,0.04657345273297368
GCG,A,-0.578,G,0.04986801394664094
GCT,A,1.15,T,0.10417396596177127
GAC,D,-0.35,C,0.07369862219529572
GAT,D,0.35,T,0.07369862219529572
GAA,E,1.154,A,0.07103647435453592
GAG,E,-1.154,G,0.07103647435453592
GGA,G,0.859,A,0.11064599836636246
GGC,G,-0.48,C,0.06828501003196266
GGG,G,-0.124,G,0.10368053799874863
GGT,G,0.383,T,0.09037951980723156
TTC,F,-0.263,C,0.11064935729765663
TTT,F,0.263,T,0.11064935729765664
TAC,Y,-0.186,C,0.127848436139907
TAT,Y,0.186,T,0.127848436139907
TGC,C,-0.537,C,0.19459767645464254
TGT,C,0.537,T,0.19459767645464254
