codon,amino_acid,Pseudooceanicola,third_nucl,standard_error
ATA,I,1.178,A,0.17084348013864184
ATC,I,-1.12,C,0.08149862022813177
ATT,I,1.013,T,0.08978051222720045
ACA,T,1.038,A,0.10225148753458933
ACC,T,-0.239,C,0.05300865158510575
ACG,T,-0.312,G,0.05856733971068923
ACT,T,0.839,T,0.13754321987833987
AAC,N,-0.372,C,0.09084531952644662
AAT,N,0.372,T,0.0908453195264466
AAA,K,1.227,A,0.07869539353105566
AAG,K,-1.227,G,0.07869539353105565
AGC,S,0.272,C,0.06545155370206787
AGT,S,0.919,T,0.15891309972885462
TCA,S,0.971,A,0.15663150158838135
TCC,S,0.112,C,0.06255748617587316
TCG,S,-0.959,G,0.06646928343822792
TCT,S,0.6,T,0.12202253138356513
AGA,R,2.152,A,0.1995517229323556
AGG,R,0.698,G,0.13698308255834402
CGA,R,1.048,A,0.1202342009119171
CGC,R,-0.299,C,0.05140822567977994
CGG,R,-0.649,G,0.06229578733945626
CGT,R,0.396,T,0.0769902641280537
CTA,L,1.008,A,0.17405902919691046
CTC,L,0.51,C,0.053733235659447674
CTG,L,-0.966,G,0.04325636772636493
CTT,L,0.775,T,0.06663571058343198
TTA,L,0.776,A,0.24486750773562985
TTG,L,0.595,G,0.0741996484985193
CCA,P,0.883,A,0.13166933889343158
CCC,P,0.312,C,0.05769654287038183
CCG,P,-0.724,G,0.05809433222078623
CCT,P,0.75,T,0.10925613330123274
CAC,H,0.09,C,0.09447662167428963
CAT,H,-0.09,T,0.09447662167428963
CAA,Q,0.971,A,0.09050998032197269
CAG,Q,-0.971,G,0.09050998032197269
GTA,V,1.058,A,0.14853323740736335
GTC,V,-0.105,C,0.053406123165044714
GTG,V,-0.36,G,0.05458480178555175
GTT,V,0.737,T,0.08385652107134037
GCA,A,0.973,A,0.0650132713758849
GCC,A,-0.086,C,0.0408096433944287
GCG,A,-0.599,G,0.045275600561069725
GCT,A,0.798,T,0.08748192624281571
GAC,D,-0.299,C,0.055129656990379826
GAT,D,0.299,T,0.055129656990379826
GAA,E,0.65,A,0.06065701371118078
GAG,E,-0.65,G,0.06065701371118078
GGA,G,1.194,A,0.08775144756206384
GGC,G,-0.413,C,0.05239544158350645
GGG,G,-0.179,G,0.06491045721362995
GGT,G,0.193,T,0.07537504690991075
TTC,F,-0.747,C,0.08332349966820356
TTT,F,0.747,T,0.08332349966820356
TAC,Y,-0.07,C,0.09656837868529418
TAT,Y,0.07,T,0.09656837868529418
TGC,C,-0.714,C,0.1856659339101844
TGT,C,0.714,T,0.1856659339101844
