codon,amino_acid,Pseudohongiella,third_nucl,standard_error
ATA,I,0.541,A,0.0898247335133916
ATC,I,-0.202,C,0.06415504692851325
ATT,I,-0.086,T,0.06396943436083356
ACA,T,0.627,A,0.07465171986788458
ACC,T,-0.557,C,0.06789192770846673
ACG,T,-0.271,G,0.08573802259769185
ACT,T,0.263,T,0.08132392434641289
AAC,N,0.017,C,0.08119317793220161
AAT,N,-0.017,T,0.08119317793220161
AAA,K,0.409,A,0.07970164380679079
AAG,K,-0.409,G,0.07970164380679079
AGC,S,-0.004,C,0.0676195663059603
AGT,S,0.029,T,0.07661864863216271
TCA,S,0.282,A,0.07788802166290629
TCC,S,-0.076,C,0.08395237421298113
TCG,S,-0.481,G,0.08841722673190205
TCT,S,0.169,T,0.09001654447679976
AGA,R,1.174,A,0.10503591341481612
AGG,R,0.221,G,0.1254521888474196
CGA,R,0.474,A,0.09183113557813993
CGC,R,-0.441,C,0.06860278926873786
CGG,R,-0.32,G,0.09057175889302578
CGT,R,-0.333,T,0.07661508955716914
CTA,L,0.527,A,0.13088228707326421
CTC,L,0.034,C,0.08726980370484745
CTG,L,-0.644,G,0.047851454243938704
CTT,L,0.344,T,0.07820703397729288
TTA,L,1.077,A,0.09553436560626326
TTG,L,0.2,G,0.06044827226408601
CCA,P,0.405,A,0.09252567847698194
CCC,P,0.237,C,0.08649816704918904
CCG,P,-0.674,G,0.08212464669484251
CCT,P,0.229,T,0.0973618994760208
CAC,H,0.224,C,0.10957932675697578
CAT,H,-0.224,T,0.10957932675697578
CAA,Q,0.679,A,0.07904570799303991
CAG,Q,-0.679,G,0.07904570799303991
GTA,V,0.315,A,0.07992766086212089
GTC,V,-0.174,C,0.07054239467529749
GTG,V,-0.22,G,0.06271140361556775
GTT,V,0.207,T,0.07006826974313261
GCA,A,0.648,A,0.06349361667135983
GCC,A,-0.31,C,0.05745277364474182
GCG,A,-0.437,G,0.06832326660236113
GCT,A,0.142,T,0.0684730961612937
GAC,D,0.079,C,0.0701441705708947
GAT,D,-0.079,T,0.0701441705708947
GAA,E,0.544,A,0.07432306395380038
GAG,E,-0.544,G,0.07432306395380038
GGA,G,0.571,A,0.096104024834865
GGC,G,-0.17,C,0.0726953664261388
GGG,G,-0.032,G,0.11084980706181419
GGT,G,-0.148,T,0.07780289974439696
TTC,F,0.046,C,0.0831075419857618
TTT,F,-0.046,T,0.0831075419857618
TAC,Y,-0.086,C,0.10389395365794225
TAT,Y,0.086,T,0.10389395365794225
TGC,C,-0.069,C,0.1686441983065197
TGT,C,0.069,T,0.1686441983065197
