codon,amino_acid,Pseudobdellovibrio,third_nucl,standard_error
ATA,I,0.959,A,0.09649562121775448
ATC,I,-0.444,C,0.06707537590893195
ATT,I,-0.074,T,0.06373011685818657
ACA,T,0.324,A,0.07463540834744707
ACC,T,0.043,C,0.1022383113098602
ACG,T,-0.249,G,0.09429864229970364
ACT,T,-0.216,T,0.07905134228801651
AAC,N,0.001,C,0.08129579562861283
AAT,N,-0.001,T,0.08129579562861283
AAA,K,0.098,A,0.06775091390688867
AAG,K,-0.098,G,0.06775091390688867
AGC,S,-0.159,C,0.08577056742213324
AGT,S,0.001,T,0.07838101749994376
TCA,S,0.212,A,0.07330624219760651
TCC,S,-0.136,C,0.11459298731092624
TCG,S,-0.058,G,0.0947909405062834
TCT,S,-0.007,T,0.06982916822367279
AGA,R,1.051,A,0.10135486764232511
AGG,R,1.074,G,0.23913235946105169
CGA,R,0.749,A,0.13527209302216892
CGC,R,-0.655,C,0.09732815403862104
CGG,R,-0.074,G,0.20842746064126152
CGT,R,-0.788,T,0.09238311749541972
CTA,L,0.21,A,0.08259336806003928
CTC,L,0.244,C,0.11442101653887794
CTG,L,-0.316,G,0.08084154949378806
CTT,L,0.082,T,0.06487402434654768
TTA,L,0.079,A,0.054230056721791244
TTG,L,-0.197,G,0.06398623062973334
CCA,P,0.227,A,0.10183522230179358
CCC,P,0.222,C,0.13329897842435764
CCG,P,-0.402,G,0.12182279229401674
CCT,P,-0.064,T,0.10220532608822774
CAC,H,-0.031,C,0.1242589915573439
CAT,H,0.031,T,0.1242589915573439
CAA,Q,0.097,A,0.08694949205770904
CAG,Q,-0.097,G,0.08694949205770904
GTA,V,0.329,A,0.08388117115075129
GTC,V,-0.061,C,0.09204115613194243
GTG,V,-0.263,G,0.07536408627359309
GTT,V,0.035,T,0.06966938351096433
GCA,A,0.691,A,0.07663162395085742
GCC,A,-0.319,C,0.08399896191956092
GCG,A,-0.241,G,0.08739696166929432
GCT,A,-0.199,T,0.07131119074744434
GAC,D,0.229,C,0.09347721714054082
GAT,D,-0.229,T,0.09347721714054082
GAA,E,0.495,A,0.08947922730675589
GAG,E,-0.495,G,0.0894792273067559
GGA,G,0.266,A,0.08817414514648467
GGC,G,-0.331,C,0.1029279988665737
GGG,G,-0.139,G,0.1370528810747114
GGT,G,0.049,T,0.08604975490433739
TTC,F,-0.544,C,0.08219997327408105
TTT,F,0.544,T,0.08219997327408105
TAC,Y,-0.313,C,0.10804228223876024
TAT,Y,0.313,T,0.10804228223876025
TGC,C,-0.61,C,0.20080911909756022
TGT,C,0.61,T,0.20080911909756022
