codon,amino_acid,Pseudorhodobacter,third_nucl,standard_error
ATA,I,0.794,A,0.10813426457430245
ATC,I,-0.363,C,0.058030395440043576
ATT,I,0.123,T,0.060969890969870114
ACA,T,0.607,A,0.06971313666275289
ACC,T,-0.232,C,0.05421932078498991
ACG,T,-0.398,G,0.06435866082968301
ACT,T,0.373,T,0.09681680898804579
AAC,N,0.05,C,0.08191961584366016
AAT,N,-0.05,T,0.08191961584366016
AAA,K,0.788,A,0.06660645302909786
AAG,K,-0.788,G,0.06660645302909786
AGC,S,-0.021,C,0.06610120953043175
AGT,S,0.374,T,0.11465915621860404
TCA,S,0.592,A,0.09337684940410465
TCC,S,0.051,C,0.07266747621993992
TCG,S,-0.737,G,0.07322793137416261
TCT,S,0.324,T,0.09567235951163675
AGA,R,1.641,A,0.1491595776113542
AGG,R,0.559,G,0.15207188098708085
CGA,R,0.756,A,0.12021625119810224
CGC,R,-0.314,C,0.05525131601925897
CGG,R,-0.513,G,0.07131337945771549
CGT,R,0.136,T,0.07100692658247375
CTA,L,0.555,A,0.10523195604274642
CTC,L,0.573,C,0.07446070786640584
CTG,L,-0.632,G,0.045601675851195074
CTT,L,0.372,T,0.05153436814601633
TTA,L,1.0,A,0.12617195301509326
TTG,L,-0.172,G,0.05138063328000103
CCA,P,0.444,A,0.08631581134796887
CCC,P,0.336,C,0.06493576993194287
CCG,P,-0.589,G,0.06633185597433508
CCT,P,-0.032,T,0.08636378777696556
CAC,H,0.003,C,0.10001862142234096
CAT,H,-0.003,T,0.10001862142234096
CAA,Q,0.461,A,0.07699975536400158
CAG,Q,-0.461,G,0.07699975536400158
GTA,V,0.844,A,0.09525601251212824
GTC,V,-0.05,C,0.06324959070736763
GTG,V,-0.485,G,0.05903200722867641
GTT,V,0.248,T,0.0650928441471758
GCA,A,0.6,A,0.05343108121621165
GCC,A,-0.045,C,0.04391753304092607
GCG,A,-0.67,G,0.04888180262086806
GCT,A,0.503,T,0.06882657373326487
GAC,D,0.197,C,0.05958178003602799
GAT,D,-0.197,T,0.05958178003602799
GAA,E,0.769,A,0.06740373398490408
GAG,E,-0.769,G,0.06740373398490408
GGA,G,1.047,A,0.09354619448349327
GGC,G,-0.267,C,0.05714039335668252
GGG,G,-0.305,G,0.06983103805849222
GGT,G,0.136,T,0.07116549032784389
TTC,F,-0.135,C,0.07254515067622332
TTT,F,0.135,T,0.07254515067622332
TAC,Y,0.053,C,0.10243528739940308
TAT,Y,-0.053,T,0.10243528739940308
TGC,C,-0.289,C,0.16552303375543712
TGT,C,0.289,T,0.16552303375543712
