codon,amino_acid,Pseudalgibacter,third_nucl,standard_error
ATA,I,0.596,A,0.0494991020748742
ATC,I,0.325,C,0.08140652581965707
ATT,I,-0.674,T,0.04782610518773089
ACA,T,0.432,A,0.06365636214163746
ACC,T,-0.182,C,0.08187235887979516
ACG,T,-0.343,G,0.11427578301522744
ACT,T,-0.253,T,0.06865058745761295
AAC,N,0.257,C,0.06384589113860631
AAT,N,-0.257,T,0.06384589113860631
AAA,K,0.227,A,0.06766270344874002
AAG,K,-0.227,G,0.06766270344874002
AGC,S,0.261,C,0.09889592028384986
AGT,S,-0.06,T,0.07034640566292297
TCA,S,0.411,A,0.06940553898595235
TCC,S,-0.032,C,0.12064443246938843
TCG,S,-0.125,G,0.13161144671623287
TCT,S,-0.448,T,0.07103637376675268
AGA,R,0.598,A,0.08767026584733287
AGG,R,-0.117,G,0.16679980309528988
CGA,R,-0.175,A,0.13252115675891574
CGC,R,-0.24,C,0.1633113504517211
CGG,R,0.04,G,0.26498929185775805
CGT,R,-0.637,T,0.10954018805541868
CTA,L,0.391,A,0.07832202161745763
CTC,L,0.779,C,0.14569416671087002
CTG,L,0.004,G,0.1358821310482482
CTT,L,0.034,T,0.06386011203721251
TTA,L,-0.006,A,0.04635976685102748
TTG,L,-0.502,G,0.06650721155265255
CCA,P,0.159,A,0.09431461366756538
CCC,P,0.296,C,0.14892635566184542
CCG,P,0.16,G,0.1807259144823125
CCT,P,-0.34,T,0.09848815359259605
CAC,H,0.697,C,0.12628892968399028
CAT,H,-0.697,T,0.12628892968399028
CAA,Q,0.038,A,0.11715541770482261
CAG,Q,-0.038,G,0.11715541770482261
GTA,V,0.373,A,0.06654896353120887
GTC,V,0.442,C,0.14056876266265766
GTG,V,-0.46,G,0.10118662020021006
GTT,V,-0.255,T,0.06551446446698618
GCA,A,0.454,A,0.0718438191284897
GCC,A,0.176,C,0.09933553605548083
GCG,A,0.11,G,0.1373965326335594
GCT,A,-0.6,T,0.07491259260927914
GAC,D,0.612,C,0.0888555941797065
GAT,D,-0.612,T,0.08885559417970648
GAA,E,0.222,A,0.09374372289379389
GAG,E,-0.222,G,0.09374372289379387
GGA,G,0.579,A,0.0799973561456277
GGC,G,0.054,C,0.11240275424096562
GGG,G,-0.234,G,0.1336631092456438
GGT,G,-0.542,T,0.08410691140726927
TTC,F,0.538,C,0.09147067079123739
TTT,F,-0.538,T,0.09147067079123739
TAC,Y,0.437,C,0.0869791040370449
TAT,Y,-0.437,T,0.0869791040370449
TGC,C,0.453,C,0.19136346439999272
TGT,C,-0.453,T,0.19136346439999272
