codon,amino_acid,Pseudoduganella,third_nucl,standard_error
ATA,I,1.07,A,0.15195807585958127
ATC,I,-1.101,C,0.06894969530889489
ATT,I,1.021,T,0.07482355226509096
ACA,T,0.97,A,0.08943963033729105
ACC,T,0.428,C,0.04497582163953537
ACG,T,-1.114,G,0.047147202219468484
ACT,T,1.298,T,0.10370697800900075
AAC,N,-0.461,C,0.0681190386582441
AAT,N,0.461,T,0.0681190386582441
AAA,K,1.447,A,0.06245716136383664
AAG,K,-1.447,G,0.062457161363836645
AGC,S,-0.243,C,0.05010936153950767
AGT,S,0.727,T,0.10101401141660434
TCA,S,0.97,A,0.11786004455800378
TCC,S,0.67,C,0.054659785716566496
TCG,S,-1.051,G,0.052617445773040145
TCT,S,1.405,T,0.14271426458054975
AGA,R,1.836,A,0.17556575712576752
AGG,R,0.53,G,0.10195424892030762
CGA,R,1.532,A,0.10875837247526775
CGC,R,-0.681,C,0.04360362646003668
CGG,R,-0.44,G,0.059082904665154486
CGT,R,0.76,T,0.06724307959950192
CTA,L,0.944,A,0.1459186504592114
CTC,L,0.363,C,0.04442790673924113
CTG,L,-1.021,G,0.03590378890322421
CTT,L,1.276,T,0.0785933909922499
TTA,L,1.449,A,0.16047739992143817
TTG,L,0.776,G,0.057268402312007104
CCA,P,1.051,A,0.08062358625250773
CCC,P,0.55,C,0.0526026174712681
CCG,P,-1.195,G,0.049585246435277314
CCT,P,0.964,T,0.09351432559853531
CAC,H,-0.327,C,0.07476325421636976
CAT,H,0.327,T,0.07476325421636976
CAA,Q,1.467,A,0.06885681679036998
CAG,Q,-1.467,G,0.06885681679036998
GTA,V,1.133,A,0.08475992420115717
GTC,V,0.304,C,0.04587952392807707
GTG,V,-1.004,G,0.04454961359319597
GTT,V,1.275,T,0.08198157160472672
GCA,A,0.986,A,0.04829048658066631
GCC,A,-0.069,C,0.0326104333413977
GCG,A,-0.712,G,0.035397376306214215
GCT,A,0.99,T,0.07220789304477308
GAC,D,-0.307,C,0.05323172660894443
GAT,D,0.307,T,0.05323172660894443
GAA,E,0.804,A,0.05867272399171176
GAG,E,-0.804,G,0.05867272399171176
GGA,G,1.277,A,0.092903296369841
GGC,G,-0.713,C,0.050609897159615315
GGG,G,0.15,G,0.07703690102279785
GGT,G,0.474,T,0.0676552533018099
TTC,F,-0.752,C,0.07536093014629174
TTT,F,0.752,T,0.07536093014629174
TAC,Y,-0.225,C,0.083733688715424
TAT,Y,0.225,T,0.083733688715424
TGC,C,-1.06,C,0.18674005868652285
TGT,C,1.06,T,0.18674005868652283
