codon,amino_acid,Pseudoxanthomonas,third_nucl,standard_error
ATA,I,0.641,A,0.24128068837815278
ATC,I,-0.648,C,0.11696866492682496
ATT,I,0.618,T,0.13058878677103453
ACA,T,0.997,A,0.1506157940362062
ACC,T,0.064,C,0.05944088037933949
ACG,T,-0.485,G,0.06307815195334446
ACT,T,1.066,T,0.1634399864366079
AAC,N,-0.232,C,0.11494003216923557
AAT,N,0.232,T,0.11494003216923557
AAA,K,1.483,A,0.12272315717725647
AAG,K,-1.483,G,0.12272315717725647
AGC,S,-0.452,C,0.06329265571364923
AGT,S,0.378,T,0.14195484638578446
TCA,S,0.371,A,0.15777410406721223
TCC,S,1.025,C,0.07275468640761808
TCG,S,-0.85,G,0.06803587650322634
TCT,S,1.173,T,0.19126153646500318
AGA,R,1.066,A,0.23972508366433673
AGG,R,0.29,G,0.13615678591255073
CGA,R,1.028,A,0.11977410050528252
CGC,R,-0.418,C,0.05218322539288698
CGG,R,-0.409,G,0.07334189862955032
CGT,R,0.62,T,0.0755689081968811
CTA,L,0.681,A,0.18993927035854374
CTC,L,0.855,C,0.05883511425027316
CTG,L,-0.982,G,0.04665721222154705
CTT,L,1.154,T,0.10515805238866882
TTA,L,0.358,A,0.3693384007560485
TTG,L,0.341,G,0.07631878263111701
CCA,P,0.686,A,0.13196998174322583
CCC,P,0.748,C,0.061355895735215465
CCG,P,-1.101,G,0.05985451556673046
CCT,P,0.805,T,0.11353038940375171
CAC,H,-0.135,C,0.09530686082670654
CAT,H,0.135,T,0.09530686082670654
CAA,Q,1.24,A,0.11481374838413519
CAG,Q,-1.24,G,0.11481374838413519
GTA,V,0.575,A,0.12798902816537763
GTC,V,0.383,C,0.05614502652320548
GTG,V,-0.75,G,0.05556646765566013
GTT,V,1.342,T,0.13197830949671885
GCA,A,0.619,A,0.07169993052695811
GCC,A,0.223,C,0.041632253196416426
GCG,A,-0.779,G,0.04510596528995244
GCT,A,1.234,T,0.0989761825728947
GAC,D,-0.229,C,0.06911543141102518
GAT,D,0.229,T,0.06911543141102518
GAA,E,0.953,A,0.07481476959129572
GAG,E,-0.953,G,0.07481476959129572
GGA,G,1.059,A,0.10495613558530102
GGC,G,-0.639,C,0.06417870607391717
GGG,G,0.223,G,0.09589694070443522
GGT,G,0.289,T,0.08932564225103279
TTC,F,-0.806,C,0.13899975757086674
TTT,F,0.806,T,0.13899975757086674
TAC,Y,-0.222,C,0.1212930113724072
TAT,Y,0.222,T,0.1212930113724072
TGC,C,-0.283,C,0.2267603380938696
TGT,C,0.283,T,0.2267603380938696
