codon,amino_acid,Pseudarthrobacter,third_nucl,standard_error
ATA,I,0.625,A,0.14235201609392428
ATC,I,-0.759,C,0.07036210376321178
ATT,I,0.699,T,0.07575424191692914
ACA,T,0.899,A,0.07924603925507478
ACC,T,-0.314,C,0.04847893366786462
ACG,T,-0.664,G,0.056453159625461186
ACT,T,1.015,T,0.08395978672840214
AAC,N,-0.73,C,0.0989227891013353
AAT,N,0.73,T,0.09892278910133528
AAA,K,0.778,A,0.07974609006077173
AAG,K,-0.778,G,0.07974609006077173
AGC,S,0.154,C,0.05622829185671183
AGT,S,0.577,T,0.1039640966521125
TCA,S,0.641,A,0.08950703690492284
TCC,S,-0.384,C,0.05387474338360733
TCG,S,-0.541,G,0.06889750441540253
TCT,S,0.676,T,0.12110136591881701
AGA,R,1.325,A,0.16341678261545994
AGG,R,0.173,G,0.08852768160319084
CGA,R,0.664,A,0.10711553555784133
CGC,R,-0.194,C,0.05249530121400701
CGG,R,-0.386,G,0.05712390149634604
CGT,R,0.271,T,0.07770410093175469
CTA,L,0.809,A,0.15717930005938902
CTC,L,-0.101,C,0.0476260951909229
CTG,L,-0.611,G,0.04300461444778189
CTT,L,0.65,T,0.06804984617724691
TTA,L,0.987,A,0.22926481498858045
TTG,L,0.904,G,0.0728547154262774
CCA,P,1.02,A,0.10042994448706646
CCC,P,0.041,C,0.056370415617127655
CCG,P,-0.604,G,0.05541077346951687
CCT,P,0.496,T,0.0881483733865196
CAC,H,-0.581,C,0.10509039805220403
CAT,H,0.581,T,0.10509039805220403
CAA,Q,0.893,A,0.0963332177288997
CAG,Q,-0.893,G,0.0963332177288997
GTA,V,0.759,A,0.09178613347867538
GTC,V,-0.473,C,0.047644044369890406
GTG,V,0.108,G,0.04555890486636347
GTT,V,0.268,T,0.06598349275927307
GCA,A,0.768,A,0.05035667504287736
GCC,A,-0.466,C,0.03818057718752287
GCG,A,-0.273,G,0.04551882175863446
GCT,A,0.531,T,0.06133069016672451
GAC,D,-0.533,C,0.06363815055061926
GAT,D,0.533,T,0.06363815055061926
GAA,E,0.444,A,0.056662578391354905
GAG,E,-0.444,G,0.056662578391354905
GGA,G,0.577,A,0.0657176805487411
GGC,G,-0.408,C,0.04956346396425723
GGG,G,0.046,G,0.06547012944520637
GGT,G,0.133,T,0.0724326688624052
TTC,F,-0.833,C,0.09073930412641845
TTT,F,0.833,T,0.09073930412641845
TAC,Y,-0.376,C,0.12038679028527398
TAT,Y,0.376,T,0.12038679028527396
TGC,C,-0.895,C,0.25552139947945157
TGT,C,0.895,T,0.25552139947945157
