codon,amino_acid,Pseudodesulfovibrio,third_nucl,standard_error
ATA,I,1.057,A,0.07583134956968551
ATC,I,-0.573,C,0.05356601151691238
ATT,I,-0.026,T,0.05607859490705863
ACA,T,0.696,A,0.07232605686639475
ACC,T,-0.501,C,0.05966184077569346
ACG,T,-0.25,G,0.07498270162782462
ACT,T,0.299,T,0.08086338075697548
AAC,N,-0.506,C,0.07308683378609616
AAT,N,0.506,T,0.07308683378609616
AAA,K,0.948,A,0.05588320362585561
AAG,K,-0.948,G,0.05588320362585561
AGC,S,0.394,C,0.06887532382940029
AGT,S,0.471,T,0.08572152219064642
TCA,S,0.352,A,0.08595684523155553
TCC,S,-0.615,C,0.0607832830954545
TCG,S,-0.283,G,0.08079038621194695
TCT,S,0.092,T,0.08705841787068336
AGA,R,1.147,A,0.08878489099313418
AGG,R,0.172,G,0.1101444212614165
CGA,R,0.386,A,0.08033233899577684
CGC,R,-0.683,C,0.06693637368440984
CGG,R,-0.413,G,0.0839098165735139
CGT,R,-0.121,T,0.0723995739522557
CTA,L,1.036,A,0.12577373805103767
CTC,L,-0.139,C,0.05330703843954455
CTG,L,-0.695,G,0.04832828209143248
CTT,L,0.094,T,0.05688652413045454
TTA,L,1.244,A,0.10168525336401738
TTG,L,0.329,G,0.057477195320669174
CCA,P,0.777,A,0.09143542642636622
CCC,P,-0.056,C,0.07419914648703221
CCG,P,-0.598,G,0.07455580382930364
CCT,P,0.204,T,0.0876829114771504
CAC,H,-0.164,C,0.09321288194200619
CAT,H,0.164,T,0.09321288194200619
CAA,Q,1.164,A,0.08156186379369437
CAG,Q,-1.164,G,0.08156186379369437
GTA,V,0.514,A,0.0772015768996026
GTC,V,-0.463,C,0.059142339149824225
GTG,V,-0.125,G,0.0597257440137675
GTT,V,0.315,T,0.06140506899851273
GCA,A,0.52,A,0.06160466156932534
GCC,A,-0.463,C,0.054344491869942904
GCG,A,0.002,G,0.06951080338085552
GCT,A,0.095,T,0.06363098765255541
GAC,D,-0.084,C,0.05975268238664414
GAT,D,0.084,T,0.059752682386644135
GAA,E,0.667,A,0.0609683476196326
GAG,E,-0.667,G,0.060968347619632594
GGA,G,0.539,A,0.06856226338851705
GGC,G,-0.06,C,0.060958170867867464
GGG,G,-0.442,G,0.08379538584303722
GGT,G,-0.14,T,0.06918536127118761
TTC,F,-0.364,C,0.06903947589850987
TTT,F,0.364,T,0.06903947589850987
TAC,Y,-0.158,C,0.08827382286535788
TAT,Y,0.158,T,0.08827382286535787
TGC,C,-0.421,C,0.13022018956734427
TGT,C,0.421,T,0.13022018956734427
