codon,amino_acid,Pseudolysobacter,third_nucl,standard_error
ATA,I,0.465,A,0.11700893255784922
ATC,I,-0.469,C,0.059937500420225324
ATT,I,0.384,T,0.0634248740644281
ACA,T,0.52,A,0.08626325996562771
ACC,T,-0.193,C,0.05707289698278712
ACG,T,-0.508,G,0.06112240180888037
ACT,T,0.881,T,0.08922503236184927
AAC,N,-0.249,C,0.07320640135916194
AAT,N,0.249,T,0.07320640135916194
AAA,K,0.776,A,0.06988209611523108
AAG,K,-0.776,G,0.06988209611523108
AGC,S,-0.427,C,0.056736042052803935
AGT,S,0.059,T,0.07731654717134184
TCA,S,0.646,A,0.10079660636961686
TCC,S,0.677,C,0.07539653164644033
TCG,S,-0.525,G,0.058727809192139664
TCT,S,0.864,T,0.11628216735607325
AGA,R,1.784,A,0.18800896908127449
AGG,R,0.352,G,0.21096591197441425
CGA,R,0.716,A,0.08954864513551128
CGC,R,-0.438,C,0.052224168193278186
CGG,R,-0.529,G,0.09629336841718143
CGT,R,0.144,T,0.060514376348934855
CTA,L,0.628,A,0.11359486663357526
CTC,L,-0.276,C,0.04925813918159132
CTG,L,-0.281,G,0.04258434050653465
CTT,L,0.594,T,0.07411273884697474
TTA,L,0.93,A,0.11892081376253517
TTG,L,0.063,G,0.048480914863377716
CCA,P,0.474,A,0.08619191492864108
CCC,P,0.517,C,0.07665401816856818
CCG,P,-0.878,G,0.06325095224487824
CCT,P,0.747,T,0.10688498880889487
CAC,H,0.137,C,0.08882373010234344
CAT,H,-0.137,T,0.08882373010234344
CAA,Q,0.792,A,0.07402504640867982
CAG,Q,-0.792,G,0.07402504640867982
GTA,V,0.513,A,0.08629699306976278
GTC,V,-0.28,C,0.05872509276597201
GTG,V,-0.387,G,0.05519268117611273
GTT,V,0.726,T,0.07303845182741787
GCA,A,0.489,A,0.05558687046833684
GCC,A,0.144,C,0.045711505201320425
GCG,A,-0.743,G,0.04523638055450378
GCT,A,0.701,T,0.06855183747513605
GAC,D,0.059,C,0.06605797591228979
GAT,D,-0.059,T,0.06605797591228979
GAA,E,0.5,A,0.07505415566811516
GAG,E,-0.5,G,0.07505415566811516
GGA,G,0.602,A,0.09394144011881658
GGC,G,-0.29,C,0.06256856039128766
GGG,G,0.151,G,0.11754024745153123
GGT,G,-0.007,T,0.07221211147565955
TTC,F,-0.408,C,0.07038347543640658
TTT,F,0.408,T,0.07038347543640658
TAC,Y,0.033,C,0.09549555183696645
TAT,Y,-0.033,T,0.09549555183696645
TGC,C,-0.237,C,0.15367986870283068
TGT,C,0.237,T,0.15367986870283068
