codon,amino_acid,Pseudoleptotrichia,third_nucl,standard_error
ATA,I,0.044,A,0.05849628019673942
ATC,I,-0.228,C,0.10877176036506754
ATT,I,0.023,T,0.061079334938300624
ACA,T,0.303,A,0.08839850863970734
ACC,T,-0.122,C,0.20287942668391104
ACG,T,0.192,G,0.13662609061577022
ACT,T,-0.42,T,0.0961181587184759
AAC,N,-0.139,C,0.08677052244333419
AAT,N,0.139,T,0.08677052244333419
AAA,K,-0.01,A,0.07607575210573464
AAG,K,0.01,G,0.07607575210573464
AGC,S,0.248,C,0.13147100660563862
AGT,S,0.491,T,0.09014532067189676
TCA,S,0.065,A,0.09688815103118299
TCC,S,-0.676,C,0.15680088951168505
TCG,S,-0.296,G,0.1266476944356617
TCT,S,-0.358,T,0.1043180358582111
AGA,R,-0.057,A,0.12708203904327578
AGG,R,0.165,G,0.18114041974200756
CGA,R,0.409,A,0.3036065963737286
CGC,R,-1.344,C,1.1191267183386744
CGG,R,0.379,G,0.367373559916224
CGT,R,-0.36,T,0.22185994087553487
CTA,L,0.526,A,0.18501951130880193
CTC,L,-0.729,C,0.18830598042330804
CTG,L,-0.494,G,0.10403848075757408
CTT,L,-0.925,T,0.08056395180909418
TTA,L,0.775,A,0.06177491910751811
TTG,L,-0.037,G,0.06653813334341052
CCA,P,0.873,A,0.22752314293760237
CCC,P,0.075,C,0.23014622709860055
CCG,P,0.299,G,0.14573469688800206
CCT,P,-0.582,T,0.13662971798950843
CAC,H,-0.154,C,0.22464797272827142
CAT,H,0.154,T,0.22464797272827142
CAA,Q,0.663,A,0.13744064861434152
CAG,Q,-0.663,G,0.13744064861434152
GTA,V,0.141,A,0.07712763611972594
GTC,V,-0.37,C,0.15852287284034935
GTG,V,0.227,G,0.10345282823316847
GTT,V,-0.201,T,0.08278561413667805
GCA,A,0.35,A,0.09247444560719487
GCC,A,-0.36,C,0.1613381326031372
GCG,A,0.032,G,0.1376457271277368
GCT,A,-0.299,T,0.10393047499489597
GAC,D,-0.079,C,0.10604084557955996
GAT,D,0.079,T,0.10604084557955995
GAA,E,0.009,A,0.09798247499217294
GAG,E,-0.009,G,0.09798247499217294
GGA,G,0.037,A,0.08593246514213367
GGC,G,0.209,C,0.16636636525927168
GGG,G,0.058,G,0.12642709630125473
GGT,G,-0.198,T,0.1122836183868348
TTC,F,-0.428,C,0.10805000074394738
TTT,F,0.428,T,0.10805000074394737
TAC,Y,-0.28,C,0.11516609837618895
TAT,Y,0.28,T,0.11516609837618895
TGC,C,0.378,C,0.2622181951603206
TGT,C,-0.378,T,0.2622181951603206
