codon,amino_acid,Pseudonocardia,third_nucl,standard_error
ATA,I,1.099,A,0.3273243143061646
ATC,I,-1.228,C,0.1683231872997248
ATT,I,1.25,T,0.19480041043781265
ACA,T,0.808,A,0.10029286628118751
ACC,T,-0.336,C,0.041231061800515105
ACG,T,0.073,G,0.04371461001296574
ACT,T,1.144,T,0.15183861145259958
AAC,N,-0.578,C,0.19209616355138934
AAT,N,0.578,T,0.19209616355138934
AAA,K,0.499,A,0.20457122080549825
AAG,K,-0.499,G,0.20457122080549825
AGC,S,0.639,C,0.05009525483081105
AGT,S,1.338,T,0.143789344638491
TCA,S,0.516,A,0.13191867829563206
TCC,S,-0.078,C,0.04756343687611688
TCG,S,-0.908,G,0.04818235195152274
TCT,S,1.365,T,0.22287981566301773
AGA,R,2.037,A,0.25122290933511515
AGG,R,0.956,G,0.09498591887293502
CGA,R,0.971,A,0.08008028098885962
CGC,R,-0.133,C,0.03612957298126037
CGG,R,-0.548,G,0.03593530154828291
CGT,R,0.712,T,0.06528627860263227
CTA,L,0.778,A,0.23157879082112914
CTC,L,0.165,C,0.036115397897416135
CTG,L,-0.433,G,0.034853800954216474
CTT,L,1.333,T,0.14858772218554994
TTA,L,1.768,A,0.7819238560582752
TTG,L,0.856,G,0.08043338159606414
CCA,P,0.908,A,0.11152741861844426
CCC,P,0.516,C,0.042184986414130064
CCG,P,-0.769,G,0.0408340283627448
CCT,P,1.291,T,0.13649546403061202
CAC,H,-0.605,C,0.11134723758409568
CAT,H,0.605,T,0.11134723758409568
CAA,Q,1.113,A,0.19250018806814911
CAG,Q,-1.113,G,0.19250018806814911
GTA,V,0.458,A,0.11427863356253173
GTC,V,-0.776,C,0.033258605549449004
GTG,V,0.634,G,0.03292667566501309
GTT,V,1.073,T,0.12334167779909211
GCA,A,1.012,A,0.055526923116675744
GCC,A,-0.177,C,0.029381305397133236
GCG,A,-0.311,G,0.030478357607212556
GCT,A,0.983,T,0.07599823917429652
GAC,D,-0.392,C,0.057907551135506836
GAT,D,0.392,T,0.05790755113550683
GAA,E,0.872,A,0.07162065902736023
GAG,E,-0.872,G,0.07162065902736024
GGA,G,1.096,A,0.061825252767756404
GGC,G,-0.392,C,0.03631326332765863
GGG,G,-0.147,G,0.041155343373077
GGT,G,0.224,T,0.0521656529608463
TTC,F,-0.873,C,0.25878956218870797
TTT,F,0.873,T,0.25878956218870797
TAC,Y,-0.545,C,0.16091210623294816
TAT,Y,0.545,T,0.16091210623294816
TGC,C,-0.743,C,0.19205536994716987
TGT,C,0.743,T,0.1920553699471699
