codon,amino_acid,Pseudorhodoplanes,third_nucl,standard_error
ATA,I,0.665,A,0.12294317529692778
ATC,I,-0.606,C,0.05219144902330248
ATT,I,0.526,T,0.054561560406641625
ACA,T,0.529,A,0.06665310151763978
ACC,T,-0.164,C,0.04751182825933671
ACG,T,-0.419,G,0.04979728331718757
ACT,T,0.857,T,0.09220705269386333
AAC,N,0.04,C,0.06827727261967793
AAT,N,-0.04,T,0.06827727261967793
AAA,K,0.777,A,0.058654001794448345
AAG,K,-0.777,G,0.05865400179444834
AGC,S,-0.009,C,0.05481941214944484
AGT,S,0.299,T,0.09563658228185166
TCA,S,0.413,A,0.08112285537334685
TCC,S,0.327,C,0.058305390402487514
TCG,S,-0.755,G,0.05121601822757321
TCT,S,0.836,T,0.09915006772321897
AGA,R,1.264,A,0.12692545992847912
AGG,R,0.467,G,0.10590888340767068
CGA,R,0.681,A,0.07902755418186506
CGC,R,-0.478,C,0.04320069282540047
CGG,R,-0.304,G,0.05470132752531319
CGT,R,0.339,T,0.0574046825865093
CTA,L,0.247,A,0.12873576161861283
CTC,L,0.054,C,0.04095091723608913
CTG,L,-0.553,G,0.03813042707056098
CTT,L,0.393,T,0.051135905238126944
TTA,L,0.665,A,0.12858340810030403
TTG,L,0.36,G,0.05039391479567066
CCA,P,0.469,A,0.07586040197075523
CCC,P,0.469,C,0.0598560870284113
CCG,P,-0.79,G,0.05124115302649802
CCT,P,0.602,T,0.08200815761854507
CAC,H,0.213,C,0.08061938709340313
CAT,H,-0.213,T,0.08061938709340313
CAA,Q,0.571,A,0.06976800486700241
CAG,Q,-0.571,G,0.06976800486700241
GTA,V,0.482,A,0.10099980479036522
GTC,V,-0.253,C,0.043875395652252645
GTG,V,-0.248,G,0.044905776233168104
GTT,V,0.663,T,0.057292285143858514
GCA,A,0.431,A,0.04825504800071787
GCC,A,-0.084,C,0.035519980697658195
GCG,A,-0.39,G,0.03619081831409679
GCT,A,0.502,T,0.05331426267082099
GAC,D,0.049,C,0.05043569861875623
GAT,D,-0.049,T,0.05043569861875623
GAA,E,0.412,A,0.055331671145601974
GAG,E,-0.412,G,0.055331671145601974
GGA,G,0.622,A,0.06883660773423902
GGC,G,-0.445,C,0.04773913013350693
GGG,G,0.175,G,0.07281263405516307
GGT,G,0.133,T,0.06186714524702447
TTC,F,-0.445,C,0.06190362868319493
TTT,F,0.445,T,0.06190362868319493
TAC,Y,0.175,C,0.08362528231591254
TAT,Y,-0.175,T,0.08362528231591254
TGC,C,-0.325,C,0.15200265618757644
TGT,C,0.325,T,0.15200265618757647
