codon,amino_acid,Pseudopuniceibacterium,third_nucl,standard_error
ATA,I,1.268,A,0.1696161279706936
ATC,I,-0.803,C,0.06930450358027886
ATT,I,0.622,T,0.07345217929798505
ACA,T,1.097,A,0.08934676301995977
ACC,T,-0.312,C,0.052969039900056615
ACG,T,-0.492,G,0.05998147784560424
ACT,T,0.786,T,0.1070155761959782
AAC,N,-0.426,C,0.0936729777888864
AAT,N,0.426,T,0.09367297778888639
AAA,K,1.049,A,0.07560627812093405
AAG,K,-1.049,G,0.07560627812093405
AGC,S,0.084,C,0.06191048129328943
AGT,S,0.362,T,0.11462966266717178
TCA,S,0.941,A,0.12669291778081634
TCC,S,0.368,C,0.06591975113981173
TCG,S,-1.01,G,0.0663774129748981
TCT,S,0.392,T,0.10412877777266231
AGA,R,1.97,A,0.1706263692232764
AGG,R,0.728,G,0.13572240892211307
CGA,R,0.848,A,0.12600362189935477
CGC,R,-0.401,C,0.05266798900486516
CGG,R,-0.443,G,0.0698305343756385
CGT,R,0.154,T,0.07433522995405975
CTA,L,1.008,A,0.1751059482673695
CTC,L,0.315,C,0.052204142010858
CTG,L,-0.879,G,0.04293768463864168
CTT,L,0.767,T,0.06666370118557796
TTA,L,1.17,A,0.2776975608261935
TTG,L,0.726,G,0.0762444143201226
CCA,P,0.724,A,0.10986294047256583
CCC,P,0.201,C,0.05859956126110627
CCG,P,-0.654,G,0.06029866247365135
CCT,P,0.554,T,0.09830278308036414
CAC,H,-0.008,C,0.09643298928248384
CAT,H,0.008,T,0.09643298928248384
CAA,Q,0.863,A,0.09006795545924584
CAG,Q,-0.863,G,0.09006795545924584
GTA,V,1.131,A,0.1468620088228153
GTC,V,-0.286,C,0.05599502299668913
GTG,V,-0.279,G,0.05618217284420057
GTT,V,0.768,T,0.08004583957831626
GCA,A,0.84,A,0.062285241804848096
GCC,A,-0.056,C,0.04181984374758452
GCG,A,-0.594,G,0.04532652364676038
GCT,A,0.577,T,0.07407791737432966
GAC,D,0.041,C,0.057091748203796554
GAT,D,-0.041,T,0.05709174820379655
GAA,E,0.776,A,0.06575468231621581
GAG,E,-0.776,G,0.06575468231621581
GGA,G,1.343,A,0.0991756145876952
GGC,G,-0.411,C,0.055338688873045466
GGG,G,-0.276,G,0.0715143029672022
GGT,G,0.262,T,0.07574722294312826
TTC,F,-0.405,C,0.07406208165660359
TTT,F,0.405,T,0.0740620816566036
TAC,Y,0.062,C,0.10229478805296012
TAT,Y,-0.062,T,0.10229478805296012
TGC,C,-0.188,C,0.18528226170945641
TGT,C,0.188,T,0.18528226170945641
