codon,amino_acid,Pseudocnuella,third_nucl,standard_error
ATA,I,0.871,A,0.07292154750852502
ATC,I,-0.218,C,0.05398873682391388
ATT,I,-0.295,T,0.052406878742936536
ACA,T,0.598,A,0.0708457081224146
ACC,T,-0.317,C,0.05824779910127437
ACG,T,-0.28,G,0.07753713109286874
ACT,T,0.106,T,0.07895161925070161
AAC,N,-0.141,C,0.06486112532967214
AAT,N,0.141,T,0.06486112532967214
AAA,K,0.051,A,0.058616487876906674
AAG,K,-0.051,G,0.05861648787690667
AGC,S,-0.374,C,0.06501369175823606
AGT,S,0.226,T,0.09224046304096326
TCA,S,0.682,A,0.09591018536261377
TCC,S,0.539,C,0.07622447091069558
TCG,S,-0.742,G,0.07413753090949499
TCT,S,0.313,T,0.09680018369335296
AGA,R,1.835,A,0.126249361971534
AGG,R,0.49,G,0.11229351882579314
CGA,R,1.064,A,0.1294539553116536
CGC,R,-0.944,C,0.06835365541391449
CGG,R,-0.395,G,0.0826808677423803
CGT,R,-0.03,T,0.08870635313815392
CTA,L,0.324,A,0.09092766233311167
CTC,L,0.011,C,0.06637501190270349
CTG,L,-0.765,G,0.04302986032033142
CTT,L,0.592,T,0.06363740331249147
TTA,L,0.782,A,0.07050641649779733
TTG,L,0.097,G,0.04979503376351766
CCA,P,0.547,A,0.09078526988595143
CCC,P,-0.016,C,0.07436926214002383
CCG,P,-0.624,G,0.07686613272422942
CCT,P,0.357,T,0.08908620830317454
CAC,H,-0.382,C,0.09610037502965149
CAT,H,0.382,T,0.09610037502965148
CAA,Q,0.682,A,0.06543279779469299
CAG,Q,-0.682,G,0.06543279779469299
GTA,V,0.157,A,0.06224437412899609
GTC,V,0.822,C,0.1211682226117485
GTG,V,-0.801,G,0.05940996948480918
GTT,V,0.61,T,0.0665373406062512
GCA,A,0.398,A,0.052614451193055536
GCC,A,-0.338,C,0.051141467065318164
GCG,A,-0.343,G,0.06695105024310756
GCT,A,0.266,T,0.06363998516187527
GAC,D,-0.011,C,0.07230121504139098
GAT,D,0.011,T,0.07230121504139098
GAA,E,0.393,A,0.07542712251821765
GAG,E,-0.393,G,0.07542712251821766
GGA,G,1.02,A,0.0846886670560564
GGC,G,-0.623,C,0.0645808589272026
GGG,G,0.133,G,0.10754734780607925
GGT,G,0.018,T,0.07471024003945637
TTC,F,0.161,C,0.06887524105450826
TTT,F,-0.161,T,0.06887524105450826
TAC,Y,-0.139,C,0.07907976351494887
TAT,Y,0.139,T,0.07907976351494887
TGC,C,-0.506,C,0.14909648097190165
TGT,C,0.506,T,0.14909648097190165
