codon,amino_acid,Pseudovibrio,third_nucl,standard_error
ATA,I,0.993,A,0.09591138758575274
ATC,I,-0.712,C,0.049542606652717876
ATT,I,0.426,T,0.04987956812390659
ACA,T,0.524,A,0.055247052260729346
ACC,T,-0.522,C,0.05108548222616112
ACG,T,-0.23,G,0.062137451113669626
ACT,T,0.307,T,0.06184099561158012
AAC,N,-0.612,C,0.06459095470850017
AAT,N,0.612,T,0.06459095470850017
AAA,K,0.552,A,0.05172142019861248
AAG,K,-0.552,G,0.05172142019861248
AGC,S,-0.157,C,0.05419653010194
AGT,S,0.507,T,0.06930029382009145
TCA,S,0.447,A,0.06515091650918807
TCC,S,-0.59,C,0.05562528100415944
TCG,S,0.121,G,0.08405305834070358
TCT,S,0.023,T,0.055685883812122604
AGA,R,1.139,A,0.08776267294638442
AGG,R,0.65,G,0.12440098964840385
CGA,R,0.498,A,0.08905700242928426
CGC,R,-0.542,C,0.054292785486004504
CGG,R,-0.142,G,0.07714194692436392
CGT,R,-0.237,T,0.05947126741217688
CTA,L,0.577,A,0.08520715378499825
CTC,L,-0.024,C,0.04872336066589477
CTG,L,-0.87,G,0.040191556637082834
CTT,L,0.318,T,0.04456252572613179
TTA,L,1.112,A,0.08867209135045363
TTG,L,0.393,G,0.049974684771756255
CCA,P,0.016,A,0.06178247136920712
CCC,P,0.47,C,0.08415927045348559
CCG,P,-0.476,G,0.06242991818421642
CCT,P,0.232,T,0.06627775347723648
CAC,H,-0.219,C,0.08494280387707222
CAT,H,0.219,T,0.08494280387707222
CAA,Q,0.862,A,0.06608452745423436
CAG,Q,-0.862,G,0.06608452745423436
GTA,V,0.618,A,0.07052859518574077
GTC,V,-0.092,C,0.05629610665362685
GTG,V,-0.327,G,0.04925868716778401
GTT,V,0.087,T,0.04808266644273718
GCA,A,0.367,A,0.04354328008263479
GCC,A,-0.189,C,0.04778621642938597
GCG,A,-0.293,G,0.04962765053615094
GCT,A,0.023,T,0.04514306617482632
GAC,D,-0.079,C,0.05463742266713782
GAT,D,0.079,T,0.05463742266713782
GAA,E,0.409,A,0.050894744347281466
GAG,E,-0.409,G,0.050894744347281466
GGA,G,0.762,A,0.06747692224290125
GGC,G,-0.461,C,0.0513826972610595
GGG,G,0.179,G,0.07240277455214944
GGT,G,-0.058,T,0.05348771138228288
TTC,F,-0.822,C,0.06103688873808721
TTT,F,0.822,T,0.0610368887380872
TAC,Y,-0.404,C,0.0800807062061672
TAT,Y,0.404,T,0.0800807062061672
TGC,C,-0.129,C,0.1280097899933241
TGT,C,0.129,T,0.12800978999332413
