codon,amino_acid,Pseudosulfitobacter,third_nucl,standard_error
ATA,I,1.203,A,0.12771089531979388
ATC,I,-0.751,C,0.06043996068955161
ATT,I,0.499,T,0.06480863964110857
ACA,T,0.874,A,0.06721363652400054
ACC,T,-0.192,C,0.04786502360304055
ACG,T,-0.653,G,0.05598261601173418
ACT,T,0.725,T,0.10648706906788286
AAC,N,-0.681,C,0.08648143635170084
AAT,N,0.681,T,0.08648143635170084
AAA,K,0.913,A,0.06547949565673053
AAG,K,-0.913,G,0.06547949565673053
AGC,S,-0.086,C,0.05991058072213701
AGT,S,0.264,T,0.11768554901267216
TCA,S,0.858,A,0.10360251335589694
TCC,S,0.43,C,0.06589372035927867
TCG,S,-1.022,G,0.06355384220067624
TCT,S,0.824,T,0.1095726765466738
AGA,R,2.118,A,0.17121306947599232
AGG,R,0.455,G,0.1462169795159053
CGA,R,1.041,A,0.12292520769343361
CGC,R,-0.352,C,0.04982635066859679
CGG,R,-0.554,G,0.06428581926778801
CGT,R,0.256,T,0.06759482092598865
CTA,L,0.866,A,0.1574034335190318
CTC,L,0.62,C,0.06722673233141738
CTG,L,-0.916,G,0.04062290961981943
CTT,L,0.875,T,0.05925502728169239
TTA,L,1.564,A,0.22057668998872212
TTG,L,0.215,G,0.05395283563143767
CCA,P,0.721,A,0.09483253801800977
CCC,P,0.252,C,0.056453826097678336
CCG,P,-0.679,G,0.058104693907376666
CCT,P,0.305,T,0.08796506770967548
CAC,H,-0.167,C,0.08706585267331837
CAT,H,0.167,T,0.08706585267331837
CAA,Q,0.833,A,0.0740320566094193
CAG,Q,-0.833,G,0.0740320566094193
GTA,V,1.09,A,0.11718212706542827
GTC,V,-0.178,C,0.051796247172295425
GTG,V,-0.492,G,0.04998957868554171
GTT,V,0.753,T,0.06549251665961435
GCA,A,0.716,A,0.05073012004179519
GCC,A,0.035,C,0.038692441791334145
GCG,A,-0.781,G,0.04265763570480508
GCT,A,0.723,T,0.07151652873334398
GAC,D,-0.189,C,0.05337751072297345
GAT,D,0.189,T,0.05337751072297345
GAA,E,0.633,A,0.06240244846300231
GAG,E,-0.633,G,0.062402448463002316
GGA,G,1.1,A,0.08067909441314175
GGC,G,-0.343,C,0.05152738089293147
GGG,G,-0.254,G,0.0670944271381019
GGT,G,0.085,T,0.06747257572222125
TTC,F,-0.264,C,0.06476541296867469
TTT,F,0.264,T,0.06476541296867468
TAC,Y,-0.047,C,0.08988507697431901
TAT,Y,0.047,T,0.089885076974319
TGC,C,-0.299,C,0.1486334590967489
TGT,C,0.299,T,0.1486334590967489
