codon,amino_acid,Pseudopedobacter,third_nucl,standard_error
ATA,I,0.433,A,0.04946082052079842
ATC,I,-0.245,C,0.05902745652083226
ATT,I,-0.242,T,0.046703257655730315
ACA,T,0.492,A,0.06303844184940284
ACC,T,-0.445,C,0.07762293416649309
ACG,T,0.002,G,0.09213069656743904
ACT,T,-0.238,T,0.06950548082286184
AAC,N,0.146,C,0.06255586301523192
AAT,N,-0.146,T,0.0625558630152319
AAA,K,-0.008,A,0.052878184859363485
AAG,K,0.008,G,0.052878184859363485
AGC,S,0.031,C,0.07895382137892354
AGT,S,0.124,T,0.06876719733863727
TCA,S,0.698,A,0.07417205782922928
TCC,S,-0.352,C,0.09661870496744622
TCG,S,0.003,G,0.09224628416595441
TCT,S,-0.514,T,0.06529834140812323
AGA,R,0.575,A,0.07290701881335437
AGG,R,-0.167,G,0.10004333229386313
CGA,R,0.053,A,0.1354546021481171
CGC,R,-0.472,C,0.1598519054936105
CGG,R,-0.602,G,0.16744612191068473
CGT,R,-0.685,T,0.11580717494683496
CTA,L,0.467,A,0.07545137794969489
CTC,L,0.221,C,0.1131344246743538
CTG,L,-0.417,G,0.06832767397933091
CTT,L,-0.059,T,0.057716904189630616
TTA,L,0.258,A,0.044210680105560396
TTG,L,-0.409,G,0.05606133108781617
CCA,P,0.206,A,0.09221861219699985
CCC,P,0.367,C,0.1291187797185863
CCG,P,-0.154,G,0.11409635685639784
CCT,P,-0.285,T,0.09283981909817444
CAC,H,0.278,C,0.1264860264709734
CAT,H,-0.278,T,0.1264860264709734
CAA,Q,0.465,A,0.08415470306578898
CAG,Q,-0.465,G,0.08415470306578898
GTA,V,0.077,A,0.06143241431385412
GTC,V,0.199,C,0.10645115549284354
GTG,V,-0.183,G,0.08840356262231512
GTT,V,-0.054,T,0.06189508691190787
GCA,A,0.348,A,0.06166019387842076
GCC,A,-0.217,C,0.08274403982560248
GCG,A,-0.203,G,0.09366176713756418
GCT,A,-0.142,T,0.06359642956752352
GAC,D,0.074,C,0.07859557633279436
GAT,D,-0.074,T,0.07859557633279436
GAA,E,0.302,A,0.07063511698502442
GAG,E,-0.302,G,0.07063511698502442
GGA,G,0.252,A,0.0684286860381378
GGC,G,-0.123,C,0.09328043676951514
GGG,G,-0.112,G,0.10800278421097402
GGT,G,-0.16,T,0.07426166802311046
TTC,F,-0.05,C,0.06872495112563418
TTT,F,0.05,T,0.06872495112563418
TAC,Y,0.209,C,0.08126222729163173
TAT,Y,-0.209,T,0.08126222729163173
TGC,C,-0.092,C,0.15864312263588337
TGT,C,0.092,T,0.15864312263588337
