codon,amino_acid,Psychromonas,third_nucl,standard_error
ATA,I,0.495,A,0.05911155854407668
ATC,I,-0.234,C,0.06106062251732542
ATT,I,-0.211,T,0.050383944596646586
ACA,T,0.561,A,0.06626004533817921
ACC,T,-0.444,C,0.06881459964940564
ACG,T,-0.284,G,0.0883971395512875
ACT,T,-0.004,T,0.06479574524712543
AAC,N,0.058,C,0.06751581816955754
AAT,N,-0.058,T,0.06751581816955754
AAA,K,0.303,A,0.06624582341602547
AAG,K,-0.303,G,0.06624582341602547
AGC,S,-0.148,C,0.07247886860623964
AGT,S,-0.077,T,0.06309576501104296
TCA,S,0.313,A,0.06402952036086389
TCC,S,0.082,C,0.0969091044625839
TCG,S,-0.313,G,0.1002600833623684
TCT,S,-0.031,T,0.06794678054220833
AGA,R,0.633,A,0.09437485211093333
AGG,R,-0.071,G,0.16245844023445746
CGA,R,0.33,A,0.11533575777742301
CGC,R,-0.192,C,0.08959085508138023
CGG,R,-0.608,G,0.15613562808889742
CGT,R,-0.261,T,0.07784151282660379
CTA,L,0.249,A,0.07479755556320353
CTC,L,0.021,C,0.08931515646622426
CTG,L,-0.521,G,0.06315709908836573
CTT,L,-0.046,T,0.05836400134073169
TTA,L,0.124,A,0.04297162014256663
TTG,L,0.122,G,0.06153965139533302
CCA,P,0.448,A,0.0860313351717509
CCC,P,-0.046,C,0.0962750818218707
CCG,P,-0.528,G,0.10217590612630711
CCT,P,-0.017,T,0.08268116161996458
CAC,H,0.163,C,0.11045536791416513
CAT,H,-0.163,T,0.11045536791416513
CAA,Q,0.624,A,0.07269991866929344
CAG,Q,-0.624,G,0.07269991866929344
GTA,V,0.298,A,0.06747012285766454
GTC,V,-0.212,C,0.08137664844957898
GTG,V,-0.066,G,0.06880667977176033
GTT,V,-0.069,T,0.060077903975600914
GCA,A,0.459,A,0.05853126051073837
GCC,A,-0.36,C,0.07180791346921529
GCG,A,-0.351,G,0.07640566275032813
GCT,A,0.005,T,0.06290028698906021
GAC,D,0.125,C,0.07998995752273494
GAT,D,-0.125,T,0.07998995752273494
GAA,E,0.518,A,0.07575625435093701
GAG,E,-0.518,G,0.07575625435093701
GGA,G,0.383,A,0.08521736113876674
GGC,G,-0.057,C,0.07903315008912576
GGG,G,-0.014,G,0.10113761740190555
GGT,G,-0.195,T,0.06944939634495328
TTC,F,-0.151,C,0.08765058777169722
TTT,F,0.151,T,0.08765058777169724
TAC,Y,-0.011,C,0.09063943998393255
TAT,Y,0.011,T,0.09063943998393255
TGC,C,0.101,C,0.1445516262298449
TGT,C,-0.101,T,0.1445516262298449
