codon,amino_acid,Psychrobacter,third_nucl,standard_error
ATA,I,0.607,A,0.08623439333517181
ATC,I,-0.349,C,0.06648266086743441
ATT,I,-0.022,T,0.06274251255558307
ACA,T,0.338,A,0.09221990573944003
ACC,T,-0.094,C,0.06373208671921689
ACG,T,-0.492,G,0.07756631692158582
ACT,T,0.253,T,0.0640246626624795
AAC,N,-0.058,C,0.07594589616999509
AAT,N,0.058,T,0.07594589616999509
AAA,K,0.27,A,0.07265613888949345
AAG,K,-0.27,G,0.07265613888949345
AGC,S,-0.348,C,0.07157014877765489
AGT,S,-0.162,T,0.07181031607680957
TCA,S,0.065,A,0.0803955658266611
TCC,S,0.437,C,0.11171601030742523
TCG,S,-0.304,G,0.10267399359750931
TCT,S,0.41,T,0.07238926116591234
AGA,R,0.883,A,0.1285974910362864
AGG,R,0.172,G,0.23498031478856538
CGA,R,0.529,A,0.14174272993202783
CGC,R,-0.33,C,0.08577438518383507
CGG,R,-0.484,G,0.16722647863491505
CGT,R,-0.145,T,0.08300361256428528
CTA,L,-0.049,A,0.06735050502244623
CTC,L,0.209,C,0.09359223336198991
CTG,L,-0.527,G,0.07962583232032248
CTT,L,0.437,T,0.08283213498587717
TTA,L,0.259,A,0.053984651538062076
TTG,L,-0.356,G,0.06656423734480378
CCA,P,0.113,A,0.08426377180204242
CCC,P,0.4,C,0.09796430214014348
CCG,P,-0.598,G,0.09688803978618979
CCT,P,0.033,T,0.07617099467001541
CAC,H,0.298,C,0.11368790081689006
CAT,H,-0.298,T,0.11368790081689006
CAA,Q,0.371,A,0.07846829688372281
CAG,Q,-0.371,G,0.07846829688372281
GTA,V,0.255,A,0.07836046433744176
GTC,V,-0.228,C,0.07772927098474637
GTG,V,-0.35,G,0.07919200050663817
GTT,V,0.353,T,0.08049057897720235
GCA,A,0.425,A,0.06998664702297575
GCC,A,0.144,C,0.06205671527618495
GCG,A,-0.726,G,0.07492182443962103
GCT,A,0.056,T,0.05966039201247313
GAC,D,0.173,C,0.07511715425229087
GAT,D,-0.173,T,0.07511715425229087
GAA,E,0.607,A,0.08307835486921493
GAG,E,-0.607,G,0.08307835486921493
GGA,G,0.846,A,0.12750765638563463
GGC,G,-0.177,C,0.0849001881234824
GGG,G,-0.16,G,0.12548234330448937
GGT,G,-0.097,T,0.08532551657486466
TTC,F,-0.409,C,0.09984699216480046
TTT,F,0.409,T,0.09984699216480046
TAC,Y,0.17,C,0.11091919656978495
TAT,Y,-0.17,T,0.11091919656978495
TGC,C,0.172,C,0.19915398909596987
TGT,C,-0.172,T,0.19915398909596987
