codon,amino_acid,Psychroflexus,third_nucl,standard_error
ATA,I,0.447,A,0.05041938598732796
ATC,I,-0.224,C,0.0612069229685069
ATT,I,-0.264,T,0.046903539631974335
ACA,T,0.543,A,0.06523739729969918
ACC,T,-0.278,C,0.07689701493033704
ACG,T,-0.318,G,0.10393675030482126
ACT,T,-0.234,T,0.0666477510357189
AAC,N,0.051,C,0.06686249847675688
AAT,N,-0.051,T,0.06686249847675688
AAA,K,0.252,A,0.056298235128364425
AAG,K,-0.252,G,0.056298235128364425
AGC,S,0.147,C,0.08650218259901823
AGT,S,0.112,T,0.06378246095085663
TCA,S,0.46,A,0.06769443982795136
TCC,S,-0.038,C,0.09964132974500926
TCG,S,-0.356,G,0.12655533772708
TCT,S,-0.488,T,0.063898153225053
AGA,R,0.244,A,0.07784421366851034
AGG,R,0.01,G,0.12150037764080003
CGA,R,0.13,A,0.11440837392261785
CGC,R,-0.393,C,0.15210163132234633
CGG,R,-0.544,G,0.20702319312908324
CGT,R,-0.286,T,0.12168662785089665
CTA,L,0.367,A,0.06548141534982302
CTC,L,-0.146,C,0.08639406078696868
CTG,L,-0.329,G,0.11028401027310482
CTT,L,-0.2,T,0.05412887397024266
TTA,L,0.27,A,0.04492072932983187
TTG,L,-0.376,G,0.058662502518587845
CCA,P,0.183,A,0.09083090669884607
CCC,P,0.056,C,0.12677693567213355
CCG,P,-0.088,G,0.17628890406406256
CCT,P,-0.187,T,0.09081886494942273
CAC,H,0.204,C,0.11539292159118535
CAT,H,-0.204,T,0.11539292159118535
CAA,Q,0.189,A,0.09942381807409956
CAG,Q,-0.189,G,0.09942381807409956
GTA,V,0.2,A,0.06666951463499855
GTC,V,-0.114,C,0.09653333531436445
GTG,V,-0.338,G,0.08480514670051002
GTT,V,0.066,T,0.06463193535620194
GCA,A,0.587,A,0.07182746072755125
GCC,A,-0.086,C,0.09272390761920841
GCG,A,-0.004,G,0.11819176812124076
GCT,A,-0.52,T,0.07201927028542252
GAC,D,0.182,C,0.07508248995400957
GAT,D,-0.182,T,0.07508248995400957
GAA,E,0.37,A,0.07630882071018544
GAG,E,-0.37,G,0.07630882071018544
GGA,G,0.345,A,0.07306916229474207
GGC,G,-0.013,C,0.10151687049377993
GGG,G,-0.446,G,0.12141563312519141
GGT,G,-0.19,T,0.07985617574401399
TTC,F,0.139,C,0.0756707761827123
TTT,F,-0.139,T,0.0756707761827123
TAC,Y,0.315,C,0.08089836129333196
TAT,Y,-0.315,T,0.08089836129333196
TGC,C,0.106,C,0.17798821992267028
TGT,C,-0.106,T,0.17798821992267028
