codon,amino_acid,Psychromicrobium,third_nucl,standard_error
ATA,I,0.684,A,0.15964015610651147
ATC,I,-0.374,C,0.06850041746625116
ATT,I,0.244,T,0.06906081177054645
ACA,T,1.116,A,0.1093560979833437
ACC,T,-0.768,C,0.061308751044950836
ACG,T,-0.041,G,0.0821346778418416
ACT,T,0.557,T,0.07700214918587074
AAC,N,-0.162,C,0.0858921953678915
AAT,N,0.162,T,0.08589219536789149
AAA,K,0.546,A,0.08177581821787731
AAG,K,-0.546,G,0.08177581821787731
AGC,S,-0.043,C,0.05935911696961154
AGT,S,0.415,T,0.08257639750018729
TCA,S,0.303,A,0.0837206305174881
TCC,S,-0.269,C,0.07088337487041728
TCG,S,-0.508,G,0.07009440113902335
TCT,S,0.501,T,0.09452891093800433
AGA,R,1.101,A,0.12793725091720323
AGG,R,0.05,G,0.11991282075015826
CGA,R,0.226,A,0.08175297994310654
CGC,R,-0.124,C,0.06491780289925775
CGG,R,-0.395,G,0.0727261654066024
CGT,R,-0.065,T,0.07893286955893852
CTA,L,0.143,A,0.08853731718976306
CTC,L,0.045,C,0.05602142498487324
CTG,L,-0.514,G,0.05085700068811948
CTT,L,0.467,T,0.07176546632112508
TTA,L,0.315,A,0.09717708747276663
TTG,L,0.173,G,0.06119401137153869
CCA,P,0.27,A,0.08391934600590732
CCC,P,0.24,C,0.07282987938516909
CCG,P,-0.594,G,0.06508890438987658
CCT,P,0.49,T,0.0937079818006756
CAC,H,-0.122,C,0.11095147038369638
CAT,H,0.122,T,0.11095147038369638
CAA,Q,0.362,A,0.07683948955695163
CAG,Q,-0.362,G,0.07683948955695162
GTA,V,0.221,A,0.08995743308538108
GTC,V,-0.358,C,0.06064405521235682
GTG,V,0.129,G,0.053297825430067225
GTT,V,0.119,T,0.06849401782574809
GCA,A,0.588,A,0.06208977974106434
GCC,A,-0.299,C,0.04783806355423694
GCG,A,-0.242,G,0.053202683490482405
GCT,A,0.198,T,0.05571862958731517
GAC,D,-0.119,C,0.0696824333392571
GAT,D,0.119,T,0.0696824333392571
GAA,E,0.585,A,0.06285034350044012
GAG,E,-0.585,G,0.06285034350044012
GGA,G,0.783,A,0.08197042712921625
GGC,G,-0.384,C,0.06067933413352102
GGG,G,0.111,G,0.08433452498117758
GGT,G,-0.119,T,0.06989087099825858
TTC,F,-0.823,C,0.09102373997440387
TTT,F,0.823,T,0.09102373997440387
TAC,Y,-0.115,C,0.12057491993385276
TAT,Y,0.115,T,0.12057491993385275
TGC,C,-0.647,C,0.24614718742713895
TGT,C,0.647,T,0.24614718742713895
