codon,amino_acid,Pukyongiella,third_nucl,standard_error
ATA,I,0.919,A,0.14519495914806738
ATC,I,-0.901,C,0.08095499026027679
ATT,I,0.79,T,0.0926345137948209
ACA,T,1.168,A,0.11027697251486239
ACC,T,-0.294,C,0.05544848222947031
ACG,T,-0.254,G,0.06065700358285455
ACT,T,0.967,T,0.17144221648105712
AAC,N,-0.089,C,0.09527042849149617
AAT,N,0.089,T,0.09527042849149618
AAA,K,0.912,A,0.08171762663512153
AAG,K,-0.912,G,0.08171762663512153
AGC,S,0.136,C,0.06584870216733281
AGT,S,0.449,T,0.1462823224242158
TCA,S,0.813,A,0.14848821754209096
TCC,S,0.334,C,0.0717289845015894
TCG,S,-0.881,G,0.06559076348809421
TCT,S,1.064,T,0.16007585751591263
AGA,R,1.693,A,0.1545018888281715
AGG,R,0.779,G,0.11066400928743828
CGA,R,1.176,A,0.12058634920083493
CGC,R,-0.241,C,0.04967178710503777
CGG,R,-0.704,G,0.05550213293914469
CGT,R,0.514,T,0.08902453659656538
CTA,L,1.118,A,0.18812105638249196
CTC,L,0.205,C,0.053480160212300086
CTG,L,-0.801,G,0.04438147812870217
CTT,L,1.147,T,0.0862451913027027
TTA,L,1.375,A,0.4231057430459811
TTG,L,0.673,G,0.078485140618525
CCA,P,0.913,A,0.13163879257646469
CCC,P,0.243,C,0.06077186162404368
CCG,P,-0.637,G,0.05911738521078698
CCT,P,0.935,T,0.13196444095863455
CAC,H,0.062,C,0.09550026199144954
CAT,H,-0.062,T,0.09550026199144954
CAA,Q,0.911,A,0.10410186643603676
CAG,Q,-0.911,G,0.10410186643603678
GTA,V,1.015,A,0.1478721941148127
GTC,V,-0.068,C,0.054481408480974734
GTG,V,-0.579,G,0.053893255313630525
GTT,V,1.17,T,0.08603527586291745
GCA,A,1.039,A,0.06877251229055188
GCC,A,-0.036,C,0.040360800083413195
GCG,A,-0.567,G,0.04160450115140046
GCT,A,1.083,T,0.10123469462038945
GAC,D,-0.256,C,0.056923018545963565
GAT,D,0.256,T,0.056923018545963565
GAA,E,0.493,A,0.06391264857238273
GAG,E,-0.493,G,0.06391264857238273
GGA,G,0.973,A,0.08499594488038582
GGC,G,-0.352,C,0.05237618978782656
GGG,G,-0.245,G,0.06193669121088726
GGT,G,0.409,T,0.08357908985996482
TTC,F,-0.41,C,0.0796593482703705
TTT,F,0.41,T,0.0796593482703705
TAC,Y,0.144,C,0.10073549390023946
TAT,Y,-0.144,T,0.10073549390023946
TGC,C,-0.716,C,0.19242248735244663
TGT,C,0.716,T,0.19242248735244663
