codon,amino_acid,Pulveribacter,third_nucl,standard_error
ATA,I,1.54,A,0.31819427934158084
ATC,I,-0.615,C,0.10705693384549102
ATT,I,0.423,T,0.11309624369718356
ACA,T,1.105,A,0.17145405705986205
ACC,T,0.36,C,0.06625210094823392
ACG,T,-0.973,G,0.07273250961131668
ACT,T,1.135,T,0.1656711384584645
AAC,N,-0.726,C,0.1417963639629793
AAT,N,0.726,T,0.14179636396297932
AAA,K,1.746,A,0.12283167886062019
AAG,K,-1.746,G,0.12283167886062019
AGC,S,-0.68,C,0.06898067031583452
AGT,S,0.539,T,0.20265477756561892
TCA,S,0.83,A,0.2085047775921602
TCC,S,0.936,C,0.07766150361771253
TCG,S,-0.949,G,0.08284701161618739
TCT,S,1.752,T,0.20594145185785298
AGA,R,1.718,A,0.3502314290267726
AGG,R,0.901,G,0.21174893728347202
CGA,R,1.886,A,0.23993766480683945
CGC,R,-0.655,C,0.07001035310358918
CGG,R,-0.256,G,0.09519064443997621
CGT,R,1.024,T,0.1259473722632524
CTA,L,1.149,A,0.25773145411514026
CTC,L,0.987,C,0.0701215526931354
CTG,L,-1.405,G,0.05620584110145308
CTT,L,1.805,T,0.13674096576694153
TTA,L,0.423,A,0.3570319076223534
TTG,L,0.972,G,0.10053897726685063
CCA,P,1.021,A,0.17372079924944733
CCC,P,0.433,C,0.06245900290596172
CCG,P,-1.107,G,0.06704284366894973
CCT,P,1.151,T,0.12112158253257141
CAC,H,-0.296,C,0.1277535957823692
CAT,H,0.296,T,0.1277535957823692
CAA,Q,1.692,A,0.10282827218691003
CAG,Q,-1.692,G,0.10282827218691003
GTA,V,1.224,A,0.18582818939137646
GTC,V,0.799,C,0.06933157140295501
GTG,V,-1.256,G,0.06705200064236994
GTT,V,1.575,T,0.1479419524432822
GCA,A,0.894,A,0.0807358440123469
GCC,A,-0.008,C,0.04368575782843309
GCG,A,-0.699,G,0.0507524753414112
GCT,A,1.005,T,0.08915777535926173
GAC,D,-0.611,C,0.09906540066549588
GAT,D,0.611,T,0.09906540066549588
GAA,E,1.464,A,0.08361294353506425
GAG,E,-1.464,G,0.08361294353506425
GGA,G,1.565,A,0.1803581415692303
GGC,G,-0.461,C,0.08304940107920632
GGG,G,-0.251,G,0.11780661274873275
GGT,G,0.667,T,0.1381320157751243
TTC,F,-0.213,C,0.0933100624551798
TTT,F,0.213,T,0.09331006245517978
TAC,Y,-0.148,C,0.15320700491818887
TAT,Y,0.148,T,0.15320700491818887
TGC,C,-0.65,C,0.3143888011228259
TGT,C,0.65,T,0.31438880112282586
