codon,amino_acid,Pusillimonas,third_nucl,standard_error
ATA,I,0.418,A,0.08931207549318192
ATC,I,-0.494,C,0.06440517940261604
ATT,I,0.331,T,0.07093152276238207
ACA,T,0.838,A,0.09339980756788661
ACC,T,-0.373,C,0.06244075448344144
ACG,T,-0.54,G,0.07047492967736423
ACT,T,0.802,T,0.09776829727507119
AAC,N,-0.196,C,0.08731200767886284
AAT,N,0.196,T,0.08731200767886284
AAA,K,1.061,A,0.07799202765796008
AAG,K,-1.061,G,0.07799202765796008
AGC,S,-0.232,C,0.06530032600197869
AGT,S,0.304,T,0.1064166638586891
TCA,S,0.638,A,0.10914226944746472
TCC,S,0.124,C,0.07211039924066653
TCG,S,-0.713,G,0.07329330412476721
TCT,S,0.804,T,0.10875765810130288
AGA,R,1.409,A,0.1612302157135201
AGG,R,0.313,G,0.14129178693022607
CGA,R,0.649,A,0.09927968465095334
CGC,R,-0.548,C,0.05966840973955647
CGG,R,-0.492,G,0.08651409076587953
CGT,R,0.406,T,0.07495712277426685
CTA,L,0.875,A,0.09892495182831132
CTC,L,0.349,C,0.07348308899269594
CTG,L,-0.839,G,0.047232877889818795
CTT,L,0.597,T,0.06866660255615441
TTA,L,0.921,A,0.1161287535430048
TTG,L,0.05,G,0.05625224091651979
CCA,P,0.347,A,0.09652233528614869
CCC,P,0.012,C,0.06856118849245046
CCG,P,-0.512,G,0.07177098669808053
CCT,P,0.462,T,0.08905647550474396
CAC,H,0.11,C,0.1008294147782114
CAT,H,-0.11,T,0.1008294147782114
CAA,Q,0.596,A,0.07668063311367505
CAG,Q,-0.596,G,0.07668063311367505
GTA,V,0.396,A,0.08010809095013886
GTC,V,-0.242,C,0.06206430096400325
GTG,V,-0.397,G,0.06032286312053442
GTT,V,0.655,T,0.07709646387673424
GCA,A,0.608,A,0.06228410607677614
GCC,A,-0.36,C,0.04853629842491094
GCG,A,-0.324,G,0.05617928126567949
GCT,A,0.473,T,0.06831300131876336
GAC,D,-0.196,C,0.0702451067382421
GAT,D,0.196,T,0.0702451067382421
GAA,E,0.845,A,0.07589790767734425
GAG,E,-0.845,G,0.07589790767734425
GGA,G,0.672,A,0.09414157454724535
GGC,G,-0.454,C,0.06543041396347578
GGG,G,0.1,G,0.09507397977941387
GGT,G,0.159,T,0.08347933304221493
TTC,F,-0.403,C,0.08111633544641475
TTT,F,0.403,T,0.08111633544641475
TAC,Y,-0.097,C,0.10273771909481376
TAT,Y,0.097,T,0.10273771909481377
TGC,C,-0.489,C,0.1923058979545399
TGT,C,0.489,T,0.1923058979545399
