codon,amino_acid,Pusillibacter,third_nucl,standard_error
ATA,I,0.525,A,0.11363297515294651
ATC,I,-0.482,C,0.06085355895876964
ATT,I,0.325,T,0.060857045851293874
ACA,T,0.716,A,0.07678820817781067
ACC,T,-0.352,C,0.06465645223755212
ACG,T,-0.366,G,0.07645157751638432
ACT,T,0.188,T,0.09323054315082394
AAC,N,-0.394,C,0.08063292612084964
AAT,N,0.394,T,0.08063292612084964
AAA,K,0.9,A,0.06411535385719329
AAG,K,-0.9,G,0.06411535385719329
AGC,S,0.007,C,0.07039266269580972
AGT,S,0.479,T,0.09866395546631786
TCA,S,0.673,A,0.1252998665776548
TCC,S,-0.573,C,0.07076836927790502
TCG,S,-0.178,G,0.1266844338349884
TCT,S,0.25,T,0.08791371209770285
AGA,R,1.614,A,0.10884303772205359
AGG,R,0.3,G,0.10967210961499212
CGA,R,0.654,A,0.10710999868069929
CGC,R,-0.379,C,0.07193641097246345
CGG,R,-0.801,G,0.06576249581355319
CGT,R,-0.009,T,0.09520717644396087
CTA,L,0.289,A,0.13138452971397016
CTC,L,-0.181,C,0.06879300745397672
CTG,L,-0.566,G,0.04726713177583197
CTT,L,0.034,T,0.07144279627601585
TTA,L,0.825,A,0.0997631872037896
TTG,L,0.683,G,0.06258807975180568
CCA,P,0.548,A,0.10926956279459918
CCC,P,-0.186,C,0.08187671531856344
CCG,P,-0.197,G,0.08506252651055513
CCT,P,0.103,T,0.10302951786395277
CAC,H,-0.504,C,0.10943185429898149
CAT,H,0.504,T,0.10943185429898147
CAA,Q,0.741,A,0.08963682803292666
CAG,Q,-0.741,G,0.08963682803292666
GTA,V,0.423,A,0.08456515570004125
GTC,V,-0.141,C,0.06988702957460999
GTG,V,-0.366,G,0.0591798292645246
GTT,V,0.423,T,0.07527264263120827
GCA,A,0.791,A,0.0668736018054252
GCC,A,-0.475,C,0.057035000802188554
GCG,A,-0.185,G,0.06221170582035056
GCT,A,0.114,T,0.07572332769090992
GAC,D,-0.422,C,0.07075194661368994
GAT,D,0.422,T,0.07075194661368994
GAA,E,0.934,A,0.0594341752871463
GAG,E,-0.934,G,0.059434175287146306
GGA,G,0.444,A,0.07439217797705036
GGC,G,-0.285,C,0.06332217412441123
GGG,G,-0.168,G,0.08305177584426884
GGT,G,0.135,T,0.0870848275340517
TTC,F,-0.629,C,0.0806120434583051
TTT,F,0.629,T,0.0806120434583051
TAC,Y,-0.235,C,0.08422480190940557
TAT,Y,0.235,T,0.08422480190940557
TGC,C,-0.534,C,0.128347093584362
TGT,C,0.534,T,0.128347093584362
