codon,amino_acid,Qingshengfaniella,third_nucl,standard_error
ATA,I,0.41,A,0.1035152007746589
ATC,I,-0.508,C,0.06360978552891548
ATT,I,0.43,T,0.07046345739387253
ACA,T,0.556,A,0.07558714331886743
ACC,T,-0.037,C,0.0583208385345859
ACG,T,-0.592,G,0.061295196977673244
ACT,T,0.63,T,0.10285015274783949
AAC,N,0.031,C,0.08781892453872756
AAT,N,-0.031,T,0.08781892453872756
AAA,K,0.76,A,0.07472101549552783
AAG,K,-0.76,G,0.07472101549552783
AGC,S,0.1,C,0.0677493466779312
AGT,S,0.365,T,0.11046596746436972
TCA,S,0.33,A,0.09755399573198857
TCC,S,-0.081,C,0.07023396096230272
TCG,S,-0.505,G,0.07078211691461118
TCT,S,0.34,T,0.10849707552154988
AGA,R,1.589,A,0.13847777331764732
AGG,R,0.472,G,0.12758688432750195
CGA,R,0.395,A,0.09457450491558081
CGC,R,-0.224,C,0.05619155403564626
CGG,R,-0.395,G,0.07058500886456635
CGT,R,-0.186,T,0.07037889773802036
CTA,L,0.588,A,0.1052570749213203
CTC,L,0.294,C,0.062146220554098984
CTG,L,-0.544,G,0.04525964567818539
CTT,L,0.379,T,0.058197932591986315
TTA,L,0.654,A,0.16715826018387492
TTG,L,-0.01,G,0.05863985926920116
CCA,P,0.625,A,0.09435336285374507
CCC,P,0.143,C,0.06905744510270838
CCG,P,-0.585,G,0.06559000743811078
CCT,P,0.312,T,0.09488221922594799
CAC,H,-0.012,C,0.10238369209192563
CAT,H,0.012,T,0.10238369209192563
CAA,Q,0.415,A,0.08656517804476016
CAG,Q,-0.415,G,0.08656517804476016
GTA,V,0.494,A,0.09766045759955175
GTC,V,-0.293,C,0.058016606268887085
GTG,V,-0.146,G,0.05912395937076972
GTT,V,0.36,T,0.06818230584104927
GCA,A,0.397,A,0.055984392280905355
GCC,A,0.1,C,0.047730481607228835
GCG,A,-0.585,G,0.04862247083769529
GCT,A,0.4,T,0.06884121280246032
GAC,D,0.076,C,0.059366315332241855
GAT,D,-0.076,T,0.059366315332241855
GAA,E,0.405,A,0.06679778140451693
GAG,E,-0.405,G,0.06679778140451693
GGA,G,0.605,A,0.07905851523126786
GGC,G,-0.172,C,0.05824857830679191
GGG,G,-0.164,G,0.0739500476803916
GGT,G,-0.067,T,0.0712506019075986
TTC,F,-0.342,C,0.07851999378087432
TTT,F,0.342,T,0.07851999378087432
TAC,Y,-0.128,C,0.10300999079435877
TAT,Y,0.128,T,0.10300999079435878
TGC,C,-0.158,C,0.1759182827996948
TGT,C,0.158,T,0.1759182827996948
