codon,amino_acid,Qipengyuania,third_nucl,standard_error
ATA,I,0.441,A,0.14291463423435413
ATC,I,-0.702,C,0.08287384163883212
ATT,I,0.711,T,0.0944316996822585
ACA,T,0.768,A,0.12074063412753522
ACC,T,0.085,C,0.06290619969999128
ACG,T,-0.647,G,0.06884224079202837
ACT,T,0.733,T,0.12287427347235486
AAC,N,0.199,C,0.09888457916466802
AAT,N,-0.199,T,0.09888457916466802
AAA,K,1.074,A,0.10012330720646456
AAG,K,-1.074,G,0.10012330720646456
AGC,S,-0.239,C,0.06738430458249274
AGT,S,0.416,T,0.13897927749714906
TCA,S,0.59,A,0.16400025117713907
TCC,S,0.621,C,0.09056801710656671
TCG,S,-0.506,G,0.07006685286907115
TCT,S,0.827,T,0.1804139020889353
AGA,R,1.771,A,0.2513656252342419
AGG,R,0.673,G,0.14396077198447568
CGA,R,0.631,A,0.11718075306877938
CGC,R,-0.357,C,0.057778804892550606
CGG,R,-0.405,G,0.07503659479325778
CGT,R,0.39,T,0.08502374421143306
CTA,L,0.521,A,0.1588850521838258
CTC,L,-0.042,C,0.051821383485061046
CTG,L,-0.455,G,0.04997824022876545
CTT,L,0.551,T,0.077505942375075
TTA,L,0.844,A,0.2895057527943735
TTG,L,0.44,G,0.07977965010775982
CCA,P,0.172,A,0.13172911428157524
CCC,P,0.263,C,0.06912067229394293
CCG,P,-0.524,G,0.06929421847347446
CCT,P,0.672,T,0.12689865784385468
CAC,H,0.036,C,0.10830574422679955
CAT,H,-0.036,T,0.10830574422679955
CAA,Q,0.888,A,0.10808568354488494
CAG,Q,-0.888,G,0.10808568354488494
GTA,V,0.752,A,0.12383544734047011
GTC,V,-0.487,C,0.062799763311324
GTG,V,0.041,G,0.06397968997189209
GTT,V,0.62,T,0.098273215205741
GCA,A,0.426,A,0.06262132697927209
GCC,A,0.272,C,0.045844552299797454
GCG,A,-0.716,G,0.047354373200303765
GCT,A,0.509,T,0.07601996274364764
GAC,D,-0.015,C,0.06566165339674095
GAT,D,0.015,T,0.06566165339674095
GAA,E,0.528,A,0.07036837572337436
GAG,E,-0.528,G,0.07036837572337436
GGA,G,0.657,A,0.09360926060890401
GGC,G,-0.373,C,0.06217992419355515
GGG,G,-0.167,G,0.08220362249056967
GGT,G,0.34,T,0.08224495580084773
TTC,F,-0.639,C,0.10969517719761404
TTT,F,0.639,T,0.10969517719761404
TAC,Y,0.014,C,0.11875122645548081
TAT,Y,-0.014,T,0.11875122645548081
TGC,C,-0.383,C,0.2517088426255127
TGT,C,0.383,T,0.25170884262551263
