codon,amino_acid,Quatrionicoccus,third_nucl,standard_error
ATA,I,0.813,A,0.1514354495432767
ATC,I,-0.494,C,0.06403653886036056
ATT,I,0.366,T,0.06694993860621337
ACA,T,0.932,A,0.11927120287726936
ACC,T,-0.101,C,0.061411663959172434
ACG,T,-0.666,G,0.0714128547494527
ACT,T,0.834,T,0.10482624830970552
AAC,N,-0.144,C,0.07769622082945726
AAT,N,0.144,T,0.07769622082945726
AAA,K,1.537,A,0.0729358864110175
AAG,K,-1.537,G,0.0729358864110175
AGC,S,-0.113,C,0.05929849038351034
AGT,S,0.423,T,0.10255836783185245
TCA,S,0.644,A,0.12511530688641265
TCC,S,0.431,C,0.06769980148187844
TCG,S,-1.046,G,0.07051699753464245
TCT,S,0.936,T,0.12594950493418214
AGA,R,1.554,A,0.20155788878631528
AGG,R,0.63,G,0.1539189863304938
CGA,R,0.54,A,0.1310554808751712
CGC,R,-0.351,C,0.0559693783098243
CGG,R,-0.499,G,0.08501785776223354
CGT,R,0.347,T,0.07044864220205294
CTA,L,0.712,A,0.13927805332778215
CTC,L,0.195,C,0.047111371877003164
CTG,L,-0.647,G,0.041363807587927195
CTT,L,0.712,T,0.07063218379842415
TTA,L,0.579,A,0.1744199758785111
TTG,L,0.301,G,0.06147229803131921
CCA,P,0.867,A,0.11657444529891853
CCC,P,0.703,C,0.0690333506660157
CCG,P,-1.181,G,0.06402952810151809
CCT,P,0.873,T,0.10842837027613013
CAC,H,-0.09,C,0.09516175427524663
CAT,H,0.09,T,0.09516175427524663
CAA,Q,1.34,A,0.07995896101794583
CAG,Q,-1.34,G,0.07995896101794583
GTA,V,0.658,A,0.1124796881012152
GTC,V,-0.385,C,0.05589738144550337
GTG,V,-0.248,G,0.061355244757385255
GTT,V,0.663,T,0.07009961095962895
GCA,A,0.731,A,0.06692098520886607
GCC,A,-0.093,C,0.04362124966555037
GCG,A,-0.733,G,0.05557342924220186
GCT,A,0.651,T,0.06930401465271173
GAC,D,-0.141,C,0.06536210623472165
GAT,D,0.141,T,0.06536210623472165
GAA,E,0.684,A,0.06987594499860475
GAG,E,-0.684,G,0.06987594499860475
GGA,G,1.053,A,0.11267450246506894
GGC,G,-0.457,C,0.062175050622762656
GGG,G,-0.011,G,0.10048059646903187
GGT,G,0.211,T,0.07483546588336515
TTC,F,-0.647,C,0.07502764951001428
TTT,F,0.647,T,0.07502764951001428
TAC,Y,-0.236,C,0.1047041947988235
TAT,Y,0.236,T,0.1047041947988235
TGC,C,-0.467,C,0.1613335620012362
TGT,C,0.467,T,0.1613335620012362
