codon,amino_acid,Rahnella,third_nucl,standard_error
ATA,I,0.923,A,0.095627275471871
ATC,I,-0.532,C,0.05072412267034644
ATT,I,0.237,T,0.05056921138215282
ACA,T,0.969,A,0.07387439820357931
ACC,T,-0.676,C,0.05245025757275744
ACG,T,-0.424,G,0.05882149007896366
ACT,T,0.894,T,0.07650480204676119
AAC,N,-0.336,C,0.062459397273076346
AAT,N,0.336,T,0.062459397273076346
AAA,K,-0.101,A,0.06329106793450286
AAG,K,0.101,G,0.06329106793450286
AGC,S,-0.546,C,0.055521561740442114
AGT,S,0.271,T,0.06799519482731088
TCA,S,0.601,A,0.06952984371183193
TCC,S,-0.108,C,0.06370004181685328
TCG,S,-0.519,G,0.07219032203170134
TCT,S,0.534,T,0.06981841770901176
AGA,R,1.284,A,0.11289767386429539
AGG,R,0.667,G,0.15000591795412235
CGA,R,0.836,A,0.11814191913534142
CGC,R,-0.413,C,0.05592354588024427
CGG,R,-0.205,G,0.08271175235215047
CGT,R,-0.174,T,0.056479522364822746
CTA,L,1.328,A,0.16005946972425836
CTC,L,0.177,C,0.05935725694304988
CTG,L,-1.156,G,0.03894151049709506
CTT,L,0.86,T,0.06422495694940321
TTA,L,1.107,A,0.057115430192027035
TTG,L,0.224,G,0.056508155982566026
CCA,P,0.616,A,0.08552080084512916
CCC,P,0.666,C,0.08409610251475805
CCG,P,-1.142,G,0.06197812406640749
CCT,P,0.722,T,0.07542406929338825
CAC,H,-0.039,C,0.08450037742756299
CAT,H,0.039,T,0.084500377427563
CAA,Q,1.15,A,0.06512646378625375
CAG,Q,-1.15,G,0.06512646378625375
GTA,V,0.953,A,0.07569597728912408
GTC,V,-0.205,C,0.05813151269345511
GTG,V,-0.818,G,0.05068565107063629
GTT,V,0.743,T,0.05986173562125559
GCA,A,0.738,A,0.05303912287379826
GCC,A,-0.325,C,0.04689938019399766
GCG,A,-0.754,G,0.049135930029451665
GCT,A,0.764,T,0.06017403603965458
GAC,D,-0.001,C,0.05934018187204335
GAT,D,0.001,T,0.059340181872043346
GAA,E,0.221,A,0.067173142890378
GAG,E,-0.221,G,0.067173142890378
GGA,G,0.946,A,0.08106120487483404
GGC,G,-0.44,C,0.058076269957033855
GGG,G,-0.132,G,0.08239843221038805
GGT,G,0.049,T,0.06198655566311769
TTC,F,-0.773,C,0.06414829586315854
TTT,F,0.773,T,0.06414829586315854
TAC,Y,-0.172,C,0.08217576357386808
TAT,Y,0.172,T,0.08217576357386808
TGC,C,-0.102,C,0.12783217207943964
TGT,C,0.102,T,0.12783217207943964
