codon,amino_acid,Raineyella,third_nucl,standard_error
ATA,I,1.027,A,0.39054968537130774
ATC,I,-1.285,C,0.19092074918433877
ATT,I,1.33,T,0.2169871804792472
ACA,T,1.1,A,0.1510937178302558
ACC,T,-0.268,C,0.057459285027342426
ACG,T,-0.195,G,0.06142202914106026
ACT,T,1.123,T,0.14368973974249416
AAC,N,-0.704,C,0.1793564261579804
AAT,N,0.704,T,0.1793564261579804
AAA,K,0.638,A,0.24841148571926328
AAG,K,-0.638,G,0.24841148571926328
AGC,S,0.297,C,0.0712986479024122
AGT,S,0.403,T,0.1333671819074465
TCA,S,0.797,A,0.1526437243544129
TCC,S,0.057,C,0.06642949571124718
TCG,S,-0.802,G,0.07097896053821928
TCT,S,1.04,T,0.22672804377914865
AGA,R,1.288,A,0.26136774241588984
AGG,R,0.881,G,0.12384575501613293
CGA,R,0.874,A,0.10574398486424137
CGC,R,-0.112,C,0.05582169899068214
CGG,R,-0.706,G,0.059949136066331184
CGT,R,0.435,T,0.08288345579231293
CTA,L,0.528,A,0.29607621607663553
CTC,L,0.051,C,0.05138007313855846
CTG,L,-0.246,G,0.04986656795191244
CTT,L,0.642,T,0.13653861575984283
TTA,L,-0.287,A,0.5169985254030417
TTG,L,0.366,G,0.09624492731529348
CCA,P,0.619,A,0.14872373331020108
CCC,P,0.383,C,0.062110015633944714
CCG,P,-0.688,G,0.061426395334117215
CCT,P,0.827,T,0.13127378396301717
CAC,H,-0.132,C,0.12939466579162137
CAT,H,0.132,T,0.12939466579162137
CAA,Q,0.818,A,0.146856236747943
CAG,Q,-0.818,G,0.14685623674794296
GTA,V,0.368,A,0.15236205246238066
GTC,V,-0.617,C,0.049777183034981784
GTG,V,0.446,G,0.04972943602839005
GTT,V,1.018,T,0.1473980202069124
GCA,A,1.147,A,0.08971472660993224
GCC,A,-0.309,C,0.045249042913026435
GCG,A,-0.26,G,0.048955480137386966
GCT,A,0.794,T,0.09046890717768367
GAC,D,-0.489,C,0.07958787487248158
GAT,D,0.489,T,0.07958787487248158
GAA,E,0.88,A,0.08850855123575188
GAG,E,-0.88,G,0.0885085512357519
GGA,G,0.755,A,0.08896293561305595
GGC,G,-0.369,C,0.05615051487920782
GGG,G,0.042,G,0.06507507693008725
GGT,G,0.069,T,0.07616709451123087
TTC,F,-1.037,C,0.28200078428339775
TTT,F,1.037,T,0.2820007842833977
TAC,Y,-0.621,C,0.17957874041509952
TAT,Y,0.621,T,0.17957874041509952
TGC,C,-0.448,C,0.2566417087620905
TGT,C,0.448,T,0.2566417087620905
