codon,amino_acid,Raoultella,third_nucl,standard_error
ATA,I,0.661,A,0.07963450636944923
ATC,I,-0.457,C,0.04869905870348559
ATT,I,0.188,T,0.04821309256134163
ACA,T,1.205,A,0.08117561638189691
ACC,T,-0.639,C,0.050232138740214746
ACG,T,-0.294,G,0.05611677988093266
ACT,T,0.611,T,0.07128808311913061
AAC,N,-0.374,C,0.06080510018333395
AAT,N,0.374,T,0.06080510018333396
AAA,K,0.367,A,0.05864925306003266
AAG,K,-0.367,G,0.05864925306003266
AGC,S,-0.599,C,0.05294027158478653
AGT,S,0.627,T,0.07262792713528056
TCA,S,0.613,A,0.07390036157161294
TCC,S,-0.265,C,0.06571030172336083
TCG,S,-0.477,G,0.06709053172857142
TCT,S,0.686,T,0.07223483176706093
AGA,R,1.089,A,0.10330177081201264
AGG,R,0.32,G,0.12662232315885988
CGA,R,0.582,A,0.09555950839886324
CGC,R,-0.379,C,0.050897798406521255
CGG,R,-0.624,G,0.0780577704330771
CGT,R,0.163,T,0.05451882979806056
CTA,L,0.598,A,0.0920077378304359
CTC,L,-0.066,C,0.05304506406692668
CTG,L,-0.999,G,0.037075580813361486
CTT,L,0.577,T,0.057964123601202636
TTA,L,1.203,A,0.05999373721512863
TTG,L,0.474,G,0.06092298446344581
CCA,P,0.775,A,0.08757642942063365
CCC,P,0.579,C,0.07388454849057154
CCG,P,-1.062,G,0.06025432553695586
CCT,P,0.57,T,0.07800337662389237
CAC,H,-0.243,C,0.08062290903545925
CAT,H,0.243,T,0.08062290903545924
CAA,Q,1.328,A,0.06552699771705899
CAG,Q,-1.328,G,0.06552699771705899
GTA,V,0.575,A,0.06685754205508787
GTC,V,-0.34,C,0.05430432827298947
GTG,V,-0.387,G,0.049274319892700084
GTT,V,0.449,T,0.05562457254683488
GCA,A,0.967,A,0.05520462409127648
GCC,A,-0.366,C,0.04397648781676476
GCG,A,-0.704,G,0.045153673830338976
GCT,A,0.705,T,0.056528817621935255
GAC,D,-0.196,C,0.05734782291493362
GAT,D,0.196,T,0.05734782291493362
GAA,E,0.63,A,0.060380073628432895
GAG,E,-0.63,G,0.060380073628432895
GGA,G,0.844,A,0.07824436115723317
GGC,G,-0.491,C,0.05487825401836302
GGG,G,-0.273,G,0.07241747931681557
GGT,G,0.334,T,0.06156700560838705
TTC,F,-0.617,C,0.06218235464992145
TTT,F,0.617,T,0.06218235464992145
TAC,Y,-0.198,C,0.07644555489573587
TAT,Y,0.198,T,0.07644555489573587
TGC,C,-0.363,C,0.12092733230661655
TGT,C,0.363,T,0.12092733230661655
