codon,amino_acid,Raoultibacter,third_nucl,standard_error
ATA,I,0.886,A,0.09314747610137115
ATC,I,-0.791,C,0.06989026001327099
ATT,I,0.425,T,0.08733976243819043
ACA,T,1.605,A,0.13459086248934918
ACC,T,-0.361,C,0.06572816938898218
ACG,T,-0.39,G,0.06534261393499062
ACT,T,0.84,T,0.14167191961556425
AAC,N,-0.365,C,0.10260239790037565
AAT,N,0.365,T,0.10260239790037563
AAA,K,0.886,A,0.07274695461574392
AAG,K,-0.886,G,0.07274695461574392
AGC,S,0.178,C,0.06745046601487067
AGT,S,0.922,T,0.15765555607631004
TCA,S,1.297,A,0.14259619876264573
TCC,S,-0.378,C,0.08393263728715943
TCG,S,-0.603,G,0.06526592237288335
TCT,S,0.493,T,0.12119892619861929
AGA,R,1.428,A,0.13231923267557538
AGG,R,0.722,G,0.09946206114897307
CGA,R,0.859,A,0.11038280629059605
CGC,R,-1.096,C,0.0649068825225689
CGG,R,-0.176,G,0.09235889811146296
CGT,R,0.251,T,0.09822085647455454
CTA,L,1.04,A,0.16821303908979227
CTC,L,-0.595,C,0.0559719631014858
CTG,L,-0.076,G,0.060451748249262506
CTT,L,-0.106,T,0.07037619266141318
TTA,L,1.819,A,0.2351003053137244
TTG,L,0.921,G,0.08200663912964991
CCA,P,1.535,A,0.16311404489966286
CCC,P,-0.52,C,0.07879608945943371
CCG,P,-0.16,G,0.07795429820223086
CCT,P,0.589,T,0.12045473257497448
CAC,H,-0.28,C,0.11665774530241689
CAT,H,0.28,T,0.11665774530241688
CAA,Q,1.023,A,0.09986697425616016
CAG,Q,-1.023,G,0.09986697425616016
GTA,V,0.69,A,0.08464144703938603
GTC,V,-0.466,C,0.0624309461050926
GTG,V,-0.025,G,0.059112412028822676
GTT,V,0.164,T,0.07238762907150384
GCA,A,0.981,A,0.0648244153714407
GCC,A,-0.678,C,0.055028632799013454
GCG,A,-0.341,G,0.05205151246623358
GCT,A,0.605,T,0.07261340027061723
GAC,D,-0.263,C,0.06419444197369911
GAT,D,0.263,T,0.06419444197369911
GAA,E,0.931,A,0.06055078871228849
GAG,E,-0.931,G,0.06055078871228849
GGA,G,0.766,A,0.07263546062507475
GGC,G,-0.787,C,0.06089278483721097
GGG,G,0.198,G,0.07817445565357853
GGT,G,0.302,T,0.08487411236774235
TTC,F,-0.95,C,0.09331599741934217
TTT,F,0.95,T,0.09331599741934217
TAC,Y,-0.366,C,0.10417874720767419
TAT,Y,0.366,T,0.10417874720767419
TGC,C,-1.068,C,0.21328366599701176
TGT,C,1.068,T,0.21328366599701176
