codon,amino_acid,Renibacterium,third_nucl,standard_error
ATA,I,0.54,A,0.14617585692310275
ATC,I,-0.044,C,0.07229850186305194
ATT,I,-0.095,T,0.07289414586826265
ACA,T,0.795,A,0.10659918149307054
ACC,T,-0.339,C,0.06577025295259226
ACG,T,-0.335,G,0.07765302934120517
ACT,T,0.314,T,0.07647280151997202
AAC,N,-0.106,C,0.0899512591610472
AAT,N,0.106,T,0.0899512591610472
AAA,K,0.138,A,0.08538752503584025
AAG,K,-0.138,G,0.08538752503584025
AGC,S,0.277,C,0.06736341896773002
AGT,S,0.382,T,0.09551766565341933
TCA,S,0.141,A,0.08520855342605302
TCC,S,-0.073,C,0.07866642016508944
TCG,S,-0.634,G,0.07359276332839006
TCT,S,0.035,T,0.0887381116579725
AGA,R,0.723,A,0.14027448646845433
AGG,R,0.413,G,0.15101649285903496
CGA,R,0.1,A,0.08390103953665821
CGC,R,-0.141,C,0.07113755426650442
CGG,R,-0.32,G,0.08064336990846328
CGT,R,0.041,T,0.08679355952890165
CTA,L,-0.202,A,0.09526835173336194
CTC,L,0.151,C,0.06608852382882865
CTG,L,-0.17,G,0.05922851068863358
CTT,L,0.156,T,0.07153446875798648
TTA,L,-0.028,A,0.09950602732267265
TTG,L,0.031,G,0.05825379530344818
CCA,P,0.07,A,0.08494357381764181
CCC,P,0.272,C,0.08371586510159788
CCG,P,-0.401,G,0.07226562229559565
CCT,P,0.278,T,0.10006416634402374
CAC,H,-0.061,C,0.12311062219446445
CAT,H,0.061,T,0.12311062219446445
CAA,Q,-0.034,A,0.08335859670470372
CAG,Q,0.034,G,0.08335859670470373
GTA,V,0.127,A,0.085026697013738
GTC,V,-0.261,C,0.06394456850329483
GTG,V,0.412,G,0.057889903494790756
GTT,V,-0.364,T,0.06891319425649936
GCA,A,0.333,A,0.05911598181319728
GCC,A,-0.051,C,0.05313605579511112
GCG,A,-0.33,G,0.05742511782954466
GCT,A,0.083,T,0.057707767492869405
GAC,D,-0.044,C,0.0741883670509255
GAT,D,0.044,T,0.0741883670509255
GAA,E,0.182,A,0.07152636519967089
GAG,E,-0.182,G,0.07152636519967089
GGA,G,0.565,A,0.07939529069475257
GGC,G,-0.256,C,0.06251792781197897
GGG,G,0.087,G,0.09497241600503582
GGT,G,-0.177,T,0.07452605343810145
TTC,F,-0.232,C,0.09161318542298644
TTT,F,0.232,T,0.09161318542298644
TAC,Y,0.058,C,0.12869293512104185
TAT,Y,-0.058,T,0.12869293512104185
TGC,C,-0.44,C,0.2464162282968568
TGT,C,0.44,T,0.2464162282968568
