codon,amino_acid,Rhizobacter,third_nucl,standard_error
ATA,I,1.512,A,0.5484538153156894
ATC,I,-1.467,C,0.14821181815636247
ATT,I,1.451,T,0.15351015743074117
ACA,T,1.231,A,0.14980290962318074
ACC,T,0.641,C,0.04626866851022248
ACG,T,-1.062,G,0.0488918708752249
ACT,T,1.55,T,0.17543734262134505
AAC,N,-1.02,C,0.14381041022006474
AAT,N,1.02,T,0.14381041022006474
AAA,K,2.305,A,0.11286973068339823
AAG,K,-2.305,G,0.11286973068339823
AGC,S,-0.41,C,0.051134455197917726
AGT,S,0.787,T,0.14808360707176932
TCA,S,1.085,A,0.16966584871835733
TCC,S,1.081,C,0.0532193227628862
TCG,S,-1.09,G,0.05022793259323861
TCT,S,1.775,T,0.1888865469897737
AGA,R,1.993,A,0.23412729660637296
AGG,R,0.624,G,0.1434290300290232
CGA,R,1.854,A,0.12083409840228165
CGC,R,-0.595,C,0.04367888273308307
CGG,R,-0.37,G,0.05560632395826317
CGT,R,0.765,T,0.07573821465151252
CTA,L,0.825,A,0.3180030474280536
CTC,L,0.204,C,0.03486924777518163
CTG,L,-0.617,G,0.03418275555407762
CTT,L,1.484,T,0.10784600473170745
TTA,L,1.189,A,0.5671980034743104
TTG,L,1.016,G,0.08190098203030467
CCA,P,0.893,A,0.1304218867086937
CCC,P,0.553,C,0.04515796572579931
CCG,P,-0.963,G,0.04566679733698639
CCT,P,1.567,T,0.13036378768714033
CAC,H,-0.653,C,0.10381259283549647
CAT,H,0.653,T,0.10381259283549647
CAA,Q,2.201,A,0.10331846110915745
CAG,Q,-2.201,G,0.10331846110915745
GTA,V,1.762,A,0.2872080705375063
GTC,V,0.565,C,0.042940291628649166
GTG,V,-0.917,G,0.04275702661286521
GTT,V,1.678,T,0.11200014895399928
GCA,A,0.964,A,0.0713294424891752
GCC,A,0.228,C,0.033485737891055065
GCG,A,-0.725,G,0.03631901159474393
GCT,A,1.284,T,0.09596731145046175
GAC,D,-0.779,C,0.07575684022895549
GAT,D,0.779,T,0.07575684022895549
GAA,E,1.196,A,0.05986066796880321
GAG,E,-1.196,G,0.05986066796880321
GGA,G,1.592,A,0.11206527063694208
GGC,G,-0.747,C,0.05299400727657085
GGG,G,0.195,G,0.07052429913147824
GGT,G,0.557,T,0.07870747693966348
TTC,F,-1.443,C,0.15473085149437282
TTT,F,1.443,T,0.15473085149437282
TAC,Y,-0.895,C,0.1637443413691895
TAT,Y,0.895,T,0.1637443413691895
TGC,C,-1.292,C,0.20266774390180495
TGT,C,1.292,T,0.20266774390180498
