codon,amino_acid,Rhodocytophaga,third_nucl,standard_error
ATA,I,0.494,A,0.040027604433605805
ATC,I,-0.155,C,0.04174024000379114
ATT,I,-0.285,T,0.035272766955201956
ACA,T,0.355,A,0.045661610923759685
ACC,T,-0.154,C,0.04438017233114779
ACG,T,-0.438,G,0.06581847358845674
ACT,T,0.019,T,0.0471513898085152
AAC,N,0.301,C,0.04765210827871059
AAT,N,-0.301,T,0.04765210827871059
AAA,K,0.198,A,0.042722266256295154
AAG,K,-0.198,G,0.04272226625629516
AGC,S,-0.151,C,0.0542084484065367
AGT,S,-0.044,T,0.051448166868617716
TCA,S,0.414,A,0.05370006067707924
TCC,S,-0.034,C,0.05629827178446331
TCG,S,-0.675,G,0.08155013561653376
TCT,S,0.094,T,0.04701330820732263
AGA,R,0.733,A,0.05482531874106819
AGG,R,-0.328,G,0.07457959485666715
CGA,R,0.634,A,0.09640960328902483
CGC,R,-0.305,C,0.06951306481479727
CGG,R,-0.893,G,0.07029708231032399
CGT,R,-0.014,T,0.0703996060744622
CTA,L,0.426,A,0.05348307265457447
CTC,L,0.284,C,0.053000069121313546
CTG,L,-0.674,G,0.036639041712215305
CTT,L,0.334,T,0.042364386702081376
TTA,L,0.178,A,0.03501224226798547
TTG,L,-0.157,G,0.043156327757044866
CCA,P,0.414,A,0.06137202833371842
CCC,P,-0.023,C,0.06496106309277516
CCG,P,-0.591,G,0.07142645662174582
CCT,P,0.054,T,0.05517565181500124
CAC,H,0.227,C,0.07854655215050611
CAT,H,-0.227,T,0.07854655215050611
CAA,Q,0.757,A,0.05035898107131348
CAG,Q,-0.757,G,0.05035898107131348
GTA,V,-0.197,A,0.0434518069199827
GTC,V,0.252,C,0.07596981707940825
GTG,V,-0.36,G,0.054063063911458396
GTT,V,0.476,T,0.05039290169692306
GCA,A,0.282,A,0.04649687379778402
GCC,A,-0.217,C,0.04574559731723454
GCG,A,-0.249,G,0.07566031503988759
GCT,A,0.042,T,0.045195539639065314
GAC,D,0.34,C,0.05862674360863715
GAT,D,-0.34,T,0.05862674360863715
GAA,E,0.233,A,0.053872866945094126
GAG,E,-0.233,G,0.053872866945094126
GGA,G,0.22,A,0.05361498983260036
GGC,G,-0.143,C,0.057375317003979735
GGG,G,-0.032,G,0.08025233642087637
GGT,G,-0.088,T,0.058052163851935394
TTC,F,0.168,C,0.05031748761102044
TTT,F,-0.168,T,0.05031748761102044
TAC,Y,0.3,C,0.05625820800773051
TAT,Y,-0.3,T,0.05625820800773051
TGC,C,-0.052,C,0.10748412975848119
TGT,C,0.052,T,0.10748412975848119
