codon,amino_acid,Rhodoluna,third_nucl,standard_error
ATA,I,0.34,A,0.17657784088710904
ATC,I,0.238,C,0.09417110328550843
ATT,I,-0.326,T,0.09288065012146877
ACA,T,0.486,A,0.1274026317025204
ACC,T,-0.406,C,0.09578519737259802
ACG,T,0.009,G,0.1816781062951522
ACT,T,0.154,T,0.10853815989568766
AAC,N,-0.307,C,0.12124328007147885
AAT,N,0.307,T,0.12124328007147885
AAA,K,0.403,A,0.09780999586863097
AAG,K,-0.403,G,0.09780999586863097
AGC,S,0.349,C,0.11062602212632541
AGT,S,0.295,T,0.14159108332162326
TCA,S,-0.212,A,0.09723073557919099
TCC,S,-0.021,C,0.15804123663678368
TCG,S,-0.439,G,0.12243271807731658
TCT,S,0.108,T,0.11663822210543538
AGA,R,0.673,A,0.1587889627242125
AGG,R,-0.072,G,0.23588974314277802
CGA,R,-0.03,A,0.14374598814496295
CGC,R,-0.04,C,0.10198519424802556
CGG,R,-0.557,G,0.24006703195073417
CGT,R,-0.175,T,0.12655755456718618
CTA,L,0.296,A,0.1015057544450885
CTC,L,0.474,C,0.12410116655868357
CTG,L,-0.334,G,0.09412736009387863
CTT,L,-0.283,T,0.08763416812701423
TTA,L,0.721,A,0.1558469375225027
TTG,L,-0.134,G,0.08904807199505178
CCA,P,0.246,A,0.11082319593684214
CCC,P,0.112,C,0.1697414170940327
CCG,P,-0.404,G,0.1285922057976852
CCT,P,0.016,T,0.1404472101943912
CAC,H,-0.191,C,0.24374168536123741
CAT,H,0.191,T,0.24374168536123741
CAA,Q,0.351,A,0.12976090040609994
CAG,Q,-0.351,G,0.12976090040609994
GTA,V,0.483,A,0.107111568015301
GTC,V,0.306,C,0.12040168211297594
GTG,V,0.09,G,0.09092637974985375
GTT,V,-0.558,T,0.08716200207879936
GCA,A,0.301,A,0.07875627316354254
GCC,A,-0.287,C,0.08067279933691969
GCG,A,-0.188,G,0.09903008123973495
GCT,A,0.118,T,0.0875503074404933
GAC,D,-0.072,C,0.10901971269672889
GAT,D,0.072,T,0.10901971269672889
GAA,E,0.56,A,0.10293530834589054
GAG,E,-0.56,G,0.10293530834589054
GGA,G,0.045,A,0.11955681770352597
GGC,G,0.177,C,0.09707988079747251
GGG,G,0.184,G,0.1645055039372476
GGT,G,-0.29,T,0.10172660679218112
TTC,F,0.08,C,0.12337320292798015
TTT,F,-0.08,T,0.12337320292798017
TAC,Y,-0.184,C,0.1790788253984004
TAT,Y,0.184,T,0.1790788253984004
TGC,C,0.548,C,0.4277048809512579
TGT,C,-0.548,T,0.4277048809512579
