codon,amino_acid,Rhodanobacter,third_nucl,standard_error
ATA,I,0.466,A,0.21165369886435903
ATC,I,-0.761,C,0.10203204110387688
ATT,I,0.797,T,0.11334449908420338
ACA,T,1.137,A,0.1658578877737809
ACC,T,-0.202,C,0.061052332425918336
ACG,T,-0.323,G,0.06553976633562492
ACT,T,1.205,T,0.1435466066280492
AAC,N,-0.632,C,0.11545239159221295
AAT,N,0.632,T,0.11545239159221295
AAA,K,1.504,A,0.10313838616401151
AAG,K,-1.504,G,0.10313838616401151
AGC,S,-0.287,C,0.059404521942670915
AGT,S,0.445,T,0.1241003937501758
TCA,S,0.889,A,0.15944650388797071
TCC,S,0.607,C,0.07216552851087266
TCG,S,-0.649,G,0.06667372311317078
TCT,S,1.236,T,0.23132139415243388
AGA,R,1.446,A,0.23972858666989477
AGG,R,0.585,G,0.13689559757497927
CGA,R,1.156,A,0.12194506074079747
CGC,R,-0.425,C,0.05199929618414155
CGG,R,-0.591,G,0.0715869516422661
CGT,R,0.715,T,0.07951547786512482
CTA,L,0.892,A,0.19280658966309905
CTC,L,0.429,C,0.05251544676145302
CTG,L,-0.862,G,0.04395585416071154
CTT,L,1.208,T,0.10137314943197777
TTA,L,0.767,A,0.347574141105804
TTG,L,0.578,G,0.06944915179971976
CCA,P,0.853,A,0.11666247902953054
CCC,P,0.824,C,0.06641793225141121
CCG,P,-1.229,G,0.06147618845100972
CCT,P,1.049,T,0.1253664275716424
CAC,H,-0.13,C,0.09293849869797392
CAT,H,0.13,T,0.09293849869797392
CAA,Q,1.3,A,0.09892004271304365
CAG,Q,-1.3,G,0.09892004271304365
GTA,V,0.659,A,0.12253483948606685
GTC,V,0.328,C,0.05678155287685762
GTG,V,-0.792,G,0.055173694052290306
GTT,V,1.37,T,0.11750916892136484
GCA,A,0.891,A,0.07420232210608822
GCC,A,0.229,C,0.04222241621226935
GCG,A,-0.811,G,0.04549514638892011
GCT,A,0.923,T,0.09409767171185908
GAC,D,-0.453,C,0.0729270368653741
GAT,D,0.453,T,0.0729270368653741
GAA,E,1.206,A,0.07266985217944016
GAG,E,-1.206,G,0.07266985217944016
GGA,G,1.094,A,0.12009588597452826
GGC,G,-0.709,C,0.0648897847359628
GGG,G,0.193,G,0.0981227341909506
GGT,G,0.566,T,0.08767126471674636
TTC,F,-0.933,C,0.11556003783758292
TTT,F,0.933,T,0.11556003783758291
TAC,Y,-0.198,C,0.12191484102860428
TAT,Y,0.198,T,0.12191484102860428
TGC,C,-0.609,C,0.21945652870168855
TGT,C,0.609,T,0.21945652870168855
