codon,amino_acid,Rhodococcus,third_nucl,standard_error
ATA,I,1.181,A,0.13353769705915292
ATC,I,-0.955,C,0.0627128768580049
ATT,I,0.822,T,0.06909146284240303
ACA,T,0.915,A,0.060605498102165097
ACC,T,-0.241,C,0.03202393395861387
ACG,T,-0.381,G,0.0349589847839628
ACT,T,1.027,T,0.07246621339330249
AAC,N,-0.685,C,0.07514693532537021
AAT,N,0.685,T,0.07514693532537021
AAA,K,0.664,A,0.0737919668074044
AAG,K,-0.664,G,0.0737919668074044
AGC,S,0.111,C,0.04019200698772013
AGT,S,0.803,T,0.06894952586770892
TCA,S,0.86,A,0.07993148454254144
TCC,S,-0.243,C,0.03876987319889902
TCG,S,-0.553,G,0.03746308222210957
TCT,S,1.156,T,0.10529062375013998
AGA,R,1.616,A,0.1095477811607913
AGG,R,0.503,G,0.07198172000721978
CGA,R,0.64,A,0.05165662594006417
CGC,R,-0.305,C,0.033526787644225044
CGG,R,-0.588,G,0.03606001963404001
CGT,R,0.48,T,0.05016162642415478
CTA,L,0.651,A,0.11508915275289772
CTC,L,-0.185,C,0.03092705853442853
CTG,L,-0.319,G,0.030534536936528908
CTT,L,0.85,T,0.0707728080985571
TTA,L,1.329,A,0.23702267901655752
TTG,L,0.678,G,0.04972431621309453
CCA,P,1.157,A,0.07878516217517269
CCC,P,0.099,C,0.03743558512348411
CCG,P,-0.627,G,0.03658678026772078
CCT,P,0.999,T,0.08109154046345504
CAC,H,-0.471,C,0.07089684028748654
CAT,H,0.471,T,0.07089684028748652
CAA,Q,0.619,A,0.07202623624717452
CAG,Q,-0.619,G,0.07202623624717452
GTA,V,0.927,A,0.07785087846250592
GTC,V,-0.713,C,0.029377193441590854
GTG,V,0.372,G,0.029056007380375413
GTT,V,0.721,T,0.05933157874062478
GCA,A,0.965,A,0.03860594927012083
GCC,A,-0.307,C,0.027114487059184993
GCG,A,-0.454,G,0.027975480345815512
GCT,A,0.965,T,0.05652252831028914
GAC,D,-0.632,C,0.043721058065478415
GAT,D,0.632,T,0.043721058065478415
GAA,E,0.651,A,0.04002173542769891
GAG,E,-0.651,G,0.04002173542769891
GGA,G,0.576,A,0.04309676862629254
GGC,G,-0.48,C,0.0338494870406671
GGG,G,-0.124,G,0.042654045448070194
GGT,G,0.354,T,0.04305517246621221
TTC,F,-1.115,C,0.10357820194035568
TTT,F,1.115,T,0.10357820194035568
TAC,Y,-0.469,C,0.09541746753732394
TAT,Y,0.469,T,0.09541746753732394
TGC,C,-0.672,C,0.13956934174154886
TGT,C,0.672,T,0.13956934174154886
