codon,amino_acid,Rhodothermus,third_nucl,standard_error
ATA,I,1.319,A,0.21407112644830908
ATC,I,-0.805,C,0.08080566233629309
ATT,I,0.613,T,0.08350748771205997
ACA,T,1.044,A,0.14059694958636074
ACC,T,-0.1,C,0.070506660509939
ACG,T,-0.326,G,0.06842046346328799
ACT,T,0.925,T,0.20580105552272604
AAC,N,-0.176,C,0.1306839065007982
AAT,N,0.176,T,0.1306839065007982
AAA,K,0.816,A,0.10023498702257111
AAG,K,-0.816,G,0.10023498702257111
AGC,S,-0.197,C,0.08311502122254644
AGT,S,0.411,T,0.1502199924175114
TCA,S,0.543,A,0.2092869475275581
TCC,S,0.117,C,0.10026654845571102
TCG,S,-0.23,G,0.08028412908033163
TCT,S,0.718,T,0.19888978103066163
AGA,R,1.598,A,0.22528239505316466
AGG,R,1.026,G,0.19837729615390484
CGA,R,1.0,A,0.09597493769963568
CGC,R,-0.441,C,0.05273565549359581
CGG,R,-0.552,G,0.05798133697494121
CGT,R,0.641,T,0.07286806975845903
CTA,L,0.699,A,0.16083446090634454
CTC,L,-0.427,C,0.06052795029134953
CTG,L,-0.249,G,0.046279090041824913
CTT,L,0.477,T,0.08130937476478706
TTA,L,1.551,A,0.23920217427963306
TTG,L,0.584,G,0.08349482526870892
CCA,P,1.156,A,0.15587516456022868
CCC,P,-0.35,C,0.072117279362022
CCG,P,-0.305,G,0.06750771364353687
CCT,P,1.024,T,0.12033725403581241
CAC,H,-0.241,C,0.11473101327187862
CAT,H,0.241,T,0.11473101327187862
CAA,Q,1.028,A,0.12053171022945224
CAG,Q,-1.028,G,0.12053171022945224
GTA,V,0.873,A,0.10399905148782555
GTC,V,0.117,C,0.06558729489487768
GTG,V,-1.046,G,0.06179897849721003
GTT,V,1.581,T,0.10577360074211722
GCA,A,1.153,A,0.08754313604911781
GCC,A,-0.747,C,0.054556056636823384
GCG,A,-0.05,G,0.058195174663520234
GCT,A,0.93,T,0.09510773364199925
GAC,D,-0.492,C,0.0840915145540661
GAT,D,0.492,T,0.0840915145540661
GAA,E,0.751,A,0.06591415410730941
GAG,E,-0.751,G,0.0659141541073094
GGA,G,0.987,A,0.08343991062380718
GGC,G,-0.851,C,0.06704784793777656
GGG,G,0.076,G,0.08044225501359595
GGT,G,0.37,T,0.09337896886616975
TTC,F,-0.574,C,0.08769188542313529
TTT,F,0.574,T,0.08769188542313529
TAC,Y,-0.432,C,0.11066263211176396
TAT,Y,0.432,T,0.11066263211176396
TGC,C,-0.431,C,0.20324037264075087
TGT,C,0.431,T,0.20324037264075087
