codon,amino_acid,Rhodovastum,third_nucl,standard_error
ATA,I,0.663,A,0.1621454149565699
ATC,I,-0.737,C,0.07394856737575246
ATT,I,0.711,T,0.08071165610943472
ACA,T,0.959,A,0.09417184091807464
ACC,T,-0.354,C,0.04458638459118419
ACG,T,-0.083,G,0.047461167138898815
ACT,T,0.992,T,0.11709871567100585
AAC,N,-0.15,C,0.08312167043252063
AAT,N,0.15,T,0.08312167043252063
AAA,K,0.671,A,0.09007678193348553
AAG,K,-0.671,G,0.09007678193348555
AGC,S,-0.231,C,0.049669598266850724
AGT,S,0.475,T,0.11963518322808214
TCA,S,0.931,A,0.12790875961039438
TCC,S,0.277,C,0.051898002835946755
TCG,S,-0.555,G,0.054245727463649626
TCT,S,0.976,T,0.12732838181818287
AGA,R,1.681,A,0.17678556313212915
AGG,R,0.944,G,0.09305465068477999
CGA,R,1.048,A,0.0918153756995391
CGC,R,-0.35,C,0.03711478658592108
CGG,R,-0.486,G,0.04215120135811355
CGT,R,0.698,T,0.06199021953689468
CTA,L,0.288,A,0.18819010086394483
CTC,L,0.159,C,0.03790540982953254
CTG,L,-0.576,G,0.03312482442525013
CTT,L,0.853,T,0.0646707625029653
TTA,L,0.499,A,0.21535754165878712
TTG,L,0.582,G,0.058211139732908035
CCA,P,0.674,A,0.08670617669068453
CCC,P,0.365,C,0.04474240748061528
CCG,P,-0.821,G,0.042427989498265484
CCT,P,1.138,T,0.08748741848590964
CAC,H,-0.264,C,0.07404854601450915
CAT,H,0.264,T,0.07404854601450915
CAA,Q,0.963,A,0.08457289544281807
CAG,Q,-0.963,G,0.08457289544281807
GTA,V,0.182,A,0.1250186610722954
GTC,V,0.039,C,0.04055300846793682
GTG,V,-0.368,G,0.03978045405666341
GTT,V,1.088,T,0.07878026509015369
GCA,A,0.89,A,0.05737649594677097
GCC,A,0.011,C,0.029949329634257893
GCG,A,-0.498,G,0.0315534354216528
GCT,A,0.966,T,0.07118667434981868
GAC,D,-0.128,C,0.05067629821547973
GAT,D,0.128,T,0.05067629821547973
GAA,E,0.546,A,0.0530257145726701
GAG,E,-0.546,G,0.0530257145726701
GGA,G,0.909,A,0.07352819621215792
GGC,G,-0.459,C,0.04181712943648089
GGG,G,-0.081,G,0.0501574510022765
GGT,G,0.63,T,0.07059800933569975
TTC,F,-0.999,C,0.09297411440782091
TTT,F,0.999,T,0.09297411440782091
TAC,Y,-0.094,C,0.09211030505966367
TAT,Y,0.094,T,0.09211030505966368
TGC,C,-0.745,C,0.16455190480408766
TGT,C,0.745,T,0.16455190480408768
