codon,amino_acid,Rhodospirillum,third_nucl,standard_error
ATA,I,1.316,A,0.3012168905155709
ATC,I,-1.224,C,0.13965980426964308
ATT,I,1.155,T,0.15561120110401067
ACA,T,1.064,A,0.16847617727078154
ACC,T,-0.181,C,0.05725406863352464
ACG,T,-0.123,G,0.059269751793476974
ACT,T,1.346,T,0.2149681590001775
AAC,N,-0.548,C,0.13313571302606236
AAT,N,0.548,T,0.13313571302606234
AAA,K,1.453,A,0.17365199326205913
AAG,K,-1.453,G,0.1736519932620591
AGC,S,-0.136,C,0.06438229483755034
AGT,S,0.783,T,0.1776684426646094
TCA,S,0.831,A,0.21386683776611418
TCC,S,0.234,C,0.06348487788981179
TCG,S,-0.582,G,0.074798947794839
TCT,S,1.006,T,0.21755615557685049
AGA,R,2.445,A,0.316515806866186
AGG,R,1.256,G,0.13081168658570966
CGA,R,1.773,A,0.17219843447665978
CGC,R,-0.316,C,0.0477545022924397
CGG,R,-0.56,G,0.05238721512264796
CGT,R,0.777,T,0.08560298577413558
CTA,L,1.878,A,0.4835099120922966
CTC,L,0.726,C,0.05362084800108379
CTG,L,-1.213,G,0.04754580334080201
CTT,L,1.295,T,0.09304679491604598
TTA,L,0.773,A,1.2249272616043207
TTG,L,1.469,G,0.12677250571518697
CCA,P,0.975,A,0.20239074789928513
CCC,P,0.389,C,0.05385607541960971
CCG,P,-0.654,G,0.05330615019743438
CCT,P,1.199,T,0.14976647991861602
CAC,H,-0.131,C,0.10682010765887574
CAT,H,0.131,T,0.10682010765887574
CAA,Q,1.202,A,0.1766609144645811
CAG,Q,-1.202,G,0.1766609144645811
GTA,V,1.238,A,0.23794672111200893
GTC,V,0.061,C,0.05136006880203725
GTG,V,-0.484,G,0.0518121943576632
GTT,V,1.617,T,0.1279504297832062
GCA,A,1.077,A,0.09351239025310204
GCC,A,-0.093,C,0.040039160843142005
GCG,A,-0.367,G,0.04274301156114047
GCT,A,1.084,T,0.09926075478242827
GAC,D,-0.628,C,0.06766301194552511
GAT,D,0.628,T,0.06766301194552511
GAA,E,0.978,A,0.07207996195268546
GAG,E,-0.978,G,0.07207996195268546
GGA,G,1.292,A,0.096080078389611
GGC,G,-0.648,C,0.05250116365871665
GGG,G,-0.124,G,0.06285951447075812
GGT,G,0.836,T,0.08551877449135674
TTC,F,-1.123,C,0.16263085504516459
TTT,F,1.123,T,0.16263085504516459
TAC,Y,-0.171,C,0.11798462110344103
TAT,Y,0.171,T,0.11798462110344103
TGC,C,-0.754,C,0.23980285590522218
TGT,C,0.754,T,0.23980285590522218
