codon,amino_acid,Rhodovulum,third_nucl,standard_error
ATA,I,0.747,A,0.17055889348401165
ATC,I,-0.857,C,0.08878275875013297
ATT,I,0.823,T,0.09994964732055574
ACA,T,1.113,A,0.12773069888313457
ACC,T,-0.284,C,0.05943587593691024
ACG,T,-0.22,G,0.06493543876689808
ACT,T,1.011,T,0.16741436678840416
AAC,N,0.066,C,0.10155101605203391
AAT,N,-0.066,T,0.10155101605203391
AAA,K,1.144,A,0.09960564091843767
AAG,K,-1.144,G,0.09960564091843767
AGC,S,0.171,C,0.0663349406504174
AGT,S,0.526,T,0.15281778931381418
TCA,S,0.462,A,0.17110800992721137
TCC,S,0.692,C,0.07523477564528759
TCG,S,-1.083,G,0.066611059968055
TCT,S,1.009,T,0.16058792961677446
AGA,R,1.591,A,0.16540959770297978
AGG,R,0.664,G,0.1058734463501241
CGA,R,1.06,A,0.12180024030628235
CGC,R,-0.333,C,0.04920713659716779
CGG,R,-0.543,G,0.054764509075605386
CGT,R,0.673,T,0.08492102512454011
CTA,L,0.534,A,0.2076035284331668
CTC,L,0.164,C,0.049816440927204796
CTG,L,-0.698,G,0.04279163989515476
CTT,L,0.7,T,0.060471637265268045
TTA,L,1.061,A,0.31026396043387744
TTG,L,0.719,G,0.09014468030525509
CCA,P,0.96,A,0.15230187059343891
CCC,P,0.154,C,0.057877905324006926
CCG,P,-0.547,G,0.05759846977794678
CCT,P,0.995,T,0.12635471960097017
CAC,H,0.42,C,0.10477882646845077
CAT,H,-0.42,T,0.10477882646845077
CAA,Q,0.911,A,0.11312392183165187
CAG,Q,-0.911,G,0.11312392183165189
GTA,V,1.298,A,0.18827207444814553
GTC,V,-0.304,C,0.055976047612985295
GTG,V,-0.318,G,0.05689115253181571
GTT,V,1.268,T,0.09755027920778347
GCA,A,1.009,A,0.07699668134615176
GCC,A,-0.118,C,0.040321117819128026
GCG,A,-0.384,G,0.042105049887609
GCT,A,0.98,T,0.09956155099421468
GAC,D,0.068,C,0.05928200145708852
GAT,D,-0.068,T,0.05928200145708852
GAA,E,0.604,A,0.06399947306079706
GAG,E,-0.604,G,0.06399947306079706
GGA,G,1.21,A,0.09049165606909779
GGC,G,-0.451,C,0.05372811841025568
GGG,G,-0.203,G,0.06413838337598551
GGT,G,0.48,T,0.09565829527870068
TTC,F,-0.839,C,0.09786961313633596
TTT,F,0.839,T,0.09786961313633596
TAC,Y,0.142,C,0.10800412045471786
TAT,Y,-0.142,T,0.10800412045471784
TGC,C,-0.628,C,0.19329389516137468
TGT,C,0.628,T,0.19329389516137468
