codon,amino_acid,Rhodomicrobium,third_nucl,standard_error
ATA,I,0.84,A,0.13371590343325984
ATC,I,-0.881,C,0.07195191074077051
ATT,I,0.752,T,0.07871079092369998
ACA,T,0.995,A,0.09490484608725182
ACC,T,-0.209,C,0.06264686018498211
ACG,T,-0.548,G,0.06071529683724888
ACT,T,0.89,T,0.11835684416562138
AAC,N,-0.441,C,0.09342178174866866
AAT,N,0.441,T,0.09342178174866866
AAA,K,1.158,A,0.07722037427178291
AAG,K,-1.158,G,0.07722037427178291
AGC,S,-0.071,C,0.06476638271685634
AGT,S,0.517,T,0.13292356495923024
TCA,S,0.61,A,0.12419973994022183
TCC,S,0.198,C,0.07068073768530578
TCG,S,-0.616,G,0.06327574573530657
TCT,S,0.642,T,0.1110399055362302
AGA,R,1.121,A,0.13149978720931255
AGG,R,0.417,G,0.11287424370269082
CGA,R,0.743,A,0.10376124520464221
CGC,R,-0.624,C,0.05481527478321379
CGG,R,-0.048,G,0.06990042690208727
CGT,R,0.288,T,0.08539451142910694
CTA,L,0.702,A,0.14443299292149053
CTC,L,-0.489,C,0.04839081618681002
CTG,L,-0.472,G,0.05119452476927202
CTT,L,0.467,T,0.0573760513607788
TTA,L,1.375,A,0.2004575803220978
TTG,L,0.872,G,0.07466140764634788
CCA,P,0.675,A,0.11363743409056583
CCC,P,0.036,C,0.06915453725100804
CCG,P,-0.562,G,0.06383386062836793
CCT,P,0.711,T,0.09843810974495287
CAC,H,-0.117,C,0.10476194885423167
CAT,H,0.117,T,0.10476194885423167
CAA,Q,0.817,A,0.09227168587797123
CAG,Q,-0.817,G,0.09227168587797123
GTA,V,0.781,A,0.12000399918282918
GTC,V,-0.253,C,0.057840593568275395
GTG,V,-0.323,G,0.05736496255758235
GTT,V,0.627,T,0.07376073389478355
GCA,A,0.774,A,0.06427070586581968
GCC,A,-0.083,C,0.04472661272251749
GCG,A,-0.483,G,0.043305651845606766
GCT,A,0.505,T,0.0696836984360296
GAC,D,-0.2,C,0.06505472268417367
GAT,D,0.2,T,0.06505472268417367
GAA,E,0.523,A,0.06365564787228908
GAG,E,-0.523,G,0.06365564787228908
GGA,G,0.958,A,0.08525268434348157
GGC,G,-0.7,C,0.05888740525058397
GGG,G,0.084,G,0.07990851789031653
GGT,G,0.438,T,0.08739173567384659
TTC,F,-0.853,C,0.08303164931453556
TTT,F,0.853,T,0.08303164931453556
TAC,Y,-0.065,C,0.10356529722278686
TAT,Y,0.065,T,0.10356529722278686
TGC,C,-0.488,C,0.19907935511395858
TGT,C,0.488,T,0.1990793551139586
