codon,amino_acid,Rhodopirellula,third_nucl,standard_error
ATA,I,0.589,A,0.16354005481846712
ATC,I,-0.352,C,0.05530472270717536
ATT,I,0.292,T,0.05623358419012414
ACA,T,0.231,A,0.06855925147114779
ACC,T,-0.033,C,0.04997949750064234
ACG,T,-0.416,G,0.05214398329091845
ACT,T,0.493,T,0.06665150345008765
AAC,N,-0.345,C,0.06656380914677684
AAT,N,0.345,T,0.06656380914677684
AAA,K,0.562,A,0.061275095091852284
AAG,K,-0.562,G,0.061275095091852284
AGC,S,-0.484,C,0.05469712379979381
AGT,S,-0.145,T,0.07082193401850569
TCA,S,0.274,A,0.06144905569301533
TCC,S,0.393,C,0.05360861616409638
TCG,S,-0.422,G,0.04766494770698861
TCT,S,0.745,T,0.07285804256473397
AGA,R,0.814,A,0.11838381761163887
AGG,R,-0.108,G,0.16566247685061722
CGA,R,0.217,A,0.05112887526776957
CGC,R,-0.12,C,0.050580447943946144
CGG,R,-0.553,G,0.07200707106321794
CGT,R,0.04,T,0.05406641049373983
CTA,L,0.37,A,0.09819355252119837
CTC,L,0.246,C,0.0495226223158936
CTG,L,-0.339,G,0.04441272424586151
CTT,L,0.469,T,0.0571402251735122
TTA,L,0.629,A,0.12401699822686386
TTG,L,-0.253,G,0.03999798975974992
CCA,P,0.274,A,0.061935075682954574
CCC,P,0.097,C,0.057404037871582
CCG,P,-0.47,G,0.05651441477643115
CCT,P,0.212,T,0.06805431001752961
CAC,H,-0.121,C,0.08178218214027824
CAT,H,0.121,T,0.08178218214027824
CAA,Q,0.46,A,0.06454772968542502
CAG,Q,-0.46,G,0.06454772968542502
GTA,V,0.291,A,0.11475518732460685
GTC,V,-0.344,C,0.04823632436854027
GTG,V,0.189,G,0.049034893664114745
GTT,V,0.136,T,0.05290924092556354
GCA,A,0.212,A,0.05177347390086516
GCC,A,0.097,C,0.04419280869410738
GCG,A,-0.502,G,0.04760190122062229
GCT,A,0.249,T,0.049900285499221445
GAC,D,-0.143,C,0.05187529477803667
GAT,D,0.143,T,0.05187529477803667
GAA,E,0.5,A,0.06163752276573262
GAG,E,-0.5,G,0.06163752276573262
GGA,G,0.148,A,0.06375449664239914
GGC,G,-0.089,C,0.056657467157389015
GGG,G,-0.058,G,0.08406774623902508
GGT,G,0.001,T,0.06161090827737139
TTC,F,-0.354,C,0.062269864074538946
TTT,F,0.354,T,0.062269864074538946
TAC,Y,-0.271,C,0.09636127581143049
TAT,Y,0.271,T,0.0963612758114305
TGC,C,-0.272,C,0.1128538616388623
TGT,C,0.272,T,0.1128538616388623
