codon,amino_acid,Rhodopseudomonas,third_nucl,standard_error
ATA,I,0.714,A,0.14361594851657988
ATC,I,-0.705,C,0.060807033629449184
ATT,I,0.643,T,0.06445463042020921
ACA,T,0.681,A,0.08066813554293904
ACC,T,-0.26,C,0.04892963518409304
ACG,T,-0.33,G,0.05253947324781408
ACT,T,0.96,T,0.1011022539844715
AAC,N,0.087,C,0.07175600370202832
AAT,N,-0.087,T,0.07175600370202832
AAA,K,1.017,A,0.06767604384262652
AAG,K,-1.017,G,0.06767604384262652
AGC,S,-0.224,C,0.05574835525324877
AGT,S,0.459,T,0.1041091590940335
TCA,S,0.612,A,0.0980336611160523
TCC,S,0.309,C,0.05675103638201612
TCG,S,-0.674,G,0.05200073947083852
TCT,S,1.07,T,0.11038600210452408
AGA,R,1.458,A,0.15428902951973775
AGG,R,0.485,G,0.1079194963940986
CGA,R,0.841,A,0.09380565429878303
CGC,R,-0.599,C,0.04648227916098769
CGG,R,-0.265,G,0.06530688910486104
CGT,R,0.431,T,0.06154908733295568
CTA,L,0.133,A,0.12763226835289232
CTC,L,-0.018,C,0.04093412832900409
CTG,L,-0.557,G,0.03975263887916173
CTT,L,0.565,T,0.0642218435539678
TTA,L,1.194,A,0.2259036852707032
TTG,L,0.668,G,0.06071467695328453
CCA,P,0.417,A,0.09019544066092268
CCC,P,0.5,C,0.06007667044650091
CCG,P,-0.815,G,0.05416365962910332
CCT,P,0.701,T,0.08997001188969077
CAC,H,0.345,C,0.08642304887694513
CAT,H,-0.345,T,0.08642304887694513
CAA,Q,0.934,A,0.08508597402856719
CAG,Q,-0.934,G,0.0850859740285672
GTA,V,0.483,A,0.10690414890808364
GTC,V,-0.194,C,0.0462488066378226
GTG,V,-0.355,G,0.047415588749484004
GTT,V,0.894,T,0.06758259913986536
GCA,A,0.71,A,0.053946355932593115
GCC,A,-0.169,C,0.036479054508543524
GCG,A,-0.471,G,0.03877519117059143
GCT,A,0.583,T,0.05592537228192105
GAC,D,-0.023,C,0.05218092833366419
GAT,D,0.023,T,0.05218092833366419
GAA,E,0.543,A,0.05953860338843341
GAG,E,-0.543,G,0.05953860338843341
GGA,G,0.812,A,0.08014909311038892
GGC,G,-0.549,C,0.05128078777324829
GGG,G,0.185,G,0.07992225127831157
GGT,G,0.246,T,0.06553853570531919
TTC,F,-0.707,C,0.07379349191142157
TTT,F,0.707,T,0.07379349191142157
TAC,Y,0.33,C,0.09112267329056897
TAT,Y,-0.33,T,0.09112267329056897
TGC,C,-0.705,C,0.17848161294611514
TGT,C,0.705,T,0.17848161294611514
