codon,amino_acid,Rhodoferax,third_nucl,standard_error
ATA,I,1.115,A,0.21620475348365029
ATC,I,-0.944,C,0.07750697922836064
ATT,I,0.875,T,0.0815675542719034
ACA,T,1.165,A,0.10583339660464358
ACC,T,0.167,C,0.04805212166632899
ACG,T,-0.882,G,0.0529438164592469
ACT,T,1.313,T,0.12851439284911334
AAC,N,-0.599,C,0.08738839409072842
AAT,N,0.599,T,0.08738839409072842
AAA,K,1.838,A,0.07390493971449698
AAG,K,-1.838,G,0.07390493971449698
AGC,S,-0.644,C,0.05091967712828389
AGT,S,0.289,T,0.1079039455652929
TCA,S,1.278,A,0.12921236048993287
TCC,S,1.023,C,0.05768468025430214
TCG,S,-1.002,G,0.055693072918049
TCT,S,1.162,T,0.12633357399705913
AGA,R,2.39,A,0.21650444499204557
AGG,R,0.561,G,0.12945296339960308
CGA,R,1.158,A,0.1052799612741938
CGC,R,-0.474,C,0.047237729440038824
CGG,R,-0.591,G,0.06538887161439495
CGT,R,0.499,T,0.07119722466336789
CTA,L,0.943,A,0.15381376104057992
CTC,L,0.394,C,0.041063190420580625
CTG,L,-1.005,G,0.03693079226446909
CTT,L,1.32,T,0.08495671816775217
TTA,L,1.821,A,0.23638791695814287
TTG,L,0.606,G,0.05557121678105989
CCA,P,1.08,A,0.0923818867750925
CCC,P,0.394,C,0.05088117230415838
CCG,P,-1.162,G,0.05159494247383774
CCT,P,1.119,T,0.09740646403715449
CAC,H,-0.35,C,0.08033694354508081
CAT,H,0.35,T,0.08033694354508081
CAA,Q,1.673,A,0.07273748567446836
CAG,Q,-1.673,G,0.07273748567446836
GTA,V,0.891,A,0.12090762430228663
GTC,V,0.536,C,0.048565294262210935
GTG,V,-1.107,G,0.04780103062758596
GTT,V,1.517,T,0.09151662142377735
GCA,A,0.883,A,0.05935202967839078
GCC,A,-0.023,C,0.03504579223710469
GCG,A,-0.656,G,0.03956084797751278
GCT,A,0.938,T,0.07135610488913317
GAC,D,-0.461,C,0.06329034572507554
GAT,D,0.461,T,0.06329034572507554
GAA,E,1.129,A,0.060810456595936146
GAG,E,-1.129,G,0.060810456595936146
GGA,G,1.434,A,0.10904476342245648
GGC,G,-0.609,C,0.05555386929447956
GGG,G,-0.093,G,0.08775664022580125
GGT,G,0.471,T,0.07516653263128167
TTC,F,-0.929,C,0.08593585790241141
TTT,F,0.929,T,0.08593585790241141
TAC,Y,-0.164,C,0.10337790740270371
TAT,Y,0.164,T,0.10337790740270371
TGC,C,-1.282,C,0.20252259617572463
TGT,C,1.282,T,0.20252259617572463
