codon,amino_acid,Richelia,third_nucl,standard_error
ATA,I,0.278,A,0.05933285303559565
ATC,I,-0.026,C,0.05695201524554078
ATT,I,-0.16,T,0.04715251500639445
ACA,T,0.18,A,0.05415766987454823
ACC,T,-0.31,C,0.05948164781297746
ACG,T,0.333,G,0.10662024216162368
ACT,T,-0.012,T,0.052763091676138595
AAC,N,0.165,C,0.06043367385340812
AAT,N,-0.165,T,0.06043367385340812
AAA,K,0.172,A,0.06419229699106027
AAG,K,-0.172,G,0.06419229699106027
AGC,S,-0.068,C,0.0723918168480762
AGT,S,-0.346,T,0.05637987390030689
TCA,S,0.245,A,0.0636279616821229
TCC,S,0.024,C,0.07142630273698612
TCG,S,-0.024,G,0.10971725906111014
TCT,S,0.166,T,0.05363738044321619
AGA,R,0.124,A,0.07154727883827268
AGG,R,0.17,G,0.11536920336054841
CGA,R,0.07,A,0.08909569707801919
CGC,R,0.092,C,0.0749726206923991
CGG,R,-0.393,G,0.09631763219911343
CGT,R,-0.083,T,0.06761843503858114
CTA,L,0.218,A,0.056737303982030474
CTC,L,0.14,C,0.06730269432836819
CTG,L,0.256,G,0.061677506072527595
CTT,L,0.59,T,0.06842160390988107
TTA,L,-0.385,A,0.03957514177085029
TTG,L,-0.123,G,0.04935322071215586
CCA,P,0.128,A,0.06292285061914848
CCC,P,-0.182,C,0.06971447106731665
CCG,P,0.21,G,0.11615303554132389
CCT,P,-0.04,T,0.06249328330579559
CAC,H,0.103,C,0.09633348325922582
CAT,H,-0.103,T,0.0963334832592258
CAA,Q,-0.06,A,0.06400995086753616
CAG,Q,0.06,G,0.06400995086753616
GTA,V,-0.102,A,0.057815782496144
GTC,V,-0.125,C,0.06990540996809941
GTG,V,-0.004,G,0.05901215460253473
GTT,V,0.171,T,0.05457433532301404
GCA,A,0.225,A,0.05396847082964781
GCC,A,-0.249,C,0.06350554531597769
GCG,A,0.063,G,0.08255555765803962
GCT,A,-0.061,T,0.05140953168159181
GAC,D,0.194,C,0.06819131048143692
GAT,D,-0.194,T,0.06819131048143692
GAA,E,-0.044,A,0.07237253502129946
GAG,E,0.044,G,0.07237253502129946
GGA,G,0.246,A,0.067254538206571
GGC,G,0.131,C,0.07983388444879992
GGG,G,0.071,G,0.08971035459848188
GGT,G,-0.298,T,0.06039429299511877
TTC,F,0.099,C,0.07615923198854976
TTT,F,-0.099,T,0.07615923198854976
TAC,Y,0.373,C,0.08197866764313073
TAT,Y,-0.373,T,0.08197866764313073
TGC,C,0.457,C,0.14386204673340822
TGT,C,-0.457,T,0.14386204673340822
