codon,amino_acid,Rickettsiales,third_nucl,standard_error
ATA,I,0.233,A,0.07473676759714232
ATC,I,-0.303,C,0.103945390722839
ATT,I,-0.067,T,0.06974157193057255
ACA,T,0.52,A,0.11182013967000358
ACC,T,-0.165,C,0.11682223089961515
ACG,T,-0.201,G,0.2105901159084334
ACT,T,-0.234,T,0.09527505253071969
AAC,N,0.06,C,0.09617905189682335
AAT,N,-0.06,T,0.09617905189682335
AAA,K,0.13,A,0.0899565330836791
AAG,K,-0.13,G,0.0899565330836791
AGC,S,-0.202,C,0.10357341128120852
AGT,S,0.043,T,0.1013400893113127
TCA,S,0.207,A,0.10000282533252444
TCC,S,-0.205,C,0.1675638212030117
TCG,S,0.112,G,0.22134621640034263
TCT,S,-0.012,T,0.10039246223363296
AGA,R,0.105,A,0.125825354253833
AGG,R,-0.08,G,0.19164214251883846
CGA,R,0.056,A,0.2550070591116379
CGC,R,-0.258,C,0.20478423811597884
CGG,R,-0.242,G,0.44773396152046707
CGT,R,0.058,T,0.15994716779755067
CTA,L,-0.02,A,0.10009889398735712
CTC,L,-0.068,C,0.17489580339235172
CTG,L,-0.198,G,0.16115802831676265
CTT,L,-0.252,T,0.08671490906667112
TTA,L,0.193,A,0.06738402457505681
TTG,L,0.033,G,0.1057158984072032
CCA,P,0.134,A,0.126938967332951
CCC,P,0.434,C,0.20576282568380364
CCG,P,0.061,G,0.20146347204799106
CCT,P,-0.302,T,0.12286030482702863
CAC,H,0.52,C,0.198738679334955
CAT,H,-0.52,T,0.198738679334955
CAA,Q,-0.108,A,0.1323728134688249
CAG,Q,0.108,G,0.13237281346882493
GTA,V,-0.296,A,0.10139835299418042
GTC,V,0.286,C,0.2326445508965892
GTG,V,0.193,G,0.13006094958413458
GTT,V,0.124,T,0.10057343571764812
GCA,A,0.463,A,0.09879177727677975
GCC,A,-0.576,C,0.15462821486496886
GCG,A,0.155,G,0.18607201696308429
GCT,A,-0.23,T,0.0956649139619805
GAC,D,0.021,C,0.1551180687048363
GAT,D,-0.021,T,0.1551180687048363
GAA,E,0.224,A,0.11380330589298437
GAG,E,-0.224,G,0.11380330589298437
GGA,G,0.002,A,0.1301599261606409
GGC,G,-0.189,C,0.14149083101766413
GGG,G,-0.089,G,0.19026271499393918
GGT,G,0.169,T,0.11857220026484179
TTC,F,-0.218,C,0.14551053633340189
TTT,F,0.218,T,0.14551053633340189
TAC,Y,0.099,C,0.15724128639812293
TAT,Y,-0.099,T,0.15724128639812293
TGC,C,-0.21,C,0.25925526339524835
TGT,C,0.21,T,0.25925526339524835
