codon,amino_acid,Riemerella,third_nucl,standard_error
ATA,I,0.359,A,0.06640971523147048
ATC,I,-0.2,C,0.08644915377660121
ATT,I,-0.233,T,0.06457476738177119
ACA,T,0.715,A,0.0884721364803165
ACC,T,-0.474,C,0.10757034265866204
ACG,T,-0.266,G,0.14400644650905012
ACT,T,-0.316,T,0.09048061724533929
AAC,N,-0.041,C,0.08206704340840502
AAT,N,0.041,T,0.08206704340840502
AAA,K,0.574,A,0.07547842525486285
AAG,K,-0.574,G,0.07547842525486285
AGC,S,-0.206,C,0.13212260891230088
AGT,S,0.301,T,0.09052149433123115
TCA,S,0.937,A,0.1044452461401067
TCC,S,-0.505,C,0.1711396305454438
TCG,S,-0.346,G,0.15935149214030553
TCT,S,-0.586,T,0.08457360807188849
AGA,R,0.31,A,0.11071512544403465
AGG,R,-0.375,G,0.17897367148758508
CGA,R,0.017,A,0.20763073422901224
CGC,R,-0.168,C,0.25103710853409184
CGG,R,-0.628,G,0.43200909272708804
CGT,R,-0.198,T,0.16293993584270453
CTA,L,-0.21,A,0.08075543782735209
CTC,L,-0.012,C,0.1282416378502765
CTG,L,-0.117,G,0.1519663328904973
CTT,L,-0.294,T,0.07471702541443666
TTA,L,0.603,A,0.06155517704353006
TTG,L,-0.494,G,0.08269228836741097
CCA,P,0.526,A,0.12685172228020147
CCC,P,0.356,C,0.20524302499432434
CCG,P,-0.07,G,0.22965320237596834
CCT,P,-0.581,T,0.12239668108270932
CAC,H,-0.606,C,0.16578685510521846
CAT,H,0.606,T,0.16578685510521848
CAA,Q,0.212,A,0.1259830079498735
CAG,Q,-0.212,G,0.1259830079498735
GTA,V,0.2,A,0.08152083661142459
GTC,V,0.244,C,0.18801587198865025
GTG,V,-0.582,G,0.11400076739474016
GTT,V,0.078,T,0.08638754690536132
GCA,A,0.422,A,0.0892019749385593
GCC,A,-0.085,C,0.12690542166693683
GCG,A,-0.085,G,0.1390366360358217
GCT,A,-0.341,T,0.08949056706122985
GAC,D,0.124,C,0.11397332135287769
GAT,D,-0.124,T,0.11397332135287769
GAA,E,0.404,A,0.09248210850331567
GAG,E,-0.404,G,0.09248210850331569
GGA,G,0.458,A,0.09095242921092318
GGC,G,-0.219,C,0.1363432993103397
GGG,G,-0.042,G,0.12548728312218133
GGT,G,-0.376,T,0.0978678093845441
TTC,F,-0.19,C,0.10080933683299682
TTT,F,0.19,T,0.10080933683299682
TAC,Y,-0.051,C,0.11051887245464183
TAT,Y,0.051,T,0.11051887245464184
TGC,C,0.049,C,0.2417282387870158
TGT,C,-0.049,T,0.24172823878701577
