codon,amino_acid,Rippkaea,third_nucl,standard_error
ATA,I,0.328,A,0.07362989904948969
ATC,I,0.023,C,0.05447842197155926
ATT,I,-0.164,T,0.04862515281023765
ACA,T,0.362,A,0.0627694684895373
ACC,T,-0.298,C,0.05490144569171004
ACG,T,-0.467,G,0.07829936733272891
ACT,T,0.244,T,0.05540347716105998
AAC,N,0.44,C,0.06396978388756178
AAT,N,-0.44,T,0.06396978388756178
AAA,K,0.202,A,0.06605026018071518
AAG,K,-0.202,G,0.06605026018071518
AGC,S,-0.104,C,0.08258214568311638
AGT,S,-0.321,T,0.05627250271616051
TCA,S,0.291,A,0.06712576394733027
TCC,S,0.16,C,0.07355709108967895
TCG,S,-0.241,G,0.09798778401829054
TCT,S,0.136,T,0.05497799230860925
AGA,R,0.431,A,0.07620566892750572
AGG,R,0.014,G,0.13345914843350246
CGA,R,-0.002,A,0.0788155682585442
CGC,R,-0.116,C,0.07814785543037248
CGG,R,-0.627,G,0.10812224764365118
CGT,R,0.011,T,0.07045756798296027
CTA,L,0.407,A,0.05801135657671311
CTC,L,0.014,C,0.06390565784745203
CTG,L,0.119,G,0.0717930952068945
CTT,L,0.404,T,0.05938948434400971
TTA,L,-0.353,A,0.03921452337015434
TTG,L,-0.118,G,0.05816603737376093
CCA,P,0.272,A,0.07790068288458703
CCC,P,-0.22,C,0.06363185482133771
CCG,P,-0.018,G,0.10166789149313159
CCT,P,0.042,T,0.06138293819986701
CAC,H,0.361,C,0.10812222390958072
CAT,H,-0.361,T,0.10812222390958072
CAA,Q,0.114,A,0.07171121305299717
CAG,Q,-0.114,G,0.07171121305299717
GTA,V,0.152,A,0.07043999226899203
GTC,V,-0.388,C,0.06895477801237379
GTG,V,0.048,G,0.06929211580382479
GTT,V,0.128,T,0.054685253407830973
GCA,A,0.337,A,0.06478962278939177
GCC,A,-0.14,C,0.06437674305548308
GCG,A,-0.429,G,0.08275144272352827
GCT,A,0.069,T,0.057846019635651884
GAC,D,0.334,C,0.07171552961108209
GAT,D,-0.334,T,0.07171552961108209
GAA,E,-0.035,A,0.07308627285428582
GAG,E,0.035,G,0.07308627285428582
GGA,G,-0.039,A,0.0649109136337874
GGC,G,0.183,C,0.09162902522194061
GGG,G,-0.514,G,0.08464130685405014
GGT,G,0.362,T,0.07330801292855073
TTC,F,0.41,C,0.08586473146788721
TTT,F,-0.41,T,0.08586473146788721
TAC,Y,0.469,C,0.08961162608994792
TAT,Y,-0.469,T,0.08961162608994792
TGC,C,0.092,C,0.16791531901964923
TGT,C,-0.092,T,0.16791531901964923
