codon,amino_acid,Robiginitalea,third_nucl,standard_error
ATA,I,1.03,A,0.0890869789992429
ATC,I,-0.63,C,0.059384904214083684
ATT,I,0.121,T,0.06356502962094025
ACA,T,1.105,A,0.096738368323301
ACC,T,-0.413,C,0.06682534209463974
ACG,T,-0.543,G,0.07927043934793979
ACT,T,0.568,T,0.11498831573603008
AAC,N,-0.422,C,0.07876807420668362
AAT,N,0.422,T,0.07876807420668362
AAA,K,0.717,A,0.06364590399782712
AAG,K,-0.717,G,0.06364590399782712
AGC,S,-0.362,C,0.076755825362561
AGT,S,0.379,T,0.10463302779667506
TCA,S,1.114,A,0.12348849263805392
TCC,S,-0.246,C,0.06908144133069931
TCG,S,-0.279,G,0.09616271834593783
TCT,S,0.395,T,0.12458425800763866
AGA,R,2.072,A,0.14310039841006417
AGG,R,0.278,G,0.10563897546223283
CGA,R,1.234,A,0.10945285461680071
CGC,R,-0.321,C,0.07162347395659842
CGG,R,-1.294,G,0.07282623900527396
CGT,R,0.327,T,0.11344276916132617
CTA,L,1.241,A,0.13349193549691932
CTC,L,-0.194,C,0.05814702754174324
CTG,L,-0.752,G,0.047824618757192794
CTT,L,0.44,T,0.07815365293867177
TTA,L,1.294,A,0.10101551765725282
TTG,L,0.253,G,0.06568376588767419
CCA,P,1.111,A,0.12386657872880874
CCC,P,-0.031,C,0.08118370039992966
CCG,P,-0.724,G,0.0824232067630904
CCT,P,0.56,T,0.1231762537385873
CAC,H,-0.594,C,0.11552499419086414
CAT,H,0.594,T,0.11552499419086414
CAA,Q,1.07,A,0.09120063745777258
CAG,Q,-1.07,G,0.09120063745777258
GTA,V,0.754,A,0.0758901102560022
GTC,V,-0.235,C,0.07926989007149406
GTG,V,-0.909,G,0.07665033228628894
GTT,V,0.509,T,0.08285671575110543
GCA,A,1.035,A,0.07407409645098807
GCC,A,-0.585,C,0.05970026470916815
GCG,A,-0.447,G,0.07973535209442514
GCT,A,0.389,T,0.09395740652964026
GAC,D,-0.18,C,0.0757182304842474
GAT,D,0.18,T,0.0757182304842474
GAA,E,0.724,A,0.06992644117127268
GAG,E,-0.724,G,0.06992644117127268
GGA,G,0.878,A,0.08068031187933476
GGC,G,-0.202,C,0.07197658564963416
GGG,G,-0.581,G,0.07505055343772069
GGT,G,0.167,T,0.10006776748190216
TTC,F,-0.109,C,0.07058153846249857
TTT,F,0.109,T,0.07058153846249857
TAC,Y,-0.358,C,0.08784574476313046
TAT,Y,0.358,T,0.08784574476313046
TGC,C,-0.198,C,0.1718450717233041
TGT,C,0.198,T,0.1718450717233041
