codon,amino_acid,Rodentibacter,third_nucl,standard_error
ATA,I,0.111,A,0.0956147622508751
ATC,I,0.113,C,0.076093505874441
ATT,I,-0.139,T,0.06626623012168116
ACA,T,0.394,A,0.07942703945311616
ACC,T,-0.173,C,0.08051848742046504
ACG,T,-0.752,G,0.1011101615430725
ACT,T,0.303,T,0.08881868060582689
AAC,N,0.121,C,0.08309068734229236
AAT,N,-0.121,T,0.08309068734229236
AAA,K,0.126,A,0.09462027266256569
AAG,K,-0.126,G,0.09462027266256569
AGC,S,-0.346,C,0.10011061032566211
AGT,S,-0.132,T,0.0867356293983678
TCA,S,0.462,A,0.08766119333721546
TCC,S,-0.096,C,0.10601641205399026
TCG,S,-0.428,G,0.13098288371550557
TCT,S,0.184,T,0.08571785678531779
AGA,R,0.846,A,0.12328325374158804
AGG,R,0.29,G,0.27360750856502447
CGA,R,0.465,A,0.12937327618498395
CGC,R,-0.292,C,0.10885087875022481
CGG,R,-0.878,G,0.1840734168463205
CGT,R,-0.275,T,0.08808116227157373
CTA,L,0.191,A,0.0971246182282143
CTC,L,0.311,C,0.09755247063583485
CTG,L,-0.154,G,0.11095936672494869
CTT,L,0.189,T,0.06763803394461158
TTA,L,0.046,A,0.05356061010745433
TTG,L,-0.514,G,0.07278997957749496
CCA,P,0.262,A,0.1106231363329399
CCC,P,0.311,C,0.13623306047587655
CCG,P,-0.665,G,0.1070322857391226
CCT,P,0.248,T,0.10343113250406005
CAC,H,0.111,C,0.13386687849599074
CAT,H,-0.111,T,0.13386687849599072
CAA,Q,0.327,A,0.10168568347815514
CAG,Q,-0.327,G,0.10168568347815515
GTA,V,0.119,A,0.08473768625159238
GTC,V,-0.277,C,0.11599210752381842
GTG,V,-0.375,G,0.08699599556163591
GTT,V,0.359,T,0.08033434104018192
GCA,A,0.421,A,0.07048753980038214
GCC,A,-0.38,C,0.08773566501385387
GCG,A,-0.397,G,0.08913800732702529
GCT,A,0.122,T,0.08194454695747487
GAC,D,0.089,C,0.11268426770371484
GAT,D,-0.089,T,0.11268426770371484
GAA,E,0.376,A,0.10051950316734296
GAG,E,-0.376,G,0.10051950316734296
GGA,G,0.113,A,0.1058487485601475
GGC,G,0.18,C,0.09537477022109349
GGG,G,-0.446,G,0.13384360190826172
GGT,G,-0.019,T,0.08633682769520347
TTC,F,-0.336,C,0.09554164914994977
TTT,F,0.336,T,0.09554164914994977
TAC,Y,0.144,C,0.11807559005605132
TAT,Y,-0.144,T,0.11807559005605134
TGC,C,0.128,C,0.185396912276587
TGT,C,-0.128,T,0.18539691227658703
