codon,amino_acid,Romboutsia,third_nucl,standard_error
ATA,I,-0.221,A,0.060787217758401624
ATC,I,0.181,C,0.1399228257224982
ATT,I,0.207,T,0.06395885264242994
ACA,T,0.132,A,0.08423701874109148
ACC,T,0.455,C,0.2488828227673212
ACG,T,0.487,G,0.18910035825660446
ACT,T,-0.285,T,0.08460677294279945
AAC,N,0.101,C,0.08503604948098265
AAT,N,-0.101,T,0.08503604948098266
AAA,K,0.116,A,0.06484563280192833
AAG,K,-0.116,G,0.06484563280192832
AGC,S,0.242,C,0.13475848924220168
AGT,S,0.354,T,0.07670664365147294
TCA,S,0.111,A,0.08282976817796305
TCC,S,0.358,C,0.2957149002370209
TCG,S,-0.174,G,0.22264214833512913
TCT,S,-0.66,T,0.08734617232358563
AGA,R,0.019,A,0.12640222873963405
AGG,R,-0.124,G,0.1632573228596284
CGA,R,-0.227,A,0.291241330387417
CGC,R,0.68,C,0.8673366318398428
CGG,R,-0.016,G,1.0011345018956501
CGT,R,0.284,T,0.2353690203651132
CTA,L,0.112,A,0.09419272804677722
CTC,L,0.633,C,0.49442994077236996
CTG,L,0.182,G,0.2880606774493987
CTT,L,-0.602,T,0.0841772726143801
TTA,L,-0.05,A,0.061391562643116855
TTG,L,0.982,G,0.11753780194594117
CCA,P,0.037,A,0.13268173588497173
CCC,P,0.616,C,0.4316502487632002
CCG,P,0.223,G,0.2784953731537486
CCT,P,-0.15,T,0.13628164671376053
CAC,H,0.048,C,0.21873569591537972
CAT,H,-0.048,T,0.21873569591537972
CAA,Q,-0.25,A,0.1935491939663706
CAG,Q,0.25,G,0.1935491939663706
GTA,V,-0.064,A,0.07293187056342856
GTC,V,0.529,C,0.2517883413872302
GTG,V,1.023,G,0.13453618245096743
GTT,V,-0.338,T,0.07577034321201127
GCA,A,0.397,A,0.08866773871315284
GCC,A,0.027,C,0.22407178404622483
GCG,A,0.463,G,0.19121315737727917
GCT,A,-0.514,T,0.09068330844958708
GAC,D,0.31,C,0.10937863589913266
GAT,D,-0.31,T,0.10937863589913265
GAA,E,-0.056,A,0.09095636681249782
GAG,E,0.056,G,0.09095636681249782
GGA,G,0.092,A,0.08264493225390039
GGC,G,0.628,C,0.18142097836280954
GGG,G,0.219,G,0.14991870625105858
GGT,G,-0.313,T,0.08719819735148625
TTC,F,-0.471,C,0.13803587666330194
TTT,F,0.471,T,0.13803587666330194
TAC,Y,0.114,C,0.11454051907266945
TAT,Y,-0.114,T,0.11454051907266946
TGC,C,-0.047,C,0.22367349418011942
TGT,C,0.047,T,0.22367349418011942
