codon,amino_acid,Roseobacter,third_nucl,standard_error
ATA,I,0.86,A,0.09314746359450739
ATC,I,-0.567,C,0.05480336263258603
ATT,I,0.269,T,0.05789280779712047
ACA,T,0.672,A,0.06131256524941117
ACC,T,-0.178,C,0.05258613012593281
ACG,T,-0.61,G,0.05653436563470644
ACT,T,0.479,T,0.08831351228074225
AAC,N,0.016,C,0.07673928522444345
AAT,N,-0.016,T,0.07673928522444345
AAA,K,0.641,A,0.06572407112430564
AAG,K,-0.641,G,0.06572407112430564
AGC,S,-0.008,C,0.06242959080826519
AGT,S,0.126,T,0.09306762664380291
TCA,S,0.501,A,0.08039311799833321
TCC,S,-0.118,C,0.06524891337377424
TCG,S,-0.597,G,0.06911455126081258
TCT,S,0.425,T,0.08528413325775999
AGA,R,1.528,A,0.1217096731469169
AGG,R,0.201,G,0.12454520701763097
CGA,R,0.543,A,0.09587054711709891
CGC,R,-0.392,C,0.05330802974255179
CGG,R,-0.482,G,0.06966315393044321
CGT,R,0.143,T,0.06966677482753965
CTA,L,0.856,A,0.1177632328679823
CTC,L,0.225,C,0.057126620292612756
CTG,L,-0.601,G,0.04232112657079697
CTT,L,0.293,T,0.05364166379430292
TTA,L,1.113,A,0.1214350827840917
TTG,L,0.024,G,0.05153501041977026
CCA,P,0.495,A,0.07754566511525507
CCC,P,0.091,C,0.0634566618926661
CCG,P,-0.585,G,0.06283797604192676
CCT,P,0.291,T,0.08138794764773717
CAC,H,0.15,C,0.089200318595928
CAT,H,-0.15,T,0.089200318595928
CAA,Q,0.557,A,0.07358499649094229
CAG,Q,-0.557,G,0.07358499649094229
GTA,V,0.703,A,0.08821546324199825
GTC,V,-0.235,C,0.05512294966762786
GTG,V,-0.357,G,0.05239379437668148
GTT,V,0.412,T,0.05968914301125149
GCA,A,0.445,A,0.04931660315517057
GCC,A,-0.087,C,0.043808284027482235
GCG,A,-0.512,G,0.04458482282939947
GCT,A,0.455,T,0.05971850883808196
GAC,D,0.098,C,0.054750722017808444
GAT,D,-0.098,T,0.054750722017808444
GAA,E,0.494,A,0.06334559487515153
GAG,E,-0.494,G,0.06334559487515153
GGA,G,0.945,A,0.07865840164544292
GGC,G,-0.209,C,0.053840870438432345
GGG,G,-0.385,G,0.06810055212962611
GGT,G,0.031,T,0.06423145189472303
TTC,F,-0.278,C,0.0660741571738673
TTT,F,0.278,T,0.0660741571738673
TAC,Y,0.107,C,0.09431800989065267
TAT,Y,-0.107,T,0.09431800989065267
TGC,C,-0.002,C,0.1491296381040662
TGT,C,0.002,T,0.1491296381040662
