codon,amino_acid,Roseomonas,third_nucl,standard_error
ATA,I,0.983,A,0.2622957341794224
ATC,I,-0.793,C,0.1212159220340577
ATT,I,0.712,T,0.13490673176541196
ACA,T,1.056,A,0.13747247314815148
ACC,T,0.131,C,0.052771272400625714
ACG,T,-0.427,G,0.0547423548052257
ACT,T,0.622,T,0.16216315975398796
AAC,N,-0.363,C,0.11084097277022342
AAT,N,0.363,T,0.11084097277022342
AAA,K,0.881,A,0.15184557411586697
AAG,K,-0.881,G,0.15184557411586697
AGC,S,0.146,C,0.055285543166541426
AGT,S,0.923,T,0.16441402379842188
TCA,S,0.511,A,0.18427005538728866
TCC,S,0.058,C,0.05462881525223022
TCG,S,-0.667,G,0.06449225155467678
TCT,S,0.91,T,0.17539168034784208
AGA,R,1.831,A,0.23090127044096478
AGG,R,0.894,G,0.10493592157900893
CGA,R,1.485,A,0.1319501789982218
CGC,R,-0.334,C,0.04241895605757713
CGG,R,-0.474,G,0.047873445511834305
CGT,R,0.742,T,0.07757888722963083
CTA,L,0.334,A,0.1883044088950119
CTC,L,0.339,C,0.041395119109846015
CTG,L,-0.82,G,0.03823141623541884
CTT,L,1.045,T,0.08007431650582711
TTA,L,0.786,A,0.3645789973497505
TTG,L,1.162,G,0.08938334884716793
CCA,P,0.68,A,0.11806810677025696
CCC,P,0.355,C,0.04865606680058902
CCG,P,-0.703,G,0.04794956951419342
CCT,P,1.026,T,0.10838660835374464
CAC,H,0.207,C,0.08852893405462355
CAT,H,-0.207,T,0.08852893405462355
CAA,Q,1.15,A,0.12939160162792726
CAG,Q,-1.15,G,0.12939160162792726
GTA,V,0.567,A,0.19667217214681548
GTC,V,0.015,C,0.04910301394026326
GTG,V,-0.288,G,0.04816005728180141
GTT,V,1.139,T,0.11177791091877794
GCA,A,0.815,A,0.08125951856798347
GCC,A,0.059,C,0.03520579382690071
GCG,A,-0.483,G,0.03735862911057702
GCT,A,1.11,T,0.08530259801705928
GAC,D,-0.281,C,0.0608571196366301
GAT,D,0.281,T,0.060857119636630104
GAA,E,0.918,A,0.06306008744889373
GAG,E,-0.918,G,0.06306008744889373
GGA,G,1.088,A,0.09153665339004946
GGC,G,-0.477,C,0.04725380941077581
GGG,G,-0.046,G,0.055214376393905994
GGT,G,0.674,T,0.0855931085343643
TTC,F,-0.955,C,0.13786386614837462
TTT,F,0.955,T,0.13786386614837462
TAC,Y,0.072,C,0.1087776430776772
TAT,Y,-0.072,T,0.1087776430776772
TGC,C,-0.815,C,0.24302163956479225
TGT,C,0.815,T,0.24302163956479225
