codon,amino_acid,Roseateles,third_nucl,standard_error
ATA,I,0.563,A,0.2839545903922883
ATC,I,-0.65,C,0.07973664706754048
ATT,I,0.637,T,0.08182224071354974
ACA,T,1.085,A,0.1225202549456495
ACC,T,-0.156,C,0.05203686190285302
ACG,T,-0.592,G,0.058078518039008036
ACT,T,1.425,T,0.12016703271956056
AAC,N,-0.217,C,0.08754220066940718
AAT,N,0.217,T,0.08754220066940718
AAA,K,1.452,A,0.093272709701824
AAG,K,-1.452,G,0.09327270970182401
AGC,S,-0.484,C,0.051324481741810285
AGT,S,0.443,T,0.10085074363216753
TCA,S,0.784,A,0.1279847458916329
TCC,S,0.437,C,0.0535249444983078
TCG,S,-0.751,G,0.06017849391143204
TCT,S,1.401,T,0.12444620622062723
AGA,R,1.679,A,0.2033697518010103
AGG,R,0.512,G,0.15362539806850314
CGA,R,1.02,A,0.09152827147119506
CGC,R,-0.196,C,0.0469375920146628
CGG,R,-0.927,G,0.06279592788556099
CGT,R,0.567,T,0.06599805155213977
CTA,L,0.669,A,0.20495193476699922
CTC,L,0.698,C,0.04972387387973109
CTG,L,-1.129,G,0.04011118190797741
CTT,L,1.267,T,0.0873662064037449
TTA,L,0.891,A,0.27949083634415545
TTG,L,0.812,G,0.06366895719466836
CCA,P,0.451,A,0.10815979161917329
CCC,P,0.605,C,0.052378747275303526
CCG,P,-1.091,G,0.05201906606883089
CCT,P,1.022,T,0.08969387612293848
CAC,H,0.331,C,0.08230132375719086
CAT,H,-0.331,T,0.08230132375719088
CAA,Q,1.368,A,0.07426039808903179
CAG,Q,-1.368,G,0.07426039808903179
GTA,V,0.867,A,0.16835267062860235
GTC,V,0.417,C,0.05136483885755397
GTG,V,-0.89,G,0.049549126588504924
GTT,V,1.466,T,0.09827914340401411
GCA,A,0.84,A,0.06615959047932873
GCC,A,-0.042,C,0.03714808832476924
GCG,A,-0.616,G,0.04213454966920403
GCT,A,0.771,T,0.0654343721221297
GAC,D,-0.352,C,0.06347476132920275
GAT,D,0.352,T,0.06347476132920275
GAA,E,0.667,A,0.06251972131078475
GAG,E,-0.667,G,0.06251972131078475
GGA,G,0.953,A,0.09115532643077003
GGC,G,-0.489,C,0.05491285017055787
GGG,G,-0.208,G,0.07845028618898049
GGT,G,0.514,T,0.07662605689727067
TTC,F,-0.497,C,0.08206591258871454
TTT,F,0.497,T,0.08206591258871455
TAC,Y,0.085,C,0.10412015502876423
TAT,Y,-0.085,T,0.10412015502876423
TGC,C,-0.97,C,0.19383033548445233
TGT,C,0.97,T,0.19383033548445233
