codon,amino_acid,Roseburia,third_nucl,standard_error
ATA,I,0.733,A,0.06120644624914639
ATC,I,-0.788,C,0.05131932182366176
ATT,I,0.242,T,0.04959115138803939
ACA,T,0.665,A,0.059648168689596784
ACC,T,-0.462,C,0.07564131842372118
ACG,T,-0.388,G,0.07655027952385547
ACT,T,-0.315,T,0.08866284085688356
AAC,N,-0.151,C,0.06535257207968576
AAT,N,0.151,T,0.06535257207968576
AAA,K,0.388,A,0.049711313762023444
AAG,K,-0.388,G,0.049711313762023444
AGC,S,0.104,C,0.07547400741043403
AGT,S,0.628,T,0.0712422926761471
TCA,S,0.332,A,0.07207311106342071
TCC,S,-0.907,C,0.09057349771710355
TCG,S,-0.728,G,0.11697618483978532
TCT,S,-0.187,T,0.08438772945945079
AGA,R,0.964,A,0.06786171456615094
AGG,R,0.078,G,0.10015782276724858
CGA,R,0.642,A,0.1340226711150166
CGC,R,-0.959,C,0.10376129295254648
CGG,R,-0.524,G,0.10439840509837746
CGT,R,-0.842,T,0.08699090409532236
CTA,L,0.427,A,0.13325696730771772
CTC,L,-0.686,C,0.10083309132501891
CTG,L,-0.54,G,0.05588484702522128
CTT,L,-0.631,T,0.059395439755102475
TTA,L,0.753,A,0.05180202641142342
TTG,L,0.526,G,0.06632787674314605
CCA,P,0.555,A,0.09607769061455404
CCC,P,0.353,C,0.17948898390005244
CCG,P,-0.659,G,0.0885627101308058
CCT,P,0.223,T,0.11872837868929362
CAC,H,-0.026,C,0.1280010989308656
CAT,H,0.026,T,0.1280010989308656
CAA,Q,0.904,A,0.09231620781622132
CAG,Q,-0.904,G,0.09231620781622131
GTA,V,0.613,A,0.058358160382735794
GTC,V,-0.549,C,0.08055251454969452
GTG,V,-0.216,G,0.06142996799350005
GTT,V,-0.14,T,0.06300582822051785
GCA,A,0.51,A,0.05651733488087725
GCC,A,-0.521,C,0.09117040517631012
GCG,A,-0.419,G,0.07459286829733942
GCT,A,-0.104,T,0.0785982492044587
GAC,D,0.02,C,0.06906503629681189
GAT,D,-0.02,T,0.06906503629681189
GAA,E,0.74,A,0.05362332943584823
GAG,E,-0.74,G,0.05362332943584823
GGA,G,0.233,A,0.05970397009990444
GGC,G,-0.168,C,0.0781788341734466
GGG,G,-0.023,G,0.09217142076672152
GGT,G,-0.174,T,0.07115355039990334
TTC,F,-0.521,C,0.08553882652954035
TTT,F,0.521,T,0.08553882652954035
TAC,Y,0.187,C,0.07651960795464943
TAT,Y,-0.187,T,0.07651960795464943
TGC,C,-0.351,C,0.12635780916226916
TGT,C,0.351,T,0.12635780916226916
