codon,amino_acid,Roseovarius,third_nucl,standard_error
ATA,I,1.06,A,0.11326289713849472
ATC,I,-0.844,C,0.0593755628808678
ATT,I,0.647,T,0.06569052137445758
ACA,T,1.234,A,0.08386009259510427
ACC,T,-0.18,C,0.044254045904481565
ACG,T,-0.56,G,0.04832270676831499
ACT,T,1.117,T,0.1190937262483204
AAC,N,-0.345,C,0.07909420849137276
AAT,N,0.345,T,0.07909420849137275
AAA,K,1.169,A,0.06532029383853208
AAG,K,-1.169,G,0.06532029383853208
AGC,S,-0.047,C,0.05305550755325863
AGT,S,0.835,T,0.11328941600087993
TCA,S,1.083,A,0.1208112611245231
TCC,S,0.27,C,0.05815044380917171
TCG,S,-0.836,G,0.05364147492950438
TCT,S,0.749,T,0.1092287143759128
AGA,R,1.97,A,0.13379025041367038
AGG,R,0.71,G,0.09745868766676541
CGA,R,0.872,A,0.09896550740064088
CGC,R,-0.317,C,0.04326728447615215
CGG,R,-0.738,G,0.05071728687081742
CGT,R,0.636,T,0.07550923932666305
CTA,L,0.814,A,0.1475768201974305
CTC,L,-0.078,C,0.03990764062476244
CTG,L,-0.516,G,0.03583695948865232
CTT,L,0.586,T,0.049697436708923834
TTA,L,1.321,A,0.22548041146701914
TTG,L,0.467,G,0.060120984177345085
CCA,P,0.974,A,0.10550524925854464
CCC,P,0.223,C,0.049918494407292936
CCG,P,-0.594,G,0.04982634477606435
CCT,P,0.548,T,0.10263415703149938
CAC,H,-0.219,C,0.07923954834640917
CAT,H,0.219,T,0.07923954834640917
CAA,Q,0.962,A,0.07873744611669481
CAG,Q,-0.962,G,0.0787374461166948
GTA,V,1.075,A,0.10480068081367928
GTC,V,-0.201,C,0.04531468388328229
GTG,V,-0.352,G,0.04500429464830954
GTT,V,0.718,T,0.06659098994791603
GCA,A,1.045,A,0.05766349043508785
GCC,A,-0.158,C,0.03472154261400377
GCG,A,-0.496,G,0.03700713323940833
GCT,A,0.872,T,0.07740158835763238
GAC,D,-0.225,C,0.04950107433565897
GAT,D,0.225,T,0.04950107433565897
GAA,E,0.789,A,0.04939452123270897
GAG,E,-0.789,G,0.04939452123270897
GGA,G,1.232,A,0.07860803226689897
GGC,G,-0.454,C,0.04465374667689857
GGG,G,-0.164,G,0.05254625702124873
GGT,G,0.414,T,0.07073239984065152
TTC,F,-0.716,C,0.06885070709989011
TTT,F,0.716,T,0.06885070709989011
TAC,Y,-0.096,C,0.08241231794644853
TAT,Y,0.096,T,0.08241231794644853
TGC,C,-0.073,C,0.14607012927446283
TGT,C,0.073,T,0.14607012927446283
