codon,amino_acid,Roseibacterium,third_nucl,standard_error
ATA,I,0.936,A,0.22572956309362446
ATC,I,-0.706,C,0.09173120649281143
ATT,I,0.618,T,0.09799719839134105
ACA,T,0.92,A,0.11168685085144588
ACC,T,0.03,C,0.05949185995447892
ACG,T,-0.502,G,0.06351193378475226
ACT,T,0.85,T,0.1876691474166596
AAC,N,-0.156,C,0.11117318491989464
AAT,N,0.156,T,0.11117318491989464
AAA,K,0.747,A,0.09731672806650474
AAG,K,-0.747,G,0.09731672806650475
AGC,S,0.222,C,0.07444656388447342
AGT,S,0.319,T,0.1443473842607364
TCA,S,1.014,A,0.1882082423581403
TCC,S,0.372,C,0.08198486668815141
TCG,S,-0.878,G,0.07201365700474457
TCT,S,0.726,T,0.17584841843898055
AGA,R,1.664,A,0.22557298391364128
AGG,R,0.421,G,0.13904712041261433
CGA,R,1.094,A,0.12727005652678425
CGC,R,-0.434,C,0.05675953899730068
CGG,R,-0.455,G,0.07116101348384274
CGT,R,0.614,T,0.09058883239304824
CTA,L,0.898,A,0.217329433175159
CTC,L,0.291,C,0.06130779589062649
CTG,L,-0.669,G,0.048004461471463714
CTT,L,0.821,T,0.07451087034108227
TTA,L,0.867,A,0.39639030538119285
TTG,L,0.144,G,0.0695940172373054
CCA,P,0.729,A,0.13486736820649092
CCC,P,0.108,C,0.06288144281990342
CCG,P,-0.45,G,0.06397204758310096
CCT,P,0.669,T,0.13452505321058725
CAC,H,0.246,C,0.1055271768994946
CAT,H,-0.246,T,0.1055271768994946
CAA,Q,0.704,A,0.10220075936465518
CAG,Q,-0.704,G,0.1022007593646552
GTA,V,0.991,A,0.18507377494346086
GTC,V,-0.3,C,0.060753840071045805
GTG,V,-0.116,G,0.06007735247725471
GTT,V,0.767,T,0.09778965530023712
GCA,A,1.006,A,0.07875442479425905
GCC,A,-0.157,C,0.04468122005157393
GCG,A,-0.408,G,0.0476926447047203
GCT,A,1.043,T,0.11606806381593007
GAC,D,0.139,C,0.06397347266620149
GAT,D,-0.139,T,0.06397347266620149
GAA,E,0.575,A,0.07071061675142223
GAG,E,-0.575,G,0.07071061675142223
GGA,G,1.244,A,0.1101432334328685
GGC,G,-0.376,C,0.058809153662939526
GGG,G,-0.243,G,0.0687801347264859
GGT,G,0.43,T,0.08903280115925635
TTC,F,-0.149,C,0.08573653166139651
TTT,F,0.149,T,0.08573653166139651
TAC,Y,-0.077,C,0.11357676095607087
TAT,Y,0.077,T,0.11357676095607087
TGC,C,-0.322,C,0.2091681008508978
TGT,C,0.322,T,0.2091681008508978
