codon,amino_acid,Roseitalea,third_nucl,standard_error
ATA,I,1.328,A,0.2105318163451104
ATC,I,-0.994,C,0.09655004495919504
ATT,I,0.829,T,0.10636012419712207
ACA,T,1.42,A,0.13539102841299772
ACC,T,-0.055,C,0.05925864221033019
ACG,T,-0.433,G,0.06101219234735277
ACT,T,0.718,T,0.19500062333104354
AAC,N,0.01,C,0.10587679964953911
AAT,N,-0.01,T,0.10587679964953911
AAA,K,1.527,A,0.12257469489914108
AAG,K,-1.527,G,0.12257469489914108
AGC,S,0.127,C,0.07131272001185171
AGT,S,0.996,T,0.19268058013625966
TCA,S,1.252,A,0.16908246632548632
TCC,S,0.262,C,0.07782446949447279
TCG,S,-0.842,G,0.06863853026086245
TCT,S,0.996,T,0.22986097578027476
AGA,R,1.983,A,0.22572019013122044
AGG,R,0.693,G,0.1177273106642233
CGA,R,1.207,A,0.1324277023340595
CGC,R,-0.437,C,0.05458392385195147
CGG,R,-0.457,G,0.06553200550724317
CGT,R,0.484,T,0.09468110481644745
CTA,L,0.883,A,0.25699018576127464
CTC,L,-0.138,C,0.05379855535507215
CTG,L,-0.532,G,0.04873622281646946
CTT,L,0.646,T,0.07215955854447594
TTA,L,0.296,A,0.40363707759700795
TTG,L,1.141,G,0.10191858385749494
CCA,P,0.967,A,0.15023296569710065
CCC,P,0.264,C,0.06776977208680758
CCG,P,-0.567,G,0.06494137036753334
CCT,P,0.699,T,0.16292251554542903
CAC,H,-0.116,C,0.10442279353404518
CAT,H,0.116,T,0.10442279353404518
CAA,Q,1.402,A,0.13067129913055103
CAG,Q,-1.402,G,0.13067129913055103
GTA,V,0.805,A,0.17761516631833218
GTC,V,-0.268,C,0.056806535030857086
GTG,V,-0.109,G,0.059240995566247595
GTT,V,0.784,T,0.09665214763141006
GCA,A,1.257,A,0.08006118103297392
GCC,A,-0.165,C,0.04214443554067127
GCG,A,-0.458,G,0.0441385690009184
GCT,A,0.968,T,0.10495234155496498
GAC,D,-0.094,C,0.06515861924218133
GAT,D,0.094,T,0.06515861924218132
GAA,E,0.835,A,0.06736493640517022
GAG,E,-0.835,G,0.06736493640517022
GGA,G,1.131,A,0.09895746600046057
GGC,G,-0.696,C,0.06102162850697317
GGG,G,0.041,G,0.08627207192119161
GGT,G,0.544,T,0.09278524928307498
TTC,F,-0.513,C,0.09999742843825447
TTT,F,0.513,T,0.09999742843825447
TAC,Y,-0.116,C,0.11601411312898281
TAT,Y,0.116,T,0.11601411312898283
TGC,C,-0.226,C,0.2614346330903293
TGT,C,0.226,T,0.2614346330903293
