codon,amino_acid,Rothia,third_nucl,standard_error
ATA,I,0.336,A,0.1135250833903956
ATC,I,-0.117,C,0.07988627825261516
ATT,I,-0.046,T,0.07653362274836649
ACA,T,0.448,A,0.09617901838236767
ACC,T,-0.4,C,0.06733001341417671
ACG,T,-0.32,G,0.09291146606131928
ACT,T,0.522,T,0.08576161608638412
AAC,N,-0.142,C,0.09294131985676979
AAT,N,0.142,T,0.09294131985676979
AAA,K,0.313,A,0.0859020141499972
AAG,K,-0.313,G,0.0859020141499972
AGC,S,0.258,C,0.08000110503401203
AGT,S,0.299,T,0.11463720926825334
TCA,S,0.182,A,0.09779175326515031
TCC,S,-0.251,C,0.08384122640471763
TCG,S,-0.722,G,0.09621851138565042
TCT,S,0.26,T,0.09290751195465319
AGA,R,1.089,A,0.19659538500287277
AGG,R,0.4,G,0.1629786941938687
CGA,R,0.872,A,0.15116206678028654
CGC,R,-0.098,C,0.07524199548791528
CGG,R,-0.594,G,0.10600139925688949
CGT,R,-0.115,T,0.08195866813643256
CTA,L,0.456,A,0.11140688839837067
CTC,L,0.185,C,0.07684710776351647
CTG,L,-0.838,G,0.06676107047757628
CTT,L,0.394,T,0.07891727567088427
TTA,L,0.455,A,0.1182286278018528
TTG,L,0.336,G,0.09879263150014735
CCA,P,0.113,A,0.11935412168601255
CCC,P,0.344,C,0.0797512852794453
CCG,P,-0.626,G,0.08410526699781055
CCT,P,0.263,T,0.09977713214537277
CAC,H,0.078,C,0.12040904307539024
CAT,H,-0.078,T,0.12040904307539024
CAA,Q,0.661,A,0.1151313796934154
CAG,Q,-0.661,G,0.1151313796934154
GTA,V,0.166,A,0.09266806449345316
GTC,V,-0.113,C,0.09718085833680622
GTG,V,-0.062,G,0.06675291756588332
GTT,V,0.043,T,0.07959732849627366
GCA,A,0.719,A,0.06953673784372523
GCC,A,-0.305,C,0.06369290889984273
GCG,A,-0.557,G,0.07106713567229052
GCT,A,0.186,T,0.068187418181947
GAC,D,-0.124,C,0.08243387230027723
GAT,D,0.124,T,0.08243387230027723
GAA,E,0.889,A,0.07581948735005925
GAG,E,-0.889,G,0.07581948735005926
GGA,G,0.488,A,0.11128231896399937
GGC,G,0.229,C,0.07713944703586083
GGG,G,-0.73,G,0.09563177087007778
GGT,G,0.086,T,0.08225435778262216
TTC,F,-0.365,C,0.10048548172239347
TTT,F,0.365,T,0.10048548172239347
TAC,Y,0.053,C,0.10667317648280672
TAT,Y,-0.053,T,0.10667317648280672
TGC,C,-0.031,C,0.26829897483658416
TGT,C,0.031,T,0.26829897483658416
