codon,amino_acid,Rouxiella,third_nucl,standard_error
ATA,I,0.579,A,0.08031527925211622
ATC,I,-0.512,C,0.05278507061040073
ATT,I,0.24,T,0.0515646026752564
ACA,T,1.165,A,0.08536535424076909
ACC,T,-0.713,C,0.054533561679715084
ACG,T,-0.348,G,0.062074112034344854
ACT,T,0.669,T,0.07103546610043228
AAC,N,-0.375,C,0.06319945884833462
AAT,N,0.375,T,0.06319945884833462
AAA,K,0.554,A,0.05793527769587745
AAG,K,-0.554,G,0.05793527769587745
AGC,S,-0.578,C,0.05491383111321186
AGT,S,0.594,T,0.07112892276933781
TCA,S,0.508,A,0.06770845242171718
TCC,S,0.037,C,0.07227090185837828
TCG,S,-0.668,G,0.07021305394480884
TCT,S,0.382,T,0.0671525896076288
AGA,R,1.129,A,0.10594668574244913
AGG,R,0.193,G,0.12406723712287245
CGA,R,0.677,A,0.10315488160392444
CGC,R,-0.651,C,0.058185662428035745
CGG,R,0.004,G,0.10382323007364598
CGT,R,0.007,T,0.060082643427216045
CTA,L,0.5,A,0.08868913200237279
CTC,L,-0.115,C,0.0564898374333221
CTG,L,-0.933,G,0.04035027767894027
CTT,L,0.276,T,0.05539339730316091
TTA,L,1.29,A,0.06436266836580734
TTG,L,0.307,G,0.05523513028173981
CCA,P,0.476,A,0.07805038892604382
CCC,P,0.572,C,0.08173748938182859
CCG,P,-0.845,G,0.06508017731437864
CCT,P,0.214,T,0.07117295863798108
CAC,H,-0.363,C,0.08664876025640231
CAT,H,0.363,T,0.08664876025640231
CAA,Q,1.248,A,0.06653229050080763
CAG,Q,-1.248,G,0.06653229050080763
GTA,V,0.564,A,0.06897213506972362
GTC,V,-0.274,C,0.060005610412542536
GTG,V,-0.468,G,0.05440279800876493
GTT,V,0.374,T,0.056390236420582336
GCA,A,0.637,A,0.05445682856766139
GCC,A,-0.453,C,0.04892688415033524
GCG,A,-0.577,G,0.05212890886423382
GCT,A,0.714,T,0.060422450725013135
GAC,D,-0.56,C,0.061112980518039366
GAT,D,0.56,T,0.061112980518039366
GAA,E,0.718,A,0.06282863463660764
GAG,E,-0.718,G,0.06282863463660764
GGA,G,0.685,A,0.08135098774347008
GGC,G,-0.396,C,0.06008041672681021
GGG,G,-0.111,G,0.08660424410981156
GGT,G,0.112,T,0.06407123949664942
TTC,F,-0.738,C,0.06752196316463303
TTT,F,0.738,T,0.06752196316463303
TAC,Y,-0.125,C,0.08434906084402662
TAT,Y,0.125,T,0.08434906084402662
TGC,C,-0.348,C,0.14226468054315541
TGT,C,0.348,T,0.14226468054315544
