codon,amino_acid,Ruania,third_nucl,standard_error
ATA,I,0.955,A,0.30901179779204563
ATC,I,-0.722,C,0.12487317495513606
ATT,I,0.656,T,0.13513565471819172
ACA,T,0.977,A,0.10813056282229562
ACC,T,-0.35,C,0.047318353486411016
ACG,T,-0.154,G,0.053953548966393
ACT,T,0.674,T,0.08402874477562902
AAC,N,-0.417,C,0.14414546084777508
AAT,N,0.417,T,0.14414546084777508
AAA,K,0.3,A,0.1703271384920075
AAG,K,-0.3,G,0.1703271384920075
AGC,S,0.252,C,0.055954641168039346
AGT,S,0.671,T,0.10467052247525632
TCA,S,0.813,A,0.13397153992162994
TCC,S,-0.444,C,0.05562062953493107
TCG,S,-0.443,G,0.0630500653594483
TCT,S,0.696,T,0.1229228909006631
AGA,R,1.665,A,0.19620608862522865
AGG,R,0.979,G,0.12284080610859492
CGA,R,0.971,A,0.07948640794632238
CGC,R,-0.148,C,0.04664721701331081
CGG,R,-0.756,G,0.04884900701839014
CGT,R,0.41,T,0.0748712921957302
CTA,L,0.817,A,0.15323477984332756
CTC,L,0.064,C,0.044361475190195385
CTG,L,-0.372,G,0.04181732218032258
CTT,L,0.791,T,0.10873132733308143
TTA,L,1.109,A,0.3793566567340737
TTG,L,0.44,G,0.08176792523390966
CCA,P,0.61,A,0.09320926592429
CCC,P,0.301,C,0.05503419522861201
CCG,P,-0.754,G,0.05166538054888846
CCT,P,1.09,T,0.10932687132940354
CAC,H,-0.026,C,0.11146272195974298
CAT,H,0.026,T,0.11146272195974298
CAA,Q,0.57,A,0.12179381238600938
CAG,Q,-0.57,G,0.12179381238600938
GTA,V,0.356,A,0.102176892127879
GTC,V,-0.263,C,0.04462827820408411
GTG,V,0.054,G,0.042398081051366526
GTT,V,0.692,T,0.10481708663851644
GCA,A,0.855,A,0.05681079880880232
GCC,A,-0.337,C,0.036360474473502186
GCG,A,-0.252,G,0.03870205427837373
GCT,A,0.507,T,0.05935377390681902
GAC,D,-0.326,C,0.06346596161165813
GAT,D,0.326,T,0.06346596161165813
GAA,E,0.65,A,0.07038825534368545
GAG,E,-0.65,G,0.07038825534368545
GGA,G,0.752,A,0.07113521337282269
GGC,G,-0.204,C,0.04742977147524142
GGG,G,-0.199,G,0.057872410959694955
GGT,G,0.013,T,0.060902703418688565
TTC,F,-0.717,C,0.17004323004406127
TTT,F,0.717,T,0.17004323004406127
TAC,Y,-0.043,C,0.13521976523601034
TAT,Y,0.043,T,0.13521976523601034
TGC,C,-1.009,C,0.23908061141269202
TGT,C,1.009,T,0.23908061141269202
