codon,amino_acid,Rubrobacter,third_nucl,standard_error
ATA,I,0.316,A,0.07306617552315045
ATC,I,-0.511,C,0.06911736956561614
ATT,I,0.909,T,0.14489741736691153
ACA,T,1.062,A,0.13719036130073878
ACC,T,-0.312,C,0.05542785099929088
ACG,T,-0.029,G,0.05528995770156857
ACT,T,0.734,T,0.14122298208689438
AAC,N,-0.674,C,0.16377672633554555
AAT,N,0.674,T,0.16377672633554555
AAA,K,0.552,A,0.09429182015438906
AAG,K,-0.552,G,0.09429182015438906
AGC,S,0.528,C,0.06048498512753429
AGT,S,1.25,T,0.1695358100374326
TCA,S,0.613,A,0.16467678028364774
TCC,S,-0.706,C,0.06260852895450954
TCG,S,-0.304,G,0.06226511938225361
TCT,S,0.493,T,0.11587308428066742
AGA,R,1.779,A,0.12789051790892583
AGG,R,0.301,G,0.05175506448913054
CGA,R,0.689,A,0.1026156970461136
CGC,R,-0.701,C,0.04706558972892737
CGG,R,-0.172,G,0.04982348450002893
CGT,R,0.24,T,0.08722571015946866
CTA,L,0.503,A,0.11002031999676964
CTC,L,-0.712,C,0.04199069577154589
CTG,L,-0.34,G,0.043214001293058475
CTT,L,0.318,T,0.07918156269103478
TTA,L,0.951,A,0.2288389837730375
TTG,L,1.419,G,0.05938676016728768
CCA,P,0.953,A,0.12948202968154005
CCC,P,-0.282,C,0.059555859064372996
CCG,P,-0.076,G,0.057844968011406234
CCT,P,0.497,T,0.11112105964426572
CAC,H,-0.8,C,0.14762875931410144
CAT,H,0.8,T,0.14762875931410144
CAA,Q,0.784,A,0.11536412004587368
CAG,Q,-0.784,G,0.11536412004587368
GTA,V,0.615,A,0.07480828539175759
GTC,V,-0.962,C,0.04303924096058157
GTG,V,0.586,G,0.042161119882295504
GTT,V,0.511,T,0.07970590487446823
GCA,A,1.062,A,0.08692095663416875
GCC,A,-0.664,C,0.04100170533056097
GCG,A,0.2,G,0.04124147919383976
GCT,A,0.899,T,0.08575827241581865
GAC,D,-0.861,C,0.07369842180213693
GAT,D,0.861,T,0.07369842180213693
GAA,E,0.579,A,0.05552001331495713
GAG,E,-0.579,G,0.05552001331495713
GGA,G,0.736,A,0.06799136771393834
GGC,G,-0.519,C,0.0421633353823101
GGG,G,-0.005,G,0.04553370892462971
GGT,G,0.623,T,0.06943454723447726
TTC,F,-0.789,C,0.09785682498957615
TTT,F,0.789,T,0.09785682498957617
TAC,Y,-0.646,C,0.1714741552348236
TAT,Y,0.646,T,0.1714741552348236
TGC,C,-0.542,C,0.26575783744603443
TGT,C,0.542,T,0.26575783744603443
