codon,amino_acid,Ruegeria,third_nucl,standard_error
ATA,I,1.294,A,0.17790119981984795
ATC,I,-0.899,C,0.07573597195494443
ATT,I,0.727,T,0.0815071429765726
ACA,T,1.21,A,0.0978715385112643
ACC,T,-0.507,C,0.05540049337753739
ACG,T,-0.206,G,0.06498791033986542
ACT,T,0.828,T,0.13355378876668214
AAC,N,-0.054,C,0.09214941486962676
AAT,N,0.054,T,0.09214941486962674
AAA,K,0.971,A,0.07640083830960055
AAG,K,-0.971,G,0.07640083830960055
AGC,S,0.063,C,0.059396277496077246
AGT,S,0.656,T,0.12737163002382015
TCA,S,0.807,A,0.14160593134615712
TCC,S,0.426,C,0.07071413740016
TCG,S,-0.988,G,0.06275608373954593
TCT,S,0.986,T,0.13278773385676818
AGA,R,2.145,A,0.17726948710726376
AGG,R,0.869,G,0.13814032042335014
CGA,R,1.188,A,0.12464659396557931
CGC,R,-0.411,C,0.0494822831974117
CGG,R,-0.605,G,0.058657964767226775
CGT,R,0.56,T,0.0805713614777238
CTA,L,0.927,A,0.18098930595124438
CTC,L,0.584,C,0.05816611002928128
CTG,L,-0.98,G,0.041962106962864114
CTT,L,0.888,T,0.06480475963937686
TTA,L,0.336,A,0.2569787636471054
TTG,L,0.527,G,0.06483308291640862
CCA,P,0.733,A,0.11593509674435333
CCC,P,0.278,C,0.05745472553952362
CCG,P,-0.685,G,0.05823069170679366
CCT,P,0.768,T,0.11365950394739584
CAC,H,0.141,C,0.09078866684287533
CAT,H,-0.141,T,0.09078866684287533
CAA,Q,0.907,A,0.08856504315335934
CAG,Q,-0.907,G,0.08856504315335934
GTA,V,1.04,A,0.12220473662581216
GTC,V,-0.014,C,0.053775864470078386
GTG,V,-0.668,G,0.05333857051767374
GTT,V,0.955,T,0.07681741759712657
GCA,A,0.959,A,0.06305289857035883
GCC,A,-0.068,C,0.039404456295255304
GCG,A,-0.558,G,0.04218073795181878
GCT,A,0.801,T,0.08733280905502974
GAC,D,0.069,C,0.05601408206360487
GAT,D,-0.069,T,0.05601408206360487
GAA,E,0.842,A,0.06097626037918941
GAG,E,-0.842,G,0.060976260379189406
GGA,G,1.19,A,0.08282646566348412
GGC,G,-0.386,C,0.05193044383326674
GGG,G,-0.338,G,0.06484771394170559
GGT,G,0.283,T,0.07442062056212119
TTC,F,-0.395,C,0.06948004934611103
TTT,F,0.395,T,0.06948004934611103
TAC,Y,0.152,C,0.09859482386644455
TAT,Y,-0.152,T,0.09859482386644455
TGC,C,-0.307,C,0.1634335527185354
TGT,C,0.307,T,0.1634335527185354
