codon,amino_acid,Rufibacter,third_nucl,standard_error
ATA,I,0.847,A,0.06364509306820433
ATC,I,-0.369,C,0.05405809588164031
ATT,I,-0.264,T,0.05153018079349343
ACA,T,0.615,A,0.07200243375651981
ACC,T,-0.379,C,0.054765688569974574
ACG,T,-0.177,G,0.08002104637157573
ACT,T,0.127,T,0.06388839816649608
AAC,N,-0.483,C,0.06296268043743848
AAT,N,0.483,T,0.06296268043743848
AAA,K,0.398,A,0.05061422566236921
AAG,K,-0.398,G,0.050614225662369214
AGC,S,-0.328,C,0.06550921557365084
AGT,S,0.218,T,0.0781206508981298
TCA,S,0.177,A,0.07056684514155358
TCC,S,0.132,C,0.06717236882986438
TCG,S,-0.237,G,0.1089602808269133
TCT,S,-0.014,T,0.059488918788636484
AGA,R,1.06,A,0.07319752063719846
AGG,R,-0.194,G,0.09808835146452922
CGA,R,0.676,A,0.1339229223925561
CGC,R,-0.677,C,0.07648235345946541
CGG,R,-0.689,G,0.08851934290007775
CGT,R,-0.142,T,0.08748599553482395
CTA,L,0.44,A,0.07166452474779048
CTC,L,0.321,C,0.062217481074957955
CTG,L,-0.828,G,0.044758966528905
CTT,L,0.482,T,0.05196277543341124
TTA,L,0.481,A,0.0518183064999078
TTG,L,-0.322,G,0.04989006503220901
CCA,P,0.203,A,0.07730282068756592
CCC,P,-0.066,C,0.0758594181857394
CCG,P,-0.34,G,0.08289161105300902
CCT,P,0.137,T,0.0698455664042503
CAC,H,-0.445,C,0.0927818120404552
CAT,H,0.445,T,0.0927818120404552
CAA,Q,0.706,A,0.06593656532306819
CAG,Q,-0.706,G,0.0659365653230682
GTA,V,0.227,A,0.056361946225861215
GTC,V,0.208,C,0.08415483475622879
GTG,V,-0.733,G,0.05787363870238408
GTT,V,0.54,T,0.06512223773905904
GCA,A,0.693,A,0.061680953113777116
GCC,A,-0.483,C,0.052409263456008374
GCG,A,-0.033,G,0.06986694209909448
GCT,A,0.007,T,0.057597851211549235
GAC,D,-0.283,C,0.06754567067064796
GAT,D,0.283,T,0.06754567067064796
GAA,E,0.649,A,0.059362190206459324
GAG,E,-0.649,G,0.05936219020645932
GGA,G,0.44,A,0.07054208139271906
GGC,G,-0.286,C,0.06582808819215452
GGG,G,0.179,G,0.07797763073760747
GGT,G,-0.248,T,0.07342948477108385
TTC,F,-0.31,C,0.05865701766263873
TTT,F,0.31,T,0.05865701766263873
TAC,Y,-0.265,C,0.07248328596425675
TAT,Y,0.265,T,0.07248328596425675
TGC,C,-0.639,C,0.1552138712031025
TGT,C,0.639,T,0.1552138712031025
