codon,amino_acid,Ruminococcus,third_nucl,standard_error
ATA,I,0.029,A,0.04782021100050004
ATC,I,-0.214,C,0.05131825880016732
ATT,I,0.242,T,0.06000324137853775
ACA,T,0.512,A,0.059246967865993976
ACC,T,-0.618,C,0.07120678811096824
ACG,T,-0.055,G,0.08633022124672678
ACT,T,-0.067,T,0.0674483737379721
AAC,N,-0.235,C,0.060197194425722404
AAT,N,0.235,T,0.060197194425722404
AAA,K,0.745,A,0.04712909567033673
AAG,K,-0.745,G,0.04712909567033673
AGC,S,0.078,C,0.06539928611115893
AGT,S,0.437,T,0.07778356065331408
TCA,S,0.215,A,0.06672039696732407
TCC,S,-0.478,C,0.09027476207118629
TCG,S,-0.251,G,0.09058933583974717
TCT,S,-0.295,T,0.07974451480202088
AGA,R,0.826,A,0.06489367705938937
AGG,R,-0.188,G,0.08259346696963762
CGA,R,0.03,A,0.12961282690919776
CGC,R,-0.685,C,0.09731757047202783
CGG,R,-0.327,G,0.1600685801208945
CGT,R,-0.634,T,0.0872075068605926
CTA,L,0.339,A,0.12413953931690035
CTC,L,-0.519,C,0.07760577260849734
CTG,L,-0.392,G,0.05121776695633793
CTT,L,-0.341,T,0.05081600259653517
TTA,L,1.022,A,0.0836239307904402
TTG,L,1.059,G,0.08169487078280531
CCA,P,0.686,A,0.11721334443722305
CCC,P,-0.196,C,0.09839947493794729
CCG,P,-0.027,G,0.09878584428377957
CCT,P,-0.225,T,0.09314229994383667
CAC,H,-0.293,C,0.11409997281090235
CAT,H,0.293,T,0.11409997281090235
CAA,Q,0.959,A,0.11294988560742494
CAG,Q,-0.959,G,0.11294988560742493
GTA,V,0.292,A,0.058605766143656104
GTC,V,-0.28,C,0.07820502003186784
GTG,V,0.081,G,0.06673370638693873
GTT,V,-0.204,T,0.06023852943179947
GCA,A,0.431,A,0.05559582394762652
GCC,A,-0.36,C,0.08296592851127008
GCG,A,0.008,G,0.075735061098399
GCT,A,-0.298,T,0.058682003784964444
GAC,D,-0.184,C,0.061621788309533757
GAT,D,0.184,T,0.061621788309533757
GAA,E,0.708,A,0.0576563567947755
GAG,E,-0.708,G,0.05765635679477551
GGA,G,0.556,A,0.06735864400603278
GGC,G,-0.32,C,0.06538075978470226
GGG,G,0.021,G,0.11676736335091882
GGT,G,-0.19,T,0.06474286490317928
TTC,F,-0.774,C,0.06864247581033862
TTT,F,0.774,T,0.06864247581033862
TAC,Y,-0.16,C,0.07139604638724618
TAT,Y,0.16,T,0.07139604638724617
TGC,C,-0.059,C,0.11253142704291952
TGT,C,0.059,T,0.11253142704291952
