codon,amino_acid,Ruminiclostridium,third_nucl,standard_error
ATA,I,0.056,A,0.04358161066509069
ATC,I,-0.306,C,0.07079540009163224
ATT,I,0.059,T,0.04354775875327769
ACA,T,0.134,A,0.05966030448974846
ACC,T,-0.386,C,0.0821968267439216
ACG,T,0.02,G,0.1002854132390383
ACT,T,0.079,T,0.06449149011105973
AAC,N,-0.188,C,0.05922659984609389
AAT,N,0.188,T,0.05922659984609389
AAA,K,0.46,A,0.045081599234986315
AAG,K,-0.46,G,0.04508159923498632
AGC,S,-0.059,C,0.07207589134217424
AGT,S,0.432,T,0.06212363914073166
TCA,S,0.121,A,0.05947282181478977
TCC,S,-0.597,C,0.09277968568280535
TCG,S,-0.313,G,0.11652932767636971
TCT,S,-0.189,T,0.07066617683108797
AGA,R,0.222,A,0.06644668271584322
AGG,R,-0.102,G,0.08202452522281573
CGA,R,0.192,A,0.1401001944633035
CGC,R,-0.351,C,0.16809765539275254
CGG,R,-0.192,G,0.16411183097005147
CGT,R,-0.296,T,0.10840974579739171
CTA,L,0.309,A,0.0808147842742497
CTC,L,-0.682,C,0.10656627211055998
CTG,L,-0.605,G,0.06300437144394982
CTT,L,-0.641,T,0.05135766717445676
TTA,L,0.615,A,0.047635079258035465
TTG,L,0.39,G,0.05286613623605611
CCA,P,0.521,A,0.09321108096108759
CCC,P,-0.253,C,0.11952922094428037
CCG,P,0.066,G,0.1079421344700916
CCT,P,-0.369,T,0.0899426792715342
CAC,H,-0.151,C,0.1316675818760147
CAT,H,0.151,T,0.1316675818760147
CAA,Q,0.684,A,0.08123485656705712
CAG,Q,-0.684,G,0.08123485656705712
GTA,V,0.031,A,0.05331723197807517
GTC,V,-0.286,C,0.10380397026017434
GTG,V,0.641,G,0.07303109440038158
GTT,V,-0.31,T,0.05372580938247247
GCA,A,0.332,A,0.059466679424460704
GCC,A,-0.626,C,0.09510187602302556
GCG,A,-0.079,G,0.11026995172363366
GCT,A,-0.046,T,0.06348024374863728
GAC,D,-0.325,C,0.06624372809461163
GAT,D,0.325,T,0.06624372809461163
GAA,E,0.375,A,0.06217937225442787
GAG,E,-0.375,G,0.06217937225442787
GGA,G,0.084,A,0.05970271008903889
GGC,G,-0.207,C,0.07838438851498368
GGG,G,0.075,G,0.08744532348025177
GGT,G,0.005,T,0.06325049601102913
TTC,F,-0.547,C,0.07871038957209918
TTT,F,0.547,T,0.07871038957209918
TAC,Y,-0.015,C,0.07464990173042782
TAT,Y,0.015,T,0.07464990173042783
TGC,C,-0.066,C,0.1263598755368156
TGT,C,0.066,T,0.1263598755368156
