codon,amino_acid,Runella,third_nucl,standard_error
ATA,I,0.747,A,0.057172484833768786
ATC,I,-0.178,C,0.04522349879783368
ATT,I,-0.277,T,0.04129951444689863
ACA,T,0.707,A,0.057978234095225054
ACC,T,-0.2,C,0.04743086206850712
ACG,T,-0.66,G,0.05571336153710881
ACT,T,0.29,T,0.05794394033996996
AAC,N,0.016,C,0.05126455088854941
AAT,N,-0.016,T,0.05126455088854941
AAA,K,0.396,A,0.050381152914845344
AAG,K,-0.396,G,0.050381152914845344
AGC,S,-0.3,C,0.06151609029292337
AGT,S,-0.113,T,0.06191715124473468
TCA,S,0.42,A,0.05880221304374746
TCC,S,0.186,C,0.06636870352226201
TCG,S,-0.615,G,0.06232097992944318
TCT,S,0.374,T,0.059107581403970315
AGA,R,1.09,A,0.0777789394489134
AGG,R,-0.002,G,0.12261576979254342
CGA,R,0.071,A,0.0759795339111173
CGC,R,-0.371,C,0.0610358637920711
CGG,R,-0.81,G,0.09367917257266323
CGT,R,-0.031,T,0.061094806455256556
CTA,L,0.303,A,0.060848697205516916
CTC,L,0.167,C,0.049041459671331826
CTG,L,-0.437,G,0.048595666430151584
CTT,L,0.502,T,0.044302817512230024
TTA,L,0.55,A,0.04369504892516456
TTG,L,-0.834,G,0.03957933195435256
CCA,P,0.23,A,0.07085628462362652
CCC,P,-0.147,C,0.06253648650654921
CCG,P,-0.273,G,0.07784234859119704
CCT,P,0.154,T,0.06363452635962336
CAC,H,-0.23,C,0.08257932760720436
CAT,H,0.23,T,0.08257932760720436
CAA,Q,0.673,A,0.06321305159240931
CAG,Q,-0.673,G,0.06321305159240931
GTA,V,0.188,A,0.05050880769308462
GTC,V,0.134,C,0.06238614364107618
GTG,V,-0.709,G,0.057213163492146946
GTT,V,0.338,T,0.05243504446349581
GCA,A,0.641,A,0.0549569892978854
GCC,A,-0.283,C,0.04788861798676946
GCG,A,-0.587,G,0.06120607702629891
GCT,A,0.231,T,0.053470834233357634
GAC,D,-0.019,C,0.05920302739391524
GAT,D,0.019,T,0.05920302739391524
GAA,E,0.469,A,0.06246614366399856
GAG,E,-0.469,G,0.06246614366399856
GGA,G,0.432,A,0.06099380805193987
GGC,G,-0.236,C,0.0612124670806824
GGG,G,-0.197,G,0.07867686208947854
GGT,G,-0.068,T,0.0659398210353384
TTC,F,0.321,C,0.05466613140482549
TTT,F,-0.321,T,0.05466613140482549
TAC,Y,0.121,C,0.06137568156603209
TAT,Y,-0.121,T,0.06137568156603209
TGC,C,-0.164,C,0.1208281183590641
TGT,C,0.164,T,0.1208281183590641
