codon,amino_acid,Saccharospirillum,third_nucl,standard_error
ATA,I,0.794,A,0.1411656469452775
ATC,I,-0.218,C,0.06349906738151727
ATT,I,0.04,T,0.06416885584685662
ACA,T,0.671,A,0.09842214370714168
ACC,T,-0.295,C,0.05999566007183722
ACG,T,-0.336,G,0.0733635914157536
ACT,T,0.496,T,0.08779250774693044
AAC,N,-0.275,C,0.08442583732513018
AAT,N,0.275,T,0.08442583732513018
AAA,K,-0.078,A,0.08247007101485909
AAG,K,0.078,G,0.08247007101485909
AGC,S,-0.312,C,0.06395949189958879
AGT,S,0.233,T,0.08261840745490263
TCA,S,0.471,A,0.10836402943798792
TCC,S,0.242,C,0.07705273682536291
TCG,S,-0.613,G,0.0726494666116378
TCT,S,0.82,T,0.11085183989161823
AGA,R,1.613,A,0.2079998191382874
AGG,R,0.526,G,0.24465920118330273
CGA,R,0.829,A,0.10043346624509022
CGC,R,-0.42,C,0.05945766885464159
CGG,R,-0.597,G,0.09083318988746013
CGT,R,0.24,T,0.07202292022877972
CTA,L,0.439,A,0.14668094448680047
CTC,L,0.25,C,0.06462299708952726
CTG,L,-0.354,G,0.042894314454469264
CTT,L,1.168,T,0.1095704748083694
TTA,L,0.435,A,0.07842499319372759
TTG,L,-0.19,G,0.048841879498371724
CCA,P,0.318,A,0.10155884909796573
CCC,P,0.771,C,0.07648173782680082
CCG,P,-1.254,G,0.07069930881713167
CCT,P,1.328,T,0.1285689943757601
CAC,H,-0.334,C,0.10445299780148573
CAT,H,0.334,T,0.10445299780148572
CAA,Q,0.643,A,0.0704295851199386
CAG,Q,-0.643,G,0.0704295851199386
GTA,V,0.353,A,0.0930071615922395
GTC,V,-0.158,C,0.06232562740213861
GTG,V,-0.312,G,0.05806189376149684
GTT,V,0.444,T,0.06934080612225015
GCA,A,0.467,A,0.075645917404588
GCC,A,-0.087,C,0.049098743027793955
GCG,A,-0.526,G,0.056385429238869474
GCT,A,0.626,T,0.0710103766718622
GAC,D,-0.23,C,0.06549778590924357
GAT,D,0.23,T,0.06549778590924357
GAA,E,0.242,A,0.08571489648316191
GAG,E,-0.242,G,0.08571489648316191
GGA,G,1.237,A,0.12499944434977597
GGC,G,-0.459,C,0.06767524198281515
GGG,G,0.343,G,0.12720208543270003
GGT,G,-0.0,T,0.0744892523149605
TTC,F,-0.33,C,0.07717899590616963
TTT,F,0.33,T,0.07717899590616963
TAC,Y,-0.014,C,0.10318574923084585
TAT,Y,0.014,T,0.10318574923084585
TGC,C,-0.362,C,0.17581779360482935
TGT,C,0.362,T,0.17581779360482933
