codon,amino_acid,Saccharomonospora,third_nucl,standard_error
ATA,I,0.63,A,0.18697611792679913
ATC,I,-0.733,C,0.1078110318762713
ATT,I,0.731,T,0.12770002509335596
ACA,T,0.759,A,0.08282372295865109
ACC,T,-0.313,C,0.04461254816505202
ACG,T,-0.139,G,0.04767407551254878
ACT,T,1.083,T,0.12158533360860774
AAC,N,-0.692,C,0.14724548495644338
AAT,N,0.692,T,0.14724548495644338
AAA,K,0.717,A,0.12138413110367363
AAG,K,-0.717,G,0.12138413110367363
AGC,S,0.282,C,0.05274354395581452
AGT,S,0.745,T,0.1068205896770638
TCA,S,0.721,A,0.1161744794059776
TCC,S,-0.272,C,0.05549998923940013
TCG,S,-0.556,G,0.05189666867756056
TCT,S,1.319,T,0.17942899156320224
AGA,R,1.179,A,0.13428429353583013
AGG,R,-0.032,G,0.0616829600605648
CGA,R,0.733,A,0.06679540380138162
CGC,R,-0.315,C,0.040862700331533656
CGG,R,-0.272,G,0.042469657674572614
CGT,R,0.391,T,0.06464431111027341
CTA,L,0.576,A,0.13861683597437818
CTC,L,0.013,C,0.0409087058657269
CTG,L,-0.398,G,0.03731159135658535
CTT,L,0.493,T,0.08058102130819479
TTA,L,0.939,A,0.3380917461891093
TTG,L,0.541,G,0.05799363324610177
CCA,P,0.599,A,0.08400487334156329
CCC,P,-0.048,C,0.04945361290177154
CCG,P,-0.276,G,0.04673030378833117
CCT,P,0.464,T,0.09208216745376539
CAC,H,-0.414,C,0.11508127541866309
CAT,H,0.414,T,0.11508127541866307
CAA,Q,0.649,A,0.09407645828102597
CAG,Q,-0.649,G,0.09407645828102597
GTA,V,0.333,A,0.09621457839000624
GTC,V,-0.404,C,0.03869888359641398
GTG,V,0.211,G,0.03696414939343384
GTT,V,0.517,T,0.08289395318190498
GCA,A,0.535,A,0.05361362321143879
GCC,A,-0.193,C,0.03428100535063016
GCG,A,-0.24,G,0.03418430999573459
GCT,A,0.758,T,0.06619398227180048
GAC,D,-0.531,C,0.06714688841807744
GAT,D,0.531,T,0.06714688841807744
GAA,E,0.517,A,0.05395687802686606
GAG,E,-0.517,G,0.053956878026866065
GGA,G,0.513,A,0.06593022023046691
GGC,G,-0.428,C,0.04218607637013979
GGG,G,0.133,G,0.05313392379001671
GGT,G,0.233,T,0.05457032919603773
TTC,F,-0.628,C,0.14097694090308538
TTT,F,0.628,T,0.14097694090308538
TAC,Y,-0.547,C,0.14618973716149627
TAT,Y,0.547,T,0.14618973716149627
TGC,C,-0.97,C,0.1902230938323105
TGT,C,0.97,T,0.1902230938323105
