codon,amino_acid,Saccharophagus,third_nucl,standard_error
ATA,I,0.271,A,0.057366643014037065
ATC,I,0.133,C,0.07252877845554177
ATT,I,-0.302,T,0.05278319394992393
ACA,T,0.419,A,0.06349710253689853
ACC,T,-0.409,C,0.05873634943596687
ACG,T,-0.153,G,0.08031357136572784
ACT,T,0.155,T,0.06554590389820515
AAC,N,-0.31,C,0.0616910488319603
AAT,N,0.31,T,0.0616910488319603
AAA,K,0.198,A,0.05984551470055359
AAG,K,-0.198,G,0.0598455147005536
AGC,S,-0.331,C,0.05933756741558534
AGT,S,0.272,T,0.06559957759944995
TCA,S,0.587,A,0.07875660692621679
TCC,S,0.166,C,0.08667137452992521
TCG,S,-0.553,G,0.0787468393315453
TCT,S,0.003,T,0.0659044022432976
AGA,R,0.651,A,0.09340158019609425
AGG,R,0.278,G,0.14039977205567053
CGA,R,0.486,A,0.09218600614208436
CGC,R,-0.646,C,0.06446289324663594
CGG,R,0.067,G,0.13546876777016056
CGT,R,0.035,T,0.0743087080543894
CTA,L,0.006,A,0.055682181225273346
CTC,L,0.083,C,0.07903295139717563
CTG,L,-0.453,G,0.0661920797247858
CTT,L,0.096,T,0.0558181523807676
TTA,L,0.188,A,0.04499086218395701
TTG,L,-0.092,G,0.05174998766881641
CCA,P,0.074,A,0.07226017856765726
CCC,P,0.194,C,0.07579654320706745
CCG,P,-0.354,G,0.09201339399298517
CCT,P,-0.031,T,0.07684387772129843
CAC,H,-0.145,C,0.09236528887745758
CAT,H,0.145,T,0.09236528887745758
CAA,Q,0.174,A,0.07176223365018262
CAG,Q,-0.174,G,0.07176223365018262
GTA,V,-0.233,A,0.05551850149816747
GTC,V,0.42,C,0.10744990727930613
GTG,V,-0.151,G,0.0577847652730197
GTT,V,0.264,T,0.056016967114250193
GCA,A,0.204,A,0.052594778991994544
GCC,A,-0.047,C,0.0553777350349297
GCG,A,-0.31,G,0.05978265238443497
GCT,A,0.097,T,0.05608769214964363
GAC,D,-0.007,C,0.06704068793351002
GAT,D,0.007,T,0.06704068793351002
GAA,E,0.625,A,0.06846746885018618
GAG,E,-0.625,G,0.06846746885018618
GGA,G,0.876,A,0.10646355376012012
GGC,G,-0.447,C,0.06692580476120526
GGG,G,-0.087,G,0.09672257067356234
GGT,G,0.171,T,0.06667032685078493
TTC,F,0.059,C,0.0782291181821084
TTT,F,-0.059,T,0.0782291181821084
TAC,Y,-0.202,C,0.08243574263795779
TAT,Y,0.202,T,0.08243574263795779
TGC,C,-0.225,C,0.13453001664068995
TGT,C,0.225,T,0.13453001664068998
