codon,amino_acid,Saccharothrix,third_nucl,standard_error
ATA,I,0.834,A,0.2716515997592035
ATC,I,-1.394,C,0.16102478057294012
ATT,I,1.61,T,0.20069307643791018
ACA,T,1.764,A,0.14933487215456923
ACC,T,-0.383,C,0.03749578186624049
ACG,T,0.024,G,0.038871574367641215
ACT,T,2.189,T,0.20066909971063393
AAC,N,-1.302,C,0.22507558661148375
AAT,N,1.302,T,0.22507558661148375
AAA,K,1.145,A,0.1415702141018966
AAG,K,-1.145,G,0.1415702141018966
AGC,S,0.221,C,0.04389703114798622
AGT,S,1.577,T,0.1640004539532042
TCA,S,1.335,A,0.14347954123618642
TCC,S,-0.047,C,0.04397216387889973
TCG,S,-0.607,G,0.04268702646115395
TCT,S,1.828,T,0.22724481686794087
AGA,R,2.191,A,0.18135555516930293
AGG,R,1.004,G,0.060147534291378986
CGA,R,1.615,A,0.08115066368719408
CGC,R,-0.355,C,0.02988609466695417
CGG,R,-0.619,G,0.030919439644716027
CGT,R,1.392,T,0.08525251044528956
CTA,L,1.243,A,0.23062776354289108
CTC,L,0.323,C,0.03263377627994454
CTG,L,-0.795,G,0.03010386631569809
CTT,L,1.347,T,0.14085469085114677
TTA,L,2.371,A,0.3719675819831894
TTG,L,1.287,G,0.05894225229087888
CCA,P,1.524,A,0.11385553071312482
CCC,P,0.18,C,0.03699952536658964
CCG,P,-0.546,G,0.03630539470833154
CCT,P,1.523,T,0.13154936422578375
CAC,H,-1.726,C,0.19090995144235537
CAT,H,1.726,T,0.19090995144235537
CAA,Q,1.072,A,0.1041471010430844
CAG,Q,-1.072,G,0.10414710104308442
GTA,V,1.101,A,0.14857578980516714
GTC,V,-0.499,C,0.02799368179753245
GTG,V,0.318,G,0.027429998166155385
GTT,V,1.486,T,0.11962887032517322
GCA,A,1.616,A,0.06897092202489978
GCC,A,-0.253,C,0.025750630387314274
GCG,A,-0.231,G,0.025838512368489455
GCT,A,1.628,T,0.08919893225303453
GAC,D,-1.369,C,0.08652797396143237
GAT,D,1.369,T,0.08652797396143237
GAA,E,1.288,A,0.056852871840128515
GAG,E,-1.288,G,0.056852871840128515
GGA,G,1.593,A,0.08009257648460104
GGC,G,-0.836,C,0.032525318257612706
GGG,G,0.156,G,0.036932598702318124
GGT,G,0.927,T,0.05058454109443777
TTC,F,-1.809,C,0.2625020889876819
TTT,F,1.809,T,0.2625020889876819
TAC,Y,-1.89,C,0.29166801913857104
TAT,Y,1.89,T,0.291668019138571
TGC,C,-1.626,C,0.2356331448842426
TGT,C,1.626,T,0.2356331448842426
