codon,amino_acid,Saccharobesus,third_nucl,standard_error
ATA,I,0.382,A,0.06132227992428363
ATC,I,0.013,C,0.058417590532075216
ATT,I,-0.271,T,0.05020055951703278
ACA,T,0.374,A,0.06187737585435197
ACC,T,-0.32,C,0.06204848521709994
ACG,T,-0.157,G,0.07707477155905096
ACT,T,0.036,T,0.0589254510966276
AAC,N,-0.049,C,0.05904763082930468
AAT,N,0.049,T,0.05904763082930467
AAA,K,0.217,A,0.05969964236908403
AAG,K,-0.217,G,0.05969964236908403
AGC,S,-0.054,C,0.06350804028301801
AGT,S,-0.133,T,0.05918712802769929
TCA,S,-0.01,A,0.06112457700527911
TCC,S,0.419,C,0.10937950419923738
TCG,S,-0.344,G,0.08299153843341525
TCT,S,0.269,T,0.06326905932367907
AGA,R,0.821,A,0.09627629085050311
AGG,R,0.197,G,0.15045597372873468
CGA,R,0.136,A,0.08815900997399019
CGC,R,-0.316,C,0.07264703560344749
CGG,R,-0.09,G,0.1441453881064221
CGT,R,-0.263,T,0.06932004770762121
CTA,L,0.159,A,0.06130160676180059
CTC,L,0.337,C,0.08938970250099819
CTG,L,-0.107,G,0.07032245392749428
CTT,L,0.315,T,0.05916978184567003
TTA,L,-0.209,A,0.03975038591908357
TTG,L,-0.062,G,0.05088861662691733
CCA,P,0.019,A,0.07499713081994865
CCC,P,0.358,C,0.10378172015419525
CCG,P,-0.245,G,0.09379666018247292
CCT,P,-0.045,T,0.07479213243298238
CAC,H,0.184,C,0.09748889111411047
CAT,H,-0.184,T,0.09748889111411047
CAA,Q,0.133,A,0.07146760524598385
CAG,Q,-0.133,G,0.07146760524598385
GTA,V,0.039,A,0.06338342540412537
GTC,V,0.028,C,0.07371396061184736
GTG,V,0.0,G,0.06253293661687438
GTT,V,-0.044,T,0.05420060370925347
GCA,A,0.373,A,0.05505325099298221
GCC,A,-0.063,C,0.05746115276605823
GCG,A,-0.259,G,0.0631381437460143
GCT,A,-0.103,T,0.05239417020334641
GAC,D,-0.036,C,0.06818997819069783
GAT,D,0.036,T,0.06818997819069782
GAA,E,0.532,A,0.07346609437417168
GAG,E,-0.532,G,0.07346609437417168
GGA,G,0.703,A,0.09951958289176278
GGC,G,-0.015,C,0.07050752986057329
GGG,G,0.046,G,0.11265660313569531
GGT,G,-0.307,T,0.06727384228476384
TTC,F,0.253,C,0.08287425897862291
TTT,F,-0.253,T,0.08287425897862291
TAC,Y,-0.07,C,0.08105635979029403
TAT,Y,0.07,T,0.08105635979029403
TGC,C,0.087,C,0.134429328244353
TGT,C,-0.087,T,0.134429328244353
