codon,amino_acid,Saccharopolyspora,third_nucl,standard_error
ATA,I,0.336,A,0.14602746945434988
ATC,I,-0.738,C,0.07753464841040679
ATT,I,0.837,T,0.08923932044793825
ACA,T,0.747,A,0.07703450072263093
ACC,T,-0.389,C,0.036975301923411766
ACG,T,-0.002,G,0.03991131929261953
ACT,T,0.754,T,0.0759864099528943
AAC,N,-0.642,C,0.09934563230706484
AAT,N,0.642,T,0.09934563230706485
AAA,K,0.382,A,0.0798341588386601
AAG,K,-0.382,G,0.0798341588386601
AGC,S,0.065,C,0.0415685757558385
AGT,S,0.973,T,0.08865233878920784
TCA,S,0.683,A,0.0964313450236402
TCC,S,-0.245,C,0.042904483687331955
TCG,S,-0.408,G,0.04180708693844693
TCT,S,1.014,T,0.1132647812484801
AGA,R,1.187,A,0.13248894429367883
AGG,R,0.501,G,0.06990139501135155
CGA,R,0.661,A,0.055830772899363286
CGC,R,-0.33,C,0.03318011199504723
CGG,R,-0.332,G,0.03391368210629474
CGT,R,0.553,T,0.0566191285215377
CTA,L,0.128,A,0.10692969876312865
CTC,L,-0.038,C,0.033511770628620687
CTG,L,-0.551,G,0.03022296632845528
CTT,L,0.561,T,0.07087757190521732
TTA,L,1.26,A,0.18771688758224656
TTG,L,0.926,G,0.04571731733805248
CCA,P,0.692,A,0.07252514435602608
CCC,P,0.221,C,0.042354628139490626
CCG,P,-0.531,G,0.038770545282028564
CCT,P,0.545,T,0.07812785461137582
CAC,H,-0.757,C,0.08737585831182856
CAT,H,0.757,T,0.08737585831182856
CAA,Q,0.412,A,0.06621337476447227
CAG,Q,-0.412,G,0.06621337476447227
GTA,V,0.052,A,0.08332386303911311
GTC,V,-0.655,C,0.03126174697710737
GTG,V,0.47,G,0.030058510204062285
GTT,V,0.49,T,0.05898884908887955
GCA,A,0.804,A,0.04695343560026906
GCC,A,-0.328,C,0.02806486368949388
GCG,A,-0.234,G,0.028101873789397956
GCT,A,0.818,T,0.05107882650911499
GAC,D,-0.597,C,0.04700919369356993
GAT,D,0.597,T,0.04700919369356993
GAA,E,0.411,A,0.04169056985180299
GAG,E,-0.411,G,0.04169056985180299
GGA,G,0.688,A,0.05293206694958021
GGC,G,-0.464,C,0.03403385651223082
GGG,G,-0.094,G,0.041705991400957175
GGT,G,0.437,T,0.04535062889935711
TTC,F,-0.673,C,0.10448725321068517
TTT,F,0.673,T,0.10448725321068517
TAC,Y,-0.508,C,0.1129684327597144
TAT,Y,0.508,T,0.1129684327597144
TGC,C,-0.512,C,0.1554774153136373
TGT,C,0.512,T,0.1554774153136373
