codon,amino_acid,Salaquimonas,third_nucl,standard_error
ATA,I,0.866,A,0.1273905372655358
ATC,I,-0.392,C,0.06616580191657556
ATT,I,0.146,T,0.06928847213367638
ACA,T,0.625,A,0.09325511603187232
ACC,T,-0.241,C,0.06413408612860359
ACG,T,-0.35,G,0.07435974329589005
ACT,T,0.706,T,0.1323286192364008
AAC,N,0.103,C,0.08532136888623681
AAT,N,-0.103,T,0.08532136888623681
AAA,K,0.76,A,0.07007823293129073
AAG,K,-0.76,G,0.07007823293129072
AGC,S,0.24,C,0.07248111594222167
AGT,S,0.466,T,0.12185978618726084
TCA,S,0.272,A,0.10443649962906834
TCC,S,-0.022,C,0.06928436108536679
TCG,S,-0.737,G,0.07754965394761021
TCT,S,0.395,T,0.12687871322802438
AGA,R,1.386,A,0.13870054097317808
AGG,R,0.303,G,0.10304120000724869
CGA,R,0.851,A,0.13857868822919095
CGC,R,-0.482,C,0.0620267875249828
CGG,R,-0.405,G,0.0748295342168232
CGT,R,0.287,T,0.09071991395740933
CTA,L,0.746,A,0.17170797325268072
CTC,L,0.103,C,0.0661148738662213
CTG,L,-0.512,G,0.05007458264606077
CTT,L,-0.006,T,0.05937238044452939
TTA,L,1.022,A,0.23429943343922865
TTG,L,0.634,G,0.07003074268381845
CCA,P,0.812,A,0.11203236104050965
CCC,P,-0.029,C,0.07482882166601912
CCG,P,-0.51,G,0.06985422181027667
CCT,P,0.445,T,0.10558277613193545
CAC,H,-0.104,C,0.10674746549186455
CAT,H,0.104,T,0.10674746549186455
CAA,Q,0.92,A,0.09815532062245608
CAG,Q,-0.92,G,0.09815532062245608
GTA,V,0.69,A,0.09901963860316214
GTC,V,-0.232,C,0.06709814650483531
GTG,V,-0.211,G,0.06493306974962947
GTT,V,0.154,T,0.07110380877653569
GCA,A,0.387,A,0.05720003102405069
GCC,A,-0.381,C,0.04864836348300231
GCG,A,-0.108,G,0.05622460869218384
GCT,A,0.411,T,0.07267689137904494
GAC,D,0.032,C,0.06861053934803807
GAT,D,-0.032,T,0.06861053934803807
GAA,E,0.488,A,0.07028862725167902
GAG,E,-0.488,G,0.07028862725167902
GGA,G,0.761,A,0.0834425871814426
GGC,G,-0.548,C,0.06091742187319254
GGG,G,-0.023,G,0.08661121245694742
GGT,G,0.29,T,0.08043070029407122
TTC,F,-0.229,C,0.07764077689867169
TTT,F,0.229,T,0.07764077689867169
TAC,Y,0.156,C,0.11196227261759167
TAT,Y,-0.156,T,0.11196227261759166
TGC,C,-0.338,C,0.19557980812108822
TGT,C,0.338,T,0.19557980812108822
