codon,amino_acid,Salegentibacter,third_nucl,standard_error
ATA,I,0.638,A,0.0547098263754177
ATC,I,-0.157,C,0.06870112351935174
ATT,I,-0.465,T,0.04993022055497912
ACA,T,0.818,A,0.07739187690012755
ACC,T,-0.536,C,0.07170066365113256
ACG,T,-0.087,G,0.112600525586747
ACT,T,-0.166,T,0.07381029295218208
AAC,N,0.227,C,0.06680956952070816
AAT,N,-0.227,T,0.06680956952070816
AAA,K,-0.194,A,0.05897951245358021
AAG,K,0.194,G,0.05897951245358021
AGC,S,0.108,C,0.08151441170365013
AGT,S,-0.079,T,0.07026323150531653
TCA,S,0.421,A,0.07707717580712127
TCC,S,0.262,C,0.09797909682709782
TCG,S,-0.111,G,0.11722333764507979
TCT,S,-0.461,T,0.07209945908759634
AGA,R,0.795,A,0.07961876147675938
AGG,R,0.016,G,0.10625830545182018
CGA,R,-0.354,A,0.12127467432515643
CGC,R,-0.512,C,0.12069554406440797
CGG,R,-0.308,G,0.15042240412987612
CGT,R,-0.645,T,0.11173789768684315
CTA,L,0.402,A,0.07599348948210198
CTC,L,0.308,C,0.09607811074271123
CTG,L,-0.592,G,0.07430297413016704
CTT,L,-0.24,T,0.052939360953658296
TTA,L,0.335,A,0.046711768882310496
TTG,L,-0.297,G,0.06560537435307016
CCA,P,0.088,A,0.09561724451564689
CCC,P,0.221,C,0.10947116041288547
CCG,P,-0.261,G,0.11791182085332877
CCT,P,-0.074,T,0.09308806504674556
CAC,H,-0.193,C,0.11893570180835206
CAT,H,0.193,T,0.11893570180835206
CAA,Q,0.377,A,0.08433659388638641
CAG,Q,-0.377,G,0.08433659388638642
GTA,V,0.159,A,0.06442206861250992
GTC,V,0.665,C,0.1459396339502153
GTG,V,-0.42,G,0.08628961899883517
GTT,V,-0.051,T,0.06557037028418548
GCA,A,0.476,A,0.06947399729046458
GCC,A,-0.065,C,0.0737469630034657
GCG,A,-0.182,G,0.10003292069922885
GCT,A,-0.325,T,0.07002631723468213
GAC,D,0.286,C,0.08548157150314635
GAT,D,-0.286,T,0.08548157150314635
GAA,E,0.198,A,0.07696191025036549
GAG,E,-0.198,G,0.07696191025036549
GGA,G,0.437,A,0.0720358133809546
GGC,G,-0.115,C,0.09180698032237232
GGG,G,-0.319,G,0.10804656497704641
GGT,G,-0.268,T,0.08146547241158977
TTC,F,0.341,C,0.07367798304539348
TTT,F,-0.341,T,0.07367798304539348
TAC,Y,0.146,C,0.08543377707976915
TAT,Y,-0.146,T,0.08543377707976915
TGC,C,0.054,C,0.18083725399721295
TGT,C,-0.054,T,0.18083725399721295
