codon,amino_acid,Salinivibrio,third_nucl,standard_error
ATA,I,0.823,A,0.10436779009521902
ATC,I,-0.122,C,0.06258153871051554
ATT,I,-0.198,T,0.06110446386877978
ACA,T,0.842,A,0.08093779357820324
ACC,T,-0.674,C,0.06379674934188684
ACG,T,-0.152,G,0.07587831348383729
ACT,T,0.324,T,0.07892561698075645
AAC,N,-0.112,C,0.07942569061744678
AAT,N,0.112,T,0.07942569061744678
AAA,K,0.117,A,0.07083543318557307
AAG,K,-0.117,G,0.07083543318557306
AGC,S,-0.277,C,0.07080528626982147
AGT,S,0.008,T,0.07550035709987431
TCA,S,0.185,A,0.07846412875315724
TCC,S,0.216,C,0.10171123818509123
TCG,S,-0.322,G,0.08162118249628762
TCT,S,0.293,T,0.07667336260692392
AGA,R,1.255,A,0.15064171595071063
AGG,R,0.36,G,0.19453278404712915
CGA,R,0.45,A,0.0987947224253061
CGC,R,-0.426,C,0.0710493538073104
CGG,R,-0.163,G,0.1212713324901308
CGT,R,-0.129,T,0.06962907205170553
CTA,L,0.279,A,0.0748368393852315
CTC,L,-0.041,C,0.06723380521138612
CTG,L,-0.194,G,0.056153770812354654
CTT,L,0.176,T,0.0643619788205893
TTA,L,0.234,A,0.0583256521494568
TTG,L,-0.297,G,0.05702601911169553
CCA,P,0.053,A,0.08353787914916223
CCC,P,0.146,C,0.0911340653272408
CCG,P,-0.248,G,0.08808933396260203
CCT,P,0.052,T,0.08419913170366046
CAC,H,-0.009,C,0.09580755933723357
CAT,H,0.009,T,0.09580755933723356
CAA,Q,0.235,A,0.072010364653901
CAG,Q,-0.235,G,0.072010364653901
GTA,V,0.422,A,0.0776904006692359
GTC,V,-0.202,C,0.07056427308576041
GTG,V,-0.298,G,0.059610254364651734
GTT,V,0.245,T,0.06666017215172128
GCA,A,0.37,A,0.05916350581185612
GCC,A,-0.126,C,0.05783878194502931
GCG,A,-0.356,G,0.056252576253411284
GCT,A,0.207,T,0.06656049629434767
GAC,D,0.005,C,0.06984563301865009
GAT,D,-0.005,T,0.06984563301865009
GAA,E,0.421,A,0.07172250463239385
GAG,E,-0.421,G,0.07172250463239385
GGA,G,0.456,A,0.09365613383524804
GGC,G,-0.084,C,0.07095348204605095
GGG,G,-0.204,G,0.09841514595913406
GGT,G,-0.065,T,0.07426181096250307
TTC,F,-0.376,C,0.08842342719593595
TTT,F,0.376,T,0.08842342719593595
TAC,Y,0.002,C,0.09288686853701306
TAT,Y,-0.002,T,0.09288686853701306
TGC,C,-0.1,C,0.15085407513180007
TGT,C,0.1,T,0.15085407513180007
