codon,amino_acid,Salinispira,third_nucl,standard_error
ATA,I,0.761,A,0.07147433024109265
ATC,I,-0.619,C,0.05870737367482516
ATT,I,0.075,T,0.056990695207028756
ACA,T,1.088,A,0.08446275478462227
ACC,T,-0.921,C,0.07064428734677308
ACG,T,0.292,G,0.1046268861960845
ACT,T,-0.058,T,0.09652265270373511
AAC,N,-0.144,C,0.0747825195209925
AAT,N,0.144,T,0.0747825195209925
AAA,K,0.602,A,0.06806079240448695
AAG,K,-0.602,G,0.06806079240448695
AGC,S,-0.332,C,0.062392746567964875
AGT,S,0.574,T,0.08392754753946402
TCA,S,0.601,A,0.07915524431571969
TCC,S,-0.466,C,0.06839461461654163
TCG,S,-0.28,G,0.10166236206714528
TCT,S,0.264,T,0.09476341863397994
AGA,R,0.707,A,0.082723245626198
AGG,R,-0.042,G,0.09486118228561871
CGA,R,0.887,A,0.0952914207613624
CGC,R,-0.231,C,0.08217881145435699
CGG,R,-0.683,G,0.06809274522369194
CGT,R,-0.163,T,0.09329456421959358
CTA,L,0.976,A,0.14022014906975597
CTC,L,-0.351,C,0.06460500692548114
CTG,L,-0.651,G,0.05069325148655909
CTT,L,0.052,T,0.05879266302921672
TTA,L,1.613,A,0.11771030015280808
TTG,L,0.742,G,0.08216865077330514
CCA,P,0.989,A,0.12217493145683918
CCC,P,-0.343,C,0.07812153818681444
CCG,P,-0.165,G,0.08577081383312209
CCT,P,0.098,T,0.10407670169532764
CAC,H,-0.331,C,0.10564324621232583
CAT,H,0.331,T,0.10564324621232583
CAA,Q,0.965,A,0.09426516611231742
CAG,Q,-0.965,G,0.09426516611231742
GTA,V,0.397,A,0.07498620586205744
GTC,V,-0.159,C,0.09591518247649981
GTG,V,-0.288,G,0.06499210523144759
GTT,V,0.08,T,0.07375751612887277
GCA,A,0.612,A,0.06538039898838612
GCC,A,-0.518,C,0.06358990275398248
GCG,A,-0.284,G,0.0806645590013104
GCT,A,0.22,T,0.08228311783437305
GAC,D,-0.152,C,0.07280060980347318
GAT,D,0.152,T,0.07280060980347318
GAA,E,0.639,A,0.06760094189599337
GAG,E,-0.639,G,0.06760094189599337
GGA,G,0.343,A,0.06663159204799315
GGC,G,-0.162,C,0.0724665456835356
GGG,G,-0.429,G,0.08679802015959397
GGT,G,0.092,T,0.0789837800410344
TTC,F,-0.339,C,0.07563117909116858
TTT,F,0.339,T,0.0756311790911686
TAC,Y,-0.228,C,0.08876552934243659
TAT,Y,0.228,T,0.08876552934243659
TGC,C,-0.126,C,0.18871249559732817
TGT,C,0.126,T,0.18871249559732817
