codon,amino_acid,Salinicola,third_nucl,standard_error
ATA,I,0.636,A,0.18508614585307845
ATC,I,-0.674,C,0.08779835893059301
ATT,I,0.627,T,0.09563863661625893
ACA,T,1.347,A,0.1387277352663129
ACC,T,-0.611,C,0.06295347417686328
ACG,T,0.055,G,0.0694237912604206
ACT,T,0.717,T,0.1258571815496058
AAC,N,-0.091,C,0.10236695585603353
AAT,N,0.091,T,0.10236695585603353
AAA,K,1.5,A,0.12318236552512958
AAG,K,-1.5,G,0.12318236552512958
AGC,S,-0.44,C,0.06132274175718182
AGT,S,0.373,T,0.10265790874365821
TCA,S,0.8,A,0.13173680223130277
TCC,S,0.205,C,0.07548954208717595
TCG,S,-0.38,G,0.06585283023991789
TCT,S,1.09,T,0.13177333349946294
AGA,R,1.452,A,0.1654451081089135
AGG,R,0.362,G,0.16031325578726308
CGA,R,0.916,A,0.10529439237150605
CGC,R,-0.465,C,0.05191750647058787
CGG,R,-0.369,G,0.0712936155903591
CGT,R,0.333,T,0.06888860667685891
CTA,L,0.467,A,0.11106089877172692
CTC,L,0.184,C,0.0489668341924345
CTG,L,-0.641,G,0.04383104472014725
CTT,L,0.977,T,0.11540607732627683
TTA,L,1.191,A,0.25193086442085244
TTG,L,0.738,G,0.08192281395594558
CCA,P,0.559,A,0.10655701015393687
CCC,P,0.413,C,0.06431473433789102
CCG,P,-0.822,G,0.06264606735606526
CCT,P,0.852,T,0.12362520031215521
CAC,H,-0.128,C,0.09549285774423823
CAT,H,0.128,T,0.09549285774423823
CAA,Q,1.392,A,0.10548502274994284
CAG,Q,-1.392,G,0.10548502274994283
GTA,V,0.423,A,0.1172040138637472
GTC,V,-0.165,C,0.0568724496358531
GTG,V,-0.145,G,0.055172010378778814
GTT,V,0.985,T,0.1278740515286531
GCA,A,0.603,A,0.07411353144923398
GCC,A,-0.156,C,0.04343697957842931
GCG,A,-0.367,G,0.04628287725229812
GCT,A,0.934,T,0.08363920301941291
GAC,D,-0.259,C,0.06457619921904599
GAT,D,0.259,T,0.06457619921904599
GAA,E,0.991,A,0.07290374455707524
GAG,E,-0.991,G,0.07290374455707524
GGA,G,1.01,A,0.12500436787040434
GGC,G,-0.307,C,0.0582244544321292
GGG,G,-0.157,G,0.07622897611827331
GGT,G,0.284,T,0.07427812774314471
TTC,F,-0.811,C,0.10532333906721716
TTT,F,0.811,T,0.10532333906721716
TAC,Y,-0.119,C,0.10611779572215345
TAT,Y,0.119,T,0.10611779572215346
TGC,C,-0.65,C,0.17610270424026392
TGT,C,0.65,T,0.17610270424026392
