codon,amino_acid,Salinivirga,third_nucl,standard_error
ATA,I,0.462,A,0.050086568244056204
ATC,I,-0.042,C,0.062301385372420824
ATT,I,-0.393,T,0.047097153861451246
ACA,T,0.357,A,0.06144379974233602
ACC,T,-0.418,C,0.06930465529387418
ACG,T,0.174,G,0.1070727904660779
ACT,T,-0.126,T,0.07405531325104765
AAC,N,0.07,C,0.06278205927937719
AAT,N,-0.07,T,0.06278205927937719
AAA,K,0.067,A,0.05591752078973704
AAG,K,-0.067,G,0.05591752078973704
AGC,S,-0.087,C,0.08192817190021032
AGT,S,0.157,T,0.07217485532357404
TCA,S,0.045,A,0.06970506806105516
TCC,S,0.053,C,0.10477217614651853
TCG,S,-0.186,G,0.0989424697457287
TCT,S,-0.085,T,0.0851467815192173
AGA,R,0.961,A,0.07941688231731159
AGG,R,-0.044,G,0.10825178117090693
CGA,R,0.145,A,0.10279350156784789
CGC,R,-0.617,C,0.0953605834447436
CGG,R,-0.366,G,0.12347370742285001
CGT,R,-0.614,T,0.09123353830813585
CTA,L,0.396,A,0.07767213219596841
CTC,L,-0.22,C,0.07885527387352287
CTG,L,-0.479,G,0.06146127164129006
CTT,L,-0.349,T,0.0548142330393969
TTA,L,0.57,A,0.049669953883311954
TTG,L,-0.101,G,0.058181645992874204
CCA,P,0.25,A,0.08971104542314194
CCC,P,0.037,C,0.09865255544013747
CCG,P,-0.422,G,0.11528123945008197
CCT,P,-0.011,T,0.0960668332994628
CAC,H,-0.052,C,0.11018626258883221
CAT,H,0.052,T,0.11018626258883221
CAA,Q,0.61,A,0.07783072939042106
CAG,Q,-0.61,G,0.07783072939042106
GTA,V,0.122,A,0.06157869042521735
GTC,V,0.257,C,0.1125627375124748
GTG,V,-0.334,G,0.07588280620311325
GTT,V,0.027,T,0.06304894696794743
GCA,A,0.469,A,0.06414510962017986
GCC,A,-0.497,C,0.0749017871089469
GCG,A,0.227,G,0.1092326714663562
GCT,A,-0.209,T,0.07310493961675132
GAC,D,-0.037,C,0.07647358447352076
GAT,D,0.037,T,0.07647358447352076
GAA,E,0.288,A,0.06923720062735032
GAG,E,-0.288,G,0.06923720062735032
GGA,G,0.601,A,0.07183280042461601
GGC,G,-0.397,C,0.08698430627203498
GGG,G,-0.065,G,0.10677802931129278
GGT,G,-0.301,T,0.07541544740332874
TTC,F,0.034,C,0.07185592678401446
TTT,F,-0.034,T,0.07185592678401446
TAC,Y,0.049,C,0.07529159949150274
TAT,Y,-0.049,T,0.07529159949150274
TGC,C,-0.237,C,0.17607958431536513
TGT,C,0.237,T,0.17607958431536513
