codon,amino_acid,Salinimonas,third_nucl,standard_error
ATA,I,0.343,A,0.06748132605575445
ATC,I,-0.047,C,0.06620821026414686
ATT,I,-0.215,T,0.057000490277314596
ACA,T,0.783,A,0.0731231193564581
ACC,T,-0.502,C,0.05789961926564042
ACG,T,-0.202,G,0.07488720354341334
ACT,T,0.144,T,0.0705601283082814
AAC,N,-0.206,C,0.07110279434475172
AAT,N,0.206,T,0.07110279434475172
AAA,K,0.273,A,0.06670689465184354
AAG,K,-0.273,G,0.06670689465184354
AGC,S,-0.272,C,0.06455175161805622
AGT,S,0.054,T,0.06791588370539677
TCA,S,0.284,A,0.07225589187547714
TCC,S,0.152,C,0.09106213439354699
TCG,S,-0.419,G,0.08148719402120784
TCT,S,0.217,T,0.07143434257294447
AGA,R,1.085,A,0.10558399976256871
AGG,R,0.329,G,0.14980656954409866
CGA,R,0.331,A,0.100428002582533
CGC,R,-0.356,C,0.07139360267871057
CGG,R,-0.689,G,0.09147604526873021
CGT,R,0.009,T,0.0709034867727045
CTA,L,0.178,A,0.07230097934114103
CTC,L,0.041,C,0.09537089810020016
CTG,L,-0.473,G,0.04970162257770904
CTT,L,0.147,T,0.060544775737836676
TTA,L,0.291,A,0.049437706052407285
TTG,L,-0.018,G,0.0551563625130693
CCA,P,0.494,A,0.083928638478418
CCC,P,-0.152,C,0.08269488193234165
CCG,P,-0.485,G,0.0801373996488436
CCT,P,0.189,T,0.08022883253132447
CAC,H,0.253,C,0.09143056419412407
CAT,H,-0.253,T,0.09143056419412408
CAA,Q,0.555,A,0.06589972450780938
CAG,Q,-0.555,G,0.06589972450780938
GTA,V,-0.053,A,0.05905849912001761
GTC,V,-0.047,C,0.07684684383963546
GTG,V,-0.068,G,0.05811606849945057
GTT,V,0.168,T,0.06251030899206618
GCA,A,0.432,A,0.05722074338013736
GCC,A,-0.191,C,0.053557430608697665
GCG,A,-0.251,G,0.058310033661190024
GCT,A,0.036,T,0.05846857857946084
GAC,D,-0.039,C,0.06909111712191851
GAT,D,0.039,T,0.06909111712191851
GAA,E,0.469,A,0.07601479278840122
GAG,E,-0.469,G,0.07601479278840122
GGA,G,0.813,A,0.0959232641127703
GGC,G,-0.275,C,0.06703805811860533
GGG,G,-0.193,G,0.08985719213783858
GGT,G,-0.0,T,0.06942746102704932
TTC,F,-0.043,C,0.08150098095604848
TTT,F,0.043,T,0.08150098095604848
TAC,Y,0.044,C,0.08896566110353027
TAT,Y,-0.044,T,0.08896566110353027
TGC,C,-0.2,C,0.14365662724197323
TGT,C,0.2,T,0.14365662724197323
