codon,amino_acid,Salipiger,third_nucl,standard_error
ATA,I,1.101,A,0.16965825969917162
ATC,I,-0.984,C,0.07499796308921497
ATT,I,0.884,T,0.08119086024056041
ACA,T,1.168,A,0.09730118701727716
ACC,T,-0.285,C,0.04945701285551268
ACG,T,-0.316,G,0.053925208639265976
ACT,T,0.991,T,0.13566590329012693
AAC,N,-0.069,C,0.08556779380751948
AAT,N,0.069,T,0.0855677938075195
AAA,K,1.241,A,0.07375163316828184
AAG,K,-1.241,G,0.07375163316828184
AGC,S,0.246,C,0.05576962480067825
AGT,S,0.736,T,0.13419191443246767
TCA,S,1.018,A,0.15761118183948505
TCC,S,0.21,C,0.06170189518129599
TCG,S,-0.973,G,0.059115354882784105
TCT,S,0.772,T,0.12209519955855117
AGA,R,2.141,A,0.17033872685269155
AGG,R,0.794,G,0.11475458568386472
CGA,R,1.067,A,0.11822451740384587
CGC,R,-0.489,C,0.045902365987480556
CGG,R,-0.464,G,0.05496488614769462
CGT,R,0.607,T,0.07656764721887803
CTA,L,0.51,A,0.17179900957340535
CTC,L,0.123,C,0.04168078029146717
CTG,L,-0.696,G,0.038207110950780276
CTT,L,0.906,T,0.06337052397277518
TTA,L,0.706,A,0.30375444681894914
TTG,L,0.874,G,0.08406276563794045
CCA,P,0.857,A,0.13493853628984084
CCC,P,0.397,C,0.05416887089033083
CCG,P,-0.749,G,0.05352300286236026
CCT,P,0.889,T,0.11138143039854938
CAC,H,0.145,C,0.08599329009077068
CAT,H,-0.145,T,0.0859932900907707
CAA,Q,1.04,A,0.093809141132914
CAG,Q,-1.04,G,0.093809141132914
GTA,V,1.302,A,0.15446840105412957
GTC,V,-0.012,C,0.05029125405690144
GTG,V,-0.486,G,0.049363039049774474
GTT,V,1.007,T,0.08722528575640487
GCA,A,1.038,A,0.06244777315789712
GCC,A,0.033,C,0.03667131721236686
GCG,A,-0.595,G,0.03805927184413876
GCT,A,0.744,T,0.0857332385190033
GAC,D,0.007,C,0.052443695172617315
GAT,D,-0.007,T,0.052443695172617315
GAA,E,0.87,A,0.055710141964679626
GAG,E,-0.87,G,0.055710141964679626
GGA,G,1.443,A,0.08691471503292775
GGC,G,-0.584,C,0.04883599529818829
GGG,G,-0.073,G,0.05924913911795559
GGT,G,0.359,T,0.07794558066907602
TTC,F,-0.43,C,0.07176953652694415
TTT,F,0.43,T,0.07176953652694415
TAC,Y,0.119,C,0.08934500876841604
TAT,Y,-0.119,T,0.08934500876841606
TGC,C,-0.714,C,0.17378809888229724
TGT,C,0.714,T,0.17378809888229724
