codon,amino_acid,Salinispora,third_nucl,standard_error
ATA,I,0.722,A,0.21335518851276405
ATC,I,-0.631,C,0.09854397600079202
ATT,I,0.566,T,0.10782507960180754
ACA,T,0.91,A,0.10888630569072497
ACC,T,-0.449,C,0.04945934030885038
ACG,T,0.046,G,0.05421971099668612
ACT,T,0.83,T,0.10979840459014475
AAC,N,-0.513,C,0.14332628699535666
AAT,N,0.513,T,0.14332628699535663
AAA,K,0.786,A,0.14546613725354274
AAG,K,-0.786,G,0.14546613725354274
AGC,S,0.094,C,0.05957684037380746
AGT,S,0.532,T,0.09982323934543173
TCA,S,0.506,A,0.13691320350009364
TCC,S,-0.083,C,0.06258663933565119
TCG,S,-0.501,G,0.06226849820735881
TCT,S,0.727,T,0.14769101726288003
AGA,R,1.747,A,0.19888064427158905
AGG,R,1.247,G,0.12369347223898607
CGA,R,0.427,A,0.07103307689369241
CGC,R,-0.141,C,0.047324792572891
CGG,R,-0.622,G,0.04426800377742121
CGT,R,0.544,T,0.06681072850526823
CTA,L,0.196,A,0.10914297309120465
CTC,L,-0.061,C,0.044705484633295114
CTG,L,-0.222,G,0.04162252178744573
CTT,L,0.67,T,0.09727232750363818
TTA,L,0.761,A,0.275374586610239
TTG,L,0.287,G,0.06959682197329431
CCA,P,0.407,A,0.08650308227283976
CCC,P,0.228,C,0.054803388065257405
CCG,P,-0.522,G,0.05074619829217163
CCT,P,0.896,T,0.11847136346354166
CAC,H,-0.422,C,0.11524885496492714
CAT,H,0.422,T,0.11524885496492714
CAA,Q,0.486,A,0.11321850906026144
CAG,Q,-0.486,G,0.11321850906026144
GTA,V,0.276,A,0.08784350056408562
GTC,V,-0.65,C,0.04173172581152748
GTG,V,0.508,G,0.04020375150666516
GTT,V,0.153,T,0.07899774988283068
GCA,A,0.73,A,0.0692355896328094
GCC,A,-0.264,C,0.03779893506881403
GCG,A,-0.173,G,0.039216934465365304
GCT,A,0.69,T,0.07026661754754897
GAC,D,-0.494,C,0.0663035651236879
GAT,D,0.494,T,0.0663035651236879
GAA,E,0.619,A,0.07073136772220054
GAG,E,-0.619,G,0.07073136772220054
GGA,G,0.64,A,0.07552476867896886
GGC,G,-0.294,C,0.04600747401428182
GGG,G,-0.008,G,0.05454134970744473
GGT,G,0.097,T,0.057543396181115834
TTC,F,-0.671,C,0.12587019368947325
TTT,F,0.671,T,0.12587019368947325
TAC,Y,-0.483,C,0.14451008336150667
TAT,Y,0.483,T,0.1445100833615067
TGC,C,-0.597,C,0.19382419576069274
TGT,C,0.597,T,0.1938241957606927
