codon,amino_acid,Salmonella,third_nucl,standard_error
ATA,I,0.622,A,0.07672140899935838
ATC,I,-0.36,C,0.05253643603045225
ATT,I,0.047,T,0.05042566867469251
ACA,T,0.979,A,0.07529386339077075
ACC,T,-0.409,C,0.05430136704924235
ACG,T,-0.554,G,0.057150186464637286
ACT,T,0.574,T,0.07199281627401383
AAC,N,-0.269,C,0.06347734796585316
AAT,N,0.269,T,0.06347734796585316
AAA,K,0.043,A,0.06312344553834716
AAG,K,-0.043,G,0.06312344553834716
AGC,S,-0.368,C,0.059150954182080245
AGT,S,0.325,T,0.07036876544050713
TCA,S,0.561,A,0.0765919221913294
TCC,S,-0.193,C,0.06995196979929529
TCG,S,-0.422,G,0.07549582457366477
TCT,S,0.288,T,0.07420169946629239
AGA,R,1.233,A,0.11296223010628618
AGG,R,0.525,G,0.12588741661376315
CGA,R,0.547,A,0.09959058381080323
CGC,R,-0.587,C,0.05633880320260522
CGG,R,-0.306,G,0.0843637683290263
CGT,R,0.078,T,0.05668383872464188
CTA,L,0.222,A,0.08245269003074757
CTC,L,0.114,C,0.06307966886257343
CTG,L,-0.814,G,0.03998136334836617
CTT,L,0.458,T,0.058628915866785924
TTA,L,0.736,A,0.053112326300093604
TTG,L,0.162,G,0.057309078671607845
CCA,P,0.747,A,0.08413121983461976
CCC,P,0.313,C,0.08049614029789702
CCG,P,-0.962,G,0.06443719741627293
CCT,P,0.509,T,0.07703087217589406
CAC,H,-0.002,C,0.0864634089090014
CAT,H,0.002,T,0.08646340890900138
CAA,Q,0.886,A,0.06550240676264898
CAG,Q,-0.886,G,0.06550240676264898
GTA,V,0.338,A,0.06375285300868383
GTC,V,-0.19,C,0.05930302185808811
GTG,V,-0.272,G,0.052019408026653856
GTT,V,0.23,T,0.05657446900615765
GCA,A,0.794,A,0.05676983910500185
GCC,A,-0.22,C,0.050706371002369376
GCG,A,-0.762,G,0.04821353434186328
GCT,A,0.622,T,0.05913720070897908
GAC,D,-0.006,C,0.062469832818887835
GAT,D,0.006,T,0.062469832818887835
GAA,E,0.382,A,0.06357093156173534
GAG,E,-0.382,G,0.06357093156173534
GGA,G,0.822,A,0.07836287109362877
GGC,G,-0.466,C,0.058178572203899104
GGG,G,-0.1,G,0.07858284394821993
GGT,G,0.104,T,0.06338890507736278
TTC,F,-0.542,C,0.06900544336467654
TTT,F,0.542,T,0.06900544336467655
TAC,Y,0.052,C,0.08314392071311322
TAT,Y,-0.052,T,0.08314392071311322
TGC,C,-0.459,C,0.12167118208995606
TGT,C,0.459,T,0.12167118208995606
