codon,amino_acid,Saprospira,third_nucl,standard_error
ATA,I,0.965,A,0.0884266852035497
ATC,I,-0.133,C,0.06537288758816114
ATT,I,-0.384,T,0.05932981854187838
ACA,T,0.672,A,0.09286752852521721
ACC,T,-0.61,C,0.08270272833546366
ACG,T,-0.23,G,0.09296364620376114
ACT,T,0.272,T,0.08437785106323321
AAC,N,0.188,C,0.075945371640335
AAT,N,-0.188,T,0.075945371640335
AAA,K,0.415,A,0.05531191229954976
AAG,K,-0.415,G,0.055311912299549765
AGC,S,-0.408,C,0.06581561149197919
AGT,S,0.261,T,0.07412046990598789
TCA,S,0.729,A,0.10733690057483221
TCC,S,0.653,C,0.11327609252362478
TCG,S,-0.629,G,0.10147022834396346
TCT,S,-0.049,T,0.06585559132018083
AGA,R,1.034,A,0.09169447320229816
AGG,R,0.015,G,0.15930230422521174
CGA,R,0.113,A,0.09179901060485801
CGC,R,-0.442,C,0.07922471151084505
CGG,R,-0.546,G,0.11540388340760764
CGT,R,-0.241,T,0.08976949747460065
CTA,L,0.16,A,0.056544782305505796
CTC,L,-0.251,C,0.05531423490700458
CTG,L,-0.297,G,0.06288979156804618
CTT,L,0.343,T,0.057668388934949265
TTA,L,0.738,A,0.057205768658301175
TTG,L,-0.558,G,0.04772618213178721
CCA,P,0.436,A,0.09960302680270111
CCC,P,-0.422,C,0.0818280671243126
CCG,P,-0.12,G,0.13715644692882842
CCT,P,0.2,T,0.08663473153345055
CAC,H,0.207,C,0.13002446730132686
CAT,H,-0.207,T,0.13002446730132686
CAA,Q,0.296,A,0.0703749096328213
CAG,Q,-0.296,G,0.0703749096328213
GTA,V,0.473,A,0.07468322606648667
GTC,V,-0.215,C,0.08751173747393327
GTG,V,-0.809,G,0.09160935967244413
GTT,V,0.299,T,0.07757832900019655
GCA,A,0.924,A,0.07520235461957125
GCC,A,-0.448,C,0.056497515402400666
GCG,A,-0.2,G,0.08402160998226756
GCT,A,0.009,T,0.0634960583890855
GAC,D,0.168,C,0.08492072085474726
GAT,D,-0.168,T,0.08492072085474726
GAA,E,0.669,A,0.06750248579872517
GAG,E,-0.669,G,0.06750248579872517
GGA,G,0.842,A,0.08207597160160288
GGC,G,-0.481,C,0.07370152959142548
GGG,G,-0.146,G,0.09756756920774022
GGT,G,-0.161,T,0.10226573285016602
TTC,F,0.271,C,0.07792501324139191
TTT,F,-0.271,T,0.07792501324139191
TAC,Y,0.438,C,0.08059395864395438
TAT,Y,-0.438,T,0.08059395864395438
TGC,C,-0.173,C,0.1516447474959847
TGT,C,0.173,T,0.1516447474959847
