codon,amino_acid,Scandinavium,third_nucl,standard_error
ATA,I,0.722,A,0.09812496402969251
ATC,I,-0.401,C,0.054101538262487765
ATT,I,0.157,T,0.05340588685600252
ACA,T,1.123,A,0.08619028032821278
ACC,T,-0.652,C,0.054592323300289604
ACG,T,-0.335,G,0.060422636478477974
ACT,T,0.73,T,0.07687026250277043
AAC,N,-0.481,C,0.06783945005405398
AAT,N,0.481,T,0.06783945005405398
AAA,K,0.251,A,0.0638714022883168
AAG,K,-0.251,G,0.0638714022883168
AGC,S,-0.466,C,0.05823935250300635
AGT,S,0.621,T,0.07778139530776229
TCA,S,0.523,A,0.07636081012635738
TCC,S,-0.095,C,0.06998906729598066
TCG,S,-0.563,G,0.07457102788681379
TCT,S,0.336,T,0.075461359603597
AGA,R,1.387,A,0.13677731019818226
AGG,R,0.374,G,0.1698128258247221
CGA,R,0.771,A,0.10432010981657545
CGC,R,-0.436,C,0.05750167229628681
CGG,R,-0.279,G,0.09605043037733062
CGT,R,-0.068,T,0.05944368345279883
CTA,L,0.698,A,0.10738370966616248
CTC,L,0.022,C,0.058029112188479254
CTG,L,-0.947,G,0.04044086230347502
CTT,L,0.539,T,0.06378265213790034
TTA,L,1.254,A,0.06752997485880163
TTG,L,0.2,G,0.06121870506515537
CCA,P,0.444,A,0.08253788386239445
CCC,P,0.769,C,0.08794103472303151
CCG,P,-1.106,G,0.06586080360640714
CCT,P,0.701,T,0.0845500467774925
CAC,H,-0.245,C,0.0871969689346543
CAT,H,0.245,T,0.0871969689346543
CAA,Q,1.087,A,0.06928817574258334
CAG,Q,-1.087,G,0.06928817574258332
GTA,V,0.675,A,0.07524633785222663
GTC,V,-0.094,C,0.05967719224545685
GTG,V,-0.595,G,0.052395855052268535
GTT,V,0.444,T,0.059672473038907985
GCA,A,0.746,A,0.057664193111432234
GCC,A,-0.171,C,0.049592336364445974
GCG,A,-0.703,G,0.05012783409063767
GCT,A,0.514,T,0.062462717908830144
GAC,D,-0.243,C,0.06196642336305025
GAT,D,0.243,T,0.061966423363050256
GAA,E,0.342,A,0.06834470456914088
GAG,E,-0.342,G,0.06834470456914088
GGA,G,0.993,A,0.09067041492453055
GGC,G,-0.516,C,0.06058137087893628
GGG,G,-0.186,G,0.085819263038656
GGT,G,0.221,T,0.06577518084687593
TTC,F,-0.881,C,0.06935154260373905
TTT,F,0.881,T,0.06935154260373905
TAC,Y,-0.245,C,0.08504284435390677
TAT,Y,0.245,T,0.08504284435390677
TGC,C,-0.65,C,0.1380669577525086
TGT,C,0.65,T,0.1380669577525086
