codon,amino_acid,Schaalia,third_nucl,standard_error
ATA,I,0.886,A,0.18303239148237918
ATC,I,-0.464,C,0.08544641515201848
ATT,I,0.27,T,0.0880504250117621
ACA,T,0.578,A,0.08723102110160579
ACC,T,-0.502,C,0.07650978093845563
ACG,T,-0.337,G,0.0783793028086374
ACT,T,0.542,T,0.09687055508028962
AAC,N,-0.661,C,0.12097338836982698
AAT,N,0.661,T,0.12097338836982698
AAA,K,0.478,A,0.107390551846573
AAG,K,-0.478,G,0.107390551846573
AGC,S,0.292,C,0.09247000997319792
AGT,S,0.779,T,0.12291325622455929
TCA,S,0.25,A,0.09033052069761954
TCC,S,-0.684,C,0.08894228086874961
TCG,S,-0.469,G,0.09018776905642037
TCT,S,0.245,T,0.11124523028875213
AGA,R,0.86,A,0.17588868788068157
AGG,R,0.491,G,0.15993858688174364
CGA,R,0.511,A,0.10656446902042314
CGC,R,-0.511,C,0.0725466897109894
CGG,R,-0.046,G,0.11436689716358366
CGT,R,0.03,T,0.08488419659548177
CTA,L,0.856,A,0.15969876007837058
CTC,L,-0.04,C,0.07848036545499874
CTG,L,-0.811,G,0.06730708852366767
CTT,L,0.685,T,0.09794675074241802
TTA,L,1.187,A,0.19025373415719055
TTG,L,0.406,G,0.09401418191440498
CCA,P,0.469,A,0.10779401643793228
CCC,P,-0.132,C,0.09283804744391407
CCG,P,-0.441,G,0.08774039976072665
CCT,P,0.345,T,0.10533437480270866
CAC,H,-0.434,C,0.1262523694675676
CAT,H,0.434,T,0.1262523694675676
CAA,Q,0.787,A,0.11352775178473738
CAG,Q,-0.787,G,0.11352775178473737
GTA,V,0.494,A,0.12538692341598068
GTC,V,-0.486,C,0.0734124368541958
GTG,V,0.24,G,0.0670423261804485
GTT,V,0.036,T,0.08222359112987951
GCA,A,0.314,A,0.06864421267962816
GCC,A,-0.323,C,0.06840730256007181
GCG,A,-0.173,G,0.0685454327479052
GCT,A,0.234,T,0.07543038049223723
GAC,D,-0.257,C,0.07713090830874161
GAT,D,0.257,T,0.07713090830874161
GAA,E,0.231,A,0.08383152200575025
GAG,E,-0.231,G,0.08383152200575025
GGA,G,0.416,A,0.08909815930618653
GGC,G,-0.322,C,0.07952728831378833
GGG,G,0.09,G,0.11013069659886916
GGT,G,-0.062,T,0.09147723212763313
TTC,F,-0.7,C,0.12095467371420658
TTT,F,0.7,T,0.1209546737142066
TAC,Y,-0.301,C,0.1454364071560569
TAT,Y,0.301,T,0.1454364071560569
TGC,C,-0.637,C,0.24116669683307368
TGT,C,0.637,T,0.24116669683307368
