codon,amino_acid,Schlegelella,third_nucl,standard_error
ATA,I,1.723,A,0.48465865858146867
ATC,I,-1.278,C,0.15962114702270397
ATT,I,1.182,T,0.16831638433926033
ACA,T,1.157,A,0.19635833497191557
ACC,T,0.32,C,0.068514316208539
ACG,T,-0.8,G,0.07184917231117345
ACT,T,1.397,T,0.20179541926250735
AAC,N,-0.198,C,0.1638952683611453
AAT,N,0.198,T,0.1638952683611453
AAA,K,1.821,A,0.14755608079862745
AAG,K,-1.821,G,0.14755608079862745
AGC,S,-0.456,C,0.07105915112772712
AGT,S,0.771,T,0.1769576396346013
TCA,S,1.29,A,0.2916555670858363
TCC,S,0.606,C,0.0800258873106136
TCG,S,-0.684,G,0.07288116509601646
TCT,S,1.888,T,0.2315467578414254
AGA,R,2.038,A,0.2991520655947302
AGG,R,0.696,G,0.17650047231333196
CGA,R,1.573,A,0.1320983741534141
CGC,R,-0.476,C,0.05723774483188223
CGG,R,-0.743,G,0.0765737601962794
CGT,R,0.801,T,0.0919679134652871
CTA,L,2.039,A,0.40200966889450107
CTC,L,0.057,C,0.05087189634627061
CTG,L,-0.546,G,0.0481143583718237
CTT,L,1.484,T,0.14771335218765771
TTA,L,2.163,A,1.0543622628665392
TTG,L,0.552,G,0.07743116095834131
CCA,P,0.77,A,0.18331114361774953
CCC,P,0.384,C,0.06398664275765122
CCG,P,-0.927,G,0.06485978802548026
CCT,P,1.224,T,0.12084509204657089
CAC,H,-0.212,C,0.1156736952115931
CAT,H,0.212,T,0.11567369521159311
CAA,Q,1.288,A,0.10021757642437763
CAG,Q,-1.288,G,0.10021757642437763
GTA,V,1.125,A,0.23134997292764503
GTC,V,0.33,C,0.05994291862040592
GTG,V,-0.667,G,0.05912353245429152
GTT,V,1.866,T,0.1883688191252622
GCA,A,1.001,A,0.09115015333469376
GCC,A,0.114,C,0.04638193154215222
GCG,A,-0.774,G,0.05045304744563312
GCT,A,1.19,T,0.10236140567855173
GAC,D,-0.575,C,0.09082807046620177
GAT,D,0.575,T,0.09082807046620177
GAA,E,1.211,A,0.0794433126761735
GAG,E,-1.211,G,0.0794433126761735
GGA,G,1.109,A,0.130449957387679
GGC,G,-0.355,C,0.06781049468048213
GGG,G,-0.22,G,0.08398279687200753
GGT,G,0.528,T,0.10849677207687619
TTC,F,-0.781,C,0.14632510087475062
TTT,F,0.781,T,0.14632510087475065
TAC,Y,-0.274,C,0.1535196818882561
TAT,Y,0.274,T,0.1535196818882561
TGC,C,-0.753,C,0.24369513635322587
TGT,C,0.753,T,0.2436951363532259
