codon,amino_acid,Schleiferilactobacillus,third_nucl,standard_error
ATA,I,1.251,A,0.18118535536372188
ATC,I,-0.506,C,0.06060624298569215
ATT,I,0.32,T,0.06017696803778754
ACA,T,1.17,A,0.08236293273798073
ACC,T,-0.655,C,0.06249932198926397
ACG,T,-0.241,G,0.06628491890518683
ACT,T,0.178,T,0.07911578019908326
AAC,N,-0.265,C,0.07912099971514548
AAT,N,0.265,T,0.07912099971514547
AAA,K,0.913,A,0.06522621702521919
AAG,K,-0.913,G,0.06522621702521919
AGC,S,-0.522,C,0.0856527281323317
AGT,S,0.552,T,0.0858088180378607
TCA,S,0.988,A,0.11296861988654312
TCC,S,-0.631,C,0.09523839386205302
TCG,S,-0.522,G,0.10910296763147066
TCT,S,0.384,T,0.11073150123494176
AGA,R,1.752,A,0.21969424436675808
AGG,R,0.351,G,0.22135230406091944
CGA,R,0.754,A,0.12391398368777531
CGC,R,-0.141,C,0.0742812702958503
CGG,R,-0.906,G,0.07240018644427239
CGT,R,0.83,T,0.10077948165544137
CTA,L,0.421,A,0.12001110799925756
CTC,L,0.179,C,0.07638785496623023
CTG,L,-1.052,G,0.05449982177871497
CTT,L,0.532,T,0.10152785327481165
TTA,L,1.067,A,0.07145162174850063
TTG,L,0.099,G,0.05435772711581108
CCA,P,0.929,A,0.10089614540539658
CCC,P,-0.28,C,0.09020068575775263
CCG,P,-0.584,G,0.0807792547673775
CCT,P,0.508,T,0.12576541117479084
CAC,H,-0.306,C,0.10103922710932127
CAT,H,0.306,T,0.10103922710932127
CAA,Q,0.7,A,0.07080472720854573
CAG,Q,-0.7,G,0.07080472720854573
GTA,V,0.671,A,0.089220314074936
GTC,V,-0.511,C,0.06413713881807623
GTG,V,-0.071,G,0.05936364176029714
GTT,V,0.337,T,0.07526479538414453
GCA,A,1.376,A,0.06794513560657968
GCC,A,-0.671,C,0.05521992049900942
GCG,A,-0.321,G,0.06423596205925487
GCT,A,-0.106,T,0.07073629683067124
GAC,D,-0.286,C,0.06821201111323417
GAT,D,0.286,T,0.06821201111323417
GAA,E,0.453,A,0.08129770787063414
GAG,E,-0.453,G,0.08129770787063414
GGA,G,0.865,A,0.10979400442565444
GGC,G,-0.474,C,0.06837190580312097
GGG,G,-0.153,G,0.08602431065112282
GGT,G,0.32,T,0.07761544590301961
TTC,F,-0.727,C,0.08028383626307577
TTT,F,0.727,T,0.08028383626307577
TAC,Y,-0.405,C,0.08926983866076663
TAT,Y,0.405,T,0.08926983866076663
TGC,C,-0.727,C,0.24568620309355008
TGT,C,0.727,T,0.24568620309355008
