codon,amino_acid,Secundilactobacillus,third_nucl,standard_error
ATA,I,0.945,A,0.13731395192731727
ATC,I,-0.588,C,0.0648047212413094
ATT,I,0.326,T,0.0625736420283414
ACA,T,1.051,A,0.07089899550786992
ACC,T,-0.555,C,0.07007179007316519
ACG,T,-0.533,G,0.06855186018901491
ACT,T,0.002,T,0.07704617317620108
AAC,N,-0.454,C,0.07701404468830761
AAT,N,0.454,T,0.07701404468830762
AAA,K,0.986,A,0.06477009928144452
AAG,K,-0.986,G,0.06477009928144452
AGC,S,-0.131,C,0.09458017782467033
AGT,S,0.386,T,0.08129419325011447
TCA,S,0.287,A,0.07919491652983414
TCC,S,-0.57,C,0.11894084797132372
TCG,S,-0.342,G,0.10816815777352239
TCT,S,-0.201,T,0.10693367169573972
AGA,R,1.505,A,0.1510708336998804
AGG,R,0.449,G,0.23940424848620878
CGA,R,0.559,A,0.1062267122346845
CGC,R,-0.303,C,0.09341255377996671
CGG,R,-0.928,G,0.09624931200849202
CGT,R,-0.043,T,0.09220324169299098
CTA,L,0.39,A,0.09774386876347146
CTC,L,-0.23,C,0.08641443747631557
CTG,L,-1.065,G,0.07240528858077483
CTT,L,-0.073,T,0.07904667367447336
TTA,L,0.86,A,0.06051815447757072
TTG,L,-0.088,G,0.06276364685643704
CCA,P,0.55,A,0.09224613672264387
CCC,P,-0.084,C,0.12953341521635828
CCG,P,-0.694,G,0.11186612649250051
CCT,P,-0.007,T,0.12518093703199365
CAC,H,-0.431,C,0.11027324949520785
CAT,H,0.431,T,0.11027324949520785
CAA,Q,0.846,A,0.07911095530257525
CAG,Q,-0.846,G,0.07911095530257525
GTA,V,1.084,A,0.09769564137464844
GTC,V,-0.48,C,0.07404065515977984
GTG,V,-0.054,G,0.06770546680919617
GTT,V,-0.102,T,0.06632701460584012
GCA,A,1.026,A,0.0670527452693788
GCC,A,-0.675,C,0.07318601933983185
GCG,A,-0.394,G,0.07936872344519921
GCT,A,-0.197,T,0.0742907848366485
GAC,D,-0.406,C,0.07241522556485837
GAT,D,0.406,T,0.07241522556485837
GAA,E,0.531,A,0.09112111621335028
GAG,E,-0.531,G,0.09112111621335028
GGA,G,1.083,A,0.10232131774452517
GGC,G,-0.443,C,0.07614797822979205
GGG,G,-0.107,G,0.09311991785279923
GGT,G,-0.102,T,0.07800678636739226
TTC,F,-0.6,C,0.0927913971633969
TTT,F,0.6,T,0.0927913971633969
TAC,Y,-0.416,C,0.09363023121394819
TAT,Y,0.416,T,0.09363023121394819
TGC,C,-0.254,C,0.2793854844897761
TGT,C,0.254,T,0.2793854844897761
