codon,amino_acid,Sediminispirochaeta,third_nucl,standard_error
ATA,I,0.47,A,0.05813908096823505
ATC,I,-0.49,C,0.049395906292717714
ATT,I,0.144,T,0.04948132117257885
ACA,T,0.849,A,0.06921276876445837
ACC,T,-0.804,C,0.06198332531178532
ACG,T,0.031,G,0.07228169754996029
ACT,T,0.186,T,0.09180856298734526
AAC,N,-0.017,C,0.06866261093766013
AAT,N,0.017,T,0.06866261093766013
AAA,K,0.588,A,0.052136943410488766
AAG,K,-0.588,G,0.052136943410488766
AGC,S,0.088,C,0.06348221113408155
AGT,S,0.399,T,0.07068264755219036
TCA,S,0.339,A,0.07837006550104504
TCC,S,-0.568,C,0.06785874427923481
TCG,S,-0.104,G,0.07153664170312964
TCT,S,-0.057,T,0.07743015816731144
AGA,R,0.776,A,0.07035499215328456
AGG,R,-0.162,G,0.0774885894368038
CGA,R,0.454,A,0.0739126749772649
CGC,R,-0.447,C,0.07979386368492164
CGG,R,-0.417,G,0.07035919726817769
CGT,R,-0.364,T,0.07353890403024432
CTA,L,0.637,A,0.09258322811652958
CTC,L,-0.522,C,0.05638640374418102
CTG,L,-0.075,G,0.05309672632917897
CTT,L,-0.316,T,0.044806782589340406
TTA,L,0.82,A,0.07334872424764488
TTG,L,0.355,G,0.056622617715585924
CCA,P,0.529,A,0.10175995557313973
CCC,P,-0.4,C,0.07755686037695253
CCG,P,0.048,G,0.07828179464503128
CCT,P,0.067,T,0.08439446556211454
CAC,H,-0.175,C,0.09791064001473118
CAT,H,0.175,T,0.09791064001473118
CAA,Q,0.755,A,0.08034776058419626
CAG,Q,-0.755,G,0.08034776058419625
GTA,V,0.411,A,0.06389783369294712
GTC,V,-0.65,C,0.06360699885264101
GTG,V,0.255,G,0.05865337808766659
GTT,V,-0.028,T,0.056195868519816956
GCA,A,0.456,A,0.05724865477935221
GCC,A,-0.583,C,0.055744081207658815
GCG,A,0.086,G,0.06487078181683954
GCT,A,0.156,T,0.06533057769408626
GAC,D,-0.058,C,0.06488551083160118
GAT,D,0.058,T,0.06488551083160118
GAA,E,0.538,A,0.05509639881526531
GAG,E,-0.538,G,0.05509639881526531
GGA,G,0.436,A,0.05731425363808733
GGC,G,-0.201,C,0.06694464528149617
GGG,G,-0.352,G,0.0703762055698579
GGT,G,-0.054,T,0.06686183244497984
TTC,F,-0.205,C,0.06640817619746339
TTT,F,0.205,T,0.06640817619746339
TAC,Y,-0.14,C,0.07983185829740241
TAT,Y,0.14,T,0.07983185829740241
TGC,C,-0.229,C,0.13619188902109383
TGT,C,0.229,T,0.13619188902109383
