codon,amino_acid,Sedimenticola,third_nucl,standard_error
ATA,I,0.967,A,0.09266436118600936
ATC,I,-0.73,C,0.059019206205282365
ATT,I,0.337,T,0.06297771004257025
ACA,T,1.103,A,0.0893055491509234
ACC,T,-0.874,C,0.06352510224357277
ACG,T,-0.014,G,0.0910909024455798
ACT,T,0.557,T,0.0947388178402264
AAC,N,-0.217,C,0.07773539447067304
AAT,N,0.217,T,0.07773539447067304
AAA,K,0.909,A,0.06831909064714421
AAG,K,-0.909,G,0.06831909064714421
AGC,S,-0.205,C,0.06454651075973215
AGT,S,0.35,T,0.07560079471333968
TCA,S,0.473,A,0.09334094807981243
TCC,S,-0.394,C,0.06818271823814492
TCG,S,-0.361,G,0.08838893094568605
TCT,S,0.829,T,0.12410484731974616
AGA,R,1.62,A,0.11008847413142359
AGG,R,0.306,G,0.12082459834643511
CGA,R,0.854,A,0.10144730132726665
CGC,R,-0.271,C,0.06419243582797865
CGG,R,-1.014,G,0.06850230280037763
CGT,R,0.115,T,0.07185578228493311
CTA,L,1.272,A,0.12421245910900713
CTC,L,0.211,C,0.062135772999227276
CTG,L,-0.938,G,0.044247693347782564
CTT,L,0.79,T,0.0851760530601968
TTA,L,1.31,A,0.11355642814069754
TTG,L,0.354,G,0.06328168551262009
CCA,P,0.706,A,0.09674073113099477
CCC,P,-0.008,C,0.07080873893796902
CCG,P,-0.721,G,0.06970862367729268
CCT,P,0.971,T,0.11769846748231336
CAC,H,-0.285,C,0.09914411339515761
CAT,H,0.285,T,0.09914411339515761
CAA,Q,1.156,A,0.08156545717654304
CAG,Q,-1.156,G,0.08156545717654304
GTA,V,0.561,A,0.07836500459205345
GTC,V,0.015,C,0.06646050578287549
GTG,V,-0.659,G,0.05859449156045888
GTT,V,0.591,T,0.0771036866926822
GCA,A,0.874,A,0.06688516667724186
GCC,A,-0.41,C,0.05211400622487306
GCG,A,-0.459,G,0.0627284052494684
GCT,A,0.493,T,0.08122107808033625
GAC,D,-0.104,C,0.06513460519649242
GAT,D,0.104,T,0.06513460519649242
GAA,E,0.926,A,0.06306655453381604
GAG,E,-0.926,G,0.06306655453381604
GGA,G,0.682,A,0.08448241232137466
GGC,G,-0.145,C,0.06355387487265649
GGG,G,-0.37,G,0.08651926693816969
GGT,G,-0.022,T,0.06778215046541146
TTC,F,-0.725,C,0.07686271075574555
TTT,F,0.725,T,0.07686271075574555
TAC,Y,-0.434,C,0.09273094702990499
TAT,Y,0.434,T,0.09273094702990499
TGC,C,-0.457,C,0.1500555481780661
TGT,C,0.457,T,0.1500555481780661
