codon,amino_acid,Segniliparus,third_nucl,standard_error
ATA,I,0.548,A,0.18868811080512102
ATC,I,-0.881,C,0.1082696385549119
ATT,I,0.907,T,0.12401848692213661
ACA,T,0.772,A,0.10234686120165219
ACC,T,-0.511,C,0.06614753634696544
ACG,T,-0.182,G,0.07052848080454364
ACT,T,0.853,T,0.11836528186891682
AAC,N,-0.565,C,0.14195525259600106
AAT,N,0.565,T,0.14195525259600106
AAA,K,0.127,A,0.0902405309167321
AAG,K,-0.127,G,0.0902405309167321
AGC,S,0.342,C,0.06597348425601385
AGT,S,1.141,T,0.1938120861412007
TCA,S,0.522,A,0.1471965437576824
TCC,S,-0.501,C,0.06877991242808565
TCG,S,-0.523,G,0.07102790442107533
TCT,S,0.824,T,0.12136056533980788
AGA,R,1.005,A,0.15194541315357812
AGG,R,-0.001,G,0.1048548965814924
CGA,R,0.776,A,0.10058293741319457
CGC,R,-0.379,C,0.05851603393897034
CGG,R,-0.285,G,0.06519005667497658
CGT,R,0.436,T,0.09886217694806096
CTA,L,0.129,A,0.26849375763721767
CTC,L,-0.353,C,0.053142206018277884
CTG,L,-0.183,G,0.0551942876280123
CTT,L,0.474,T,0.08910701170789788
TTA,L,1.33,A,0.306315093995752
TTG,L,0.444,G,0.06494526242742678
CCA,P,0.728,A,0.11418522287633909
CCC,P,-0.072,C,0.06689570522807957
CCG,P,-0.454,G,0.06312620288466544
CCT,P,0.667,T,0.10202509971365248
CAC,H,-0.501,C,0.11655441148406041
CAT,H,0.501,T,0.11655441148406041
CAA,Q,0.269,A,0.08913898932765203
CAG,Q,-0.269,G,0.08913898932765203
GTA,V,1.46,A,0.2713407909462896
GTC,V,-0.528,C,0.054904546057598626
GTG,V,0.211,G,0.053236145076899784
GTT,V,0.719,T,0.10055941699822005
GCA,A,0.844,A,0.07696624505720961
GCC,A,-0.156,C,0.04627777948305408
GCG,A,-0.421,G,0.04519379145720909
GCT,A,0.7,T,0.07489357666759351
GAC,D,-0.716,C,0.08836778543021097
GAT,D,0.716,T,0.08836778543021097
GAA,E,0.516,A,0.07050853821676015
GAG,E,-0.516,G,0.07050853821676015
GGA,G,0.771,A,0.08734185753180987
GGC,G,-0.432,C,0.05927672642884736
GGG,G,-0.187,G,0.06966027435827053
GGT,G,0.712,T,0.10784230397664951
TTC,F,-0.986,C,0.14035295178873886
TTT,F,0.986,T,0.14035295178873886
TAC,Y,-0.766,C,0.15137027028223113
TAT,Y,0.766,T,0.15137027028223113
TGC,C,-0.479,C,0.2600144197582814
TGT,C,0.479,T,0.2600144197582814
