codon,amino_acid,Selenomonas,third_nucl,standard_error
ATA,I,1.047,A,0.12728223094819835
ATC,I,-0.672,C,0.0742111783950584
ATT,I,0.316,T,0.08018184244649719
ACA,T,1.053,A,0.11299477855382033
ACC,T,-0.037,C,0.11796643730680145
ACG,T,-0.764,G,0.08543055768580145
ACT,T,0.507,T,0.16390186713395627
AAC,N,-0.592,C,0.10098473695844153
AAT,N,0.592,T,0.10098473695844153
AAA,K,0.928,A,0.0781277128094163
AAG,K,-0.928,G,0.0781277128094163
AGC,S,0.244,C,0.08679314924477242
AGT,S,0.44,T,0.1404477278465773
TCA,S,0.585,A,0.15708374891121857
TCC,S,-0.146,C,0.1032894710735992
TCG,S,-0.601,G,0.09369769681418297
TCT,S,0.102,T,0.13655289230503276
AGA,R,1.278,A,0.12464525927025491
AGG,R,0.814,G,0.12084112444067778
CGA,R,0.451,A,0.13563418710854644
CGC,R,-1.007,C,0.0752910400454983
CGG,R,0.178,G,0.11430374308442678
CGT,R,-0.088,T,0.10033672426959248
CTA,L,0.504,A,0.21460976230163123
CTC,L,-0.848,C,0.06308479074557409
CTG,L,-0.245,G,0.06624830571034136
CTT,L,0.01,T,0.07449628539295901
TTA,L,1.263,A,0.19901289158358568
TTG,L,1.099,G,0.07391781851411
CCA,P,0.954,A,0.18490350177943862
CCC,P,-0.388,C,0.12019350882776823
CCG,P,-0.091,G,0.10391614149090393
CCT,P,0.166,T,0.14604406973583564
CAC,H,-0.504,C,0.1396751054639578
CAT,H,0.504,T,0.1396751054639578
CAA,Q,0.65,A,0.12089559148746162
CAG,Q,-0.65,G,0.12089559148746162
GTA,V,1.05,A,0.11335334435341098
GTC,V,-0.935,C,0.07353012084185803
GTG,V,0.027,G,0.0740675322592151
GTT,V,0.82,T,0.09922769906972254
GCA,A,0.925,A,0.07258021242282496
GCC,A,-0.462,C,0.0756250591163507
GCG,A,-0.483,G,0.061541279933543254
GCT,A,0.264,T,0.08889984136840719
GAC,D,-0.48,C,0.08304591224831137
GAT,D,0.48,T,0.08304591224831138
GAA,E,0.946,A,0.06914370667887884
GAG,E,-0.946,G,0.06914370667887884
GGA,G,0.692,A,0.09244914268409862
GGC,G,-0.684,C,0.07395132750728825
GGG,G,0.195,G,0.10317100215852883
GGT,G,0.335,T,0.10850984032960526
TTC,F,-0.929,C,0.0929395222027672
TTT,F,0.929,T,0.09293952220276722
TAC,Y,-0.433,C,0.10852128241013172
TAT,Y,0.433,T,0.10852128241013172
TGC,C,-0.428,C,0.19459367246618545
TGT,C,0.428,T,0.19459367246618545
