codon,amino_acid,Serinicoccus,third_nucl,standard_error
ATA,I,-0.356,A,0.35104995787969506
ATC,I,-0.536,C,0.23490314983167968
ATT,I,1.311,T,0.3599938084892393
ACA,T,1.141,A,0.19892120087212709
ACC,T,-0.167,C,0.05767134380654837
ACG,T,-0.084,G,0.05968113045924651
ACT,T,1.409,T,0.24805626442625775
AAC,N,-0.811,C,0.3210700242194353
AAT,N,0.811,T,0.3210700242194353
AAA,K,0.449,A,0.3378600554282935
AAG,K,-0.449,G,0.3378600554282935
AGC,S,0.527,C,0.06411909877930129
AGT,S,1.496,T,0.2632640581356692
TCA,S,0.638,A,0.21631924143123757
TCC,S,-0.31,C,0.06672485805532581
TCG,S,-0.697,G,0.0721916912611117
TCT,S,0.934,T,0.22003636381795427
AGA,R,1.479,A,0.27797829031394083
AGG,R,0.992,G,0.12471091604521703
CGA,R,1.158,A,0.12304058659655182
CGC,R,-0.191,C,0.05234147115630335
CGG,R,-0.626,G,0.056486213317789864
CGT,R,0.676,T,0.09619524300998242
CTA,L,0.613,A,0.3327661626465419
CTC,L,-0.017,C,0.048713523201845965
CTG,L,-0.143,G,0.04840436888128205
CTT,L,1.068,T,0.20579918053569737
TTA,L,0.183,A,0.8168550375879908
TTG,L,0.716,G,0.14999502136793438
CCA,P,0.91,A,0.16771843946038634
CCC,P,0.352,C,0.059209952447272535
CCG,P,-0.663,G,0.059187892870265206
CCT,P,1.136,T,0.1674342829634738
CAC,H,-0.744,C,0.18553420863469913
CAT,H,0.744,T,0.18553420863469913
CAA,Q,0.783,A,0.24327517534114312
CAG,Q,-0.783,G,0.24327517534114312
GTA,V,1.039,A,0.32445124744743775
GTC,V,-0.692,C,0.0482097524955832
GTG,V,0.621,G,0.048151802819452874
GTT,V,0.919,T,0.22969524981426434
GCA,A,1.133,A,0.09484673802123655
GCC,A,-0.151,C,0.04375932990105836
GCG,A,-0.31,G,0.04595076137987504
GCT,A,0.958,T,0.11249942012086792
GAC,D,-1.099,C,0.1284870636608843
GAT,D,1.099,T,0.1284870636608843
GAA,E,1.085,A,0.13197781224637742
GAG,E,-1.085,G,0.13197781224637742
GGA,G,1.103,A,0.10424117007540536
GGC,G,-0.395,C,0.05474029076225756
GGG,G,-0.166,G,0.06196887787058346
GGT,G,0.441,T,0.07898498301568153
TTC,F,-1.303,C,0.35083141056386924
TTT,F,1.303,T,0.35083141056386924
TAC,Y,-0.622,C,0.18410946293590943
TAT,Y,0.622,T,0.18410946293590943
TGC,C,-1.308,C,0.4882466726817638
TGT,C,1.308,T,0.48824667268176375
