codon,amino_acid,Serratia,third_nucl,standard_error
ATA,I,0.773,A,0.0783441383634142
ATC,I,-0.766,C,0.048274674476466904
ATT,I,0.468,T,0.049140800543709916
ACA,T,1.223,A,0.08434228445279406
ACC,T,-0.642,C,0.05077363203951525
ACG,T,-0.268,G,0.05984025014325755
ACT,T,0.54,T,0.06944735057750243
AAC,N,-0.474,C,0.06032549222674588
AAT,N,0.474,T,0.06032549222674588
AAA,K,0.529,A,0.05414291173889059
AAG,K,-0.529,G,0.054142911738890596
AGC,S,-0.486,C,0.05177108909749476
AGT,S,0.45,T,0.07012641932045954
TCA,S,0.55,A,0.071512386739654
TCC,S,-0.128,C,0.06564592651149033
TCG,S,-0.398,G,0.06912979493457705
TCT,S,0.433,T,0.07075439688984346
AGA,R,1.508,A,0.10890890204576649
AGG,R,0.5,G,0.13231262756049905
CGA,R,0.606,A,0.10829511007234952
CGC,R,-0.434,C,0.054041076725279635
CGG,R,-0.492,G,0.07994701668902085
CGT,R,-0.057,T,0.05560189400566007
CTA,L,0.524,A,0.07433702058125564
CTC,L,0.203,C,0.06277329059064407
CTG,L,-0.859,G,0.036179542893187075
CTT,L,0.616,T,0.06526721345514855
TTA,L,0.968,A,0.055939320639943745
TTG,L,0.05,G,0.044307220941261834
CCA,P,0.244,A,0.06837613797489614
CCC,P,0.408,C,0.07564382418860077
CCG,P,-0.785,G,0.061587623953339894
CCT,P,0.495,T,0.07352327045770544
CAC,H,-0.034,C,0.08229383574416851
CAT,H,0.034,T,0.08229383574416851
CAA,Q,0.802,A,0.05622092776971053
CAG,Q,-0.802,G,0.05622092776971053
GTA,V,0.506,A,0.0615412628686732
GTC,V,-0.142,C,0.058062215498596824
GTG,V,-0.617,G,0.048247885773958554
GTT,V,0.553,T,0.05599722932795326
GCA,A,0.614,A,0.051830847711693474
GCC,A,-0.362,C,0.043837354931028666
GCG,A,-0.431,G,0.04850087045195875
GCT,A,0.444,T,0.054445875253112785
GAC,D,-0.072,C,0.06042859516418126
GAT,D,0.072,T,0.06042859516418126
GAA,E,0.517,A,0.05931210370649627
GAG,E,-0.517,G,0.059312103706496276
GGA,G,0.749,A,0.08531451327277717
GGC,G,-0.376,C,0.05427149081415367
GGG,G,-0.205,G,0.06952176597830528
GGT,G,0.256,T,0.05886458106198845
TTC,F,-0.665,C,0.06380223107529391
TTT,F,0.665,T,0.06380223107529391
TAC,Y,-0.19,C,0.07802709467065924
TAT,Y,0.19,T,0.07802709467065924
TGC,C,-0.413,C,0.12338826781185037
TGT,C,0.413,T,0.12338826781185039
