codon,amino_acid,Shewanella,third_nucl,standard_error
ATA,I,0.39,A,0.051138568784305595
ATC,I,-0.489,C,0.045935541859913054
ATT,I,0.169,T,0.04593529306007784
ACA,T,0.597,A,0.057078249531301056
ACC,T,-0.489,C,0.05424966076987832
ACG,T,-0.183,G,0.07510914748259617
ACT,T,0.028,T,0.05471796389008911
AAC,N,-0.127,C,0.05779460964271474
AAT,N,0.127,T,0.05779460964271474
AAA,K,0.637,A,0.04834413207617937
AAG,K,-0.637,G,0.04834413207617937
AGC,S,-0.148,C,0.055220874023050065
AGT,S,0.01,T,0.05154380423556445
TCA,S,0.408,A,0.05500427765315132
TCC,S,-0.143,C,0.07508728844773922
TCG,S,-0.181,G,0.07194457687120512
TCT,S,-0.1,T,0.05509051674258497
AGA,R,0.508,A,0.06695920283298039
AGG,R,-0.159,G,0.10554068437944278
CGA,R,0.179,A,0.08486916152122277
CGC,R,-0.302,C,0.07425052767333222
CGG,R,-0.005,G,0.12732446904358724
CGT,R,-0.289,T,0.06493305740251779
CTA,L,0.178,A,0.05418532809095058
CTC,L,-0.152,C,0.05244145936989354
CTG,L,-0.595,G,0.04781949890763973
CTT,L,-0.011,T,0.05121076103970774
TTA,L,0.414,A,0.040144778838001396
TTG,L,0.007,G,0.047498330912333235
CCA,P,0.389,A,0.06994018500200823
CCC,P,0.003,C,0.07708552895553604
CCG,P,-0.407,G,0.0893865583653753
CCT,P,-0.125,T,0.06769680490240298
CAC,H,-0.008,C,0.08799112399034731
CAT,H,0.008,T,0.08799112399034732
CAA,Q,0.419,A,0.0588196680305203
CAG,Q,-0.419,G,0.0588196680305203
GTA,V,0.419,A,0.05878233737321101
GTC,V,-0.442,C,0.05808213933022286
GTG,V,-0.072,G,0.05217501039766375
GTT,V,0.105,T,0.05291726326000488
GCA,A,0.505,A,0.051716730658325626
GCC,A,-0.491,C,0.050060133210494594
GCG,A,-0.125,G,0.060967659589003194
GCT,A,0.117,T,0.050167582654040754
GAC,D,-0.068,C,0.06232490642990024
GAT,D,0.068,T,0.06232490642990024
GAA,E,0.57,A,0.055609243828703164
GAG,E,-0.57,G,0.05560924382870316
GGA,G,0.47,A,0.07229640879212872
GGC,G,-0.251,C,0.0613966081233537
GGG,G,-0.089,G,0.08415224455675695
GGT,G,-0.022,T,0.058202303305535615
TTC,F,-0.522,C,0.062145163615983774
TTT,F,0.522,T,0.06214516361598378
TAC,Y,-0.113,C,0.07843163946461706
TAT,Y,0.113,T,0.07843163946461708
TGC,C,-0.033,C,0.12585312600311405
TGT,C,0.033,T,0.12585312600311405
