codon,amino_acid,Shigella,third_nucl,standard_error
ATA,I,0.703,A,0.08075392426588404
ATC,I,-0.409,C,0.05102774523387939
ATT,I,0.096,T,0.0490744267822203
ACA,T,0.661,A,0.06896566056316751
ACC,T,-0.482,C,0.05365539558122737
ACG,T,-0.217,G,0.06082630176542819
ACT,T,0.346,T,0.06637514686219634
AAC,N,-0.407,C,0.061198633644333304
AAT,N,0.407,T,0.061198633644333304
AAA,K,-0.016,A,0.06167321875144512
AAG,K,0.016,G,0.06167321875144512
AGC,S,-0.32,C,0.0586949700291017
AGT,S,0.217,T,0.06656799933012751
TCA,S,0.471,A,0.07312520638013804
TCC,S,-0.122,C,0.07241245781734594
TCG,S,-0.414,G,0.0746640720869453
TCT,S,0.227,T,0.06750916553828422
AGA,R,1.252,A,0.11609347212565276
AGG,R,0.694,G,0.14179556676662763
CGA,R,0.531,A,0.09343682259734178
CGC,R,-0.332,C,0.05599240714017469
CGG,R,-0.273,G,0.09245258258662516
CGT,R,-0.23,T,0.055944221209659716
CTA,L,0.305,A,0.08731428757873247
CTC,L,0.2,C,0.062043658255794575
CTG,L,-0.789,G,0.03969826709495286
CTT,L,0.377,T,0.057084372817225885
TTA,L,0.711,A,0.051707059944624705
TTG,L,0.076,G,0.05640623886656895
CCA,P,0.303,A,0.07420997565429709
CCC,P,0.604,C,0.08653794078998302
CCG,P,-0.86,G,0.0650212195378999
CCT,P,0.455,T,0.07779643672349934
CAC,H,-0.252,C,0.08776330133715295
CAT,H,0.252,T,0.08776330133715295
CAA,Q,0.769,A,0.06236807982963265
CAG,Q,-0.769,G,0.06236807982963265
GTA,V,0.329,A,0.06377427002449955
GTC,V,-0.128,C,0.061281532034346206
GTG,V,-0.36,G,0.05159447830670549
GTT,V,0.269,T,0.0548894793015204
GCA,A,0.426,A,0.051651844675554434
GCC,A,-0.11,C,0.05129808316635736
GCG,A,-0.547,G,0.050312633577564846
GCT,A,0.331,T,0.05554602505854866
GAC,D,-0.091,C,0.06298807730313281
GAT,D,0.091,T,0.06298807730313281
GAA,E,0.4,A,0.06559341946366706
GAG,E,-0.4,G,0.06559341946366706
GGA,G,0.6,A,0.07921399409415518
GGC,G,-0.214,C,0.05965266442505187
GGG,G,0.005,G,0.07973883416563833
GGT,G,-0.122,T,0.061379880536819496
TTC,F,-0.425,C,0.0659840036380729
TTT,F,0.425,T,0.0659840036380729
TAC,Y,-0.035,C,0.0810873764095398
TAT,Y,0.035,T,0.0810873764095398
TGC,C,-0.436,C,0.12152828027387441
TGT,C,0.436,T,0.12152828027387441
