codon,amino_acid,Shimwellia,third_nucl,standard_error
ATA,I,0.765,A,0.09315270260546073
ATC,I,-0.441,C,0.05814601752548943
ATT,I,0.109,T,0.056755502608131225
ACA,T,1.098,A,0.0853919845270903
ACC,T,-0.997,C,0.059597180977113855
ACG,T,0.048,G,0.0766762117826102
ACT,T,0.762,T,0.08782192438119742
AAC,N,-0.561,C,0.07453070037627901
AAT,N,0.561,T,0.07453070037627901
AAA,K,0.252,A,0.07301082733630891
AAG,K,-0.252,G,0.07301082733630891
AGC,S,-0.519,C,0.062088514785995065
AGT,S,0.472,T,0.08288629951769867
TCA,S,0.683,A,0.08959203194658304
TCC,S,-0.389,C,0.07359746071685708
TCG,S,-0.235,G,0.09260707180892863
TCT,S,0.487,T,0.08406900438565876
AGA,R,1.441,A,0.13802108313351485
AGG,R,0.275,G,0.153537582356965
CGA,R,1.117,A,0.14200119846735101
CGC,R,-0.554,C,0.05854343032293508
CGG,R,-0.766,G,0.0768006791826206
CGT,R,0.629,T,0.06993496053168442
CTA,L,0.992,A,0.1263960093295622
CTC,L,-0.069,C,0.0680636779128743
CTG,L,-1.148,G,0.04429524022981746
CTT,L,0.676,T,0.07144823455525348
TTA,L,1.297,A,0.07354120853475893
TTG,L,0.876,G,0.08732568428553547
CCA,P,1.055,A,0.10912818715772757
CCC,P,0.168,C,0.0761907335613585
CCG,P,-0.99,G,0.0685956604280337
CCT,P,0.847,T,0.0970594757329493
CAC,H,-0.566,C,0.09396386948721723
CAT,H,0.566,T,0.09396386948721723
CAA,Q,1.39,A,0.08221898437178687
CAG,Q,-1.39,G,0.08221898437178687
GTA,V,0.585,A,0.07497537996925176
GTC,V,-0.091,C,0.06943617561399881
GTG,V,-0.688,G,0.055938314129244424
GTT,V,0.584,T,0.06583061747084798
GCA,A,0.76,A,0.060981640767073006
GCC,A,-0.63,C,0.05033979395586606
GCG,A,-0.332,G,0.05465540339945939
GCT,A,0.789,T,0.07049322083866015
GAC,D,-0.182,C,0.06873086294367196
GAT,D,0.182,T,0.06873086294367196
GAA,E,0.871,A,0.07008764056479475
GAG,E,-0.871,G,0.07008764056479475
GGA,G,1.166,A,0.11096413550498264
GGC,G,-0.238,C,0.06348789106814494
GGG,G,-0.492,G,0.07260016526852377
GGT,G,0.317,T,0.07089014398850103
TTC,F,-0.551,C,0.07833028485858032
TTT,F,0.551,T,0.07833028485858032
TAC,Y,-0.458,C,0.09125229118851115
TAT,Y,0.458,T,0.09125229118851115
TGC,C,-0.737,C,0.14337120036145748
TGT,C,0.737,T,0.14337120036145748
