codon,amino_acid,Shouchella,third_nucl,standard_error
ATA,I,0.431,A,0.06237501333044771
ATC,I,-0.167,C,0.06067998823277712
ATT,I,-0.166,T,0.04937625467311854
ACA,T,0.199,A,0.05531720861588137
ACC,T,-0.232,C,0.08079602811844108
ACG,T,-0.178,G,0.06226470372491125
ACT,T,0.086,T,0.07233513206138496
AAC,N,0.115,C,0.06735985285183838
AAT,N,-0.115,T,0.06735985285183838
AAA,K,0.099,A,0.053977089302386635
AAG,K,-0.099,G,0.053977089302386635
AGC,S,0.063,C,0.08084708925847502
AGT,S,0.257,T,0.06495102963813118
TCA,S,0.144,A,0.06318129064522099
TCC,S,-0.213,C,0.09656962587351743
TCG,S,-0.143,G,0.09243122700863286
TCT,S,-0.304,T,0.06774646592693938
AGA,R,0.362,A,0.07422041338318804
AGG,R,0.274,G,0.12639016141965184
CGA,R,0.157,A,0.0722695291530174
CGC,R,-0.267,C,0.09580112721373521
CGG,R,-0.358,G,0.11419431216557835
CGT,R,-0.289,T,0.07125935070136613
CTA,L,0.039,A,0.06190046137392218
CTC,L,-0.399,C,0.0809138283465618
CTG,L,-0.193,G,0.08597694844295255
CTT,L,-0.432,T,0.0505642923740689
TTA,L,0.169,A,0.04256668215454241
TTG,L,0.471,G,0.05563455569821906
CCA,P,0.19,A,0.07878566107230815
CCC,P,0.393,C,0.15005711749632558
CCG,P,-0.231,G,0.10049442764416867
CCT,P,-0.175,T,0.08514847839589627
CAC,H,0.026,C,0.09665587436573585
CAT,H,-0.026,T,0.09665587436573585
CAA,Q,0.283,A,0.07343223162117989
CAG,Q,-0.283,G,0.07343223162117989
GTA,V,0.155,A,0.05483519492247682
GTC,V,-0.185,C,0.06873346597579676
GTG,V,0.467,G,0.05895783220641771
GTT,V,-0.395,T,0.05170500925028442
GCA,A,0.329,A,0.05549390955141596
GCC,A,-0.306,C,0.08282677687477798
GCG,A,-0.111,G,0.06890611831036053
GCT,A,-0.133,T,0.06036753954045404
GAC,D,-0.102,C,0.07121460979220255
GAT,D,0.102,T,0.07121460979220254
GAA,E,0.137,A,0.05872754994392778
GAG,E,-0.137,G,0.05872754994392778
GGA,G,0.239,A,0.061334642855222
GGC,G,-0.288,C,0.07768737226873741
GGG,G,-0.073,G,0.08083077131927306
GGT,G,-0.01,T,0.061353148730752885
TTC,F,-0.192,C,0.07703658745181109
TTT,F,0.192,T,0.07703658745181109
TAC,Y,-0.061,C,0.07929834272588011
TAT,Y,0.061,T,0.0792983427258801
TGC,C,0.024,C,0.16869589213755048
TGT,C,-0.024,T,0.16869589213755048
