codon,amino_acid,Siansivirga,third_nucl,standard_error
ATA,I,0.503,A,0.056429230208348405
ATC,I,0.184,C,0.0876873866803763
ATT,I,-0.526,T,0.05353187462461708
ACA,T,0.673,A,0.07045693529521165
ACC,T,-0.533,C,0.07969009054830951
ACG,T,-0.35,G,0.11657359438604274
ACT,T,-0.168,T,0.07913996848539101
AAC,N,-0.065,C,0.06838958051871814
AAT,N,0.065,T,0.06838958051871814
AAA,K,0.104,A,0.0755212161010287
AAG,K,-0.104,G,0.0755212161010287
AGC,S,-0.119,C,0.10437356992253324
AGT,S,0.077,T,0.07548479212371456
TCA,S,0.656,A,0.08261499763803545
TCC,S,0.334,C,0.13774263923087068
TCG,S,-0.727,G,0.11303246158219211
TCT,S,-0.342,T,0.07774993236066295
AGA,R,0.729,A,0.0960383063617271
AGG,R,0.474,G,0.20927231105123928
CGA,R,0.053,A,0.14105708858333163
CGC,R,-0.577,C,0.1542214982028162
CGG,R,-0.188,G,0.3179609574105062
CGT,R,-0.904,T,0.12208173387122472
CTA,L,0.372,A,0.08348523333893433
CTC,L,0.463,C,0.14619529669397768
CTG,L,-0.1,G,0.13330899363715853
CTT,L,0.12,T,0.069447718204729
TTA,L,-0.075,A,0.04988524172983215
TTG,L,-0.38,G,0.07477581983817017
CCA,P,0.281,A,0.10183717186599482
CCC,P,-0.189,C,0.14529235754024386
CCG,P,-0.198,G,0.16642782792840952
CCT,P,-0.123,T,0.10812292911177059
CAC,H,0.201,C,0.13163146296590422
CAT,H,-0.201,T,0.13163146296590425
CAA,Q,0.527,A,0.12493852737463212
CAG,Q,-0.527,G,0.12493852737463212
GTA,V,0.418,A,0.07253229878374824
GTC,V,0.27,C,0.15984068589185685
GTG,V,-0.306,G,0.10988396398177123
GTT,V,-0.319,T,0.07084473344408329
GCA,A,0.71,A,0.07678430756328912
GCC,A,-0.662,C,0.09830306746151332
GCG,A,-0.053,G,0.1306244190101218
GCT,A,-0.254,T,0.07744849723625893
GAC,D,0.383,C,0.09165542304457028
GAT,D,-0.383,T,0.09165542304457028
GAA,E,0.477,A,0.10335155917473136
GAG,E,-0.477,G,0.10335155917473136
GGA,G,0.725,A,0.08573912181302511
GGC,G,-0.159,C,0.10679276919770969
GGG,G,-0.381,G,0.16389604561910642
GGT,G,-0.494,T,0.08666956463471819
TTC,F,-0.095,C,0.09311560029480942
TTT,F,0.095,T,0.09311560029480942
TAC,Y,0.225,C,0.0900904202587625
TAT,Y,-0.225,T,0.0900904202587625
TGC,C,0.315,C,0.19466655857593174
TGT,C,-0.315,T,0.19466655857593174
