codon,amino_acid,Siccibacter,third_nucl,standard_error
ATA,I,0.872,A,0.10886541017494113
ATC,I,-0.781,C,0.05819625433563691
ATT,I,0.515,T,0.058408007787454225
ACA,T,1.646,A,0.11566914374421271
ACC,T,-0.876,C,0.058951107360663516
ACG,T,-0.038,G,0.06703329163078817
ACT,T,0.612,T,0.08533524546988171
AAC,N,-0.59,C,0.07490957527415204
AAT,N,0.59,T,0.07490957527415203
AAA,K,0.565,A,0.06704825916362457
AAG,K,-0.565,G,0.06704825916362457
AGC,S,-0.787,C,0.06250093273609554
AGT,S,0.949,T,0.09586991317437257
TCA,S,0.706,A,0.0929822936738518
TCC,S,-0.077,C,0.07404075656999318
TCG,S,-0.467,G,0.07850969696031031
TCT,S,0.755,T,0.0953720347228598
AGA,R,1.487,A,0.15741360063774465
AGG,R,0.805,G,0.16653304163635058
CGA,R,1.487,A,0.1496210698261539
CGC,R,-0.683,C,0.05882935914457757
CGG,R,-0.468,G,0.0992311341994449
CGT,R,0.22,T,0.06416284436018546
CTA,L,0.919,A,0.1460029653031247
CTC,L,-0.003,C,0.060820066209829333
CTG,L,-1.15,G,0.04389612573674052
CTT,L,0.655,T,0.06821556000931718
TTA,L,1.615,A,0.08595862626804088
TTG,L,0.891,G,0.08799304148180809
CCA,P,1.01,A,0.10678587590844207
CCC,P,0.733,C,0.08712418977184487
CCG,P,-1.364,G,0.07102056854941928
CCT,P,0.921,T,0.1007472335432967
CAC,H,-0.204,C,0.0930706248264463
CAT,H,0.204,T,0.0930706248264463
CAA,Q,1.734,A,0.0892846995215633
CAG,Q,-1.734,G,0.0892846995215633
GTA,V,0.608,A,0.07343961513806033
GTC,V,-0.069,C,0.06870313044706178
GTG,V,-0.789,G,0.0555324445967242
GTT,V,0.722,T,0.0675438287607473
GCA,A,0.884,A,0.061558953580935216
GCC,A,-0.302,C,0.05162005666588458
GCG,A,-0.693,G,0.05137365004814917
GCT,A,0.639,T,0.0664279591838126
GAC,D,-0.252,C,0.06600230920609498
GAT,D,0.252,T,0.06600230920609498
GAA,E,0.834,A,0.06902600245301746
GAG,E,-0.834,G,0.06902600245301746
GGA,G,1.176,A,0.10641043857466154
GGC,G,-0.57,C,0.06347934174617705
GGG,G,-0.056,G,0.08565449009065611
GGT,G,0.24,T,0.07166516516942278
TTC,F,-0.845,C,0.07448655870824064
TTT,F,0.845,T,0.07448655870824064
TAC,Y,-0.427,C,0.09233511612719335
TAT,Y,0.427,T,0.09233511612719336
TGC,C,-0.752,C,0.15017410710375903
TGT,C,0.752,T,0.15017410710375903
