codon,amino_acid,Sideroxydans,third_nucl,standard_error
ATA,I,0.388,A,0.09515106531522728
ATC,I,-0.547,C,0.07086749222873383
ATT,I,0.508,T,0.08833882128205726
ACA,T,0.827,A,0.09610311078091227
ACC,T,-0.241,C,0.0673035990036454
ACG,T,-0.59,G,0.08149284837055562
ACT,T,0.387,T,0.09411791998325056
AAC,N,-0.368,C,0.08283073920372416
AAT,N,0.368,T,0.08283073920372418
AAA,K,1.019,A,0.07033586439654496
AAG,K,-1.019,G,0.07033586439654496
AGC,S,-0.132,C,0.06884806933464306
AGT,S,0.454,T,0.10856831828618087
TCA,S,0.835,A,0.11954851344883895
TCC,S,0.014,C,0.07569666679648965
TCG,S,-0.677,G,0.08110605244766933
TCT,S,0.349,T,0.1214012808339559
AGA,R,1.709,A,0.14619364084773584
AGG,R,0.007,G,0.12479151260617986
CGA,R,0.801,A,0.1439414138816026
CGC,R,-0.67,C,0.06861706247312753
CGG,R,-0.368,G,0.11664927992904853
CGT,R,0.183,T,0.08856243460129451
CTA,L,1.122,A,0.1584607089296766
CTC,L,0.31,C,0.06622022808515807
CTG,L,-0.771,G,0.048828995877530375
CTT,L,0.562,T,0.09076232624684319
TTA,L,1.566,A,0.16136916053008885
TTG,L,0.151,G,0.05877945346991452
CCA,P,0.72,A,0.11163745785602529
CCC,P,0.341,C,0.08526067216685643
CCG,P,-0.892,G,0.07977984420471612
CCT,P,0.428,T,0.10729332657421167
CAC,H,0.176,C,0.10571105324360018
CAT,H,-0.176,T,0.10571105324360018
CAA,Q,1.184,A,0.08369126047567116
CAG,Q,-1.184,G,0.08369126047567116
GTA,V,0.837,A,0.09842670030164938
GTC,V,0.176,C,0.06750097778972869
GTG,V,-0.857,G,0.0649306925213783
GTT,V,0.645,T,0.089204967570859
GCA,A,0.623,A,0.06129447324431381
GCC,A,-0.078,C,0.05604111424918076
GCG,A,-0.785,G,0.06383410889788697
GCT,A,0.399,T,0.07687270750906658
GAC,D,-0.098,C,0.07342366386159054
GAT,D,0.098,T,0.07342366386159054
GAA,E,0.805,A,0.07568161925459004
GAG,E,-0.805,G,0.07568161925459004
GGA,G,0.66,A,0.09339580979015659
GGC,G,-0.584,C,0.07141713200369688
GGG,G,-0.063,G,0.10929287407771329
GGT,G,0.352,T,0.08426468892737729
TTC,F,-0.637,C,0.09060091388144433
TTT,F,0.637,T,0.09060091388144433
TAC,Y,0.132,C,0.10280251556713799
TAT,Y,-0.132,T,0.10280251556713799
TGC,C,-0.613,C,0.18794344168611835
TGT,C,0.613,T,0.18794344168611835
