codon,amino_acid,Silicimonas,third_nucl,standard_error
ATA,I,0.806,A,0.14598086547433922
ATC,I,-0.837,C,0.08346098826027527
ATT,I,0.765,T,0.09691798705930668
ACA,T,0.817,A,0.09638019861149512
ACC,T,0.084,C,0.05209606325976198
ACG,T,-0.563,G,0.05439489616208083
ACT,T,0.755,T,0.1220676447144593
AAC,N,-0.411,C,0.11503796636407475
AAT,N,0.411,T,0.11503796636407475
AAA,K,1.25,A,0.09695200421964627
AAG,K,-1.25,G,0.09695200421964627
AGC,S,0.254,C,0.06563992664294989
AGT,S,0.405,T,0.13748001333234292
TCA,S,0.535,A,0.13459178157810384
TCC,S,0.385,C,0.0657591549377736
TCG,S,-0.826,G,0.059336781060768784
TCT,S,0.562,T,0.12456982614178004
AGA,R,1.515,A,0.13273655360741432
AGG,R,0.438,G,0.09174568803483196
CGA,R,0.341,A,0.09159192598290082
CGC,R,-0.182,C,0.048140751561279616
CGG,R,-0.52,G,0.0579045403721586
CGT,R,0.169,T,0.08036980367456566
CTA,L,0.346,A,0.1536014230492395
CTC,L,0.066,C,0.04347369383200225
CTG,L,-0.396,G,0.04169409932590815
CTT,L,0.26,T,0.05224977113728091
TTA,L,0.787,A,0.2891824652525489
TTG,L,0.418,G,0.07732427538602964
CCA,P,0.618,A,0.1193155778703067
CCC,P,0.098,C,0.05917171381572879
CCG,P,-0.436,G,0.05917929046410462
CCT,P,0.493,T,0.09891048718538219
CAC,H,-0.078,C,0.10194490090179209
CAT,H,0.078,T,0.10194490090179209
CAA,Q,0.762,A,0.1108350840858752
CAG,Q,-0.762,G,0.1108350840858752
GTA,V,0.463,A,0.13096452590705304
GTC,V,-0.298,C,0.04920683508996761
GTG,V,0.045,G,0.05180286769093952
GTT,V,0.505,T,0.08038911461266375
GCA,A,0.632,A,0.06502060738465264
GCC,A,0.044,C,0.03993694790428089
GCG,A,-0.455,G,0.04139933839379487
GCT,A,0.493,T,0.07537861904328856
GAC,D,-0.069,C,0.062320274975715746
GAT,D,0.069,T,0.062320274975715746
GAA,E,0.683,A,0.06135932768356264
GAG,E,-0.683,G,0.06135932768356264
GGA,G,0.657,A,0.0697870945979354
GGC,G,-0.296,C,0.05070724149946071
GGG,G,-0.128,G,0.06701754966300437
GGT,G,0.07,T,0.07721974772765579
TTC,F,-0.583,C,0.09256040194257113
TTT,F,0.583,T,0.09256040194257113
TAC,Y,0.114,C,0.10303722172149689
TAT,Y,-0.114,T,0.1030372217214969
TGC,C,-0.232,C,0.20197855869960663
TGT,C,0.232,T,0.2019785586996066
