codon,amino_acid,Silvanigrella,third_nucl,standard_error
ATA,I,0.33,A,0.058784494653470784
ATC,I,0.069,C,0.08242984674257134
ATT,I,-0.308,T,0.053860995931690546
ACA,T,0.03,A,0.07543596480125117
ACC,T,0.025,C,0.11107443313820663
ACG,T,-0.224,G,0.12150842111101728
ACT,T,0.052,T,0.0806366850495803
AAC,N,0.187,C,0.0806555131402001
AAT,N,-0.187,T,0.08065551314020009
AAA,K,-0.095,A,0.07082368122610697
AAG,K,0.095,G,0.07082368122610697
AGC,S,-0.107,C,0.09572391313938387
AGT,S,-0.041,T,0.07358020084089927
TCA,S,0.251,A,0.06477981934413035
TCC,S,-0.097,C,0.09536738389907295
TCG,S,-0.101,G,0.11518942136483264
TCT,S,-0.093,T,0.06397661459043819
AGA,R,0.279,A,0.08890027765303166
AGG,R,0.288,G,0.16620919938390652
CGA,R,0.076,A,0.13834420568643016
CGC,R,-0.373,C,0.11695945529005632
CGG,R,0.897,G,0.28947528934740746
CGT,R,-0.355,T,0.10364024048632314
CTA,L,0.439,A,0.09594800009869349
CTC,L,-0.136,C,0.09268252114820186
CTG,L,-0.244,G,0.12810939343305228
CTT,L,-0.197,T,0.06247346874908952
TTA,L,-0.052,A,0.05045461515910621
TTG,L,0.254,G,0.07013260967433294
CCA,P,0.386,A,0.10065036849349569
CCC,P,-0.124,C,0.11959042236928553
CCG,P,0.151,G,0.16953981927918524
CCT,P,-0.305,T,0.09463950463479928
CAC,H,-0.011,C,0.1397117097221117
CAT,H,0.011,T,0.1397117097221117
CAA,Q,-0.281,A,0.11653442693769084
CAG,Q,0.281,G,0.11653442693769084
GTA,V,0.168,A,0.08275246886290347
GTC,V,-0.175,C,0.10667764054455174
GTG,V,0.322,G,0.08719963833154287
GTT,V,-0.259,T,0.07111665402567116
GCA,A,0.301,A,0.08010835081190008
GCC,A,-0.303,C,0.1076669512368155
GCG,A,-0.108,G,0.12351582102954368
GCT,A,-0.082,T,0.08175909434787403
GAC,D,0.2,C,0.10070096632847832
GAT,D,-0.2,T,0.10070096632847832
GAA,E,0.068,A,0.09532262533225908
GAG,E,-0.068,G,0.09532262533225908
GGA,G,0.094,A,0.08742508031527228
GGC,G,-0.062,C,0.10686945613150352
GGG,G,-0.049,G,0.15458217023579426
GGT,G,-0.039,T,0.09075175130407062
TTC,F,0.137,C,0.09730066729612777
TTT,F,-0.137,T,0.09730066729612777
TAC,Y,0.219,C,0.11080541750596723
TAT,Y,-0.219,T,0.11080541750596723
TGC,C,-0.321,C,0.1746229661872907
TGT,C,0.321,T,0.17462296618729073
