codon,amino_acid,Singulisphaera,third_nucl,standard_error
ATA,I,0.909,A,0.1558448676937898
ATC,I,-0.656,C,0.054006442051637425
ATT,I,0.575,T,0.055858267210129244
ACA,T,0.736,A,0.073277594988217
ACC,T,-0.437,C,0.04245151605512121
ACG,T,-0.133,G,0.0435580662350534
ACT,T,0.775,T,0.07252452021126121
AAC,N,-0.551,C,0.06613128611701204
AAT,N,0.551,T,0.06613128611701204
AAA,K,0.672,A,0.060578363549066996
AAG,K,-0.672,G,0.060578363549066996
AGC,S,-0.295,C,0.046328909758016006
AGT,S,0.477,T,0.0720954985068382
TCA,S,0.562,A,0.07628573208983966
TCC,S,0.075,C,0.04951867458211601
TCG,S,-0.406,G,0.04308273903019427
TCT,S,0.748,T,0.08291725646256602
AGA,R,1.356,A,0.10938942440177271
AGG,R,0.237,G,0.07649010622433741
CGA,R,0.604,A,0.0471137587126458
CGC,R,-0.376,C,0.03862521596687868
CGG,R,-0.689,G,0.041119906180564006
CGT,R,0.466,T,0.0513883547025011
CTA,L,0.454,A,0.10863205613887825
CTC,L,-0.454,C,0.03310425609519668
CTG,L,-0.169,G,0.03446576966957508
CTT,L,0.356,T,0.0492080860730174
TTA,L,0.901,A,0.11602159430741862
TTG,L,0.512,G,0.0420854643404017
CCA,P,0.774,A,0.07100305179859757
CCC,P,-0.053,C,0.04307036267105768
CCG,P,-0.415,G,0.042515969388725455
CCT,P,0.312,T,0.05835354147816116
CAC,H,-0.323,C,0.07242494428286657
CAT,H,0.323,T,0.07242494428286657
CAA,Q,0.633,A,0.061676324037223625
CAG,Q,-0.633,G,0.06167632403722363
GTA,V,0.559,A,0.10114219805808337
GTC,V,-0.594,C,0.038780609960094775
GTG,V,0.399,G,0.040110841003593856
GTT,V,0.272,T,0.05311960395950452
GCA,A,0.608,A,0.05372155531425984
GCC,A,-0.44,C,0.03368128657361856
GCG,A,-0.019,G,0.035697550271256165
GCT,A,0.503,T,0.05122725601130259
GAC,D,-0.453,C,0.047355641836540674
GAT,D,0.453,T,0.047355641836540674
GAA,E,0.488,A,0.0466890065188425
GAG,E,-0.488,G,0.0466890065188425
GGA,G,0.527,A,0.05219122289046957
GGC,G,-0.286,C,0.041214879029860506
GGG,G,-0.347,G,0.0473303576215738
GGT,G,0.41,T,0.05345265550808697
TTC,F,-0.649,C,0.06482032317876858
TTT,F,0.649,T,0.06482032317876858
TAC,Y,-0.161,C,0.07930572224134842
TAT,Y,0.161,T,0.07930572224134842
TGC,C,-0.43,C,0.11250919689858331
TGT,C,0.43,T,0.11250919689858331
