codon,amino_acid,Skermanella,third_nucl,standard_error
ATA,I,0.895,A,0.11410133483597037
ATC,I,-1.154,C,0.07157563909178564
ATT,I,1.178,T,0.08764581575338654
ACA,T,1.347,A,0.10928016577942709
ACC,T,-0.408,C,0.04261890680816787
ACG,T,-0.09,G,0.04536307389337527
ACT,T,0.997,T,0.1028902031815057
AAC,N,-0.808,C,0.08235730114491376
AAT,N,0.808,T,0.08235730114491376
AAA,K,1.34,A,0.08604773077155736
AAG,K,-1.34,G,0.08604773077155736
AGC,S,-0.218,C,0.04707323177629717
AGT,S,0.915,T,0.11846097098064529
TCA,S,1.196,A,0.12279345648013286
TCC,S,0.197,C,0.04705901871891572
TCG,S,-0.623,G,0.04933115040735543
TCT,S,1.376,T,0.15197224531934148
AGA,R,1.789,A,0.13655877333966054
AGG,R,0.589,G,0.06921013279512109
CGA,R,0.991,A,0.08851517445123394
CGC,R,-0.267,C,0.037589441541238715
CGG,R,-0.649,G,0.0405333026894866
CGT,R,0.877,T,0.0729118103409452
CTA,L,0.977,A,0.1602896819341712
CTC,L,0.27,C,0.038504334159449885
CTG,L,-0.899,G,0.03341675018355606
CTT,L,0.839,T,0.05817199459294908
TTA,L,1.137,A,0.23189746149948318
TTG,L,1.043,G,0.061549180111787685
CCA,P,1.369,A,0.11397643496183857
CCC,P,0.231,C,0.04481790605693176
CCG,P,-0.769,G,0.04323984656494794
CCT,P,1.146,T,0.09182047710552327
CAC,H,-0.213,C,0.0747931580833593
CAT,H,0.213,T,0.07479315808335929
CAA,Q,1.297,A,0.08990223870259538
CAG,Q,-1.297,G,0.08990223870259538
GTA,V,1.018,A,0.10585687860660897
GTC,V,-0.348,C,0.03854501604155741
GTG,V,-0.158,G,0.03996704714038076
GTT,V,1.137,T,0.07384832615593753
GCA,A,1.238,A,0.06338146596760678
GCC,A,-0.218,C,0.030909411814997963
GCG,A,-0.384,G,0.032710536427978505
GCT,A,0.915,T,0.06554379835204825
GAC,D,-0.676,C,0.04950862281537377
GAT,D,0.676,T,0.04950862281537377
GAA,E,1.144,A,0.04915590040715709
GAG,E,-1.144,G,0.04915590040715709
GGA,G,0.888,A,0.05872562661579261
GGC,G,-0.656,C,0.040164980665565786
GGG,G,-0.068,G,0.0506150066353037
GGT,G,0.786,T,0.06655279450429816
TTC,F,-1.16,C,0.09989039927322692
TTT,F,1.16,T,0.09989039927322692
TAC,Y,-0.197,C,0.08234532636278845
TAT,Y,0.197,T,0.08234532636278843
TGC,C,-1.108,C,0.20205612914444354
TGT,C,1.108,T,0.20205612914444354
