codon,amino_acid,Slackia,third_nucl,standard_error
ATA,I,0.756,A,0.1191265613907291
ATC,I,-0.903,C,0.0776860640917787
ATT,I,0.752,T,0.0892248077138464
ACA,T,1.46,A,0.13991423566234776
ACC,T,-0.481,C,0.06891965348426475
ACG,T,-0.243,G,0.07272259799922326
ACT,T,0.672,T,0.12740241922203752
AAC,N,-0.734,C,0.1095291938037618
AAT,N,0.734,T,0.1095291938037618
AAA,K,1.009,A,0.08434749333676068
AAG,K,-1.009,G,0.08434749333676068
AGC,S,0.055,C,0.07426133532659672
AGT,S,0.806,T,0.19197996055645805
TCA,S,1.1,A,0.1651155455953041
TCC,S,-0.604,C,0.07828933640212007
TCG,S,-0.225,G,0.08014378187038833
TCT,S,0.841,T,0.1329459103853256
AGA,R,1.716,A,0.19328375522280355
AGG,R,0.491,G,0.10448557535209924
CGA,R,0.697,A,0.13449739079449907
CGC,R,-0.843,C,0.07008379286184756
CGG,R,-0.077,G,0.10485236508022346
CGT,R,0.247,T,0.09449301821129506
CTA,L,1.176,A,0.19103954936125847
CTC,L,0.113,C,0.07126807736049415
CTG,L,-0.837,G,0.05878051172403057
CTT,L,0.282,T,0.07741660354963037
TTA,L,1.177,A,0.25516370443260533
TTG,L,0.757,G,0.08085155250267646
CCA,P,0.607,A,0.16189182023064977
CCC,P,-0.466,C,0.08629961238138872
CCG,P,0.093,G,0.08471093241485662
CCT,P,0.296,T,0.10394210800421486
CAC,H,-0.481,C,0.11682806983696294
CAT,H,0.481,T,0.11682806983696294
CAA,Q,1.299,A,0.11831074765397846
CAG,Q,-1.299,G,0.11831074765397846
GTA,V,1.081,A,0.1157473720566315
GTC,V,-0.254,C,0.06514372338385781
GTG,V,-0.494,G,0.06220546974579515
GTT,V,0.672,T,0.08283171656691964
GCA,A,1.128,A,0.07128204875125228
GCC,A,-0.823,C,0.05627837889556636
GCG,A,-0.164,G,0.06064203630709663
GCT,A,0.487,T,0.07952875325128071
GAC,D,-0.743,C,0.07502127792668774
GAT,D,0.743,T,0.07502127792668774
GAA,E,0.751,A,0.06568979527678134
GAG,E,-0.751,G,0.06568979527678133
GGA,G,0.983,A,0.08927238563182409
GGC,G,-0.847,C,0.06782524658300328
GGG,G,0.159,G,0.09911144072398591
GGT,G,0.432,T,0.09448423451297062
TTC,F,-0.811,C,0.11499773510798612
TTT,F,0.811,T,0.11499773510798611
TAC,Y,-0.419,C,0.1047237681479191
TAT,Y,0.419,T,0.10472376814791909
TGC,C,-0.569,C,0.19339902806174458
TGT,C,0.569,T,0.19339902806174458
