codon,amino_acid,Sneathia,third_nucl,standard_error
ATA,I,-0.045,A,0.07508383784876588
ATC,I,-0.562,C,0.17005726755418474
ATT,I,0.166,T,0.07736334848865921
ACA,T,-0.079,A,0.11643483672562537
ACC,T,-0.142,C,0.3050686129504412
ACG,T,1.135,G,0.3128533158710009
ACT,T,-0.087,T,0.12213629627161456
AAC,N,-0.455,C,0.13568343565858354
AAT,N,0.455,T,0.13568343565858354
AAA,K,0.259,A,0.0796550394265445
AAG,K,-0.259,G,0.0796550394265445
AGC,S,0.545,C,0.18114354184308343
AGT,S,0.381,T,0.11252660498920111
TCA,S,-0.186,A,0.11345422344141338
TCC,S,-0.3,C,0.47860632676249376
TCG,S,0.343,G,0.4402156745835653
TCT,S,-0.592,T,0.13791980992051053
AGA,R,0.16,A,0.16294321487914767
AGG,R,0.168,G,0.2548725768947852
CGA,R,0.398,A,0.4323403134431639
CGC,R,-0.054,C,0.8191252788155395
CGG,R,1.339,G,1.1199527839406902
CGT,R,-0.622,T,0.2306745693136247
CTA,L,-0.434,A,0.10778317198818409
CTC,L,0.276,C,0.42893577359490687
CTG,L,-0.171,G,0.33550655472174523
CTT,L,-0.435,T,0.109733977502161
TTA,L,0.284,A,0.07706356959825537
TTG,L,0.408,G,0.12707783708690734
CCA,P,0.263,A,0.19277198293311484
CCC,P,0.725,C,0.42902947843605505
CCG,P,0.246,G,0.4856275741584505
CCT,P,-0.458,T,0.19908874122739767
CAC,H,0.245,C,0.27781060663838414
CAT,H,-0.245,T,0.27781060663838414
CAA,Q,-0.679,A,0.3257890321366739
CAG,Q,0.679,G,0.3257890321366738
GTA,V,0.017,A,0.09866882204068406
GTC,V,-0.396,C,0.27647035859609703
GTG,V,0.884,G,0.1705668759488576
GTT,V,-0.286,T,0.10053740070338722
GCA,A,0.003,A,0.1204303880785382
GCC,A,-0.472,C,0.27309709966616413
GCG,A,0.346,G,0.31487588534370764
GCT,A,0.051,T,0.1260421373077592
GAC,D,-0.115,C,0.1471381281581763
GAT,D,0.115,T,0.1471381281581763
GAA,E,-0.139,A,0.15100524520795588
GAG,E,0.139,G,0.15100524520795588
GGA,G,0.296,A,0.11951934021259353
GGC,G,-0.011,C,0.2927014609762224
GGG,G,-0.149,G,0.23122807785692992
GGT,G,-0.248,T,0.11852231764596456
TTC,F,-0.592,C,0.15277236377819248
TTT,F,0.592,T,0.15277236377819248
TAC,Y,-0.229,C,0.13899044224669732
TAT,Y,0.229,T,0.13899044224669732
TGC,C,-0.218,C,0.3456962050439471
TGT,C,0.218,T,0.34569620504394705
