codon,amino_acid,Snodgrassella,third_nucl,standard_error
ATA,I,0.341,A,0.07983285756318381
ATC,I,-0.098,C,0.0830673126287762
ATT,I,-0.181,T,0.06732310117727672
ACA,T,0.148,A,0.08467472045165826
ACC,T,-0.072,C,0.08865718500176531
ACG,T,-0.05,G,0.13666985828473008
ACT,T,-0.063,T,0.08391859275044539
AAC,N,0.169,C,0.09401086589538314
AAT,N,-0.169,T,0.09401086589538314
AAA,K,0.266,A,0.09646024384307239
AAG,K,-0.266,G,0.09646024384307239
AGC,S,-0.226,C,0.09411301362234313
AGT,S,-0.11,T,0.08242638002688933
TCA,S,0.121,A,0.09340002461307789
TCC,S,0.015,C,0.12083346337753341
TCG,S,-0.153,G,0.16349210732952124
TCT,S,0.257,T,0.08975841823002657
AGA,R,0.646,A,0.12315324106348148
AGG,R,0.537,G,0.2333789864792856
CGA,R,0.107,A,0.15519160819324623
CGC,R,-0.105,C,0.0987676007192279
CGG,R,-0.733,G,0.15563796594374205
CGT,R,-0.11,T,0.08953236590549025
CTA,L,0.249,A,0.12362843865996648
CTC,L,0.294,C,0.13862648249524884
CTG,L,-0.739,G,0.06212563312397564
CTT,L,0.199,T,0.08889916882346212
TTA,L,0.435,A,0.060827852793806425
TTG,L,0.127,G,0.07786987845229655
CCA,P,0.413,A,0.11366906261446443
CCC,P,0.407,C,0.13918600145389537
CCG,P,-0.556,G,0.10133713676506309
CCT,P,0.026,T,0.10323415204834871
CAC,H,0.273,C,0.13740431473784998
CAT,H,-0.273,T,0.13740431473784998
CAA,Q,0.902,A,0.08494473903596877
CAG,Q,-0.902,G,0.08494473903596876
GTA,V,-0.143,A,0.07896826528688693
GTC,V,0.054,C,0.11976052734521246
GTG,V,0.226,G,0.09570866493721727
GTT,V,-0.036,T,0.0814594900198602
GCA,A,0.164,A,0.07147937316545123
GCC,A,-0.104,C,0.0821122956123464
GCG,A,-0.035,G,0.11136578891972425
GCT,A,-0.072,T,0.07278717890801756
GAC,D,0.279,C,0.10305295411771698
GAT,D,-0.279,T,0.10305295411771698
GAA,E,0.437,A,0.10685507662243261
GAG,E,-0.437,G,0.1068550766224326
GGA,G,-0.082,A,0.10916551175949091
GGC,G,0.135,C,0.0999796799640349
GGG,G,-0.057,G,0.15998980656207903
GGT,G,-0.033,T,0.08856793409113511
TTC,F,-0.139,C,0.10736579975264741
TTT,F,0.139,T,0.1073657997526474
TAC,Y,0.106,C,0.1168663108946636
TAT,Y,-0.106,T,0.11686631089466361
TGC,C,0.041,C,0.17684844171629882
TGT,C,-0.041,T,0.1768484417162988
