codon,amino_acid,Sodalis,third_nucl,standard_error
ATA,I,0.664,A,0.079499782536688
ATC,I,-0.511,C,0.05411834304302022
ATT,I,0.186,T,0.0543644077134383
ACA,T,1.263,A,0.09869136721521135
ACC,T,-0.599,C,0.05510264250018411
ACG,T,-0.265,G,0.06017221649511061
ACT,T,0.81,T,0.09208475262126004
AAC,N,-0.134,C,0.06888174506477641
AAT,N,0.134,T,0.06888174506477641
AAA,K,0.345,A,0.06834239640435119
AAG,K,-0.345,G,0.0683423964043512
AGC,S,-0.533,C,0.05835385539128872
AGT,S,0.26,T,0.08317430133314109
TCA,S,0.958,A,0.09289179097558038
TCC,S,0.055,C,0.06713712372129614
TCG,S,-0.663,G,0.07080570718524004
TCT,S,0.902,T,0.09487970046708617
AGA,R,1.316,A,0.11901063796133654
AGG,R,0.77,G,0.13109449968974576
CGA,R,0.751,A,0.10472742499357213
CGC,R,-0.583,C,0.0534376016936862
CGG,R,-0.614,G,0.06889180030327491
CGT,R,0.458,T,0.06381469879665409
CTA,L,0.209,A,0.08292488243184717
CTC,L,0.024,C,0.06174644747345584
CTG,L,-0.803,G,0.04045354118831198
CTT,L,0.576,T,0.06408984377983235
TTA,L,1.051,A,0.0637015731702969
TTG,L,0.078,G,0.050231375094619335
CCA,P,1.123,A,0.1084257730819923
CCC,P,0.121,C,0.06609411362150394
CCG,P,-0.823,G,0.06110423195005208
CCT,P,0.671,T,0.08724738784281508
CAC,H,-0.145,C,0.08703395548185892
CAT,H,0.145,T,0.08703395548185892
CAA,Q,0.792,A,0.06662035163902474
CAG,Q,-0.792,G,0.06662035163902474
GTA,V,0.64,A,0.07517659936429813
GTC,V,-0.195,C,0.05922777259931138
GTG,V,-0.618,G,0.053559236727992336
GTT,V,0.709,T,0.06749420150663993
GCA,A,1.006,A,0.0667651464838726
GCC,A,-0.268,C,0.04459966918438078
GCG,A,-0.575,G,0.045188999844452106
GCT,A,0.836,T,0.06739238601259095
GAC,D,-0.151,C,0.06202465727242304
GAT,D,0.151,T,0.06202465727242304
GAA,E,0.703,A,0.06523989973909358
GAG,E,-0.703,G,0.06523989973909358
GGA,G,0.792,A,0.08973279658504918
GGC,G,-0.401,C,0.057113659326833564
GGG,G,-0.267,G,0.0772407138395942
GGT,G,0.349,T,0.06809376985386942
TTC,F,-0.657,C,0.0720054026021617
TTT,F,0.657,T,0.0720054026021617
TAC,Y,-0.219,C,0.08678674847331037
TAT,Y,0.219,T,0.08678674847331037
TGC,C,-0.405,C,0.13678593051490928
TGT,C,0.405,T,0.13678593051490928
