codon,amino_acid,Sodaliphilus,third_nucl,standard_error
ATA,I,0.57,A,0.07136320132951023
ATC,I,-0.845,C,0.06300311434586808
ATT,I,0.469,T,0.07034503642350914
ACA,T,1.371,A,0.08201167926553854
ACC,T,-1.103,C,0.07352742893583315
ACG,T,-0.619,G,0.08809238946142736
ACT,T,0.553,T,0.09582788057027398
AAC,N,-0.711,C,0.08166422126306899
AAT,N,0.711,T,0.08166422126306899
AAA,K,1.393,A,0.06481616366830549
AAG,K,-1.393,G,0.06481616366830549
AGC,S,-0.708,C,0.07492777005752062
AGT,S,0.685,T,0.10790441503660786
TCA,S,1.438,A,0.11941509226825879
TCC,S,-0.09,C,0.12771568346659648
TCG,S,-0.626,G,0.08471025447324797
TCT,S,0.687,T,0.12753641907369176
AGA,R,2.237,A,0.12013370455119565
AGG,R,0.091,G,0.12552616714309128
CGA,R,0.918,A,0.13239496359843209
CGC,R,-1.451,C,0.08281312461536014
CGG,R,-0.709,G,0.1526701965606668
CGT,R,-0.168,T,0.1079444104349753
CTA,L,1.447,A,0.14995493560681708
CTC,L,-0.669,C,0.06174125677611516
CTG,L,-0.958,G,0.05998847444860588
CTT,L,0.441,T,0.08017958124870142
TTA,L,1.986,A,0.12416619040894614
TTG,L,0.341,G,0.07182164311850465
CCA,P,1.091,A,0.1329597627117481
CCC,P,-0.81,C,0.1071176791383798
CCG,P,-0.28,G,0.13221617892963763
CCT,P,0.443,T,0.12210915411629708
CAC,H,-0.796,C,0.12861364207794482
CAT,H,0.796,T,0.12861364207794482
CAA,Q,1.477,A,0.09406873700970098
CAG,Q,-1.477,G,0.09406873700970098
GTA,V,1.453,A,0.09719643966339074
GTC,V,-0.326,C,0.08571084619229483
GTG,V,-1.076,G,0.07089374188816337
GTT,V,0.98,T,0.10084517430622915
GCA,A,1.248,A,0.06965420352094474
GCC,A,-1.294,C,0.06539413550882453
GCG,A,0.013,G,0.09627303907556879
GCT,A,0.368,T,0.07997055524449076
GAC,D,-0.932,C,0.08540368916007483
GAT,D,0.932,T,0.08540368916007483
GAA,E,1.508,A,0.08008084578378993
GAG,E,-1.508,G,0.08008084578378993
GGA,G,1.203,A,0.10163423324711877
GGC,G,-0.959,C,0.0807576653867289
GGG,G,-0.053,G,0.1278926570731395
GGT,G,0.493,T,0.10843204197006813
TTC,F,-0.657,C,0.08375031620977502
TTT,F,0.657,T,0.08375031620977502
TAC,Y,-0.458,C,0.08658857038264321
TAT,Y,0.458,T,0.08658857038264321
TGC,C,-1.104,C,0.1767307903966785
TGT,C,1.104,T,0.1767307903966785
