codon,amino_acid,Solidesulfovibrio,third_nucl,standard_error
ATA,I,0.603,A,0.10792854367111554
ATC,I,-0.52,C,0.061922735935705284
ATT,I,0.373,T,0.06759293467890548
ACA,T,0.724,A,0.1017511738913246
ACC,T,-0.395,C,0.055746536740009844
ACG,T,0.009,G,0.06165703046626785
ACT,T,0.536,T,0.1068807868585827
AAC,N,-0.277,C,0.08151424665185415
AAT,N,0.277,T,0.08151424665185415
AAA,K,0.877,A,0.06055883447445908
AAG,K,-0.877,G,0.06055883447445908
AGC,S,0.144,C,0.06156411132058997
AGT,S,0.252,T,0.11918593867169322
TCA,S,0.4,A,0.12150076858700792
TCC,S,-0.128,C,0.057001385247747775
TCG,S,-0.369,G,0.06796259121459682
TCT,S,0.425,T,0.11252842141777385
AGA,R,0.664,A,0.12347911056813247
AGG,R,0.331,G,0.11890366711556084
CGA,R,0.836,A,0.09620920722046296
CGC,R,-0.168,C,0.04930064921516837
CGG,R,-0.677,G,0.05837103767125767
CGT,R,0.631,T,0.07837489502472866
CTA,L,0.041,A,0.13747894315946282
CTC,L,-0.042,C,0.046573214845349764
CTG,L,-0.59,G,0.039031559563412165
CTT,L,0.608,T,0.0549970761051774
TTA,L,0.204,A,0.11232065948028017
TTG,L,0.596,G,0.057815917111951325
CCA,P,0.741,A,0.10571825092348454
CCC,P,0.032,C,0.05581658509305366
CCG,P,-0.459,G,0.05669759480825832
CCT,P,0.584,T,0.0992616632679806
CAC,H,-0.243,C,0.09246203034625099
CAT,H,0.243,T,0.092462030346251
CAA,Q,0.845,A,0.08043141343970646
CAG,Q,-0.845,G,0.08043141343970646
GTA,V,0.603,A,0.11747187250483528
GTC,V,-0.017,C,0.04872325944841131
GTG,V,-0.515,G,0.04854384112806455
GTT,V,0.936,T,0.07426405262770173
GCA,A,0.984,A,0.08697347418809186
GCC,A,-0.643,C,0.041663643995971604
GCG,A,0.269,G,0.04986933459990597
GCT,A,0.64,T,0.07241866053851512
GAC,D,-0.587,C,0.06092322754772422
GAT,D,0.587,T,0.060923227547724224
GAA,E,0.568,A,0.058109694725742005
GAG,E,-0.568,G,0.058109694725742005
GGA,G,0.845,A,0.07623736867530473
GGC,G,-0.592,C,0.05340422698619523
GGG,G,0.026,G,0.07034681084902882
GGT,G,0.478,T,0.08923761319162044
TTC,F,-0.297,C,0.06554853047039122
TTT,F,0.297,T,0.06554853047039122
TAC,Y,-0.531,C,0.0907428495914232
TAT,Y,0.531,T,0.0907428495914232
TGC,C,-0.773,C,0.13151328208520352
TGT,C,0.773,T,0.13151328208520352
