codon,amino_acid,Spartinivicinus,third_nucl,standard_error
ATA,I,0.239,A,0.048357235869711565
ATC,I,0.144,C,0.05298299595575714
ATT,I,-0.268,T,0.04173161516845837
ACA,T,0.478,A,0.05110012691745433
ACC,T,-0.244,C,0.05286193274603626
ACG,T,-0.173,G,0.07456140744008585
ACT,T,-0.164,T,0.048816503626758184
AAC,N,0.183,C,0.05312693557782284
AAT,N,-0.183,T,0.053126935577822845
AAA,K,0.046,A,0.04719174532738754
AAG,K,-0.046,G,0.04719174532738754
AGC,S,-0.075,C,0.05776134378896843
AGT,S,0.038,T,0.049887668959665656
TCA,S,0.089,A,0.05171894327521799
TCC,S,-0.182,C,0.07969327028607627
TCG,S,0.096,G,0.08947142498244608
TCT,S,-0.029,T,0.05473642379384602
AGA,R,0.361,A,0.0691044125918692
AGG,R,-0.043,G,0.09310541129073271
CGA,R,0.122,A,0.07216431481549365
CGC,R,0.01,C,0.07419637032767509
CGG,R,-0.466,G,0.09069940768126562
CGT,R,-0.146,T,0.06321090769614393
CTA,L,0.071,A,0.04852033264527101
CTC,L,0.285,C,0.07335009381046237
CTG,L,-0.152,G,0.052077282403577264
CTT,L,0.182,T,0.048589840378728634
TTA,L,-0.112,A,0.03470124047113067
TTG,L,-0.024,G,0.04449066585592277
CCA,P,0.206,A,0.060598484626911
CCC,P,0.14,C,0.07844332507860038
CCG,P,-0.077,G,0.09745435864639865
CCT,P,-0.248,T,0.05948300893977721
CAC,H,0.172,C,0.08177973091788428
CAT,H,-0.172,T,0.08177973091788428
CAA,Q,0.244,A,0.053078819833183015
CAG,Q,-0.244,G,0.053078819833183015
GTA,V,0.051,A,0.04961373780656476
GTC,V,-0.059,C,0.06711819922626122
GTG,V,0.011,G,0.05235694722917197
GTT,V,-0.025,T,0.04684935771857778
GCA,A,0.113,A,0.04591233671057797
GCC,A,0.03,C,0.05241162942850678
GCG,A,-0.226,G,0.0691893781766742
GCT,A,-0.032,T,0.044662255833880025
GAC,D,0.1,C,0.0583790169623866
GAT,D,-0.1,T,0.0583790169623866
GAA,E,0.255,A,0.055964188757934255
GAG,E,-0.255,G,0.05596418875793425
GGA,G,0.173,A,0.06731822774351073
GGC,G,0.238,C,0.05879643541059789
GGG,G,-0.235,G,0.07532388946676699
GGT,G,-0.185,T,0.054584066825435575
TTC,F,0.069,C,0.07206935475223532
TTT,F,-0.069,T,0.07206935475223532
TAC,Y,0.23,C,0.06952248953501104
TAT,Y,-0.23,T,0.06952248953501104
TGC,C,0.065,C,0.1102630327881181
TGT,C,-0.065,T,0.1102630327881181
