codon,amino_acid,Sphaerospermopsis,third_nucl,standard_error
ATA,I,0.253,A,0.053609592246630956
ATC,I,0.2,C,0.05674156954768072
ATT,I,-0.307,T,0.045128048462693936
ACA,T,0.084,A,0.05167112330009922
ACC,T,0.024,C,0.06109708238956544
ACG,T,-0.044,G,0.10992905473328114
ACT,T,-0.089,T,0.05088175750332381
AAC,N,0.417,C,0.059502322926790856
AAT,N,-0.417,T,0.059502322926790856
AAA,K,0.085,A,0.066785064502172
AAG,K,-0.085,G,0.066785064502172
AGC,S,-0.055,C,0.08059222761940438
AGT,S,-0.307,T,0.0551997024433056
TCA,S,0.188,A,0.06183582874581422
TCC,S,0.171,C,0.07855863376218736
TCG,S,-0.087,G,0.12326292609651848
TCT,S,0.107,T,0.05353261562325403
AGA,R,0.077,A,0.06807033675952667
AGG,R,0.151,G,0.1149184621072202
CGA,R,0.106,A,0.09651499091440806
CGC,R,0.076,C,0.07896645801914029
CGG,R,-0.325,G,0.1083755168272483
CGT,R,-0.111,T,0.06950084820597864
CTA,L,0.447,A,0.05844320411152294
CTC,L,0.33,C,0.07290406267270602
CTG,L,0.086,G,0.0665972034621645
CTT,L,0.437,T,0.06309544145453551
TTA,L,-0.374,A,0.03860841797850095
TTG,L,-0.209,G,0.05246373474007101
CCA,P,0.223,A,0.06220314731275997
CCC,P,-0.013,C,0.07056244642779014
CCG,P,-0.126,G,0.11685253986129968
CCT,P,-0.177,T,0.06223002863357613
CAC,H,0.519,C,0.10187738405971065
CAT,H,-0.519,T,0.10187738405971065
CAA,Q,0.026,A,0.06728223395245336
CAG,Q,-0.026,G,0.06728223395245336
GTA,V,-0.145,A,0.05635081293219287
GTC,V,-0.236,C,0.07977547648290567
GTG,V,0.096,G,0.06306713249328727
GTT,V,0.169,T,0.05342266464021554
GCA,A,0.177,A,0.05441773738240993
GCC,A,0.026,C,0.07412410147839929
GCG,A,-0.138,G,0.08646644440759148
GCT,A,-0.128,T,0.0531641576678156
GAC,D,0.512,C,0.07267159969771642
GAT,D,-0.512,T,0.07267159969771642
GAA,E,0.007,A,0.07332768260458392
GAG,E,-0.007,G,0.07332768260458392
GGA,G,0.102,A,0.0664179061015921
GGC,G,0.407,C,0.09198774411991051
GGG,G,0.024,G,0.10134344718107254
GGT,G,-0.269,T,0.061419218084916176
TTC,F,0.225,C,0.08283157393967962
TTT,F,-0.225,T,0.08283157393967962
TAC,Y,0.617,C,0.08101458663113996
TAT,Y,-0.617,T,0.08101458663113997
TGC,C,0.574,C,0.15689292371102684
TGT,C,-0.574,T,0.15689292371102684
