codon,amino_acid,Sphingosinithalassobacter,third_nucl,standard_error
ATA,I,0.695,A,0.14416001724454033
ATC,I,-0.752,C,0.07376765428435716
ATT,I,0.68,T,0.0809116422981215
ACA,T,0.749,A,0.12064984225930704
ACC,T,-0.047,C,0.05855862732108394
ACG,T,-0.335,G,0.0604510269221396
ACT,T,0.565,T,0.11386366876635877
AAC,N,-0.044,C,0.09173134632159181
AAT,N,0.044,T,0.09173134632159181
AAA,K,0.839,A,0.09426834974304413
AAG,K,-0.839,G,0.09426834974304413
AGC,S,-0.176,C,0.062291101755228284
AGT,S,0.485,T,0.13818572695949763
TCA,S,0.824,A,0.16792535824162702
TCC,S,0.798,C,0.07931869816221554
TCG,S,-0.752,G,0.06287089636386095
TCT,S,1.064,T,0.17980775224148232
AGA,R,1.551,A,0.24321655778505924
AGG,R,0.487,G,0.14446858900540835
CGA,R,0.895,A,0.10755294040623045
CGC,R,-0.467,C,0.05174170178153818
CGG,R,-0.314,G,0.06446217223630872
CGT,R,0.652,T,0.0799662874750975
CTA,L,0.761,A,0.18427938638017774
CTC,L,-0.121,C,0.04894056207747619
CTG,L,-0.506,G,0.044845086141545365
CTT,L,0.619,T,0.06880730929414836
TTA,L,1.254,A,0.32565235990987496
TTG,L,0.661,G,0.07446680101491987
CCA,P,0.785,A,0.15582037373879165
CCC,P,0.168,C,0.06185238070047851
CCG,P,-0.479,G,0.060501965185154966
CCT,P,0.756,T,0.12435594494895273
CAC,H,0.143,C,0.10080111971431427
CAT,H,-0.143,T,0.10080111971431427
CAA,Q,0.851,A,0.10234499892617983
CAG,Q,-0.851,G,0.10234499892617982
GTA,V,0.638,A,0.11603633283745045
GTC,V,-0.438,C,0.055242371928663755
GTG,V,0.011,G,0.05558488554697711
GTT,V,0.673,T,0.08673977257604226
GCA,A,0.724,A,0.0627650777354309
GCC,A,0.059,C,0.04087855626869808
GCG,A,-0.575,G,0.040398235234355276
GCT,A,0.836,T,0.08378407966747745
GAC,D,-0.008,C,0.060036997676440045
GAT,D,0.008,T,0.060036997676440045
GAA,E,0.6,A,0.06396976489047812
GAG,E,-0.6,G,0.0639697648904781
GGA,G,0.818,A,0.08059378740620386
GGC,G,-0.452,C,0.05544984951015958
GGG,G,-0.197,G,0.07445782291206275
GGT,G,0.422,T,0.08466326306309116
TTC,F,-0.569,C,0.08739892252438466
TTT,F,0.569,T,0.08739892252438466
TAC,Y,0.059,C,0.11578474210980183
TAT,Y,-0.059,T,0.11578474210980182
TGC,C,-0.602,C,0.21843058664818626
TGT,C,0.602,T,0.21843058664818632
