codon,amino_acid,Sphingomicrobium,third_nucl,standard_error
ATA,I,0.674,A,0.2671394061611008
ATC,I,-0.435,C,0.0880586202470682
ATT,I,0.382,T,0.09105035016628975
ACA,T,1.036,A,0.17979757199223123
ACC,T,-0.234,C,0.07700618847050543
ACG,T,-0.215,G,0.0829889167949088
ACT,T,0.827,T,0.17268637660806463
AAC,N,0.222,C,0.1118705692770857
AAT,N,-0.222,T,0.1118705692770857
AAA,K,0.927,A,0.10101508946074604
AAG,K,-0.927,G,0.10101508946074604
AGC,S,-0.135,C,0.07708906687284277
AGT,S,0.922,T,0.17050462066782354
TCA,S,0.939,A,0.2145994275978626
TCC,S,0.368,C,0.09834582568551689
TCG,S,-0.656,G,0.08638842373099216
TCT,S,0.462,T,0.19954152022469532
AGA,R,1.511,A,0.30197314763066513
AGG,R,0.846,G,0.174098540930212
CGA,R,0.725,A,0.15642672487370166
CGC,R,-0.57,C,0.0714194683272641
CGG,R,-0.181,G,0.09876401816265444
CGT,R,0.495,T,0.1022481090461407
CTA,L,0.412,A,0.18550664374210132
CTC,L,-0.081,C,0.062358303857516895
CTG,L,-0.589,G,0.055646789904289895
CTT,L,0.753,T,0.0877348210252304
TTA,L,1.306,A,0.33477721035686375
TTG,L,0.517,G,0.08366744555548918
CCA,P,0.733,A,0.16521694707495085
CCC,P,0.121,C,0.08080253399504414
CCG,P,-0.492,G,0.0822776330252229
CCT,P,0.48,T,0.13853099080572948
CAC,H,0.069,C,0.13468580376269224
CAT,H,-0.069,T,0.13468580376269224
CAA,Q,0.607,A,0.12555583619400099
CAG,Q,-0.607,G,0.12555583619400099
GTA,V,0.615,A,0.17344832238605484
GTC,V,-0.356,C,0.07200276916505242
GTG,V,0.025,G,0.07350432112295618
GTT,V,0.659,T,0.12360477808228554
GCA,A,0.604,A,0.08579888645198323
GCC,A,0.116,C,0.05157331211850302
GCG,A,-0.548,G,0.055130661771455404
GCT,A,0.468,T,0.09280476365040817
GAC,D,0.132,C,0.07400514474018252
GAT,D,-0.132,T,0.07400514474018251
GAA,E,0.406,A,0.08280477510340328
GAG,E,-0.406,G,0.08280477510340328
GGA,G,1.221,A,0.1380075737211727
GGC,G,-0.595,C,0.07310447300842643
GGG,G,0.028,G,0.09492272987176413
GGT,G,0.454,T,0.10316523924703028
TTC,F,-0.502,C,0.10640620694781469
TTT,F,0.502,T,0.10640620694781469
TAC,Y,0.067,C,0.15687481510752585
TAT,Y,-0.067,T,0.15687481510752585
TGC,C,-1.546,C,0.3382407523126584
TGT,C,1.546,T,0.3382407523126584
