codon,amino_acid,Sphingorhabdus,third_nucl,standard_error
ATA,I,0.556,A,0.0919620384949317
ATC,I,-0.473,C,0.060659558557910075
ATT,I,0.246,T,0.06389037406653222
ACA,T,0.346,A,0.07708171325591458
ACC,T,-0.085,C,0.06233841977405705
ACG,T,-0.501,G,0.07293648502441953
ACT,T,0.518,T,0.09768812142921725
AAC,N,-0.063,C,0.08433974189703079
AAT,N,0.063,T,0.08433974189703079
AAA,K,0.822,A,0.07097774701527079
AAG,K,-0.822,G,0.07097774701527079
AGC,S,-0.148,C,0.06594708507466157
AGT,S,0.163,T,0.10473345797262192
TCA,S,0.425,A,0.09908842601117128
TCC,S,0.195,C,0.0767969865071617
TCG,S,-0.511,G,0.07125981961584311
TCT,S,0.503,T,0.1119093297597944
AGA,R,1.57,A,0.17915905046061173
AGG,R,0.665,G,0.15467424620046966
CGA,R,0.435,A,0.11737146860116363
CGC,R,-0.356,C,0.06137584356684942
CGG,R,-0.451,G,0.07841807417992808
CGT,R,0.232,T,0.07374564753044076
CTA,L,0.509,A,0.10795987414487225
CTC,L,-0.027,C,0.06273019265955862
CTG,L,-0.616,G,0.052969718323077626
CTT,L,0.306,T,0.06427517491167307
TTA,L,0.759,A,0.10523708308985522
TTG,L,0.106,G,0.05660766931483501
CCA,P,0.346,A,0.09618073473618612
CCC,P,0.142,C,0.07099727911386411
CCG,P,-0.484,G,0.07192174073166688
CCT,P,0.246,T,0.09230724297310143
CAC,H,-0.024,C,0.10950460167204193
CAT,H,0.024,T,0.10950460167204193
CAA,Q,0.708,A,0.09105234103853613
CAG,Q,-0.708,G,0.09105234103853613
GTA,V,0.295,A,0.09353248639326348
GTC,V,-0.373,C,0.06313346079325038
GTG,V,0.053,G,0.06469684628053775
GTT,V,0.241,T,0.07041057387834151
GCA,A,0.487,A,0.054997346504095476
GCC,A,-0.138,C,0.04867869332916805
GCG,A,-0.427,G,0.05191656293435974
GCT,A,0.251,T,0.06613332423067476
GAC,D,-0.143,C,0.06536016294261907
GAT,D,0.143,T,0.06536016294261908
GAA,E,0.514,A,0.07858080317946745
GAG,E,-0.514,G,0.07858080317946745
GGA,G,0.462,A,0.08194785979904022
GGC,G,-0.408,C,0.061975562799224275
GGG,G,0.164,G,0.08630091845186777
GGT,G,0.101,T,0.07317447850706248
TTC,F,-0.452,C,0.07749960707332677
TTT,F,0.452,T,0.07749960707332677
TAC,Y,0.131,C,0.1222143148336702
TAT,Y,-0.131,T,0.1222143148336702
TGC,C,-0.542,C,0.1895420536910406
TGT,C,0.542,T,0.1895420536910406
