codon,amino_acid,Sphingobacterium,third_nucl,standard_error
ATA,I,0.77,A,0.04720467264337818
ATC,I,-0.547,C,0.04408950513254494
ATT,I,-0.142,T,0.039993930419809816
ACA,T,0.505,A,0.05245269242322127
ACC,T,-0.534,C,0.06346897398356843
ACG,T,-0.268,G,0.06726257423634179
ACT,T,0.037,T,0.06317424874248803
AAC,N,0.071,C,0.05359364761534034
AAT,N,-0.071,T,0.05359364761534034
AAA,K,0.392,A,0.04535116095513454
AAG,K,-0.392,G,0.04535116095513454
AGC,S,-0.027,C,0.06341120916971221
AGT,S,0.177,T,0.05755380078662878
TCA,S,0.463,A,0.05973114639916831
TCC,S,-0.243,C,0.070564380914836
TCG,S,-0.384,G,0.07447602524067323
TCT,S,-0.222,T,0.0630013700735473
AGA,R,1.575,A,0.06920065862667288
AGG,R,0.199,G,0.09749449611268221
CGA,R,-0.079,A,0.08926849348701682
CGC,R,-0.913,C,0.09362220961597516
CGG,R,-0.938,G,0.1120847583199201
CGT,R,-0.955,T,0.07378137460875195
CTA,L,0.44,A,0.055905982857896684
CTC,L,-0.382,C,0.06603587010202157
CTG,L,-0.695,G,0.05581565227137496
CTT,L,-0.144,T,0.04815993395559783
TTA,L,0.759,A,0.04022568908065219
TTG,L,-0.502,G,0.04418202492648863
CCA,P,0.503,A,0.07739279313295197
CCC,P,-0.156,C,0.09902298675854514
CCG,P,-0.483,G,0.10057951495575838
CCT,P,-0.1,T,0.07948975209421316
CAC,H,0.173,C,0.09564915177462466
CAT,H,-0.173,T,0.09564915177462466
CAA,Q,0.708,A,0.06606186495923407
CAG,Q,-0.708,G,0.06606186495923407
GTA,V,0.393,A,0.05453003388320081
GTC,V,-0.369,C,0.06925258880232522
GTG,V,-0.204,G,0.06872481698751447
GTT,V,-0.028,T,0.05429633849142706
GCA,A,0.604,A,0.05139013703957132
GCC,A,-0.429,C,0.06370026179465424
GCG,A,-0.233,G,0.0696116196691416
GCT,A,-0.214,T,0.05579827913644457
GAC,D,0.106,C,0.06569062951264351
GAT,D,-0.106,T,0.06569062951264351
GAA,E,0.496,A,0.06110564875495586
GAG,E,-0.496,G,0.06110564875495586
GGA,G,0.456,A,0.05979689677101609
GGC,G,-0.281,C,0.07362872017041337
GGG,G,-0.049,G,0.08394802989691091
GGT,G,-0.246,T,0.06214648205418151
TTC,F,-0.172,C,0.05830840985656146
TTT,F,0.172,T,0.05830840985656145
TAC,Y,0.037,C,0.06736997254408464
TAT,Y,-0.037,T,0.06736997254408464
TGC,C,0.111,C,0.1406400881109683
TGT,C,-0.111,T,0.1406400881109683
