codon,amino_acid,Sphingomonas,third_nucl,standard_error
ATA,I,0.76,A,0.1360385436946062
ATC,I,-0.858,C,0.07243939528005455
ATT,I,0.826,T,0.0824595642576132
ACA,T,0.581,A,0.10280437161515857
ACC,T,-0.096,C,0.04635309219083257
ACG,T,-0.195,G,0.04791793045188981
ACT,T,0.926,T,0.1265782844640765
AAC,N,-0.185,C,0.07901134433976939
AAT,N,0.185,T,0.07901134433976939
AAA,K,0.905,A,0.08802959733711593
AAG,K,-0.905,G,0.08802959733711595
AGC,S,-0.119,C,0.04972693833119617
AGT,S,0.785,T,0.12614332303959305
TCA,S,0.607,A,0.12447798904162027
TCC,S,0.301,C,0.06108064847207785
TCG,S,-0.511,G,0.05145169842968159
TCT,S,0.921,T,0.13477025523657
AGA,R,1.28,A,0.15051089141571358
AGG,R,0.532,G,0.09335899762116172
CGA,R,0.934,A,0.08839368855005535
CGC,R,-0.478,C,0.039242204014277034
CGG,R,-0.239,G,0.04676823584659793
CGT,R,0.633,T,0.06549752317507387
CTA,L,0.524,A,0.16509027927628017
CTC,L,-0.099,C,0.03730026162850189
CTG,L,-0.51,G,0.03514705667283668
CTT,L,0.807,T,0.061359539444591514
TTA,L,0.688,A,0.23634591996502846
TTG,L,0.769,G,0.060855828400527244
CCA,P,0.784,A,0.10472882736433202
CCC,P,0.178,C,0.04924002652493264
CCG,P,-0.532,G,0.0474670018597948
CCT,P,0.758,T,0.09740908113209702
CAC,H,-0.093,C,0.0804254560798825
CAT,H,0.093,T,0.0804254560798825
CAA,Q,0.967,A,0.09382514421771106
CAG,Q,-0.967,G,0.09382514421771106
GTA,V,0.627,A,0.12254901080611771
GTC,V,-0.323,C,0.04307668804038547
GTG,V,-0.035,G,0.043270754820275044
GTT,V,0.797,T,0.07490265386529099
GCA,A,0.669,A,0.05242506698269606
GCC,A,0.04,C,0.031312644422684284
GCG,A,-0.483,G,0.03076380677771885
GCT,A,0.916,T,0.06754216131467736
GAC,D,-0.018,C,0.04706995760329422
GAT,D,0.018,T,0.04706995760329422
GAA,E,0.6,A,0.053867594928353045
GAG,E,-0.6,G,0.053867594928353045
GGA,G,0.88,A,0.0735717937712543
GGC,G,-0.6,C,0.04361511721850168
GGG,G,0.109,G,0.05674783543078011
GGT,G,0.515,T,0.06564676890956936
TTC,F,-0.805,C,0.08810336193290239
TTT,F,0.805,T,0.0881033619329024
TAC,Y,0.172,C,0.08947285897142072
TAT,Y,-0.172,T,0.08947285897142071
TGC,C,-0.844,C,0.20149337107355508
TGT,C,0.844,T,0.20149337107355508
