codon,amino_acid,Spiroplasma,third_nucl,standard_error
ATA,I,0.287,A,0.1784062926142478
ATC,I,0.823,C,0.2997476628660769
ATT,I,-0.496,T,0.1614114989764812
ACA,T,0.371,A,0.18824779459581117
ACC,T,-0.124,C,0.31840798953346344
ACG,T,0.074,G,0.43708959637337697
ACT,T,-0.374,T,0.19756144585017651
AAC,N,0.031,C,0.1954586039251792
AAT,N,-0.031,T,0.1954586039251792
AAA,K,0.089,A,0.18152237895364143
AAG,K,-0.089,G,0.18152237895364143
AGC,S,0.28,C,0.37259174048432764
AGT,S,0.761,T,0.197167892868408
TCA,S,-0.011,A,0.20549228402263955
TCC,S,0.464,C,0.5131174912339067
TCG,S,-1.335,G,0.7875835931261452
TCT,S,-1.429,T,0.2978702980527071
AGA,R,-0.168,A,0.24797791484151124
AGG,R,-0.11,G,0.9206669406579224
CGA,R,0.549,A,0.2992079013809169
CGC,R,0.274,C,0.36115964441755777
CGG,R,-0.022,G,0.48056220926589693
CGT,R,-0.409,T,0.28302756640601295
CTA,L,0.322,A,0.26865006773754896
CTC,L,0.034,C,1.4156432053096222
CTG,L,0.444,G,0.648649110648946
CTT,L,-0.399,T,0.18931232491642289
TTA,L,-0.125,A,0.13593143799892324
TTG,L,0.497,G,0.20200899650539275
CCA,P,0.043,A,0.31963876166137023
CCC,P,0.785,C,0.6334024235326119
CCG,P,-0.829,G,0.5637070300988974
CCT,P,0.047,T,0.37700880909554635
CAC,H,-1.07,C,0.502406847880675
CAT,H,1.07,T,0.502406847880675
CAA,Q,-0.093,A,0.34870124638645056
CAG,Q,0.093,G,0.34870124638645056
GTA,V,1.201,A,0.21654119732044672
GTC,V,0.41,C,0.37820984498465426
GTG,V,0.335,G,0.28457359079045885
GTT,V,-1.079,T,0.1792349595807387
GCA,A,0.5,A,0.19482054775885826
GCC,A,-0.599,C,0.3824421062670413
GCG,A,0.248,G,0.3062746962144068
GCT,A,-0.569,T,0.22491540992705264
GAC,D,-0.38,C,0.30959867156460114
GAT,D,0.38,T,0.30959867156460114
GAA,E,-0.423,A,0.2898408988381826
GAG,E,0.423,G,0.28984089883818254
GGA,G,0.216,A,0.223576198119627
GGC,G,0.313,C,0.41013133838086696
GGG,G,0.172,G,0.3008472247809867
GGT,G,-0.464,T,0.24430432070099076
TTC,F,-0.423,C,0.39067391932860196
TTT,F,0.423,T,0.3906739193286019
TAC,Y,0.275,C,0.3753585359568204
TAT,Y,-0.275,T,0.3753585359568204
TGC,C,0.511,C,0.8113774296425389
TGT,C,-0.511,T,0.811377429642539
