codon,amino_acid,Spirochaeta,third_nucl,standard_error
ATA,I,0.719,A,0.08094218025429542
ATC,I,-0.756,C,0.06445358130010354
ATT,I,0.31,T,0.06721219705110872
ACA,T,1.113,A,0.08987317229700488
ACC,T,-0.947,C,0.06990722318953886
ACG,T,0.206,G,0.10586450864662882
ACT,T,0.306,T,0.10882667790640402
AAC,N,-0.468,C,0.0915358127895277
AAT,N,0.468,T,0.0915358127895277
AAA,K,1.131,A,0.08843660304260857
AAG,K,-1.131,G,0.08843660304260857
AGC,S,-0.294,C,0.073392712284368
AGT,S,0.5,T,0.09089253130009317
TCA,S,0.537,A,0.10118622337141439
TCC,S,-0.049,C,0.08544533812907125
TCG,S,-0.659,G,0.08865015782963885
TCT,S,0.437,T,0.1201690265283363
AGA,R,1.37,A,0.12609193900729013
AGG,R,0.525,G,0.12818282257098518
CGA,R,0.629,A,0.08364834468028347
CGC,R,-0.5,C,0.06603654829322761
CGG,R,-0.653,G,0.0750214163524909
CGT,R,0.025,T,0.08343841559914421
CTA,L,1.525,A,0.1926775854399933
CTC,L,0.032,C,0.08370415322778102
CTG,L,-0.797,G,0.053216526427771554
CTT,L,0.274,T,0.07850167303122059
TTA,L,1.475,A,0.15613978607038356
TTG,L,0.762,G,0.0888024531802803
CCA,P,0.891,A,0.10505164184273981
CCC,P,-0.115,C,0.09020937786532747
CCG,P,-0.644,G,0.07793940394119943
CCT,P,0.554,T,0.12228061795282165
CAC,H,0.091,C,0.10211639516351259
CAT,H,-0.091,T,0.10211639516351259
CAA,Q,1.348,A,0.11840353113183551
CAG,Q,-1.348,G,0.11840353113183551
GTA,V,0.449,A,0.07119574507431527
GTC,V,-0.566,C,0.08296695741808399
GTG,V,-0.113,G,0.06546510709610469
GTT,V,0.127,T,0.07572027739180145
GCA,A,0.782,A,0.06508156041371357
GCC,A,-0.655,C,0.061798569370647434
GCG,A,-0.227,G,0.07519536081125665
GCT,A,0.192,T,0.0775823956671407
GAC,D,-0.202,C,0.0756910002270456
GAT,D,0.202,T,0.0756910002270456
GAA,E,0.887,A,0.07213880827380766
GAG,E,-0.887,G,0.07213880827380764
GGA,G,0.715,A,0.08477030991123549
GGC,G,-0.457,C,0.07430920254151366
GGG,G,-0.296,G,0.07900157130103297
GGT,G,0.266,T,0.08405944591905502
TTC,F,-0.374,C,0.08728557456726657
TTT,F,0.374,T,0.08728557456726657
TAC,Y,-0.194,C,0.09898355720104221
TAT,Y,0.194,T,0.09898355720104221
TGC,C,-0.349,C,0.18229761702665684
TGT,C,0.349,T,0.18229761702665684
