codon,amino_acid,Spirosoma,third_nucl,standard_error
ATA,I,0.681,A,0.05149306093936468
ATC,I,-0.226,C,0.038629752797810384
ATT,I,-0.167,T,0.036358908152195044
ACA,T,0.294,A,0.044132846482986494
ACC,T,-0.213,C,0.03923482964331439
ACG,T,-0.517,G,0.04202679499512874
ACT,T,0.653,T,0.04942367595278515
AAC,N,0.165,C,0.04423250744580786
AAT,N,-0.165,T,0.04423250744580786
AAA,K,0.425,A,0.043271409441780276
AAG,K,-0.425,G,0.04327140944178027
AGC,S,-0.262,C,0.04887730243543152
AGT,S,-0.035,T,0.05004075007271035
TCA,S,0.42,A,0.05069511274434504
TCC,S,0.203,C,0.05364591462001983
TCG,S,-0.756,G,0.047507809707513574
TCT,S,0.747,T,0.057794473281941164
AGA,R,1.125,A,0.07794969687255174
AGG,R,0.127,G,0.09558870328812291
CGA,R,0.247,A,0.0524961215182282
CGC,R,-0.031,C,0.0504260517701455
CGG,R,-1.014,G,0.05310327375168908
CGT,R,0.231,T,0.052015616817463
CTA,L,0.467,A,0.046082993930026024
CTC,L,0.239,C,0.0406073503213118
CTG,L,-0.711,G,0.030890339584395847
CTT,L,0.443,T,0.038602899181608384
TTA,L,0.309,A,0.037796061526940164
TTG,L,-0.242,G,0.03952394629939879
CCA,P,0.144,A,0.05414514916185412
CCC,P,-0.026,C,0.051711859243341915
CCG,P,-0.494,G,0.055012293283914215
CCT,P,0.388,T,0.05490532507100563
CAC,H,0.066,C,0.07056179836985108
CAT,H,-0.066,T,0.07056179836985108
CAA,Q,0.917,A,0.04771629566729885
CAG,Q,-0.917,G,0.04771629566729885
GTA,V,0.228,A,0.04420130964534421
GTC,V,-0.082,C,0.04745869024000784
GTG,V,-0.25,G,0.04945788864484793
GTT,V,0.039,T,0.040880767592516166
GCA,A,0.426,A,0.04505281345440732
GCC,A,-0.25,C,0.03824245508704349
GCG,A,-0.389,G,0.05148844004039767
GCT,A,0.198,T,0.04117417027281818
GAC,D,0.375,C,0.04831258748359357
GAT,D,-0.375,T,0.04831258748359357
GAA,E,0.397,A,0.05078820263816552
GAG,E,-0.397,G,0.05078820263816552
GGA,G,0.437,A,0.05372387853085852
GGC,G,-0.111,C,0.04862385807770662
GGG,G,-0.206,G,0.06366823629253127
GGT,G,-0.117,T,0.05054260622523804
TTC,F,0.014,C,0.0445292023718212
TTT,F,-0.014,T,0.0445292023718212
TAC,Y,0.333,C,0.052732740836989374
TAT,Y,-0.333,T,0.05273274083698937
TGC,C,-0.217,C,0.10298481115161111
TGT,C,0.217,T,0.10298481115161111
