codon,amino_acid,Sporosarcina,third_nucl,standard_error
ATA,I,0.543,A,0.05481157432965008
ATC,I,-0.365,C,0.05156996743050465
ATT,I,-0.099,T,0.044925672299689225
ACA,T,0.248,A,0.05585992737770263
ACC,T,-0.304,C,0.09529839364670466
ACG,T,-0.321,G,0.0647171586109723
ACT,T,0.135,T,0.06563730814581788
AAC,N,0.031,C,0.06535178728036067
AAT,N,-0.031,T,0.06535178728036067
AAA,K,0.117,A,0.05158179133559092
AAG,K,-0.117,G,0.05158179133559092
AGC,S,0.092,C,0.08730264180947557
AGT,S,0.187,T,0.06578919097738758
TCA,S,0.154,A,0.06261232222531088
TCC,S,-0.26,C,0.09692742893957762
TCG,S,-0.187,G,0.08207296047537747
TCT,S,-0.206,T,0.07376417528372128
AGA,R,0.6,A,0.07435479565802885
AGG,R,0.315,G,0.10521893565514501
CGA,R,0.16,A,0.08802873435705558
CGC,R,-0.458,C,0.09915083833872301
CGG,R,-0.527,G,0.10857812772834159
CGT,R,-0.339,T,0.07138357821987559
CTA,L,0.022,A,0.06312561479268607
CTC,L,-0.401,C,0.08334937604372882
CTG,L,-0.415,G,0.07426758899331747
CTT,L,-0.529,T,0.05344997077478174
TTA,L,0.379,A,0.045909375465068715
TTG,L,0.324,G,0.049249890718503324
CCA,P,0.377,A,0.07830537923686344
CCC,P,-0.07,C,0.14095858328145205
CCG,P,-0.195,G,0.090814943836999
CCT,P,-0.263,T,0.08888681103426718
CAC,H,0.179,C,0.11150156619076862
CAT,H,-0.179,T,0.11150156619076862
CAA,Q,0.193,A,0.0771439380470767
CAG,Q,-0.193,G,0.0771439380470767
GTA,V,0.289,A,0.05464796490026757
GTC,V,-0.52,C,0.06545381882297199
GTG,V,0.549,G,0.06236489401864072
GTT,V,-0.324,T,0.052980909798894756
GCA,A,0.202,A,0.056591536809645175
GCC,A,-0.148,C,0.08880406869347962
GCG,A,-0.225,G,0.0702790312726481
GCT,A,0.011,T,0.06308960954387516
GAC,D,-0.057,C,0.06906822490515563
GAT,D,0.057,T,0.06906822490515563
GAA,E,0.28,A,0.061664141018845216
GAG,E,-0.28,G,0.061664141018845216
GGA,G,0.266,A,0.059923389434000475
GGC,G,-0.211,C,0.07491839531814556
GGG,G,0.083,G,0.07695224136024928
GGT,G,-0.187,T,0.06196385365081166
TTC,F,-0.421,C,0.0653923342324272
TTT,F,0.421,T,0.0653923342324272
TAC,Y,-0.028,C,0.08280009778396963
TAT,Y,0.028,T,0.08280009778396963
TGC,C,-0.032,C,0.18377146900412492
TGT,C,0.032,T,0.18377146900412492
