codon,amino_acid,Stanieria,third_nucl,standard_error
ATA,I,0.39,A,0.060959135101933334
ATC,I,0.175,C,0.05707933071882919
ATT,I,-0.35,T,0.04676990618374494
ACA,T,0.251,A,0.05754623635026188
ACC,T,-0.042,C,0.06643650414042969
ACG,T,-0.268,G,0.10308442126319445
ACT,T,-0.106,T,0.05023987858869431
AAC,N,0.219,C,0.06022791999949345
AAT,N,-0.219,T,0.06022791999949345
AAA,K,0.053,A,0.06636077272535856
AAG,K,-0.053,G,0.06636077272535858
AGC,S,0.093,C,0.07666926271020158
AGT,S,-0.371,T,0.053421698628635064
TCA,S,0.359,A,0.06237703514528014
TCC,S,0.478,C,0.09223883302518954
TCG,S,-0.27,G,0.09110575983667081
TCT,S,-0.018,T,0.04926671934060027
AGA,R,0.086,A,0.06492662426567881
AGG,R,0.424,G,0.12863045893241098
CGA,R,0.01,A,0.07544731636817449
CGC,R,0.112,C,0.07566669386338884
CGG,R,0.021,G,0.12467668867911769
CGT,R,-0.29,T,0.06538204463751894
CTA,L,0.248,A,0.05711047805342781
CTC,L,0.16,C,0.06944477105130863
CTG,L,0.041,G,0.07611797960000274
CTT,L,0.237,T,0.05170413918586497
TTA,L,-0.289,A,0.03702528473026094
TTG,L,0.014,G,0.050997794111739325
CCA,P,0.221,A,0.06640661013006241
CCC,P,0.112,C,0.08187919749100396
CCG,P,0.095,G,0.12413914861522717
CCT,P,-0.278,T,0.061883439687248826
CAC,H,0.454,C,0.10749657799475666
CAT,H,-0.454,T,0.10749657799475666
CAA,Q,0.002,A,0.06903003519466926
CAG,Q,-0.002,G,0.06903003519466926
GTA,V,-0.171,A,0.056193364235435535
GTC,V,-0.052,C,0.07747778305271275
GTG,V,0.567,G,0.07377122744983126
GTT,V,-0.116,T,0.05154464887903344
GCA,A,0.229,A,0.05383492144931388
GCC,A,-0.026,C,0.07320009040308191
GCG,A,-0.054,G,0.0865024996698845
GCT,A,-0.172,T,0.05110375596665025
GAC,D,0.27,C,0.07408285125580527
GAT,D,-0.27,T,0.07408285125580526
GAA,E,0.063,A,0.07206991997959519
GAG,E,-0.063,G,0.07206991997959519
GGA,G,0.106,A,0.0641123258279453
GGC,G,0.222,C,0.08407309789529473
GGG,G,0.004,G,0.11044577250557346
GGT,G,-0.217,T,0.062121735470578865
TTC,F,0.367,C,0.08572125034464098
TTT,F,-0.367,T,0.08572125034464098
TAC,Y,0.559,C,0.08081130867190209
TAT,Y,-0.559,T,0.08081130867190209
TGC,C,0.595,C,0.15316684845396403
TGT,C,-0.595,T,0.15316684845396403
