codon,amino_acid,Stappia,third_nucl,standard_error
ATA,I,1.023,A,0.19952189645513482
ATC,I,-0.986,C,0.08501815375721677
ATT,I,0.923,T,0.09172374427433633
ACA,T,1.631,A,0.1333090406967699
ACC,T,-0.318,C,0.05250761228171815
ACG,T,-0.343,G,0.0547004957774783
ACT,T,1.645,T,0.179414842016665
AAC,N,-0.288,C,0.09784074796506848
AAT,N,0.288,T,0.09784074796506848
AAA,K,1.681,A,0.11715415320586711
AAG,K,-1.681,G,0.1171541532058671
AGC,S,0.05,C,0.05616360701007043
AGT,S,0.595,T,0.15054286703535827
TCA,S,1.65,A,0.207581829653027
TCC,S,0.219,C,0.05892548961374762
TCG,S,-0.853,G,0.05865580039627194
TCT,S,1.557,T,0.17242263346768572
AGA,R,2.607,A,0.2337636213121834
AGG,R,1.245,G,0.11119542195469323
CGA,R,1.337,A,0.13491710768849013
CGC,R,-0.704,C,0.046787633941357896
CGG,R,-0.355,G,0.055869043338019765
CGT,R,0.693,T,0.08065755091152718
CTA,L,1.167,A,0.2645016133618984
CTC,L,0.025,C,0.042444719614674574
CTG,L,-0.744,G,0.039551109804716274
CTT,L,0.958,T,0.06173066303663659
TTA,L,0.615,A,0.3948849099765957
TTG,L,1.046,G,0.08373047633954897
CCA,P,1.645,A,0.19812783206338044
CCC,P,0.567,C,0.06012375844876395
CCG,P,-0.978,G,0.05757499597085863
CCT,P,1.058,T,0.12036541209587122
CAC,H,0.069,C,0.09374190795692783
CAT,H,-0.069,T,0.09374190795692783
CAA,Q,1.379,A,0.1260384544198451
CAG,Q,-1.379,G,0.1260384544198451
GTA,V,1.417,A,0.17375617435542748
GTC,V,-0.319,C,0.04913760890444544
GTG,V,-0.196,G,0.050103179322633605
GTT,V,1.017,T,0.0842237748571754
GCA,A,1.235,A,0.06600834501971534
GCC,A,-0.27,C,0.037027455759943095
GCG,A,-0.454,G,0.0397230749180607
GCT,A,0.982,T,0.08249634027773801
GAC,D,-0.314,C,0.06095769356816867
GAT,D,0.314,T,0.06095769356816867
GAA,E,1.1,A,0.06173767459201168
GAG,E,-1.1,G,0.06173767459201168
GGA,G,1.397,A,0.08419652485180759
GGC,G,-0.888,C,0.05161518808944248
GGG,G,0.1,G,0.06859984079424603
GGT,G,0.725,T,0.08577592735501557
TTC,F,-0.882,C,0.09091021180781705
TTT,F,0.882,T,0.09091021180781705
TAC,Y,-0.058,C,0.10141115862808597
TAT,Y,0.058,T,0.10141115862808597
TGC,C,-1.038,C,0.23056921455322038
TGT,C,1.038,T,0.23056921455322038
