codon,amino_acid,Staphylococcus,third_nucl,standard_error
ATA,I,0.362,A,0.05958578061258269
ATC,I,-0.098,C,0.07116840883729361
ATT,I,-0.244,T,0.053981925165356055
ACA,T,0.132,A,0.06899692871622241
ACC,T,-0.109,C,0.148762940133822
ACG,T,-0.158,G,0.09667604669291761
ACT,T,-0.034,T,0.07561925172877186
AAC,N,0.001,C,0.07793767695593379
AAT,N,-0.001,T,0.0779376769559338
AAA,K,-0.206,A,0.07940596488294835
AAG,K,0.206,G,0.07940596488294835
AGC,S,0.036,C,0.11337754071060797
AGT,S,0.121,T,0.07699974713565372
TCA,S,0.189,A,0.07467949757768065
TCC,S,-0.245,C,0.1764489440283145
TCG,S,-0.088,G,0.14999917507211794
TCT,S,-0.307,T,0.08314242564006392
AGA,R,0.385,A,0.08990679863062048
AGG,R,0.308,G,0.19059469201144183
CGA,R,-0.029,A,0.13936909841004602
CGC,R,0.068,C,0.1610604673162025
CGG,R,-0.4,G,0.3033748067458029
CGT,R,-0.494,T,0.0974165361903499
CTA,L,0.069,A,0.09216889833393865
CTC,L,-0.252,C,0.14586943320253237
CTG,L,-0.126,G,0.17180068285119587
CTT,L,-0.273,T,0.08420201951882574
TTA,L,-0.082,A,0.05388278838372036
TTG,L,0.405,G,0.07436079531627471
CCA,P,0.244,A,0.10405197339316916
CCC,P,0.119,C,0.2280908816416199
CCG,P,-0.14,G,0.18102754898643494
CCT,P,-0.239,T,0.10868967510197934
CAC,H,-0.048,C,0.1345423412849632
CAT,H,0.048,T,0.1345423412849632
CAA,Q,-0.141,A,0.12284901072200707
CAG,Q,0.141,G,0.12284901072200707
GTA,V,0.085,A,0.06752472720841514
GTC,V,-0.158,C,0.11236073569193003
GTG,V,0.27,G,0.08604303129619824
GTT,V,-0.199,T,0.06859764334867349
GCA,A,0.399,A,0.07316011666215479
GCC,A,-0.247,C,0.1392360583485008
GCG,A,-0.426,G,0.11108734753769907
GCT,A,-0.155,T,0.07804304244377144
GAC,D,-0.057,C,0.08939196659742538
GAT,D,0.057,T,0.08939196659742538
GAA,E,-0.017,A,0.09486106895480075
GAG,E,0.017,G,0.09486106895480075
GGA,G,0.366,A,0.08699628838614779
GGC,G,-0.299,C,0.09662380036994404
GGG,G,0.052,G,0.1283547414893406
GGT,G,-0.103,T,0.07601982964453088
TTC,F,-0.509,C,0.09802896460556573
TTT,F,0.509,T,0.09802896460556573
TAC,Y,0.111,C,0.10310617122029347
TAT,Y,-0.111,T,0.10310617122029347
TGC,C,0.447,C,0.2629976173545829
TGT,C,-0.447,T,0.2629976173545829
