codon,amino_acid,Staphylospora,third_nucl,standard_error
ATA,I,0.936,A,0.2351129315848649
ATC,I,-0.323,C,0.07411501251618381
ATT,I,0.226,T,0.07588395565343672
ACA,T,1.036,A,0.13311039023320362
ACC,T,-0.448,C,0.07727744851621977
ACG,T,-0.102,G,0.07859224493791264
ACT,T,0.569,T,0.15111508285662878
AAC,N,-0.418,C,0.10076680681490298
AAT,N,0.418,T,0.10076680681490298
AAA,K,0.26,A,0.07003331781934236
AAG,K,-0.26,G,0.07003331781934236
AGC,S,0.067,C,0.087060074402116
AGT,S,0.642,T,0.14121911060788075
TCA,S,0.933,A,0.1571212443386839
TCC,S,-0.494,C,0.07828187369991858
TCG,S,-0.068,G,0.09139406639769197
TCT,S,0.079,T,0.13346033994049206
AGA,R,0.925,A,0.1036609586491333
AGG,R,0.152,G,0.11293794848701529
CGA,R,0.519,A,0.10166637733775818
CGC,R,-0.245,C,0.07126112343885765
CGG,R,-0.619,G,0.06349718160740062
CGT,R,0.312,T,0.08490807345531526
CTA,L,0.945,A,0.4162652932517942
CTC,L,-0.239,C,0.06605671289038587
CTG,L,-0.364,G,0.05265831791881408
CTT,L,0.039,T,0.07972489200622664
TTA,L,0.931,A,0.340955495305284
TTG,L,0.526,G,0.056894806721228645
CCA,P,1.504,A,0.2432627717407261
CCC,P,-0.21,C,0.08982911193362265
CCG,P,-0.317,G,0.08344375438618509
CCT,P,0.796,T,0.14279628027319619
CAC,H,-0.184,C,0.11117534241478895
CAT,H,0.184,T,0.11117534241478895
CAA,Q,0.495,A,0.0971718476755298
CAG,Q,-0.495,G,0.0971718476755298
GTA,V,0.737,A,0.14011933184357286
GTC,V,-0.26,C,0.06555499868039623
GTG,V,0.008,G,0.05861925184550462
GTT,V,0.132,T,0.08455922454893063
GCA,A,0.939,A,0.09102879133631865
GCC,A,-0.508,C,0.06589512172517605
GCG,A,-0.07,G,0.06864758140594955
GCT,A,0.16,T,0.09933805342700291
GAC,D,-0.22,C,0.07971620769471707
GAT,D,0.22,T,0.07971620769471707
GAA,E,0.282,A,0.06865972393749008
GAG,E,-0.282,G,0.06865972393749008
GGA,G,0.223,A,0.06952739074341527
GGC,G,-0.18,C,0.07444212499107176
GGG,G,-0.297,G,0.08620494041922562
GGT,G,0.221,T,0.08834127709655977
TTC,F,-0.356,C,0.08371694987688098
TTT,F,0.356,T,0.08371694987688098
TAC,Y,-0.169,C,0.11237491926817737
TAT,Y,0.169,T,0.11237491926817737
TGC,C,0.192,C,0.19437637857997364
TGT,C,-0.192,T,0.19437637857997364
