codon,amino_acid,Steroidobacter,third_nucl,standard_error
ATA,I,0.67,A,0.13038651221086825
ATC,I,-0.64,C,0.07509208270040027
ATT,I,0.507,T,0.08334683415473304
ACA,T,0.539,A,0.10428871576498133
ACC,T,-0.313,C,0.06669642539485844
ACG,T,-0.239,G,0.06917877842931223
ACT,T,0.782,T,0.11263413543249477
AAC,N,0.04,C,0.09310983062491983
AAT,N,-0.04,T,0.09310983062491984
AAA,K,0.853,A,0.0947148292086365
AAG,K,-0.853,G,0.0947148292086365
AGC,S,-0.214,C,0.06811453134999226
AGT,S,0.43,T,0.10964682112120847
TCA,S,0.525,A,0.12460596018472991
TCC,S,0.155,C,0.07413198281525316
TCG,S,-0.482,G,0.0713828881479755
TCT,S,0.646,T,0.1401529644809383
AGA,R,1.354,A,0.1509995561309965
AGG,R,0.538,G,0.12527894009468005
CGA,R,0.573,A,0.0957122490661307
CGC,R,-0.376,C,0.05597493513573008
CGG,R,-0.356,G,0.07105074930120017
CGT,R,0.091,T,0.07161935878767625
CTA,L,0.307,A,0.12938635498502055
CTC,L,0.189,C,0.061815910613668146
CTG,L,-0.572,G,0.04888339646597745
CTT,L,0.692,T,0.0902131434751106
TTA,L,0.738,A,0.17876655721556084
TTG,L,0.243,G,0.06390597671804209
CCA,P,0.633,A,0.11428117330274462
CCC,P,0.1,C,0.07445745461621817
CCG,P,-0.629,G,0.06891597493872062
CCT,P,0.679,T,0.10535132654004874
CAC,H,0.075,C,0.10364672585678261
CAT,H,-0.075,T,0.10364672585678261
CAA,Q,0.57,A,0.09070043225242494
CAG,Q,-0.57,G,0.09070043225242494
GTA,V,0.307,A,0.09225088038391929
GTC,V,-0.128,C,0.06247273927075021
GTG,V,-0.255,G,0.060607839507779745
GTT,V,0.607,T,0.0969419165678054
GCA,A,0.409,A,0.06556417530446705
GCC,A,-0.045,C,0.050155518298393334
GCG,A,-0.505,G,0.05257273848050664
GCT,A,0.648,T,0.07790061687980547
GAC,D,0.021,C,0.06917228136835543
GAT,D,-0.021,T,0.06917228136835543
GAA,E,0.606,A,0.07051105306689816
GAG,E,-0.606,G,0.07051105306689814
GGA,G,0.295,A,0.08811257703704949
GGC,G,-0.275,C,0.06499912533348025
GGG,G,0.129,G,0.09390099535134677
GGT,G,0.094,T,0.08286615286842514
TTC,F,-0.41,C,0.0947813298618628
TTT,F,0.41,T,0.0947813298618628
TAC,Y,0.114,C,0.1110526559509057
TAT,Y,-0.114,T,0.1110526559509057
TGC,C,-0.389,C,0.18508923682099335
TGT,C,0.389,T,0.18508923682099335
