codon,amino_acid,Stieleria,third_nucl,standard_error
ATA,I,0.916,A,0.15132115927140466
ATC,I,-0.628,C,0.04766760238360502
ATT,I,0.552,T,0.04873031878178987
ACA,T,0.65,A,0.06576979964787473
ACC,T,-0.182,C,0.04156043723830744
ACG,T,-0.426,G,0.04237684347241715
ACT,T,0.892,T,0.07619528466489393
AAC,N,-0.316,C,0.057549124203777564
AAT,N,0.316,T,0.057549124203777564
AAA,K,0.568,A,0.0506044578815091
AAG,K,-0.568,G,0.0506044578815091
AGC,S,-0.508,C,0.045870953895814276
AGT,S,0.068,T,0.061964523786358805
TCA,S,0.707,A,0.06113242089044747
TCC,S,0.204,C,0.04685732533031108
TCG,S,-0.513,G,0.04158067506356941
TCT,S,1.074,T,0.07724085566009303
AGA,R,0.925,A,0.09168825451371186
AGG,R,0.114,G,0.10896058332335588
CGA,R,0.61,A,0.043427416643472175
CGC,R,-0.392,C,0.040267717107995496
CGG,R,-0.799,G,0.050715156824781275
CGT,R,0.232,T,0.04636537934367239
CTA,L,0.788,A,0.0923514051878127
CTC,L,0.293,C,0.04178966897511786
CTG,L,-0.583,G,0.03385639643918459
CTT,L,0.698,T,0.05213210523283002
TTA,L,0.777,A,0.09124420490408294
TTG,L,-0.165,G,0.0354254464916203
CCA,P,0.932,A,0.06576444185980529
CCC,P,0.036,C,0.04520238926528594
CCG,P,-0.81,G,0.04380982918830049
CCT,P,0.888,T,0.07648749595404963
CAC,H,-0.195,C,0.06914527997798797
CAT,H,0.195,T,0.06914527997798797
CAA,Q,0.438,A,0.051900398178821486
CAG,Q,-0.438,G,0.051900398178821486
GTA,V,0.663,A,0.09969494232142867
GTC,V,-0.594,C,0.0392694984645059
GTG,V,0.153,G,0.040966740521267156
GTT,V,0.545,T,0.048876324115936044
GCA,A,0.706,A,0.046514211715015165
GCC,A,-0.253,C,0.03540666400824496
GCG,A,-0.575,G,0.03759792197777705
GCT,A,0.873,T,0.05607162606674127
GAC,D,-0.146,C,0.042589320496122615
GAT,D,0.146,T,0.042589320496122615
GAA,E,0.363,A,0.0482681671185035
GAG,E,-0.363,G,0.0482681671185035
GGA,G,0.378,A,0.05376403194541347
GGC,G,-0.281,C,0.04658812210143005
GGG,G,-0.323,G,0.06302365819009986
GGT,G,0.281,T,0.055476535657335915
TTC,F,-0.223,C,0.05144594640632558
TTT,F,0.223,T,0.05144594640632558
TAC,Y,-0.107,C,0.07635055672982115
TAT,Y,0.107,T,0.07635055672982115
TGC,C,-0.182,C,0.09413897127558564
TGT,C,0.182,T,0.09413897127558564
