codon,amino_acid,Streptobacillus,third_nucl,standard_error
ATA,I,-0.102,A,0.0660551665707954
ATC,I,0.169,C,0.1672653641615256
ATT,I,0.077,T,0.06698026755796507
ACA,T,0.375,A,0.11304344615619455
ACC,T,0.747,C,0.31439651010849845
ACG,T,0.704,G,0.3170298144823998
ACT,T,-0.577,T,0.1154744793956047
AAC,N,-0.015,C,0.13498699702919387
AAT,N,0.015,T,0.13498699702919387
AAA,K,0.217,A,0.08450943317279781
AAG,K,-0.217,G,0.08450943317279781
AGC,S,0.72,C,0.23154109791638178
AGT,S,0.454,T,0.10394915856740433
TCA,S,-0.238,A,0.10409387697175124
TCC,S,-0.095,C,0.45902855293683964
TCG,S,0.673,G,0.32078004619698774
TCT,S,-0.478,T,0.11150628101019493
AGA,R,-0.07,A,0.16209258420487888
AGG,R,0.022,G,0.19527694024565234
CGA,R,0.174,A,0.5434658359457756
CGC,R,1.835,C,1.5130637350802298
CGG,R,1.497,G,1.5503691877326913
CGT,R,-0.077,T,0.29824480772369344
CTA,L,-0.132,A,0.12783847310389404
CTC,L,0.965,C,0.6591597875742672
CTG,L,0.19,G,0.3578941368012422
CTT,L,-0.655,T,0.10089097171283515
TTA,L,0.073,A,0.07307069036874049
TTG,L,0.82,G,0.1291007289024461
CCA,P,0.204,A,0.1801457924456998
CCC,P,-0.631,C,0.5108626058593111
CCG,P,0.631,G,0.4944503021901595
CCT,P,-0.192,T,0.18027628686623276
CAC,H,0.079,C,0.3419025921994777
CAT,H,-0.079,T,0.3419025921994777
CAA,Q,-0.164,A,0.27169744888973163
CAG,Q,0.164,G,0.27169744888973163
GTA,V,-0.015,A,0.09424036943767863
GTC,V,0.264,C,0.27146799936479926
GTG,V,0.964,G,0.17012762497941647
GTT,V,-0.337,T,0.09522630316377506
GCA,A,0.251,A,0.11737017899407268
GCC,A,-0.055,C,0.3022959833595814
GCG,A,0.329,G,0.3444841587124447
GCT,A,-0.286,T,0.1189552460604169
GAC,D,-0.071,C,0.19236744323083746
GAT,D,0.071,T,0.19236744323083746
GAA,E,0.034,A,0.1346949109644998
GAG,E,-0.034,G,0.1346949109644998
GGA,G,-0.033,A,0.1068676851268791
GGC,G,-0.22,C,0.32990846249401
GGG,G,0.412,G,0.19280553877591647
GGT,G,-0.072,T,0.11103110479385844
TTC,F,-0.554,C,0.1628316390374912
TTT,F,0.554,T,0.1628316390374912
TAC,Y,0.097,C,0.15178300620846763
TAT,Y,-0.097,T,0.15178300620846763
TGC,C,-0.029,C,0.43695598750509934
TGT,C,0.029,T,0.43695598750509934
