codon,amino_acid,Streptantibioticus,third_nucl,standard_error
ATA,I,0.94,A,0.16370846342512305
ATC,I,-1.055,C,0.12279858508750954
ATT,I,1.101,T,0.17903782492545847
ACA,T,1.619,A,0.13658668821579434
ACC,T,-0.771,C,0.04293496314166483
ACG,T,0.391,G,0.045198812178822614
ACT,T,1.715,T,0.16838360010924244
AAC,N,-1.358,C,0.1888121505849679
AAT,N,1.358,T,0.18881215058496792
AAA,K,1.148,A,0.1522916833689927
AAG,K,-1.148,G,0.1522916833689927
AGC,S,0.271,C,0.0496942053968669
AGT,S,1.024,T,0.127927010114163
TCA,S,1.037,A,0.13624772501687166
TCC,S,-0.272,C,0.0464600796442479
TCG,S,-0.57,G,0.05268190621870318
TCT,S,1.781,T,0.2092389159256079
AGA,R,1.873,A,0.18515076536940528
AGG,R,1.05,G,0.09168212215818881
CGA,R,1.512,A,0.09422193456961048
CGC,R,-0.443,C,0.03514903714392599
CGG,R,-0.454,G,0.036335197249228596
CGT,R,0.784,T,0.05973103748755968
CTA,L,1.079,A,0.2489487378749388
CTC,L,0.037,C,0.036964900646941634
CTG,L,-0.496,G,0.03539856925375851
CTT,L,1.535,T,0.11842651061889466
TTA,L,2.325,A,0.5336577136888518
TTG,L,0.995,G,0.072893850101377
CCA,P,1.404,A,0.13091864963590244
CCC,P,0.166,C,0.03991863697568552
CCG,P,-0.53,G,0.03941662654881632
CCT,P,1.495,T,0.1318157051020839
CAC,H,-0.668,C,0.10713428802452422
CAT,H,0.668,T,0.10713428802452422
CAA,Q,0.479,A,0.10173549253485994
CAG,Q,-0.479,G,0.10173549253485994
GTA,V,0.673,A,0.0937315564352133
GTC,V,-0.609,C,0.03473319298290848
GTG,V,0.36,G,0.03388995785568215
GTT,V,1.426,T,0.13030657874735224
GCA,A,1.665,A,0.07158409461035142
GCC,A,-0.494,C,0.029202365471892394
GCG,A,-0.103,G,0.030565839503963504
GCT,A,1.581,T,0.09134711452001834
GAC,D,-1.03,C,0.07852233978180671
GAT,D,1.03,T,0.07852233978180671
GAA,E,0.651,A,0.05323048763310217
GAG,E,-0.651,G,0.05323048763310217
GGA,G,1.13,A,0.0672856128058366
GGC,G,-0.663,C,0.037637956278696455
GGG,G,0.054,G,0.04367322215614715
GGT,G,0.627,T,0.059690347635457046
TTC,F,-1.177,C,0.20584784194831643
TTT,F,1.177,T,0.20584784194831643
TAC,Y,-0.753,C,0.15707358575870267
TAT,Y,0.753,T,0.15707358575870267
TGC,C,-1.376,C,0.20372623230590708
TGT,C,1.376,T,0.20372623230590708
