codon,amino_acid,Streptosporangium,third_nucl,standard_error
ATA,I,1.083,A,0.15263964525476223
ATC,I,-1.4,C,0.0978050311380156
ATT,I,1.507,T,0.12483867698218662
ACA,T,1.48,A,0.096811470301629
ACC,T,-0.587,C,0.036941377877833095
ACG,T,0.01,G,0.0391438639026756
ACT,T,1.595,T,0.1098751803859967
AAC,N,-1.228,C,0.12209132053390584
AAT,N,1.228,T,0.12209132053390584
AAA,K,0.816,A,0.09007832363410678
AAG,K,-0.816,G,0.09007832363410678
AGC,S,0.125,C,0.042068883344070246
AGT,S,1.308,T,0.10608169703113302
TCA,S,1.135,A,0.10508537007913143
TCC,S,-0.364,C,0.04087135945144195
TCG,S,-0.524,G,0.04482198697782143
TCT,S,1.326,T,0.12144083972150044
AGA,R,1.667,A,0.10774940353914633
AGG,R,0.232,G,0.05230180617863998
CGA,R,1.405,A,0.07825217862841492
CGC,R,-0.383,C,0.03186620999411923
CGG,R,-0.512,G,0.032306326435989734
CGT,R,0.744,T,0.05395943359718842
CTA,L,1.075,A,0.15350985069841394
CTC,L,-0.045,C,0.030195580376453916
CTG,L,-0.579,G,0.028898663371660832
CTT,L,1.429,T,0.08167677641447971
TTA,L,1.797,A,0.28118744041414556
TTG,L,1.536,G,0.07283575135128813
CCA,P,1.266,A,0.10085693040071424
CCC,P,-0.079,C,0.03725297833418882
CCG,P,-0.428,G,0.03675318537151266
CCT,P,1.203,T,0.08185842472006831
CAC,H,-0.958,C,0.08115274004674343
CAT,H,0.958,T,0.08115274004674343
CAA,Q,1.069,A,0.11087388372822046
CAG,Q,-1.069,G,0.11087388372822046
GTA,V,0.785,A,0.0850808109360379
GTC,V,-0.763,C,0.029987305213541388
GTG,V,0.468,G,0.02958385982334748
GTT,V,1.19,T,0.08538162532924731
GCA,A,1.437,A,0.0604468656587524
GCC,A,-0.53,C,0.026858930119193308
GCG,A,-0.072,G,0.027844781972635
GCT,A,1.351,T,0.06804615301008807
GAC,D,-1.133,C,0.05568071452835017
GAT,D,1.133,T,0.05568071452835017
GAA,E,1.037,A,0.05105395736452173
GAG,E,-1.037,G,0.051053957364521736
GGA,G,1.06,A,0.05118578558979854
GGC,G,-0.689,C,0.03284808849373741
GGG,G,-0.026,G,0.03903914427795824
GGT,G,0.637,T,0.05176894832234032
TTC,F,-1.96,C,0.15681516905511617
TTT,F,1.96,T,0.15681516905511617
TAC,Y,-1.028,C,0.10336155136322353
TAT,Y,1.028,T,0.10336155136322352
TGC,C,-1.285,C,0.16277734402522184
TGT,C,1.285,T,0.16277734402522184
