codon,amino_acid,Streptomyces,third_nucl,standard_error
ATA,I,1.177,A,0.1134130254187242
ATC,I,-1.23,C,0.07924658035818381
ATT,I,1.13,T,0.10502392941972223
ACA,T,1.138,A,0.07850708847403907
ACC,T,-0.451,C,0.03437460134815085
ACG,T,-0.053,G,0.03697769195382037
ACT,T,1.23,T,0.09504122896286547
AAC,N,-0.593,C,0.09903997753579173
AAT,N,0.593,T,0.09903997753579173
AAA,K,0.761,A,0.09636754193650847
AAG,K,-0.761,G,0.09636754193650847
AGC,S,0.205,C,0.03942261176453661
AGT,S,1.041,T,0.09427169639518941
TCA,S,0.976,A,0.09981583534548613
TCC,S,-0.347,C,0.037986538357651416
TCG,S,-0.539,G,0.04355057444200612
TCT,S,1.366,T,0.125641087619988
AGA,R,1.889,A,0.12238831325429503
AGG,R,0.902,G,0.06914923639590617
CGA,R,1.128,A,0.06875310218762296
CGC,R,-0.372,C,0.030481673283954024
CGG,R,-0.569,G,0.03240642407331685
CGT,R,0.608,T,0.05153150992241362
CTA,L,1.016,A,0.15861860736028188
CTC,L,0.05,C,0.03056253022969066
CTG,L,-0.573,G,0.029221249123162596
CTT,L,1.11,T,0.07576124009317035
TTA,L,1.913,A,0.282306319959717
TTG,L,1.236,G,0.0659780151972811
CCA,P,1.139,A,0.08445421525616882
CCC,P,0.061,C,0.034893708748403904
CCG,P,-0.538,G,0.0345842421919474
CCT,P,1.096,T,0.08175433667343424
CAC,H,-0.311,C,0.06891764613607265
CAT,H,0.311,T,0.06891764613607264
CAA,Q,0.944,A,0.08835116809952072
CAG,Q,-0.944,G,0.08835116809952072
GTA,V,0.23,A,0.06725934871154848
GTC,V,-0.711,C,0.03076399525473306
GTG,V,0.516,G,0.03017362362732512
GTT,V,0.888,T,0.08311433477201678
GCA,A,1.305,A,0.05105487739904701
GCC,A,-0.354,C,0.025334207099840727
GCG,A,-0.277,G,0.026730080493908997
GCT,A,1.136,T,0.06055657561390361
GAC,D,-0.721,C,0.05085035461235341
GAT,D,0.721,T,0.05085035461235341
GAA,E,0.874,A,0.04602139324499345
GAG,E,-0.874,G,0.04602139324499345
GGA,G,1.071,A,0.05242296821900075
GGC,G,-0.614,C,0.0321655636167852
GGG,G,0.007,G,0.03858200081886942
GGT,G,0.456,T,0.0498459731620868
TTC,F,-1.102,C,0.11603504889577253
TTT,F,1.102,T,0.11603504889577253
TAC,Y,-0.163,C,0.0921760187185799
TAT,Y,0.163,T,0.09217601871857989
TGC,C,-0.31,C,0.1430089356238761
TGT,C,0.31,T,0.14300893562387607
