codon,amino_acid,Subdoligranulum,third_nucl,standard_error
ATA,I,0.453,A,0.14786568851935827
ATC,I,-0.653,C,0.06874427546574856
ATT,I,0.596,T,0.07141452567720614
ACA,T,0.54,A,0.09632343386013399
ACC,T,-0.449,C,0.06674643233561203
ACG,T,0.029,G,0.08186706331501761
ACT,T,0.501,T,0.11780088826530363
AAC,N,-0.605,C,0.08401202125133367
AAT,N,0.605,T,0.08401202125133367
AAA,K,1.104,A,0.0672313080408393
AAG,K,-1.104,G,0.06723130804083931
AGC,S,-0.423,C,0.0749498128350513
AGT,S,0.454,T,0.1122755071551441
TCA,S,0.726,A,0.17205879098596555
TCC,S,-0.127,C,0.07697904563742873
TCG,S,-0.209,G,0.11190477801797087
TCT,S,0.664,T,0.11605829940548368
AGA,R,1.643,A,0.16001483881953296
AGG,R,0.649,G,0.17773779218709113
CGA,R,1.022,A,0.14624211673596632
CGC,R,-0.259,C,0.06806518816892759
CGG,R,-0.773,G,0.07425874061823655
CGT,R,0.28,T,0.08872553337664628
CTA,L,0.691,A,0.23011620874474478
CTC,L,-0.324,C,0.07609428475778093
CTG,L,-0.593,G,0.05057968779982952
CTT,L,0.361,T,0.08223064787810877
TTA,L,1.101,A,0.16957591567098823
TTG,L,0.893,G,0.07359572404199308
CCA,P,0.855,A,0.1665988816826972
CCC,P,-0.328,C,0.08174261506082244
CCG,P,0.008,G,0.08307398461030333
CCT,P,0.231,T,0.12021417023660665
CAC,H,-0.611,C,0.11465050669186475
CAT,H,0.611,T,0.11465050669186475
CAA,Q,1.346,A,0.09939771620763795
CAG,Q,-1.346,G,0.09939771620763793
GTA,V,0.826,A,0.09218680223939817
GTC,V,-0.293,C,0.07120463295828504
GTG,V,-0.53,G,0.06271611629254756
GTT,V,0.662,T,0.08553362331555764
GCA,A,1.052,A,0.07266244497826715
GCC,A,-0.724,C,0.05592999416530799
GCG,A,-0.106,G,0.0655495512729591
GCT,A,0.355,T,0.08079100173567144
GAC,D,-0.507,C,0.07497261743608057
GAT,D,0.507,T,0.07497261743608057
GAA,E,1.029,A,0.06947295801589928
GAG,E,-1.029,G,0.06947295801589928
GGA,G,0.544,A,0.09065447032970414
GGC,G,-0.379,C,0.06764551099470942
GGG,G,-0.123,G,0.09013332847759123
GGT,G,0.275,T,0.08889651312248964
TTC,F,-0.914,C,0.0851933872302921
TTT,F,0.914,T,0.08519338723029209
TAC,Y,-0.662,C,0.0885937647041406
TAT,Y,0.662,T,0.0885937647041406
TGC,C,-0.826,C,0.14052287578606745
TGT,C,0.826,T,0.14052287578606745
