codon,amino_acid,Succinivibrio,third_nucl,standard_error
ATA,I,0.706,A,0.08255235734808725
ATC,I,-0.608,C,0.07139472227815716
ATT,I,0.038,T,0.06281465940646984
ACA,T,0.536,A,0.08118552781557177
ACC,T,-0.856,C,0.08850412643880647
ACG,T,0.192,G,0.22869289480822835
ACT,T,0.179,T,0.08064523597630864
AAC,N,-0.317,C,0.07901497191876264
AAT,N,0.317,T,0.07901497191876264
AAA,K,1.018,A,0.06381610414074743
AAG,K,-1.018,G,0.06381610414074743
AGC,S,-0.039,C,0.10245286054407976
AGT,S,0.44,T,0.0922194257319148
TCA,S,-0.123,A,0.06978147267201412
TCC,S,-0.163,C,0.11945999523154728
TCG,S,0.672,G,0.21020742034096287
TCT,S,-0.158,T,0.07420772385838165
AGA,R,0.224,A,0.0900534447888501
AGG,R,0.007,G,0.2031223048517007
CGA,R,0.129,A,0.1802510265058628
CGC,R,-0.148,C,0.15615534077501442
CGG,R,0.436,G,0.5059650591758049
CGT,R,-0.289,T,0.10334070564449029
CTA,L,0.265,A,0.08498403779378141
CTC,L,-0.006,C,0.13417048658520558
CTG,L,-0.874,G,0.07344498274747066
CTT,L,-0.503,T,0.061072448419785194
TTA,L,0.731,A,0.06325287599916876
TTG,L,1.034,G,0.12352385764879652
CCA,P,0.497,A,0.10815747873548048
CCC,P,0.777,C,0.2877623098261474
CCG,P,0.118,G,0.22054008934994357
CCT,P,-0.62,T,0.10743810799864789
CAC,H,-0.121,C,0.15350485374347717
CAT,H,0.121,T,0.15350485374347717
CAA,Q,1.52,A,0.1495894833577268
CAG,Q,-1.52,G,0.1495894833577268
GTA,V,0.015,A,0.07559586936262207
GTC,V,0.108,C,0.12710257132251285
GTG,V,0.344,G,0.11176759981501189
GTT,V,-0.184,T,0.07073075858442686
GCA,A,0.181,A,0.07123125082569245
GCC,A,-0.41,C,0.10024645541405161
GCG,A,0.421,G,0.16592100346127525
GCT,A,-0.045,T,0.07211801993068614
GAC,D,-0.1,C,0.09088575952462452
GAT,D,0.1,T,0.09088575952462451
GAA,E,0.869,A,0.0812034950151794
GAG,E,-0.869,G,0.0812034950151794
GGA,G,0.223,A,0.08946207867832945
GGC,G,0.087,C,0.09697861940729033
GGG,G,0.35,G,0.22093207273886187
GGT,G,-0.308,T,0.08456332397874826
TTC,F,-0.866,C,0.08750543927348482
TTT,F,0.866,T,0.08750543927348481
TAC,Y,-0.119,C,0.10276490267453225
TAT,Y,0.119,T,0.10276490267453227
TGC,C,0.01,C,0.17205426224182085
TGT,C,-0.01,T,0.17205426224182085
