codon,amino_acid,Suicoccus,third_nucl,standard_error
ATA,I,0.567,A,0.08941467100790919
ATC,I,-0.322,C,0.07684121713754838
ATT,I,-0.084,T,0.06603105632325126
ACA,T,0.819,A,0.08179748852910247
ACC,T,-0.606,C,0.09427003300724966
ACG,T,-0.426,G,0.09388188486963607
ACT,T,-0.073,T,0.09418096312535187
AAC,N,-0.046,C,0.09384748112802467
AAT,N,0.046,T,0.09384748112802467
AAA,K,0.325,A,0.0746820919577383
AAG,K,-0.325,G,0.0746820919577383
AGC,S,-0.114,C,0.1056153319000307
AGT,S,0.269,T,0.08668086731967223
TCA,S,0.295,A,0.09420837556827746
TCC,S,-0.512,C,0.13636314968817184
TCG,S,-0.099,G,0.13120530308924605
TCT,S,-0.245,T,0.10120364766889706
AGA,R,1.071,A,0.11198546049848458
AGG,R,0.414,G,0.16905445122301338
CGA,R,0.47,A,0.11940600060079697
CGC,R,-0.556,C,0.10150214983408457
CGG,R,-0.883,G,0.13366783612543456
CGT,R,-0.337,T,0.09502290542408098
CTA,L,0.08,A,0.09161622076853992
CTC,L,-0.362,C,0.10548177433093087
CTG,L,-0.471,G,0.10667460951932702
CTT,L,-0.221,T,0.08161794465918408
TTA,L,0.415,A,0.059370567474485554
TTG,L,-0.099,G,0.07122447139485305
CCA,P,0.305,A,0.11292298602771346
CCC,P,-0.007,C,0.1604774413615073
CCG,P,-0.369,G,0.14399247858959735
CCT,P,-0.07,T,0.11945719237637814
CAC,H,-0.1,C,0.14271878934016755
CAT,H,0.1,T,0.14271878934016755
CAA,Q,0.248,A,0.09595356317929453
CAG,Q,-0.248,G,0.09595356317929453
GTA,V,0.415,A,0.08134401145388177
GTC,V,-0.422,C,0.09305916769263367
GTG,V,0.129,G,0.08216078534499868
GTT,V,-0.184,T,0.07609614132044969
GCA,A,0.784,A,0.0776157369195629
GCC,A,-0.542,C,0.08961089333011305
GCG,A,-0.406,G,0.10064131661211899
GCT,A,-0.108,T,0.07710565982165893
GAC,D,-0.243,C,0.09167616720797284
GAT,D,0.243,T,0.09167616720797284
GAA,E,0.225,A,0.07671791207525035
GAG,E,-0.225,G,0.07671791207525035
GGA,G,0.879,A,0.09677265637106461
GGC,G,-0.404,C,0.09605487818532457
GGG,G,-0.283,G,0.11199506584172536
GGT,G,-0.194,T,0.08809255051755939
TTC,F,-0.875,C,0.10082517963522172
TTT,F,0.875,T,0.10082517963522174
TAC,Y,-0.351,C,0.10411496186676493
TAT,Y,0.351,T,0.10411496186676492
TGC,C,-0.112,C,0.26954599210518615
TGT,C,0.112,T,0.26954599210518615
