codon,amino_acid,Sulfurivermis,third_nucl,standard_error
ATA,I,1.111,A,0.16391833886731275
ATC,I,-0.96,C,0.0879901219828727
ATT,I,0.774,T,0.0988378136164197
ACA,T,1.199,A,0.14176711976461065
ACC,T,-0.603,C,0.06891846223610454
ACG,T,-0.072,G,0.08021167571866641
ACT,T,0.99,T,0.1345344954667855
AAC,N,-0.318,C,0.09410393852088379
AAT,N,0.318,T,0.09410393852088379
AAA,K,1.514,A,0.10000093772222937
AAG,K,-1.514,G,0.10000093772222939
AGC,S,-0.144,C,0.06981908113552125
AGT,S,0.413,T,0.11769404341797879
TCA,S,0.731,A,0.16358913337258515
TCC,S,-0.01,C,0.07514928099451396
TCG,S,-0.616,G,0.09404875385552927
TCT,S,1.275,T,0.20823373853319752
AGA,R,2.721,A,0.28976166343108756
AGG,R,0.569,G,0.15996998017897643
CGA,R,1.038,A,0.151906291472343
CGC,R,-0.513,C,0.05850726904289186
CGG,R,-0.431,G,0.08492632847475794
CGT,R,0.333,T,0.0754979231858548
CTA,L,1.094,A,0.18680094939769676
CTC,L,0.223,C,0.05536213348944512
CTG,L,-0.652,G,0.04641785257397109
CTT,L,0.982,T,0.11683927472926393
TTA,L,1.163,A,0.2482793723048129
TTG,L,0.434,G,0.07087621896084752
CCA,P,0.728,A,0.1465027706323948
CCC,P,0.427,C,0.07166569430132048
CCG,P,-0.803,G,0.07056394886181014
CCT,P,0.91,T,0.14952547591297818
CAC,H,-0.234,C,0.09962597135664586
CAT,H,0.234,T,0.09962597135664586
CAA,Q,1.355,A,0.10104119270727321
CAG,Q,-1.355,G,0.10104119270727323
GTA,V,0.804,A,0.10007858145324532
GTC,V,0.317,C,0.06282545096225128
GTG,V,-0.921,G,0.059781325792213465
GTT,V,1.181,T,0.1137414642269135
GCA,A,0.893,A,0.07662189988928064
GCC,A,-0.248,C,0.04903950087030413
GCG,A,-0.441,G,0.05650589735401781
GCT,A,0.866,T,0.10229002239516513
GAC,D,-0.04,C,0.07120587130651115
GAT,D,0.04,T,0.07120587130651115
GAA,E,1.156,A,0.06978363314018293
GAG,E,-1.156,G,0.06978363314018293
GGA,G,0.831,A,0.11298635094787322
GGC,G,-0.54,C,0.06537909267667774
GGG,G,0.003,G,0.10201742066557674
GGT,G,0.395,T,0.07904541364040753
TTC,F,-0.825,C,0.10077085658715584
TTT,F,0.825,T,0.10077085658715584
TAC,Y,-0.037,C,0.10482842930141302
TAT,Y,0.037,T,0.104828429301413
TGC,C,-0.418,C,0.17773755799618837
TGT,C,0.418,T,0.17773755799618837
