codon,amino_acid,Sulfuriflexus,third_nucl,standard_error
ATA,I,0.746,A,0.08175854820494742
ATC,I,-0.648,C,0.05997389805848724
ATT,I,0.225,T,0.06071769079737221
ACA,T,0.805,A,0.07769584637649882
ACC,T,-0.704,C,0.06737448754326292
ACG,T,-0.456,G,0.08725717565489813
ACT,T,0.64,T,0.09487829110813616
AAC,N,-0.127,C,0.07686379581019542
AAT,N,0.127,T,0.07686379581019542
AAA,K,0.84,A,0.06930780918647363
AAG,K,-0.84,G,0.06930780918647363
AGC,S,-0.093,C,0.07030432618550427
AGT,S,0.049,T,0.07409051038903157
TCA,S,0.29,A,0.08330681954166762
TCC,S,-0.081,C,0.09031538514903108
TCG,S,-0.543,G,0.09331581978599242
TCT,S,0.423,T,0.1034435118078936
AGA,R,1.365,A,0.13545062536279814
AGG,R,0.17,G,0.1329453243915086
CGA,R,0.745,A,0.11618821355586002
CGC,R,-0.326,C,0.069534854309913
CGG,R,-0.553,G,0.11554735006324483
CGT,R,-0.229,T,0.07015317194356466
CTA,L,0.612,A,0.10656692597146647
CTC,L,-0.022,C,0.06412366327143686
CTG,L,-0.683,G,0.050114265451610976
CTT,L,0.221,T,0.07499650329835245
TTA,L,0.801,A,0.07568910014669974
TTG,L,0.16,G,0.06841850328507135
CCA,P,0.461,A,0.09422210075257711
CCC,P,0.003,C,0.08820143549300227
CCG,P,-0.722,G,0.08145585677811709
CCT,P,0.608,T,0.10182995639474525
CAC,H,-0.033,C,0.1027717049479801
CAT,H,0.033,T,0.1027717049479801
CAA,Q,0.793,A,0.08139530048781628
CAG,Q,-0.793,G,0.08139530048781628
GTA,V,0.49,A,0.08133307518475746
GTC,V,-0.424,C,0.06871848160479896
GTG,V,-0.192,G,0.06760843744513052
GTT,V,0.338,T,0.07501490847500704
GCA,A,0.73,A,0.06704189906843673
GCC,A,-0.533,C,0.056236162086540906
GCG,A,-0.265,G,0.07224515706470384
GCT,A,0.411,T,0.08307431040744706
GAC,D,0.027,C,0.07063202104863062
GAT,D,-0.027,T,0.07063202104863062
GAA,E,0.922,A,0.07302859805406245
GAG,E,-0.922,G,0.07302859805406245
GGA,G,0.769,A,0.10936209397112287
GGC,G,-0.136,C,0.06950122099674827
GGG,G,-0.041,G,0.10319758435894076
GGT,G,-0.151,T,0.07039486562909313
TTC,F,-0.195,C,0.08286962948548965
TTT,F,0.195,T,0.08286962948548965
TAC,Y,0.018,C,0.09804653036035836
TAT,Y,-0.018,T,0.09804653036035836
TGC,C,-0.098,C,0.16068602219891465
TGT,C,0.098,T,0.16068602219891465
