codon,amino_acid,Sulfurifustis,third_nucl,standard_error
ATA,I,1.012,A,0.1584495767900604
ATC,I,-0.762,C,0.08892149863095372
ATT,I,0.557,T,0.10234883928355618
ACA,T,1.309,A,0.16159064290531283
ACC,T,0.038,C,0.06068622148403511
ACG,T,-0.42,G,0.06104581728130693
ACT,T,0.831,T,0.16330893433343652
AAC,N,-0.38,C,0.12040568098015879
AAT,N,0.38,T,0.12040568098015879
AAA,K,1.342,A,0.09758592539858996
AAG,K,-1.342,G,0.09758592539858996
AGC,S,0.038,C,0.06493050825039025
AGT,S,0.728,T,0.15393214307400155
TCA,S,1.0,A,0.19594044823676085
TCC,S,0.235,C,0.0731720115103808
TCG,S,-0.652,G,0.06677193235333917
TCT,S,0.881,T,0.1885263589776848
AGA,R,1.786,A,0.170745610667247
AGG,R,0.676,G,0.10740664846592718
CGA,R,0.908,A,0.09032226945551175
CGC,R,-0.481,C,0.046877146337272156
CGG,R,-0.451,G,0.054818566918239685
CGT,R,0.568,T,0.08132336553841037
CTA,L,1.27,A,0.2231252561135019
CTC,L,-0.341,C,0.04278713399651773
CTG,L,-0.169,G,0.043416255684133355
CTT,L,0.594,T,0.08482468851488593
TTA,L,1.011,A,0.2619797463104355
TTG,L,0.95,G,0.08743223172616378
CCA,P,1.105,A,0.1680647683065123
CCC,P,0.169,C,0.06381060122734211
CCG,P,-0.514,G,0.06092683964504609
CCT,P,0.764,T,0.1266807468678953
CAC,H,-0.207,C,0.10797189457060902
CAT,H,0.207,T,0.107971894570609
CAA,Q,1.329,A,0.12861535016904688
CAG,Q,-1.329,G,0.12861535016904688
GTA,V,0.77,A,0.11930310151415953
GTC,V,-0.157,C,0.04968947220354368
GTG,V,-0.154,G,0.049518568459271474
GTT,V,0.622,T,0.09778451593855707
GCA,A,1.138,A,0.08352463020234886
GCC,A,-0.055,C,0.04264149140203773
GCG,A,-0.445,G,0.042339997280363695
GCT,A,0.813,T,0.09579853638728325
GAC,D,-0.182,C,0.07340725627487706
GAT,D,0.182,T,0.07340725627487707
GAA,E,1.04,A,0.06686262220114703
GAG,E,-1.04,G,0.06686262220114703
GGA,G,0.493,A,0.08436670224957127
GGC,G,-0.397,C,0.05547182106567217
GGG,G,-0.105,G,0.06840324081589845
GGT,G,0.6,T,0.08421675665664215
TTC,F,-0.694,C,0.10126597185675405
TTT,F,0.694,T,0.10126597185675407
TAC,Y,-0.096,C,0.11594513996841924
TAT,Y,0.096,T,0.11594513996841924
TGC,C,-0.716,C,0.2152708799949425
TGT,C,0.716,T,0.2152708799949425
