codon,amino_acid,Sulfuritalea,third_nucl,standard_error
ATA,I,0.774,A,0.13883375069037593
ATC,I,-0.534,C,0.06899419475390896
ATT,I,0.377,T,0.07394606437253523
ACA,T,1.102,A,0.12216227851177763
ACC,T,-0.162,C,0.06183873691621991
ACG,T,-0.583,G,0.06936330431960254
ACT,T,0.984,T,0.12474820876051686
AAC,N,-0.209,C,0.08576642448057774
AAT,N,0.209,T,0.08576642448057774
AAA,K,1.379,A,0.08066426355256485
AAG,K,-1.379,G,0.08066426355256485
AGC,S,-0.023,C,0.06431526400414511
AGT,S,0.534,T,0.11988904053480416
TCA,S,0.655,A,0.13595462414174497
TCC,S,0.336,C,0.07053972277439959
TCG,S,-0.893,G,0.07080647012145391
TCT,S,0.96,T,0.1663694639773042
AGA,R,1.61,A,0.18936358004645534
AGG,R,0.221,G,0.12049121180478096
CGA,R,0.853,A,0.1168034549607011
CGC,R,-0.429,C,0.05596982207118704
CGG,R,-0.404,G,0.07765613246156026
CGT,R,0.429,T,0.08503898096289102
CTA,L,0.914,A,0.17635634876506315
CTC,L,0.228,C,0.05082638268697117
CTG,L,-0.755,G,0.04403217505241402
CTT,L,0.958,T,0.0792678074201809
TTA,L,1.374,A,0.2980749869382028
TTG,L,0.369,G,0.06784344996077607
CCA,P,0.862,A,0.12404223819846893
CCC,P,0.487,C,0.06751405332610398
CCG,P,-0.926,G,0.06518536050589624
CCT,P,0.75,T,0.11974200636808927
CAC,H,0.257,C,0.09675788331042043
CAT,H,-0.257,T,0.09675788331042043
CAA,Q,1.012,A,0.08880671461018716
CAG,Q,-1.012,G,0.08880671461018716
GTA,V,0.447,A,0.10145673382324809
GTC,V,-0.093,C,0.05560090426417805
GTG,V,-0.517,G,0.056874906473185674
GTT,V,1.023,T,0.08614957231258936
GCA,A,0.875,A,0.06847650006598902
GCC,A,-0.097,C,0.0437766512913252
GCG,A,-0.625,G,0.048769329069054554
GCT,A,0.856,T,0.0845781639448118
GAC,D,-0.23,C,0.06714608540129181
GAT,D,0.23,T,0.06714608540129181
GAA,E,0.857,A,0.06946410096775193
GAG,E,-0.857,G,0.06946410096775193
GGA,G,0.819,A,0.09324955922591689
GGC,G,-0.542,C,0.062098052961317846
GGG,G,-0.072,G,0.09630926387037017
GGT,G,0.425,T,0.08696373326951427
TTC,F,-0.611,C,0.08614419040433711
TTT,F,0.611,T,0.08614419040433711
TAC,Y,0.094,C,0.10901799333801435
TAT,Y,-0.094,T,0.10901799333801436
TGC,C,-0.815,C,0.20498457169551573
TGT,C,0.815,T,0.2049845716955157
