codon,amino_acid,Sulfuricurvum,third_nucl,standard_error
ATA,I,0.591,A,0.07704734905840828
ATC,I,-0.609,C,0.05684645257527949
ATT,I,0.289,T,0.058149816282848196
ACA,T,0.519,A,0.08163313441494853
ACC,T,-0.235,C,0.07388647006251271
ACG,T,-0.624,G,0.0835778117940557
ACT,T,0.472,T,0.09419484701585491
AAC,N,-0.351,C,0.07827854883501198
AAT,N,0.351,T,0.07827854883501198
AAA,K,0.092,A,0.08403881833602159
AAG,K,-0.092,G,0.08403881833602159
AGC,S,-0.392,C,0.07949482339928747
AGT,S,0.22,T,0.08162503773891644
TCA,S,0.375,A,0.08366430642539438
TCC,S,-0.063,C,0.08932226236744438
TCG,S,-0.494,G,0.08683999209589811
TCT,S,0.345,T,0.08333951373873129
AGA,R,1.075,A,0.1194887491461448
AGG,R,-0.16,G,0.22603831064805704
CGA,R,0.424,A,0.11007901508616993
CGC,R,-0.455,C,0.09261037373118719
CGG,R,-0.406,G,0.1240177541330988
CGT,R,-0.247,T,0.08472508882542808
CTA,L,0.54,A,0.09926115742902042
CTC,L,-0.35,C,0.06207398512890039
CTG,L,-0.488,G,0.07469352084294424
CTT,L,-0.236,T,0.0602433098945484
TTA,L,0.995,A,0.07009862890401923
TTG,L,-0.167,G,0.06125425522161399
CCA,P,0.939,A,0.14716560201023463
CCC,P,0.175,C,0.1124642836995697
CCG,P,-0.636,G,0.09928082444337526
CCT,P,0.081,T,0.1053732666718527
CAC,H,0.066,C,0.11190318635947984
CAT,H,-0.066,T,0.11190318635947984
CAA,Q,0.551,A,0.09874972211007797
CAG,Q,-0.551,G,0.09874972211007797
GTA,V,0.373,A,0.07938831056106904
GTC,V,-0.402,C,0.0742813512526303
GTG,V,0.167,G,0.0869666082349255
GTT,V,-0.04,T,0.07255318188152707
GCA,A,0.461,A,0.06943517033772087
GCC,A,-0.135,C,0.07426267453191757
GCG,A,-0.531,G,0.07671259431213266
GCT,A,0.143,T,0.07755480703419865
GAC,D,-0.005,C,0.08180143733274613
GAT,D,0.005,T,0.08180143733274613
GAA,E,0.645,A,0.07304077501483638
GAG,E,-0.645,G,0.07304077501483638
GGA,G,0.057,A,0.08112212377980715
GGC,G,0.233,C,0.09458889249195444
GGG,G,-0.592,G,0.09675116213733256
GGT,G,0.267,T,0.08786833692977733
TTC,F,-0.396,C,0.08184465332879601
TTT,F,0.396,T,0.08184465332879601
TAC,Y,-0.065,C,0.0926630959639984
TAT,Y,0.065,T,0.09266309596399841
TGC,C,-0.036,C,0.174518670949792
TGT,C,0.036,T,0.174518670949792
