codon,amino_acid,Sulfuricaulis,third_nucl,standard_error
ATA,I,0.783,A,0.12362075784477104
ATC,I,-0.686,C,0.0737891811921715
ATT,I,0.477,T,0.08153034545308027
ACA,T,1.339,A,0.12942271495955174
ACC,T,-0.305,C,0.06867042681810463
ACG,T,-0.438,G,0.07428426575802159
ACT,T,0.68,T,0.13689495615488176
AAC,N,-0.417,C,0.09446906780191146
AAT,N,0.417,T,0.09446906780191146
AAA,K,1.259,A,0.07484332192731251
AAG,K,-1.259,G,0.07484332192731251
AGC,S,-0.217,C,0.07529848800748136
AGT,S,0.448,T,0.1359518464463241
TCA,S,0.789,A,0.13014571279167617
TCC,S,0.144,C,0.07960976249550182
TCG,S,-0.676,G,0.0844528755992253
TCT,S,0.907,T,0.17607499578632269
AGA,R,2.068,A,0.2162514030463118
AGG,R,0.582,G,0.14431736852111868
CGA,R,1.339,A,0.14935387544444242
CGC,R,-0.719,C,0.06317491983172968
CGG,R,-0.168,G,0.08261574053159491
CGT,R,0.213,T,0.08822025171154066
CTA,L,0.714,A,0.2270172881843341
CTC,L,-0.002,C,0.0606412474526714
CTG,L,-0.576,G,0.05161343049565817
CTT,L,0.739,T,0.10262325033514029
TTA,L,1.617,A,0.1983420647834206
TTG,L,0.394,G,0.07686573823843687
CCA,P,0.878,A,0.1389474811074085
CCC,P,0.526,C,0.08068506360559548
CCG,P,-0.955,G,0.07592456792116459
CCT,P,0.716,T,0.13884221647950737
CAC,H,-0.302,C,0.10712111737782638
CAT,H,0.302,T,0.1071211173778264
CAA,Q,1.252,A,0.10378931217943414
CAG,Q,-1.252,G,0.10378931217943414
GTA,V,0.803,A,0.11643732359541598
GTC,V,0.056,C,0.06548933277528277
GTG,V,-0.695,G,0.06339191858332965
GTT,V,0.898,T,0.09703681875408597
GCA,A,1.176,A,0.0914970078665053
GCC,A,-0.211,C,0.05473471646035334
GCG,A,-0.529,G,0.05805554096500034
GCT,A,0.901,T,0.11165341426852345
GAC,D,-0.206,C,0.0800617067615833
GAT,D,0.206,T,0.08006170676158332
GAA,E,1.011,A,0.07996483962464951
GAG,E,-1.011,G,0.07996483962464951
GGA,G,0.875,A,0.10024051972880123
GGC,G,-0.547,C,0.07056268942696363
GGG,G,-0.099,G,0.10325383645765053
GGT,G,0.297,T,0.0927749007292467
TTC,F,-0.671,C,0.09108035361967935
TTT,F,0.671,T,0.09108035361967935
TAC,Y,-0.085,C,0.11164454175877417
TAT,Y,0.085,T,0.11164454175877417
TGC,C,-0.59,C,0.2049450514512006
TGT,C,0.59,T,0.2049450514512006
