codon,amino_acid,Sulfuritortus,third_nucl,standard_error
ATA,I,0.603,A,0.264945119813764
ATC,I,-0.963,C,0.1081052245493579
ATT,I,0.984,T,0.1159411462758175
ACA,T,0.846,A,0.17139223871762274
ACC,T,-0.419,C,0.07977077659711895
ACG,T,-0.124,G,0.09481096376036467
ACT,T,1.007,T,0.15956937519152092
AAC,N,-0.412,C,0.11643031405628412
AAT,N,0.412,T,0.11643031405628412
AAA,K,1.443,A,0.09220812450811777
AAG,K,-1.443,G,0.09220812450811777
AGC,S,-0.091,C,0.07467480694389202
AGT,S,0.844,T,0.18143255593613214
TCA,S,0.869,A,0.2195856943136078
TCC,S,0.184,C,0.08514091469908627
TCG,S,-0.73,G,0.09111622139921671
TCT,S,0.978,T,0.20676193013792116
AGA,R,1.902,A,0.29170481782093444
AGG,R,0.656,G,0.1655741603352313
CGA,R,1.297,A,0.1618499620263836
CGC,R,-0.327,C,0.06340162438512251
CGG,R,-0.697,G,0.08132405531538789
CGT,R,0.736,T,0.10321789934088679
CTA,L,0.492,A,0.18806543967365422
CTC,L,0.227,C,0.05577550480784129
CTG,L,-0.653,G,0.04916385463067034
CTT,L,1.109,T,0.1190340199971801
TTA,L,0.827,A,0.25156506114593297
TTG,L,0.437,G,0.07684013358963468
CCA,P,0.716,A,0.16255048243816975
CCC,P,0.456,C,0.07539367969648028
CCG,P,-0.856,G,0.07511710025706848
CCT,P,0.793,T,0.1364607880716133
CAC,H,-0.234,C,0.11324332934920857
CAT,H,0.234,T,0.11324332934920857
CAA,Q,1.239,A,0.10313483145378455
CAG,Q,-1.239,G,0.10313483145378455
GTA,V,1.115,A,0.18443698673027278
GTC,V,0.196,C,0.06511973480431359
GTG,V,-0.657,G,0.06594011029180731
GTT,V,1.074,T,0.12774905727373673
GCA,A,1.11,A,0.10230440158351697
GCC,A,-0.29,C,0.05182565922937728
GCG,A,-0.368,G,0.06013499107389691
GCT,A,1.049,T,0.11054577454049508
GAC,D,-0.407,C,0.08199493045072934
GAT,D,0.407,T,0.08199493045072934
GAA,E,1.488,A,0.0768182758303609
GAG,E,-1.488,G,0.0768182758303609
GGA,G,1.354,A,0.18387416017954572
GGC,G,-0.764,C,0.07801282622492106
GGG,G,0.163,G,0.11811093481587283
GGT,G,0.728,T,0.10102210775183086
TTC,F,-0.712,C,0.12010433012341534
TTT,F,0.712,T,0.12010433012341534
TAC,Y,0.078,C,0.11731189645344607
TAT,Y,-0.078,T,0.11731189645344606
TGC,C,-0.888,C,0.24457371621967106
TGT,C,0.888,T,0.24457371621967106
