codon,amino_acid,Sulfuriroseicoccus,third_nucl,standard_error
ATA,I,0.932,A,0.20464059385872718
ATC,I,-0.539,C,0.07325839849546452
ATT,I,0.423,T,0.07526461954745503
ACA,T,0.724,A,0.09522039374926707
ACC,T,-0.37,C,0.06692433792195114
ACG,T,-0.312,G,0.08391774665637831
ACT,T,0.43,T,0.10596512194548836
AAC,N,-0.286,C,0.0961408828871365
AAT,N,0.286,T,0.0961408828871365
AAA,K,1.154,A,0.07570120242052332
AAG,K,-1.154,G,0.07570120242052332
AGC,S,-0.488,C,0.07358552015459562
AGT,S,0.001,T,0.10329496520725182
TCA,S,0.939,A,0.10599998771837163
TCC,S,0.487,C,0.07248541343087589
TCG,S,-0.987,G,0.07449033072130551
TCT,S,0.976,T,0.12454019731794172
AGA,R,1.455,A,0.16279900608167916
AGG,R,0.245,G,0.16071253626883894
CGA,R,1.299,A,0.10969796461144318
CGC,R,-0.598,C,0.069611252591845
CGG,R,-0.662,G,0.10687961164649228
CGT,R,-0.136,T,0.08730279673032498
CTA,L,0.673,A,0.13360624064481158
CTC,L,0.019,C,0.05456807809116362
CTG,L,-0.459,G,0.06210772695020791
CTT,L,0.662,T,0.07911264797164308
TTA,L,0.975,A,0.15900667727164672
TTG,L,-0.331,G,0.06266184182089447
CCA,P,0.369,A,0.07933059431828485
CCC,P,0.57,C,0.08731295198706894
CCG,P,-0.961,G,0.07787091870003308
CCT,P,0.237,T,0.09743986456545468
CAC,H,-0.156,C,0.12126040147784793
CAT,H,0.156,T,0.12126040147784792
CAA,Q,0.843,A,0.09382764497480481
CAG,Q,-0.843,G,0.09382764497480481
GTA,V,0.923,A,0.11506640634612587
GTC,V,-0.129,C,0.07038399387616238
GTG,V,-0.694,G,0.0669703896740204
GTT,V,0.795,T,0.0839777144416735
GCA,A,0.704,A,0.06730977905993275
GCC,A,-0.126,C,0.05764879011716418
GCG,A,-0.764,G,0.0647067561087438
GCT,A,0.399,T,0.07317345514518288
GAC,D,-0.08,C,0.0732560525528147
GAT,D,0.08,T,0.0732560525528147
GAA,E,0.943,A,0.07633761558197724
GAG,E,-0.943,G,0.07633761558197723
GGA,G,0.776,A,0.08361009618192375
GGC,G,-0.256,C,0.07569948254213656
GGG,G,-0.325,G,0.09525013627320542
GGT,G,-0.217,T,0.09668976664256072
TTC,F,-0.765,C,0.08830054405404712
TTT,F,0.765,T,0.08830054405404712
TAC,Y,-0.163,C,0.12734327577829144
TAT,Y,0.163,T,0.12734327577829144
TGC,C,-0.146,C,0.18405298236638024
TGT,C,0.146,T,0.18405298236638024
