codon,amino_acid,Sulfurimonas,third_nucl,standard_error
ATA,I,0.262,A,0.05195166792546562
ATC,I,-0.454,C,0.07020657676380807
ATT,I,-0.015,T,0.0530639472327422
ACA,T,0.387,A,0.07215964003147653
ACC,T,-0.017,C,0.15649255338661025
ACG,T,0.13,G,0.14847560003296342
ACT,T,-0.428,T,0.07340808164975067
AAC,N,-0.167,C,0.07292934254935107
AAT,N,0.167,T,0.07292934254935107
AAA,K,0.403,A,0.06675046720342673
AAG,K,-0.403,G,0.06675046720342673
AGC,S,0.137,C,0.09929721788357468
AGT,S,0.175,T,0.06839401132622933
TCA,S,0.076,A,0.06911760011870414
TCC,S,0.032,C,0.17053752476651673
TCG,S,0.284,G,0.16400395115134164
TCT,S,-0.412,T,0.07310206195872351
AGA,R,0.295,A,0.09506067562818964
AGG,R,-0.348,G,0.22367940140525783
CGA,R,0.299,A,0.20202635973892652
CGC,R,-0.184,C,0.19582803909941576
CGG,R,0.13,G,0.6340517375174693
CGT,R,-0.385,T,0.11740315472067737
CTA,L,0.093,A,0.0639826294722667
CTC,L,-0.138,C,0.10605682282797069
CTG,L,-0.335,G,0.1101242311756643
CTT,L,-0.801,T,0.057287888090007934
TTA,L,0.515,A,0.05154585469291831
TTG,L,0.461,G,0.08515889459501882
CCA,P,0.258,A,0.1104477376468293
CCC,P,1.027,C,0.30874844806564494
CCG,P,-0.097,G,0.19150768392412754
CCT,P,-0.385,T,0.11439485964814534
CAC,H,0.106,C,0.13405634579215342
CAT,H,-0.106,T,0.13405634579215342
CAA,Q,0.326,A,0.11517964610739406
CAG,Q,-0.326,G,0.11517964610739406
GTA,V,0.19,A,0.06930902949764038
GTC,V,0.052,C,0.12997254419893312
GTG,V,0.825,G,0.1129994584419836
GTT,V,-0.527,T,0.0696414336195959
GCA,A,0.394,A,0.07113497121160438
GCC,A,-0.026,C,0.1289809965158789
GCG,A,0.191,G,0.13579596268614638
GCT,A,-0.451,T,0.07275226254578551
GAC,D,0.089,C,0.08651147378958102
GAT,D,-0.089,T,0.08651147378958102
GAA,E,0.666,A,0.07316855844889644
GAG,E,-0.666,G,0.07316855844889644
GGA,G,0.03,A,0.08686345168408866
GGC,G,0.243,C,0.1129809173854555
GGG,G,0.33,G,0.15502467673800452
GGT,G,-0.238,T,0.08162429207300984
TTC,F,-0.116,C,0.10215858586979777
TTT,F,0.116,T,0.10215858586979776
TAC,Y,-0.004,C,0.09444820230467667
TAT,Y,0.004,T,0.09444820230467667
TGC,C,0.219,C,0.22030923652629705
TGT,C,-0.219,T,0.22030923652629705
