codon,amino_acid,Sulfurovum,third_nucl,standard_error
ATA,I,0.647,A,0.07138058531441319
ATC,I,-0.728,C,0.06462099717195222
ATT,I,0.225,T,0.07108914660460611
ACA,T,0.61,A,0.08181672788979547
ACC,T,-0.471,C,0.09145032048296674
ACG,T,-0.539,G,0.11581165318772775
ACT,T,0.06,T,0.10734781572027897
AAC,N,-0.183,C,0.08820974236879497
AAT,N,0.183,T,0.08820974236879497
AAA,K,0.615,A,0.0697833087826047
AAG,K,-0.615,G,0.0697833087826047
AGC,S,-0.028,C,0.10326614969573193
AGT,S,0.352,T,0.09448561854047029
TCA,S,0.514,A,0.10396575906273098
TCC,S,-0.61,C,0.10730738980350694
TCG,S,-0.296,G,0.13175490190586883
TCT,S,-0.147,T,0.1064146189466626
AGA,R,0.973,A,0.09596556590177216
AGG,R,-0.74,G,0.1606959839901725
CGA,R,0.546,A,0.17234962037802593
CGC,R,-0.71,C,0.16488562573594479
CGG,R,-0.466,G,0.18044333507244809
CGT,R,-0.718,T,0.11981277682241528
CTA,L,1.008,A,0.1412086677082525
CTC,L,-0.536,C,0.0756207938640164
CTG,L,-0.678,G,0.06693511911397323
CTT,L,-0.384,T,0.06697116890072233
TTA,L,1.553,A,0.1081768472785017
TTG,L,0.583,G,0.08244603255237021
CCA,P,0.841,A,0.13457937068348264
CCC,P,-0.102,C,0.12931387269245415
CCG,P,-0.303,G,0.12568699681158696
CCT,P,-0.319,T,0.12274392591753622
CAC,H,-0.32,C,0.13712621693523766
CAT,H,0.32,T,0.13712621693523766
CAA,Q,1.024,A,0.1149841759023551
CAG,Q,-1.024,G,0.11498417590235509
GTA,V,0.51,A,0.07954279067325089
GTC,V,-0.586,C,0.08859187632460781
GTG,V,-0.083,G,0.08942857625717261
GTT,V,0.057,T,0.09313886979138117
GCA,A,0.494,A,0.07683970730206141
GCC,A,-0.459,C,0.08964272409586879
GCG,A,-0.511,G,0.106034096904799
GCT,A,0.222,T,0.09686061477086189
GAC,D,-0.158,C,0.09119385397522442
GAT,D,0.158,T,0.09119385397522443
GAA,E,0.701,A,0.07812131476470639
GAG,E,-0.701,G,0.07812131476470638
GGA,G,0.574,A,0.09217889458159653
GGC,G,-0.16,C,0.10996677345240115
GGG,G,-0.588,G,0.13348503569787867
GGT,G,-0.142,T,0.0916926494902872
TTC,F,-0.621,C,0.08507952853239577
TTT,F,0.621,T,0.08507952853239577
TAC,Y,-0.258,C,0.10303531897435092
TAT,Y,0.258,T,0.10303531897435092
TGC,C,0.033,C,0.2086155604442615
TGT,C,-0.033,T,0.2086155604442615
