codon,amino_acid,Sutcliffiella,third_nucl,standard_error
ATA,I,0.346,A,0.04684251603293927
ATC,I,-0.184,C,0.056778249041272384
ATT,I,-0.186,T,0.042566073385662574
ACA,T,0.232,A,0.05436743473945032
ACC,T,-0.17,C,0.09906176625588621
ACG,T,-0.191,G,0.06540647281095405
ACT,T,-0.062,T,0.06129709819789235
AAC,N,-0.238,C,0.05832062469707089
AAT,N,0.238,T,0.05832062469707089
AAA,K,0.122,A,0.05091554661465397
AAG,K,-0.122,G,0.05091554661465396
AGC,S,0.036,C,0.08658344299390465
AGT,S,0.334,T,0.058344654306141656
TCA,S,0.199,A,0.06224467357381014
TCC,S,-0.328,C,0.09165455695618584
TCG,S,-0.347,G,0.09461969113919258
TCT,S,-0.291,T,0.06294779197561347
AGA,R,0.475,A,0.06476911503643523
AGG,R,-0.033,G,0.10359846796282624
CGA,R,-0.185,A,0.0818758195307494
CGC,R,-0.087,C,0.12219105352454711
CGG,R,-0.131,G,0.149414841686466
CGT,R,-0.387,T,0.0735098156068855
CTA,L,-0.164,A,0.055165159391050336
CTC,L,-0.322,C,0.10136334514574907
CTG,L,-0.191,G,0.10986895240822472
CTT,L,-0.413,T,0.05504786279634895
TTA,L,-0.034,A,0.0389817166910802
TTG,L,0.847,G,0.05962686978372638
CCA,P,0.103,A,0.07764572342690548
CCC,P,0.368,C,0.18681658122661488
CCG,P,-0.139,G,0.10226214737941174
CCT,P,-0.094,T,0.08261655624316891
CAC,H,-0.035,C,0.1064153082278569
CAT,H,0.035,T,0.10641530822785691
CAA,Q,0.186,A,0.08692327125927958
CAG,Q,-0.186,G,0.08692327125927958
GTA,V,-0.011,A,0.048300517374095055
GTC,V,-0.181,C,0.08319229937292877
GTG,V,0.51,G,0.06328402601042334
GTT,V,-0.238,T,0.049050807228565065
GCA,A,0.214,A,0.056804409464153896
GCC,A,0.008,C,0.0982357736669331
GCG,A,-0.289,G,0.07766585072962887
GCT,A,-0.065,T,0.060702835485174016
GAC,D,-0.16,C,0.07115289601204115
GAT,D,0.16,T,0.07115289601204115
GAA,E,0.102,A,0.058770226247674535
GAG,E,-0.102,G,0.058770226247674535
GGA,G,-0.002,A,0.058105180413659446
GGC,G,-0.228,C,0.08686773272485303
GGG,G,0.028,G,0.07801791775051993
GGT,G,0.092,T,0.058113552719773164
TTC,F,-0.384,C,0.07117753360118527
TTT,F,0.384,T,0.07117753360118527
TAC,Y,-0.112,C,0.07550154635674693
TAT,Y,0.112,T,0.07550154635674691
TGC,C,-0.012,C,0.17617986547861164
TGT,C,0.012,T,0.17617986547861164
