codon,amino_acid,Sutterella,third_nucl,standard_error
ATA,I,0.325,A,0.17735918446817112
ATC,I,-0.09,C,0.07428282855697942
ATT,I,0.032,T,0.07426246107420871
ACA,T,0.182,A,0.09982313020891717
ACC,T,0.047,C,0.07722852601474581
ACG,T,-0.634,G,0.07558537283057618
ACT,T,0.748,T,0.09750208928843589
AAC,N,0.052,C,0.09773059204409838
AAT,N,-0.052,T,0.09773059204409838
AAA,K,0.391,A,0.07748622286715104
AAG,K,-0.391,G,0.07748622286715103
AGC,S,-0.057,C,0.08644565882303867
AGT,S,-0.099,T,0.12404433845245734
TCA,S,-0.063,A,0.10448125278520701
TCC,S,0.275,C,0.08373755031636268
TCG,S,-0.565,G,0.08750193362016875
TCT,S,0.458,T,0.0937013336258535
AGA,R,0.816,A,0.16014691231881925
AGG,R,0.278,G,0.21677394097154062
CGA,R,0.299,A,0.11385434962207097
CGC,R,0.078,C,0.0718374520193409
CGG,R,-0.597,G,0.12317910342329036
CGT,R,-0.272,T,0.08664250169079747
CTA,L,0.293,A,0.17095341726239097
CTC,L,-0.17,C,0.05924902450045312
CTG,L,-0.396,G,0.06656586549970754
CTT,L,0.309,T,0.062470740247699795
TTA,L,0.348,A,0.13955901729248202
TTG,L,0.231,G,0.08725610621723047
CCA,P,0.62,A,0.1355369392069222
CCC,P,0.118,C,0.08961961562604355
CCG,P,-0.636,G,0.08394256252377455
CCT,P,0.397,T,0.09748394870648104
CAC,H,-0.185,C,0.13063276756721787
CAT,H,0.185,T,0.13063276756721787
CAA,Q,0.758,A,0.10552328147304059
CAG,Q,-0.758,G,0.10552328147304059
GTA,V,0.342,A,0.1205061635693431
GTC,V,0.039,C,0.0771355865418535
GTG,V,-0.564,G,0.08006235698165826
GTT,V,0.393,T,0.07939851950005657
GCA,A,0.126,A,0.07069380734892608
GCC,A,0.067,C,0.05945507275280864
GCG,A,-0.366,G,0.07071145640124828
GCT,A,0.13,T,0.06477537066941183
GAC,D,0.044,C,0.0851634231765807
GAT,D,-0.044,T,0.0851634231765807
GAA,E,0.386,A,0.08766166436261183
GAG,E,-0.386,G,0.08766166436261182
GGA,G,0.368,A,0.10994671920486347
GGC,G,-0.059,C,0.0819346963000178
GGG,G,-0.383,G,0.14207565588003668
GGT,G,0.0,T,0.10064617129292017
TTC,F,0.079,C,0.08601347166018317
TTT,F,-0.079,T,0.08601347166018317
TAC,Y,0.287,C,0.12849540635241205
TAT,Y,-0.287,T,0.12849540635241205
TGC,C,-0.186,C,0.2022409526342079
TGT,C,0.186,T,0.2022409526342079
