codon,amino_acid,Swingsia,third_nucl,standard_error
ATA,I,0.392,A,0.1002333940958964
ATC,I,0.04,C,0.08772866828341283
ATT,I,-0.263,T,0.07658574092313475
ACA,T,-0.134,A,0.08006123982577164
ACC,T,0.239,C,0.09946777600726572
ACG,T,-0.299,G,0.09709583683135749
ACT,T,0.272,T,0.09908084044490383
AAC,N,-0.09,C,0.1018604113688896
AAT,N,0.09,T,0.1018604113688896
AAA,K,-0.01,A,0.09276113677783224
AAG,K,0.01,G,0.09276113677783224
AGC,S,-0.044,C,0.10134270265245274
AGT,S,-0.235,T,0.10087048536456315
TCA,S,0.104,A,0.09290860858209854
TCC,S,0.18,C,0.10152624461223128
TCG,S,-0.211,G,0.12113316938247892
TCT,S,0.062,T,0.0740067158420214
AGA,R,0.202,A,0.12742290634898965
AGG,R,0.03,G,0.18841772930779088
CGA,R,-0.079,A,0.12623347767162393
CGC,R,0.211,C,0.09177828446702563
CGG,R,-0.223,G,0.12150552060887229
CGT,R,-0.118,T,0.0805692697329446
CTA,L,0.33,A,0.11484126149025074
CTC,L,0.157,C,0.08919069747038538
CTG,L,-0.006,G,0.09760037595509516
CTT,L,0.072,T,0.06705432869831339
TTA,L,-0.105,A,0.06923096301473705
TTG,L,-0.246,G,0.07991481584775194
CCA,P,-0.185,A,0.09463316788519467
CCC,P,0.221,C,0.11383974515351387
CCG,P,-0.076,G,0.11490376967071589
CCT,P,0.069,T,0.08604553118942822
CAC,H,0.269,C,0.13017936324177257
CAT,H,-0.269,T,0.13017936324177257
CAA,Q,-0.043,A,0.10359053960123296
CAG,Q,0.043,G,0.10359053960123295
GTA,V,-0.047,A,0.1057977154924384
GTC,V,-0.111,C,0.10717266995305319
GTG,V,0.464,G,0.08998515677544287
GTT,V,-0.26,T,0.0774412062482067
GCA,A,-0.051,A,0.0759398501187217
GCC,A,0.12,C,0.08891128330159984
GCG,A,-0.4,G,0.09506949602500712
GCT,A,0.204,T,0.07150298106914944
GAC,D,0.168,C,0.09639668310797456
GAT,D,-0.168,T,0.09639668310797456
GAA,E,0.22,A,0.09756235691752509
GAG,E,-0.22,G,0.09756235691752509
GGA,G,0.131,A,0.0942273680505699
GGC,G,0.132,C,0.09540521894569524
GGG,G,-0.398,G,0.10893476335659087
GGT,G,0.053,T,0.09095191849243403
TTC,F,-0.162,C,0.10476679577047382
TTT,F,0.162,T,0.10476679577047382
TAC,Y,-0.04,C,0.15362216893701178
TAT,Y,0.04,T,0.1536221689370118
TGC,C,-0.439,C,0.2379082998268964
TGT,C,0.439,T,0.2379082998268964
