codon,amino_acid,Symmachiella,third_nucl,standard_error
ATA,I,1.015,A,0.11013191407077957
ATC,I,-0.478,C,0.04781053050109331
ATT,I,0.264,T,0.04836863171488958
ACA,T,0.529,A,0.058180252302371234
ACC,T,-0.245,C,0.0477738617366861
ACG,T,-0.422,G,0.04887775527666275
ACT,T,0.554,T,0.06984494956365958
AAC,N,-0.17,C,0.061064393936516866
AAT,N,0.17,T,0.06106439393651687
AAA,K,0.398,A,0.056929610072947036
AAG,K,-0.398,G,0.056929610072947036
AGC,S,-0.376,C,0.055248257096901794
AGT,S,0.117,T,0.06740923098552072
TCA,S,0.433,A,0.06781076537767491
TCC,S,0.117,C,0.053663956032997465
TCG,S,-0.369,G,0.050806784560362986
TCT,S,0.582,T,0.07862663943544648
AGA,R,1.267,A,0.1189791535446413
AGG,R,0.517,G,0.13789591374717827
CGA,R,0.761,A,0.05895265712400009
CGC,R,-0.505,C,0.04662489080198395
CGG,R,-0.658,G,0.054798874788130246
CGT,R,0.281,T,0.05720923409778285
CTA,L,0.277,A,0.07759722279088838
CTC,L,0.121,C,0.0451812606281004
CTG,L,-0.428,G,0.04026791448421408
CTT,L,0.506,T,0.06253488587370991
TTA,L,0.495,A,0.0654366784006413
TTG,L,-0.137,G,0.038380159175651185
CCA,P,0.588,A,0.06792812484186907
CCC,P,-0.099,C,0.05338234531144406
CCG,P,-0.519,G,0.050734793239930936
CCT,P,0.553,T,0.07307204134483516
CAC,H,0.046,C,0.07497440815422801
CAT,H,-0.046,T,0.07497440815422801
CAA,Q,0.362,A,0.05816620662413134
CAG,Q,-0.362,G,0.05816620662413134
GTA,V,0.533,A,0.08609148054473066
GTC,V,-0.507,C,0.0455469124814864
GTG,V,-0.017,G,0.04508390534962554
GTT,V,0.536,T,0.05439361119585289
GCA,A,0.513,A,0.049333268617329236
GCC,A,-0.214,C,0.04122539446451362
GCG,A,-0.377,G,0.043926252911828854
GCT,A,0.307,T,0.051633915511308213
GAC,D,-0.057,C,0.04936429582860428
GAT,D,0.057,T,0.04936429582860428
GAA,E,0.382,A,0.054231083385606345
GAG,E,-0.382,G,0.054231083385606345
GGA,G,0.442,A,0.055439920625083225
GGC,G,-0.292,C,0.05111484010451358
GGG,G,-0.363,G,0.06654442340970294
GGT,G,0.214,T,0.059385711665598855
TTC,F,-0.197,C,0.05729253563216002
TTT,F,0.197,T,0.05729253563216002
TAC,Y,0.128,C,0.0778413204605716
TAT,Y,-0.128,T,0.0778413204605716
TGC,C,-0.354,C,0.10425591163625055
TGT,C,0.354,T,0.10425591163625055
