codon,amino_acid,Syntrophotalea,third_nucl,standard_error
ATA,I,0.862,A,0.09669060199743623
ATC,I,-0.628,C,0.061612796794773675
ATT,I,0.263,T,0.0645395067533116
ACA,T,1.131,A,0.10488415027764722
ACC,T,-0.658,C,0.06743713560761136
ACG,T,-0.151,G,0.08105439857233078
ACT,T,0.508,T,0.10321556447497611
AAC,N,-0.065,C,0.084576065858324
AAT,N,0.065,T,0.08457606585832401
AAA,K,0.626,A,0.06754709401675264
AAG,K,-0.626,G,0.06754709401675264
AGC,S,-0.222,C,0.0770263572858488
AGT,S,0.368,T,0.09800637922075395
TCA,S,0.771,A,0.1260226010720798
TCC,S,-0.402,C,0.07495012250808651
TCG,S,-0.174,G,0.0859795963830656
TCT,S,0.474,T,0.10943851636370654
AGA,R,1.585,A,0.13135269327298627
AGG,R,0.28,G,0.1187218236901788
CGA,R,0.497,A,0.09485411497227622
CGC,R,-0.5,C,0.06679268333454905
CGG,R,-0.454,G,0.08007739232159324
CGT,R,-0.034,T,0.0745255228025352
CTA,L,0.749,A,0.13924440130479893
CTC,L,-0.207,C,0.0679119575321002
CTG,L,-0.569,G,0.048062955650844036
CTT,L,0.251,T,0.06456715208809617
TTA,L,0.868,A,0.10079403964744371
TTG,L,0.315,G,0.05689568383728435
CCA,P,0.996,A,0.12664651581463146
CCC,P,-0.27,C,0.0800143759934539
CCG,P,-0.448,G,0.07849789308974892
CCT,P,0.456,T,0.09627905512377337
CAC,H,-0.053,C,0.10918829595123009
CAT,H,0.053,T,0.10918829595123009
CAA,Q,0.853,A,0.0829274125813118
CAG,Q,-0.853,G,0.0829274125813118
GTA,V,0.591,A,0.08435578660462079
GTC,V,-0.517,C,0.06566482834191946
GTG,V,-0.277,G,0.06433697928602854
GTT,V,0.494,T,0.06861697400495516
GCA,A,0.913,A,0.07435758287991079
GCC,A,-0.481,C,0.05655320643128416
GCG,A,-0.317,G,0.07019501464534872
GCT,A,0.276,T,0.07330157508379245
GAC,D,-0.251,C,0.07115949324103754
GAT,D,0.251,T,0.07115949324103754
GAA,E,0.617,A,0.07256001468113905
GAG,E,-0.617,G,0.07256001468113905
GGA,G,0.568,A,0.08197747580129078
GGC,G,-0.341,C,0.06693641677021933
GGG,G,-0.318,G,0.08694107994277774
GGT,G,0.213,T,0.07397957575735126
TTC,F,-0.516,C,0.07988168013072754
TTT,F,0.516,T,0.07988168013072754
TAC,Y,-0.211,C,0.09967781354615378
TAT,Y,0.211,T,0.09967781354615378
TGC,C,-0.603,C,0.13482476251403558
TGT,C,0.603,T,0.13482476251403558
