codon,amino_acid,Syntrophobotulus,third_nucl,standard_error
ATA,I,0.493,A,0.06878455524379437
ATC,I,-0.32,C,0.055240094154056146
ATT,I,-0.007,T,0.0539054314969553
ACA,T,0.708,A,0.07380905022937866
ACC,T,-0.552,C,0.07622831919686815
ACG,T,-0.196,G,0.08097216874173557
ACT,T,-0.049,T,0.08888968905686327
AAC,N,0.011,C,0.07444839344708695
AAT,N,-0.011,T,0.07444839344708695
AAA,K,0.557,A,0.0567034162754019
AAG,K,-0.557,G,0.0567034162754019
AGC,S,-0.006,C,0.07565214489685314
AGT,S,0.464,T,0.08294981587774464
TCA,S,0.516,A,0.0896055761883913
TCC,S,-0.769,C,0.08553909382746161
TCG,S,-0.358,G,0.11267649194166021
TCT,S,0.065,T,0.08691371531459821
AGA,R,0.545,A,0.07363176136718716
AGG,R,-0.118,G,0.0836104034790842
CGA,R,0.542,A,0.1318524079367135
CGC,R,-0.523,C,0.09910012749392694
CGG,R,-0.653,G,0.09050448818120392
CGT,R,0.195,T,0.10252239788495152
CTA,L,0.505,A,0.124953768051091
CTC,L,-0.595,C,0.0822708494984179
CTG,L,-0.501,G,0.05427869203482548
CTT,L,-0.181,T,0.0619489442087214
TTA,L,0.492,A,0.062591902900214
TTG,L,0.473,G,0.056783253884814436
CCA,P,0.707,A,0.11676397705436624
CCC,P,-0.347,C,0.10309717404430611
CCG,P,-0.15,G,0.08708678217460006
CCT,P,0.009,T,0.09498805176809673
CAC,H,0.119,C,0.13397795484438205
CAT,H,-0.119,T,0.13397795484438205
CAA,Q,0.666,A,0.0845853502429472
CAG,Q,-0.666,G,0.0845853502429472
GTA,V,0.25,A,0.07545820428309699
GTC,V,-0.643,C,0.07081196400652763
GTG,V,0.261,G,0.06771996647431543
GTT,V,0.141,T,0.06490455941022859
GCA,A,0.6,A,0.07025904055258056
GCC,A,-0.494,C,0.06504196688121071
GCG,A,-0.105,G,0.07209959954138083
GCT,A,0.096,T,0.07103482719971053
GAC,D,-0.313,C,0.07468267502618985
GAT,D,0.313,T,0.07468267502618985
GAA,E,0.459,A,0.0626673478733501
GAG,E,-0.459,G,0.06266734787335011
GGA,G,0.393,A,0.06786697587065452
GGC,G,-0.332,C,0.07345498854039276
GGG,G,-0.321,G,0.07920149663922481
GGT,G,0.208,T,0.08060330160439841
TTC,F,-0.278,C,0.08088490391887565
TTT,F,0.278,T,0.08088490391887565
TAC,Y,-0.181,C,0.09401758771390839
TAT,Y,0.181,T,0.09401758771390839
TGC,C,-0.12,C,0.15353327572423597
TGT,C,0.12,T,0.15353327572423597
