codon,amino_acid,Syntrophus,third_nucl,standard_error
ATA,I,0.846,A,0.08854908270570566
ATC,I,-0.596,C,0.05884866582979192
ATT,I,0.197,T,0.06024898232925734
ACA,T,0.697,A,0.0861710579470927
ACC,T,-0.632,C,0.07819427255573212
ACG,T,-0.078,G,0.07907848090455256
ACT,T,0.223,T,0.10687887903846953
AAC,N,-0.451,C,0.08382694968930361
AAT,N,0.451,T,0.08382694968930361
AAA,K,0.492,A,0.06254752634178964
AAG,K,-0.492,G,0.06254752634178964
AGC,S,-0.28,C,0.08157243048686953
AGT,S,0.517,T,0.10321264046007249
TCA,S,0.729,A,0.09681482669363606
TCC,S,-0.531,C,0.07614283201623118
TCG,S,-0.196,G,0.09593471044594042
TCT,S,0.24,T,0.09810114569250081
AGA,R,0.919,A,0.085788294068905
AGG,R,0.082,G,0.09118012308273898
CGA,R,0.378,A,0.10253003040474287
CGC,R,-0.378,C,0.08892029976644797
CGG,R,-0.746,G,0.08027118270889676
CGT,R,-0.08,T,0.09961644421501581
CTA,L,0.429,A,0.17987485317915872
CTC,L,-0.479,C,0.07144222423992425
CTG,L,-0.602,G,0.0537047430370557
CTT,L,-0.032,T,0.06343650329665222
TTA,L,1.226,A,0.11080125209896956
TTG,L,0.866,G,0.07107072274391442
CCA,P,0.825,A,0.12631254697224298
CCC,P,-0.359,C,0.089238552250059
CCG,P,-0.187,G,0.08831366178311952
CCT,P,0.188,T,0.10321647123002432
CAC,H,-0.112,C,0.12902396665300814
CAT,H,0.112,T,0.12902396665300814
CAA,Q,0.912,A,0.10618788043495347
CAG,Q,-0.912,G,0.10618788043495349
GTA,V,0.577,A,0.09481273904498586
GTC,V,-0.512,C,0.07028736448151857
GTG,V,-0.007,G,0.07050071390735939
GTT,V,0.221,T,0.0718561553418091
GCA,A,0.717,A,0.07907603134563594
GCC,A,-0.563,C,0.06864516009902533
GCG,A,-0.098,G,0.07641160785428433
GCT,A,0.203,T,0.08587781777882256
GAC,D,-0.23,C,0.07511358877903743
GAT,D,0.23,T,0.07511358877903743
GAA,E,0.57,A,0.07003174299511343
GAG,E,-0.57,G,0.07003174299511343
GGA,G,0.356,A,0.0715237769794272
GGC,G,-0.367,C,0.07447098573070952
GGG,G,-0.178,G,0.08449472234811276
GGT,G,0.182,T,0.08638150910265939
TTC,F,-0.39,C,0.07903277511759929
TTT,F,0.39,T,0.07903277511759929
TAC,Y,-0.109,C,0.10137289437518193
TAT,Y,0.109,T,0.10137289437518192
TGC,C,-0.397,C,0.1560112741909059
TGT,C,0.397,T,0.1560112741909059
