codon,amino_acid,Syntrophomonas,third_nucl,standard_error
ATA,I,0.12,A,0.06123355373467782
ATC,I,-0.374,C,0.07417620767142394
ATT,I,0.127,T,0.05935697778646437
ACA,T,0.684,A,0.10960841663965042
ACC,T,-0.444,C,0.08615502380152
ACG,T,0.109,G,0.12182717213557177
ACT,T,-0.051,T,0.09271030653212324
AAC,N,-0.127,C,0.08492187925582778
AAT,N,0.127,T,0.08492187925582778
AAA,K,0.169,A,0.06516284411563034
AAG,K,-0.169,G,0.06516284411563034
AGC,S,-0.112,C,0.08165254534134066
AGT,S,0.331,T,0.08452303754234125
TCA,S,0.421,A,0.1095854061059717
TCC,S,-0.43,C,0.0922899168651695
TCG,S,-0.235,G,0.1289942105460249
TCT,S,0.005,T,0.1058306661343205
AGA,R,0.954,A,0.08820925196209987
AGG,R,0.388,G,0.09808820008466272
CGA,R,0.192,A,0.12718596721075975
CGC,R,-0.659,C,0.0992883334165697
CGG,R,-0.769,G,0.09755384423756415
CGT,R,-0.329,T,0.10593941985012195
CTA,L,0.215,A,0.09179866452501892
CTC,L,-0.364,C,0.10433630910102284
CTG,L,-0.584,G,0.05858047319494987
CTT,L,-0.172,T,0.07234196028299526
TTA,L,0.317,A,0.06759119056442721
TTG,L,0.497,G,0.05972514493467486
CCA,P,0.665,A,0.12310625992057989
CCC,P,-0.18,C,0.10289002730952027
CCG,P,-0.419,G,0.10912894938968998
CCT,P,0.117,T,0.10776040147877544
CAC,H,-0.223,C,0.14867811772742082
CAT,H,0.223,T,0.14867811772742082
CAA,Q,0.481,A,0.09199534131521668
CAG,Q,-0.481,G,0.09199534131521668
GTA,V,-0.267,A,0.07060053597546107
GTC,V,-0.261,C,0.10640866372769671
GTG,V,0.565,G,0.07572962523861114
GTT,V,-0.124,T,0.07275093414469416
GCA,A,0.646,A,0.08366282205588878
GCC,A,-0.509,C,0.07421167104221416
GCG,A,0.052,G,0.09864642719287063
GCT,A,-0.01,T,0.07338186640472436
GAC,D,-0.151,C,0.09297370959241687
GAT,D,0.151,T,0.09297370959241687
GAA,E,0.198,A,0.06955982695075018
GAG,E,-0.198,G,0.06955982695075018
GGA,G,0.306,A,0.07613731148712062
GGC,G,-0.436,C,0.0857979610819649
GGG,G,-0.112,G,0.09072485442011523
GGT,G,0.141,T,0.07853897018490466
TTC,F,-0.256,C,0.09798273773240394
TTT,F,0.256,T,0.09798273773240394
TAC,Y,-0.089,C,0.10469297841767553
TAT,Y,0.089,T,0.10469297841767553
TGC,C,-0.329,C,0.16451735578787435
TGT,C,0.329,T,0.16451735578787435
