codon,amino_acid,Tabrizicola,third_nucl,standard_error
ATA,I,0.687,A,0.17547364346857833
ATC,I,-0.446,C,0.07257054021511733
ATT,I,0.363,T,0.07707658349438266
ACA,T,0.719,A,0.0963967291183669
ACC,T,-0.07,C,0.05242716302464678
ACG,T,-0.439,G,0.05878334235002306
ACT,T,0.702,T,0.1102342480049402
AAC,N,-0.349,C,0.10380712135550603
AAT,N,0.349,T,0.10380712135550603
AAA,K,0.935,A,0.08311560809416776
AAG,K,-0.935,G,0.08311560809416776
AGC,S,-0.101,C,0.06850694976826711
AGT,S,0.626,T,0.14619740727070518
TCA,S,0.387,A,0.11436381472583383
TCC,S,0.277,C,0.06911009411493116
TCG,S,-0.683,G,0.06750156406813385
TCT,S,0.805,T,0.12998541765653682
AGA,R,1.66,A,0.184896427795517
AGG,R,0.644,G,0.13136851818433193
CGA,R,0.677,A,0.13003286297343225
CGC,R,-0.051,C,0.05055177543457002
CGG,R,-0.662,G,0.057983290702347125
CGT,R,0.46,T,0.08165761369924791
CTA,L,0.665,A,0.16770182795417266
CTC,L,0.453,C,0.06591834272396171
CTG,L,-0.725,G,0.040722256338568
CTT,L,0.513,T,0.04778161649657456
TTA,L,0.422,A,0.3161307020384566
TTG,L,0.325,G,0.06491017878009885
CCA,P,0.402,A,0.09472276740986689
CCC,P,0.321,C,0.057621262147065096
CCG,P,-0.664,G,0.057229409139403824
CCT,P,0.566,T,0.09734993827751567
CAC,H,0.26,C,0.09478987428684098
CAT,H,-0.26,T,0.09478987428684098
CAA,Q,0.818,A,0.09332721615907318
CAG,Q,-0.818,G,0.09332721615907318
GTA,V,0.687,A,0.13666394850964655
GTC,V,-0.049,C,0.05213427870767884
GTG,V,-0.335,G,0.051882778773652126
GTT,V,0.586,T,0.07477335713419869
GCA,A,0.735,A,0.05980821050816765
GCC,A,0.09,C,0.03893020865755694
GCG,A,-0.622,G,0.04269284757301954
GCT,A,0.404,T,0.07054587437489643
GAC,D,0.052,C,0.05846597148313656
GAT,D,-0.052,T,0.058465971483136564
GAA,E,0.518,A,0.06571935834144263
GAG,E,-0.518,G,0.06571935834144263
GGA,G,1.0,A,0.09290847233974887
GGC,G,-0.161,C,0.05172289340652906
GGG,G,-0.398,G,0.061060415251368655
GGT,G,0.319,T,0.07526512784803553
TTC,F,-0.119,C,0.07451676761774448
TTT,F,0.119,T,0.07451676761774448
TAC,Y,0.025,C,0.10079477542769823
TAT,Y,-0.025,T,0.10079477542769824
TGC,C,0.047,C,0.19774034805312693
TGT,C,-0.047,T,0.19774034805312696
