codon,amino_acid,Tannerella,third_nucl,standard_error
ATA,I,0.812,A,0.07131667648749598
ATC,I,-0.777,C,0.061174601391256044
ATT,I,0.137,T,0.06145956381134279
ACA,T,1.069,A,0.07842710246304982
ACC,T,-0.6,C,0.08869963641299722
ACG,T,-0.637,G,0.07612745298628903
ACT,T,0.058,T,0.10635395574818822
AAC,N,-0.312,C,0.07797607237818925
AAT,N,0.312,T,0.07797607237818925
AAA,K,0.433,A,0.06102117428167282
AAG,K,-0.433,G,0.06102117428167282
AGC,S,-0.186,C,0.09464601111891936
AGT,S,0.375,T,0.09733365262557814
TCA,S,0.679,A,0.10329250823461143
TCC,S,-0.241,C,0.10941097598195874
TCG,S,-0.496,G,0.08427677395911432
TCT,S,0.09,T,0.10339940582449905
AGA,R,1.658,A,0.09763710064281785
AGG,R,0.327,G,0.13716142470220197
CGA,R,0.56,A,0.10454310673167419
CGC,R,-1.13,C,0.09916522497478371
CGG,R,-0.464,G,0.10122123814870972
CGT,R,-0.804,T,0.08991465513237307
CTA,L,0.656,A,0.13210056421393676
CTC,L,-0.838,C,0.08210562256206316
CTG,L,-0.64,G,0.0633628628563934
CTT,L,-0.007,T,0.07440506085440732
TTA,L,1.184,A,0.07452632193601524
TTG,L,0.042,G,0.0641721227919905
CCA,P,0.783,A,0.15237842824543452
CCC,P,-0.331,C,0.12308965511768988
CCG,P,-0.287,G,0.10175183575084963
CCT,P,0.227,T,0.11311444896730712
CAC,H,-0.133,C,0.13079059588763012
CAT,H,0.133,T,0.13079059588763012
CAA,Q,0.678,A,0.09585944346213779
CAG,Q,-0.678,G,0.09585944346213779
GTA,V,0.455,A,0.07748451523380333
GTC,V,-0.321,C,0.0831292056784951
GTG,V,-0.434,G,0.07796204571974354
GTT,V,0.322,T,0.08511205236164193
GCA,A,0.819,A,0.07547801955627242
GCC,A,-0.539,C,0.07782929074889947
GCG,A,-0.271,G,0.08608096310718291
GCT,A,-0.107,T,0.08767223974685126
GAC,D,-0.218,C,0.08424348011453328
GAT,D,0.218,T,0.08424348011453328
GAA,E,0.604,A,0.0755985877308548
GAG,E,-0.604,G,0.0755985877308548
GGA,G,0.422,A,0.07703536120156322
GGC,G,-0.418,C,0.08815510427284921
GGG,G,-0.091,G,0.09799295929619538
GGT,G,-0.043,T,0.09160126185335626
TTC,F,-0.716,C,0.07630696862054874
TTT,F,0.716,T,0.07630696862054874
TAC,Y,-0.218,C,0.08701483779460344
TAT,Y,0.218,T,0.08701483779460344
TGC,C,-0.304,C,0.14778375643055625
TGT,C,0.304,T,0.14778375643055627
