codon,amino_acid,Tardibacter,third_nucl,standard_error
ATA,I,0.428,A,0.10766103869880428
ATC,I,-0.556,C,0.06896557385120536
ATT,I,0.506,T,0.07979651555848023
ACA,T,0.577,A,0.09734590660076577
ACC,T,-0.141,C,0.05935349393047816
ACG,T,-0.289,G,0.061335761350721246
ACT,T,0.658,T,0.11689886857644195
AAC,N,-0.161,C,0.09073812779225834
AAT,N,0.161,T,0.09073812779225834
AAA,K,0.622,A,0.08558944645962391
AAG,K,-0.622,G,0.08558944645962391
AGC,S,-0.026,C,0.06188790338029853
AGT,S,0.267,T,0.1305043602941303
TCA,S,0.328,A,0.11067812708385258
TCC,S,0.201,C,0.07207608345589811
TCG,S,-0.415,G,0.06407029031077402
TCT,S,0.387,T,0.12564092432196797
AGA,R,1.237,A,0.14897329908141282
AGG,R,0.403,G,0.0958715278554735
CGA,R,0.616,A,0.09826934881971458
CGC,R,-0.385,C,0.050699371717444194
CGG,R,-0.329,G,0.05967366592101281
CGT,R,0.411,T,0.07931717270358293
CTA,L,0.686,A,0.1428983808150802
CTC,L,-0.179,C,0.05166986396858771
CTG,L,-0.46,G,0.04551432799759729
CTT,L,0.244,T,0.05780523104994446
TTA,L,0.858,A,0.22565369050679776
TTG,L,0.761,G,0.07094439688243526
CCA,P,0.661,A,0.11061561043242778
CCC,P,0.077,C,0.06544164912161919
CCG,P,-0.479,G,0.06107510511494083
CCT,P,0.448,T,0.0919807833316892
CAC,H,-0.271,C,0.09705435866181385
CAT,H,0.271,T,0.09705435866181385
CAA,Q,0.697,A,0.09639286824814498
CAG,Q,-0.697,G,0.09639286824814498
GTA,V,0.581,A,0.1181875100170581
GTC,V,-0.395,C,0.05305008849662315
GTG,V,0.013,G,0.05308621797970847
GTT,V,0.508,T,0.07422315459537825
GCA,A,0.626,A,0.060874135232091925
GCC,A,-0.117,C,0.04231998806447369
GCG,A,-0.394,G,0.04208052068660257
GCT,A,0.533,T,0.06831741563283353
GAC,D,-0.078,C,0.05891372429295031
GAT,D,0.078,T,0.05891372429295031
GAA,E,0.366,A,0.061237980744362965
GAG,E,-0.366,G,0.061237980744362965
GGA,G,0.405,A,0.07732352313698655
GGC,G,-0.39,C,0.05410336340318845
GGG,G,-0.008,G,0.07035084952720097
GGT,G,0.454,T,0.08103937937743642
TTC,F,-0.448,C,0.08401291282759633
TTT,F,0.448,T,0.08401291282759633
TAC,Y,0.366,C,0.10579245109929808
TAT,Y,-0.366,T,0.10579245109929808
TGC,C,-0.394,C,0.1992151407360572
TGT,C,0.394,T,0.1992151407360572
