codon,amino_acid,Tatumella,third_nucl,standard_error
ATA,I,0.527,A,0.07797095307824
ATC,I,-0.199,C,0.05750519084532941
ATT,I,-0.089,T,0.05368296116874042
ACA,T,0.743,A,0.0731220411494043
ACC,T,-0.571,C,0.05852028650110249
ACG,T,-0.008,G,0.08256993710164616
ACT,T,0.079,T,0.06330128081591016
AAC,N,-0.075,C,0.07059814555110387
AAT,N,0.075,T,0.07059814555110387
AAA,K,-0.009,A,0.07458902009728108
AAG,K,0.009,G,0.07458902009728108
AGC,S,-0.249,C,0.06387542599222355
AGT,S,-0.091,T,0.06276764891662036
TCA,S,0.198,A,0.0649636402885311
TCC,S,0.068,C,0.07779615803095463
TCG,S,-0.246,G,0.08340711106815649
TCT,S,0.275,T,0.0676543299493442
AGA,R,0.855,A,0.10121724382599613
AGG,R,0.084,G,0.12052917647018958
CGA,R,0.2,A,0.10788912814723486
CGC,R,-0.056,C,0.06834829561292516
CGG,R,-0.567,G,0.08106957859143687
CGT,R,-0.038,T,0.06172446163474233
CTA,L,0.383,A,0.10050633231091595
CTC,L,0.262,C,0.07714208877376094
CTG,L,-0.829,G,0.04165240692563574
CTT,L,0.539,T,0.06561424342767971
TTA,L,0.76,A,0.05363380471130061
TTG,L,-0.002,G,0.06142759497814396
CCA,P,0.257,A,0.08194803095168905
CCC,P,0.374,C,0.09082023955695218
CCG,P,-0.582,G,0.06782532826226778
CCT,P,0.258,T,0.07488386441615896
CAC,H,0.001,C,0.09691776534156
CAT,H,-0.001,T,0.09691776534156
CAA,Q,0.806,A,0.06661444690291911
CAG,Q,-0.806,G,0.06661444690291911
GTA,V,0.092,A,0.06572956291802497
GTC,V,-0.145,C,0.06518937052681922
GTG,V,-0.109,G,0.058815597884831275
GTT,V,0.164,T,0.06063438328506329
GCA,A,0.359,A,0.053301124329545736
GCC,A,-0.329,C,0.05438324144974575
GCG,A,-0.197,G,0.06510886117206795
GCT,A,0.112,T,0.05657698873370048
GAC,D,0.17,C,0.06910705823439918
GAT,D,-0.17,T,0.06910705823439918
GAA,E,0.293,A,0.07254981086226327
GAG,E,-0.293,G,0.07254981086226327
GGA,G,0.312,A,0.0737962896045044
GGC,G,-0.06,C,0.06796855283538175
GGG,G,-0.239,G,0.08495685490079072
GGT,G,-0.036,T,0.06434916211489024
TTC,F,-0.508,C,0.07606962814305167
TTT,F,0.508,T,0.07606962814305167
TAC,Y,-0.058,C,0.09113250489779794
TAT,Y,0.058,T,0.09113250489779792
TGC,C,-0.106,C,0.1408879441974182
TGT,C,0.106,T,0.1408879441974182
