codon,amino_acid,Tautonia,third_nucl,standard_error
ATA,I,0.773,A,0.23757181009842035
ATC,I,-0.783,C,0.10360647709964772
ATT,I,0.766,T,0.11390123876262738
ACA,T,0.935,A,0.14585483551057102
ACC,T,-0.107,C,0.04359010922523304
ACG,T,-0.123,G,0.044702379928035406
ACT,T,1.084,T,0.14866321485378825
AAC,N,-0.721,C,0.09380263906773788
AAT,N,0.721,T,0.09380263906773788
AAA,K,0.975,A,0.11576594073380644
AAG,K,-0.975,G,0.11576594073380644
AGC,S,0.097,C,0.04607006246995785
AGT,S,1.038,T,0.13179338837847937
TCA,S,0.838,A,0.14434409611205115
TCC,S,-0.107,C,0.044241007086282466
TCG,S,-0.266,G,0.042376566321092
TCT,S,0.604,T,0.13559330541171158
AGA,R,1.881,A,0.16345061370812197
AGG,R,0.064,G,0.05871747396779871
CGA,R,1.456,A,0.05172491934518885
CGC,R,-0.018,C,0.03600456307937374
CGG,R,-1.051,G,0.03408098148944757
CGT,R,0.629,T,0.07397850546379933
CTA,L,0.702,A,0.16294311772527062
CTC,L,-0.025,C,0.0322312950633925
CTG,L,-0.34,G,0.03201625656547167
CTT,L,0.799,T,0.09964062737548886
TTA,L,0.991,A,0.2597707524424713
TTG,L,0.868,G,0.06451123586506213
CCA,P,1.009,A,0.11882314875805691
CCC,P,0.189,C,0.036772190975324845
CCG,P,-0.412,G,0.0368102448500058
CCT,P,0.699,T,0.1010711431273448
CAC,H,-0.717,C,0.09106465665596465
CAT,H,0.717,T,0.09106465665596465
CAA,Q,0.883,A,0.09243896506058336
CAG,Q,-0.883,G,0.09243896506058336
GTA,V,0.423,A,0.15694304923406613
GTC,V,-0.53,C,0.038752653265702555
GTG,V,0.414,G,0.039448905542228636
GTT,V,0.895,T,0.11607106842853332
GCA,A,1.19,A,0.07804370317383999
GCC,A,-0.288,C,0.03216446319577633
GCG,A,-0.065,G,0.0342382720967999
GCT,A,0.973,T,0.10060307340346186
GAC,D,-0.621,C,0.053485419402949236
GAT,D,0.621,T,0.053485419402949236
GAA,E,1.0,A,0.055143139378570794
GAG,E,-1.0,G,0.055143139378570794
GGA,G,1.148,A,0.0650358371952188
GGC,G,-0.379,C,0.037361084690886184
GGG,G,-0.187,G,0.04042581770715177
GGT,G,0.679,T,0.0792122546415376
TTC,F,-0.784,C,0.15485297691687372
TTT,F,0.784,T,0.15485297691687372
TAC,Y,-0.264,C,0.10055436857737284
TAT,Y,0.264,T,0.10055436857737284
TGC,C,-0.545,C,0.18363112070808948
TGT,C,0.545,T,0.18363112070808948
