codon,amino_acid,Telluria,third_nucl,standard_error
ATA,I,1.41,A,0.1845792048873732
ATC,I,-1.29,C,0.0832016474317853
ATT,I,1.166,T,0.09091522329402002
ACA,T,1.26,A,0.1100389331446374
ACC,T,0.476,C,0.04804435249405423
ACG,T,-1.183,G,0.049714841504194286
ACT,T,1.639,T,0.12756466673790676
AAC,N,-0.567,C,0.07965293829862526
AAT,N,0.567,T,0.07965293829862526
AAA,K,1.737,A,0.07234560183708297
AAG,K,-1.737,G,0.07234560183708297
AGC,S,-0.309,C,0.05226647685374445
AGT,S,0.934,T,0.12329984115168122
TCA,S,1.564,A,0.18164763142823254
TCC,S,0.667,C,0.05902743524014837
TCG,S,-0.997,G,0.05667507324778834
TCT,S,1.693,T,0.1802108005806143
AGA,R,2.362,A,0.2567819374421394
AGG,R,0.878,G,0.13286525171091637
CGA,R,1.569,A,0.13401262429045996
CGC,R,-0.704,C,0.04768628518388225
CGG,R,-0.333,G,0.06450344019307339
CGT,R,0.746,T,0.07167181031034127
CTA,L,1.437,A,0.19369700549522353
CTC,L,0.927,C,0.055384426445964904
CTG,L,-1.331,G,0.04130305339374479
CTT,L,1.668,T,0.11006818145116319
TTA,L,1.527,A,0.18164961290680415
TTG,L,0.755,G,0.06198303442200503
CCA,P,1.125,A,0.09505782731900095
CCC,P,0.504,C,0.05594070632322068
CCG,P,-1.112,G,0.05268296571125568
CCT,P,0.982,T,0.1021064905936123
CAC,H,-0.483,C,0.08246832598667399
CAT,H,0.483,T,0.08246832598667399
CAA,Q,1.684,A,0.07536069557005283
CAG,Q,-1.684,G,0.07536069557005284
GTA,V,1.195,A,0.0922184981918592
GTC,V,0.043,C,0.046150721541549235
GTG,V,-0.713,G,0.04672457842903742
GTT,V,1.275,T,0.09574195380331486
GCA,A,1.152,A,0.05500054021796378
GCC,A,-0.132,C,0.034094345910524834
GCG,A,-0.623,G,0.036713333642308214
GCT,A,0.985,T,0.07973008631826937
GAC,D,-0.582,C,0.06163361674685705
GAT,D,0.582,T,0.061633616746857044
GAA,E,1.112,A,0.06124757087092471
GAG,E,-1.112,G,0.0612475708709247
GGA,G,1.113,A,0.10060574699689957
GGC,G,-0.703,C,0.0548761042312207
GGG,G,0.168,G,0.08200382901344304
GGT,G,0.586,T,0.07684137185850985
TTC,F,-1.195,C,0.08825501139204295
TTT,F,1.195,T,0.08825501139204295
TAC,Y,-0.434,C,0.09359935678968671
TAT,Y,0.434,T,0.0935993567896867
TGC,C,-0.954,C,0.18111418612292804
TGT,C,0.954,T,0.18111418612292804
