codon,amino_acid,Tellurirhabdus,third_nucl,standard_error
ATA,I,1.812,A,0.12246168444635555
ATC,I,-0.816,C,0.05357532878882412
ATT,I,0.284,T,0.053429539926721926
ACA,T,1.487,A,0.1017333603085861
ACC,T,-0.04,C,0.05041822809752746
ACG,T,-0.998,G,0.054609121537519116
ACT,T,1.391,T,0.1051059149488864
AAC,N,-0.705,C,0.0667122802828965
AAT,N,0.705,T,0.0667122802828965
AAA,K,0.648,A,0.05659683932248953
AAG,K,-0.648,G,0.05659683932248953
AGC,S,-0.549,C,0.06249183476315637
AGT,S,0.436,T,0.08779018857486713
TCA,S,1.308,A,0.10802564701678954
TCC,S,0.418,C,0.06115242662730072
TCG,S,-1.193,G,0.06501021743132562
TCT,S,1.19,T,0.10098878423848372
AGA,R,2.011,A,0.14710363767858445
AGG,R,0.519,G,0.15349427968719334
CGA,R,1.454,A,0.10646934325238935
CGC,R,-0.271,C,0.05464847102782371
CGG,R,-1.395,G,0.0627706776710497
CGT,R,0.934,T,0.07728529221249666
CTA,L,1.262,A,0.1158653318549611
CTC,L,-0.006,C,0.04644205287741424
CTG,L,-1.232,G,0.03798983067709484
CTT,L,1.099,T,0.05861960701424833
TTA,L,1.939,A,0.11740717236153028
TTG,L,0.678,G,0.07284535365313659
CCA,P,1.475,A,0.12965315588703177
CCC,P,0.176,C,0.06322957927159371
CCG,P,-1.134,G,0.06322174242469064
CCT,P,1.264,T,0.0995865783488694
CAC,H,-0.556,C,0.0986939942352367
CAT,H,0.556,T,0.0986939942352367
CAA,Q,1.907,A,0.08186331447386358
CAG,Q,-1.907,G,0.08186331447386358
GTA,V,1.134,A,0.07307355250866522
GTC,V,-0.272,C,0.056845691758211296
GTG,V,-1.031,G,0.05781618563838571
GTT,V,0.745,T,0.06267416533776515
GCA,A,1.406,A,0.08301002146709376
GCC,A,-0.573,C,0.047977749554281676
GCG,A,-0.528,G,0.05668010924197042
GCT,A,0.826,T,0.0669641756192832
GAC,D,-0.479,C,0.06781216252023382
GAT,D,0.479,T,0.06781216252023382
GAA,E,0.461,A,0.06524291997541525
GAG,E,-0.461,G,0.06524291997541525
GGA,G,0.878,A,0.07314113119440817
GGC,G,-0.754,C,0.06001630647866991
GGG,G,-0.067,G,0.0790914749434775
GGT,G,0.419,T,0.07647230979546939
TTC,F,-0.339,C,0.05707841792671505
TTT,F,0.339,T,0.057078417926715044
TAC,Y,-0.36,C,0.07742335459856826
TAT,Y,0.36,T,0.07742335459856826
TGC,C,-0.449,C,0.1521124047155276
TGT,C,0.449,T,0.1521124047155276
