codon,amino_acid,Telmatocola,third_nucl,standard_error
ATA,I,0.507,A,0.07974200922652322
ATC,I,-0.499,C,0.04877797709852495
ATT,I,0.314,T,0.049462237176360536
ACA,T,0.633,A,0.07541414686840135
ACC,T,-0.423,C,0.05299645588757174
ACG,T,-0.153,G,0.05676743416550453
ACT,T,0.316,T,0.06227966174103211
AAC,N,-0.105,C,0.062435005550688184
AAT,N,0.105,T,0.062435005550688184
AAA,K,0.37,A,0.05152006564681654
AAG,K,-0.37,G,0.05152006564681654
AGC,S,-0.354,C,0.058594067346249105
AGT,S,0.008,T,0.06615440551588345
TCA,S,0.444,A,0.08507377675388836
TCC,S,-0.012,C,0.0556019736439642
TCG,S,-0.272,G,0.054301499806093355
TCT,S,0.617,T,0.07023851489647388
AGA,R,0.377,A,0.09167455025945935
AGG,R,0.312,G,0.12285633340950229
CGA,R,0.273,A,0.05394148838970495
CGC,R,-0.382,C,0.052340237982126066
CGG,R,-0.501,G,0.05856508778226845
CGT,R,0.507,T,0.06483705525766274
CTA,L,0.485,A,0.07546857154666034
CTC,L,-0.182,C,0.04391056912773361
CTG,L,-0.358,G,0.038493676412202665
CTT,L,0.321,T,0.053193832028012956
TTA,L,0.416,A,0.06496595626369048
TTG,L,0.056,G,0.044363814141539365
CCA,P,0.611,A,0.07653301176254887
CCC,P,-0.088,C,0.05708988885463699
CCG,P,-0.409,G,0.05542292190681653
CCT,P,0.264,T,0.07069015444707423
CAC,H,-0.175,C,0.08994555380087157
CAT,H,0.175,T,0.08994555380087157
CAA,Q,0.638,A,0.06624878070296299
CAG,Q,-0.638,G,0.06624878070296299
GTA,V,0.378,A,0.07383390607912577
GTC,V,-0.373,C,0.0522402939633748
GTG,V,-0.064,G,0.05161194077254683
GTT,V,0.292,T,0.056006693814290125
GCA,A,0.736,A,0.06028634937271422
GCC,A,-0.577,C,0.045148736971177876
GCG,A,-0.113,G,0.050755895145855136
GCT,A,0.344,T,0.05256389893660166
GAC,D,0.011,C,0.059851219703047145
GAT,D,-0.011,T,0.059851219703047145
GAA,E,0.415,A,0.05812334970528048
GAG,E,-0.415,G,0.05812334970528048
GGA,G,0.333,A,0.061516555829730854
GGC,G,-0.284,C,0.05607203876506153
GGG,G,-0.296,G,0.07071643989336233
GGT,G,0.256,T,0.06143484693619272
TTC,F,-0.531,C,0.057598734749532594
TTT,F,0.531,T,0.057598734749532594
TAC,Y,-0.135,C,0.07973715205745176
TAT,Y,0.135,T,0.07973715205745174
TGC,C,-0.451,C,0.11489255487878819
TGT,C,0.451,T,0.11489255487878818
