codon,amino_acid,Tenacibaculum,third_nucl,standard_error
ATA,I,0.553,A,0.04684846900727098
ATC,I,0.106,C,0.06490014861683793
ATT,I,-0.543,T,0.04395937339993146
ACA,T,0.322,A,0.05867914717389112
ACC,T,0.125,C,0.0983270852107588
ACG,T,-0.04,G,0.10908461744501698
ACT,T,-0.367,T,0.059666410254032375
AAC,N,0.4,C,0.0637138735752902
AAT,N,-0.4,T,0.06371387357529018
AAA,K,0.076,A,0.056063463842458756
AAG,K,-0.076,G,0.05606346384245876
AGC,S,0.447,C,0.10385758471048545
AGT,S,0.085,T,0.060465478829034636
TCA,S,0.354,A,0.06356637776568656
TCC,S,0.385,C,0.1690680625063523
TCG,S,0.263,G,0.11854522982189346
TCT,S,-0.673,T,0.06156290546403808
AGA,R,0.516,A,0.08011484979906808
AGG,R,0.183,G,0.17657882976212144
CGA,R,-0.263,A,0.12202760139913864
CGC,R,0.055,C,0.22849271559405213
CGG,R,0.012,G,0.4874215681796373
CGT,R,-0.742,T,0.10589723828398552
CTA,L,0.546,A,0.06713627865093491
CTC,L,0.581,C,0.15867552824805797
CTG,L,0.101,G,0.1388091563873223
CTT,L,0.259,T,0.061656813712689405
TTA,L,-0.44,A,0.0428714722492837
TTG,L,0.063,G,0.06850647298185804
CCA,P,0.117,A,0.09197831229316816
CCC,P,1.108,C,0.20883975177438974
CCG,P,-0.088,G,0.16858529043222348
CCT,P,-0.309,T,0.09254363180327718
CAC,H,0.277,C,0.12407651619008318
CAT,H,-0.277,T,0.12407651619008317
CAA,Q,-0.025,A,0.1046942542859338
CAG,Q,0.025,G,0.1046942542859338
GTA,V,0.251,A,0.05829104985276639
GTC,V,0.326,C,0.13885822040042162
GTG,V,0.113,G,0.09936287360795155
GTT,V,-0.352,T,0.058973219310385766
GCA,A,0.443,A,0.06757469830130952
GCC,A,0.302,C,0.12109563174172894
GCG,A,0.026,G,0.1303972887635594
GCT,A,-0.527,T,0.06731023156386527
GAC,D,0.579,C,0.09008647702717773
GAT,D,-0.579,T,0.09008647702717773
GAA,E,0.044,A,0.08094974955253648
GAG,E,-0.044,G,0.08094974955253648
GGA,G,0.228,A,0.06998704264881746
GGC,G,0.186,C,0.14863818631777254
GGG,G,0.378,G,0.14878528038427022
GGT,G,-0.384,T,0.07444173022673978
TTC,F,-0.04,C,0.06979532956931687
TTT,F,0.04,T,0.06979532956931687
TAC,Y,0.383,C,0.07864979719730832
TAT,Y,-0.383,T,0.07864979719730832
TGC,C,0.36,C,0.19920234212734736
TGT,C,-0.36,T,0.19920234212734736
