codon,amino_acid,Tepidanaerobacter,third_nucl,standard_error
ATA,I,0.1,A,0.054647050675237584
ATC,I,-0.152,C,0.0786669794767987
ATT,I,-0.027,T,0.05499821448588501
ACA,T,0.267,A,0.08052302747414565
ACC,T,-0.374,C,0.10122653492591417
ACG,T,-0.286,G,0.12631475646259535
ACT,T,0.098,T,0.08320545598395698
AAC,N,-0.006,C,0.08603572914955895
AAT,N,0.006,T,0.08603572914955895
AAA,K,0.21,A,0.06086470008800616
AAG,K,-0.21,G,0.06086470008800616
AGC,S,-0.194,C,0.09447232549629736
AGT,S,0.464,T,0.08678474805373662
TCA,S,0.002,A,0.08689619724050773
TCC,S,-0.294,C,0.12024187406711052
TCG,S,-0.384,G,0.14597721848159245
TCT,S,-0.009,T,0.09097227845018849
AGA,R,0.45,A,0.08596084224306283
AGG,R,-0.067,G,0.10543972385543562
CGA,R,-0.091,A,0.13473437266926072
CGC,R,-0.547,C,0.15381390894190244
CGG,R,-0.223,G,0.16254573903008734
CGT,R,-0.336,T,0.13746146671911
CTA,L,0.082,A,0.09006176054138264
CTC,L,-0.462,C,0.1328032819248231
CTG,L,-0.539,G,0.08676421247940412
CTT,L,-0.426,T,0.0640675290242275
TTA,L,0.141,A,0.057988465885617006
TTG,L,0.638,G,0.06614085842551107
CCA,P,0.323,A,0.11535526272099567
CCC,P,-0.161,C,0.1428800486435063
CCG,P,-0.184,G,0.11981416309815596
CCT,P,-0.034,T,0.10802869377059131
CAC,H,-0.25,C,0.16962093019522914
CAT,H,0.25,T,0.16962093019522914
CAA,Q,0.306,A,0.10355719922813895
CAG,Q,-0.306,G,0.10355719922813897
GTA,V,-0.125,A,0.06808272204573465
GTC,V,-0.312,C,0.11377858160558171
GTG,V,0.61,G,0.08230951534817856
GTT,V,-0.201,T,0.06970468507644716
GCA,A,0.132,A,0.07156612881708975
GCC,A,-0.242,C,0.09507645247218953
GCG,A,0.067,G,0.11286908370181982
GCT,A,-0.021,T,0.07456172362324144
GAC,D,-0.131,C,0.08870483347670251
GAT,D,0.131,T,0.08870483347670251
GAA,E,0.137,A,0.07720578446278833
GAG,E,-0.137,G,0.07720578446278833
GGA,G,0.091,A,0.07908254437821703
GGC,G,-0.33,C,0.08895023821745619
GGG,G,0.282,G,0.11266575345035584
GGT,G,0.043,T,0.08054107657537989
TTC,F,-0.357,C,0.1109572969322807
TTT,F,0.357,T,0.1109572969322807
TAC,Y,0.007,C,0.1111876093486588
TAT,Y,-0.007,T,0.1111876093486588
TGC,C,0.086,C,0.16618732029254218
TGT,C,-0.086,T,0.16618732029254218
