codon,amino_acid,Tepidiforma,third_nucl,standard_error
ATA,I,1.6,A,0.4488873446192863
ATC,I,-0.539,C,0.10704415676717274
ATT,I,0.436,T,0.11007290703857045
ACA,T,0.874,A,0.16658886620112753
ACC,T,-0.07,C,0.07019013428849696
ACG,T,-0.263,G,0.07262806915748461
ACT,T,1.014,T,0.21119223545516203
AAC,N,-0.302,C,0.17943256119138157
AAT,N,0.302,T,0.17943256119138157
AAA,K,0.882,A,0.13786113758846372
AAG,K,-0.882,G,0.1378611375884637
AGC,S,-0.047,C,0.08185824747945382
AGT,S,0.585,T,0.2450680995790207
TCA,S,0.593,A,0.20018493933328013
TCC,S,0.243,C,0.08710641772203516
TCG,S,-0.537,G,0.08647130902005301
TCT,S,1.083,T,0.25657347681445264
AGA,R,0.828,A,0.33159172052633296
AGG,R,0.917,G,0.15505835887725525
CGA,R,1.324,A,0.15587816895535223
CGC,R,0.031,C,0.05534860392531078
CGG,R,-0.589,G,0.0584459200351905
CGT,R,0.644,T,0.127069629601123
CTA,L,0.825,A,0.42573005374914863
CTC,L,-0.229,C,0.05282502735797985
CTG,L,-0.125,G,0.0554058203206107
CTT,L,0.657,T,0.1061830630836277
TTA,L,0.705,A,0.612934620377479
TTG,L,1.55,G,0.20040166673135945
CCA,P,0.952,A,0.15807767550023472
CCC,P,0.173,C,0.06560277337100576
CCG,P,-0.446,G,0.06412064282101916
CCT,P,0.466,T,0.1417308907872973
CAC,H,-0.773,C,0.17076604260333586
CAT,H,0.773,T,0.17076604260333586
CAA,Q,0.832,A,0.21076401969689132
CAG,Q,-0.832,G,0.2107640196968913
GTA,V,0.368,A,0.17529694573638502
GTC,V,-0.579,C,0.057224185549194076
GTG,V,0.385,G,0.05794925601313326
GTT,V,0.546,T,0.10535342371248202
GCA,A,0.928,A,0.07830395773568925
GCC,A,-0.238,C,0.047401313895438536
GCG,A,-0.362,G,0.04983814889308805
GCT,A,0.795,T,0.09651209409955942
GAC,D,-0.177,C,0.08912689182494736
GAT,D,0.177,T,0.08912689182494736
GAA,E,0.835,A,0.07143373417589478
GAG,E,-0.835,G,0.07143373417589478
GGA,G,1.228,A,0.12104130381508942
GGC,G,-0.301,C,0.06267731671286894
GGG,G,-0.32,G,0.0713581191909985
GGT,G,0.755,T,0.12506530357258688
TTC,F,-0.677,C,0.1491616832497835
TTT,F,0.677,T,0.14916168324978352
TAC,Y,-0.593,C,0.20013298922530506
TAT,Y,0.593,T,0.2001329892253051
TGC,C,-0.639,C,0.3639994425041648
TGT,C,0.639,T,0.3639994425041648
