codon,amino_acid,Tepiditoga,third_nucl,standard_error
ATA,I,-0.157,A,0.05431530280920764
ATC,I,0.092,C,0.14522875876482624
ATT,I,0.148,T,0.05503526181938841
ACA,T,0.115,A,0.08926271604292702
ACC,T,0.083,C,0.17776990631255302
ACG,T,0.008,G,0.21749460185296768
ACT,T,-0.142,T,0.09101594273431422
AAC,N,0.273,C,0.0992908754118934
AAT,N,-0.273,T,0.0992908754118934
AAA,K,-0.228,A,0.07826130334486234
AAG,K,0.228,G,0.07826130334486234
AGC,S,0.181,C,0.16341129983483063
AGT,S,0.383,T,0.0858639943839748
TCA,S,-0.337,A,0.08210869365604871
TCC,S,0.869,C,0.2504034896812366
TCG,S,0.328,G,0.26109483997717553
TCT,S,-0.196,T,0.08539009948452693
AGA,R,-0.499,A,0.1495775907392591
AGG,R,0.684,G,0.20691877840328096
CGA,R,0.978,A,0.33217927926507756
CGC,R,0.711,C,0.8677680543969836
CGG,R,2.218,G,1.4917227878457981
CGT,R,-0.567,T,0.28584739236353873
CTA,L,0.172,A,0.12795984172001354
CTC,L,0.281,C,0.2074218895171125
CTG,L,0.874,G,0.3859690811869186
CTT,L,-0.305,T,0.07334051651514614
TTA,L,-0.193,A,0.05828711132071393
TTG,L,0.611,G,0.08535892849458429
CCA,P,0.335,A,0.12480084509487316
CCC,P,0.338,C,0.39810946576754613
CCG,P,0.744,G,0.3508099448211332
CCT,P,-0.494,T,0.1304933653355831
CAC,H,0.365,C,0.23207417749198755
CAT,H,-0.365,T,0.23207417749198755
CAA,Q,-0.704,A,0.25396668209843826
CAG,Q,0.704,G,0.25396668209843826
GTA,V,0.006,A,0.07764035556308724
GTC,V,-0.228,C,0.2333286131469039
GTG,V,1.576,G,0.15326960309541257
GTT,V,-0.513,T,0.07663637396573666
GCA,A,0.011,A,0.09812520223589097
GCC,A,0.397,C,0.20533486762613248
GCG,A,0.316,G,0.301554660723906
GCT,A,-0.137,T,0.10040697563579921
GAC,D,0.715,C,0.14468579435007678
GAT,D,-0.715,T,0.14468579435007678
GAA,E,-0.167,A,0.14216569754033342
GAG,E,0.167,G,0.14216569754033342
GGA,G,0.146,A,0.08450367736180037
GGC,G,0.077,C,0.20635331451764907
GGG,G,-0.093,G,0.1916609395806006
GGT,G,-0.154,T,0.08864342618555233
TTC,F,-0.337,C,0.14075207288002997
TTT,F,0.337,T,0.14075207288002997
TAC,Y,0.13,C,0.11857455456134686
TAT,Y,-0.13,T,0.11857455456134686
TGC,C,0.259,C,0.3826198298228536
TGT,C,-0.259,T,0.38261982982285364
