codon,amino_acid,Teredinibacter,third_nucl,standard_error
ATA,I,0.463,A,0.06408861105565139
ATC,I,-0.055,C,0.059819222485879175
ATT,I,-0.28,T,0.052857602650464845
ACA,T,0.399,A,0.06862614517032409
ACC,T,-0.358,C,0.06166389098565678
ACG,T,-0.287,G,0.07448271248090788
ACT,T,0.305,T,0.07162923069570779
AAC,N,-0.056,C,0.06483764303211545
AAT,N,0.056,T,0.06483764303211545
AAA,K,0.42,A,0.05991456408693187
AAG,K,-0.42,G,0.05991456408693187
AGC,S,-0.03,C,0.06195613774426738
AGT,S,0.084,T,0.06556669354192196
TCA,S,0.34,A,0.0725100655873243
TCC,S,-0.116,C,0.07041043109709648
TCG,S,-0.267,G,0.07680750991999115
TCT,S,-0.04,T,0.06778253310355133
AGA,R,0.7,A,0.0887565854964386
AGG,R,-0.078,G,0.12890067480690962
CGA,R,0.264,A,0.08423718040874566
CGC,R,-0.445,C,0.06937816354627421
CGG,R,-0.243,G,0.10977043565556074
CGT,R,-0.055,T,0.07119576527381821
CTA,L,0.087,A,0.06417945573265899
CTC,L,0.141,C,0.0680388568399719
CTG,L,-0.635,G,0.05210273407396515
CTT,L,0.185,T,0.05754157427812172
TTA,L,0.514,A,0.05347040243864939
TTG,L,-0.149,G,0.052882297346688874
CCA,P,0.069,A,0.08083668148332444
CCC,P,0.081,C,0.07726305877483576
CCG,P,-0.405,G,0.08693291922447254
CCT,P,0.202,T,0.08101663419835861
CAC,H,-0.032,C,0.09451866146860756
CAT,H,0.032,T,0.09451866146860755
CAA,Q,0.672,A,0.07126812944120667
CAG,Q,-0.672,G,0.07126812944120667
GTA,V,0.133,A,0.06224214349397722
GTC,V,-0.099,C,0.07440406068031961
GTG,V,-0.001,G,0.060094948542577895
GTT,V,-0.051,T,0.05636565360342942
GCA,A,0.335,A,0.0599117142301208
GCC,A,-0.216,C,0.058183216057292805
GCG,A,-0.439,G,0.06555691284015208
GCT,A,0.281,T,0.059800416809768144
GAC,D,0.154,C,0.06716749330245915
GAT,D,-0.154,T,0.06716749330245915
GAA,E,0.578,A,0.06683891070906155
GAG,E,-0.578,G,0.06683891070906155
GGA,G,0.187,A,0.08390586222791914
GGC,G,-0.05,C,0.06673100886089485
GGG,G,-0.2,G,0.09369224860880751
GGT,G,0.037,T,0.06582243381739618
TTC,F,-0.127,C,0.07278355527228855
TTT,F,0.127,T,0.07278355527228855
TAC,Y,-0.098,C,0.0838756553025403
TAT,Y,0.098,T,0.0838756553025403
TGC,C,-0.281,C,0.1337244246209602
TGT,C,0.281,T,0.1337244246209602
