codon,amino_acid,Terrihabitans,third_nucl,standard_error
ATA,I,0.87,A,0.17661171588466665
ATC,I,-0.747,C,0.07467658497851135
ATT,I,0.647,T,0.07865540216814666
ACA,T,0.704,A,0.11246498479939042
ACC,T,0.097,C,0.06498531932094147
ACG,T,-0.601,G,0.06660479006044859
ACT,T,0.862,T,0.13581616193522567
AAC,N,0.174,C,0.09579136273595781
AAT,N,-0.174,T,0.09579136273595781
AAA,K,0.536,A,0.07426876499349504
AAG,K,-0.536,G,0.07426876499349502
AGC,S,0.105,C,0.07353648139437258
AGT,S,0.852,T,0.16310535478680926
TCA,S,0.464,A,0.13591736191483586
TCC,S,0.275,C,0.07363005587486099
TCG,S,-0.882,G,0.06895864957682657
TCT,S,0.838,T,0.1335108726031712
AGA,R,1.221,A,0.1828185900901048
AGG,R,0.583,G,0.15229570310752719
CGA,R,0.934,A,0.16520647421415185
CGC,R,-0.553,C,0.060150082877586795
CGG,R,-0.051,G,0.07957814002190357
CGT,R,0.361,T,0.08399529282680834
CTA,L,0.766,A,0.2195604390749618
CTC,L,-0.159,C,0.05039489726819851
CTG,L,-0.431,G,0.050979135561804244
CTT,L,0.39,T,0.06125443317059707
TTA,L,0.751,A,0.25086236498869124
TTG,L,0.754,G,0.09407659579263285
CCA,P,0.922,A,0.19491080100272767
CCC,P,0.335,C,0.07268961535893505
CCG,P,-0.675,G,0.06788189851810918
CCT,P,0.689,T,0.11235686059470933
CAC,H,0.248,C,0.11286000536915848
CAT,H,-0.248,T,0.11286000536915848
CAA,Q,1.038,A,0.13901239860698922
CAG,Q,-1.038,G,0.13901239860698922
GTA,V,0.946,A,0.1494219772604146
GTC,V,-0.436,C,0.05921807663987538
GTG,V,0.032,G,0.06389488099096054
GTT,V,0.443,T,0.07957897401843979
GCA,A,0.676,A,0.07598056225538498
GCC,A,-0.164,C,0.04617794813310155
GCG,A,-0.45,G,0.048069286728127034
GCT,A,0.861,T,0.07827690304546363
GAC,D,0.108,C,0.0679336877261541
GAT,D,-0.108,T,0.0679336877261541
GAA,E,0.245,A,0.07135391794966817
GAG,E,-0.245,G,0.07135391794966815
GGA,G,0.94,A,0.09665030697952319
GGC,G,-0.799,C,0.06427009580639129
GGG,G,0.349,G,0.09708753115767867
GGT,G,0.47,T,0.08975317902071213
TTC,F,-0.569,C,0.08507512176100339
TTT,F,0.569,T,0.08507512176100339
TAC,Y,0.092,C,0.11937798396934295
TAT,Y,-0.092,T,0.11937798396934292
TGC,C,-0.826,C,0.24547076767131343
TGT,C,0.826,T,0.24547076767131343
