codon,amino_acid,Tessaracoccus,third_nucl,standard_error
ATA,I,1.696,A,0.544615744309123
ATC,I,-1.585,C,0.17208216727904507
ATT,I,1.551,T,0.1806638802429254
ACA,T,1.245,A,0.15097572760146705
ACC,T,-0.182,C,0.05686478628977381
ACG,T,-0.329,G,0.06057127393156787
ACT,T,1.292,T,0.15439466746345862
AAC,N,-1.533,C,0.21290702869791134
AAT,N,1.533,T,0.21290702869791137
AAA,K,1.263,A,0.21378482821098738
AAG,K,-1.263,G,0.21378482821098735
AGC,S,0.463,C,0.06687523533850392
AGT,S,1.08,T,0.15867420224658704
TCA,S,1.034,A,0.1468619896027508
TCC,S,-0.293,C,0.06643788920881971
TCG,S,-0.815,G,0.06456708203676349
TCT,S,1.206,T,0.17940448823358562
AGA,R,1.962,A,0.25953792168592243
AGG,R,0.245,G,0.08924311743052962
CGA,R,0.889,A,0.09892836442756363
CGC,R,-0.378,C,0.053523015403478105
CGG,R,-0.565,G,0.06501526684557205
CGT,R,0.7,T,0.09472639602988499
CTA,L,1.007,A,0.20674721403615157
CTC,L,0.039,C,0.04714463133142168
CTG,L,-0.361,G,0.04635640775372047
CTT,L,0.467,T,0.09481568522297966
TTA,L,1.264,A,0.6586822866251089
TTG,L,0.529,G,0.08981249325415466
CCA,P,0.894,A,0.10865016533779105
CCC,P,0.054,C,0.06254285133168286
CCG,P,-0.604,G,0.0626065715980726
CCT,P,0.737,T,0.11983679216901345
CAC,H,-0.687,C,0.1511969027823061
CAT,H,0.687,T,0.1511969027823061
CAA,Q,0.854,A,0.13040082383209955
CAG,Q,-0.854,G,0.13040082383209955
GTA,V,1.269,A,0.22316504904300288
GTC,V,-0.816,C,0.04910742558191164
GTG,V,0.537,G,0.04891312674237728
GTT,V,1.174,T,0.12767806687301972
GCA,A,0.92,A,0.07257256100013434
GCC,A,-0.186,C,0.04321427224483462
GCG,A,-0.371,G,0.045227347281429485
GCT,A,0.771,T,0.09113703511218538
GAC,D,-0.845,C,0.0867230540465519
GAT,D,0.845,T,0.0867230540465519
GAA,E,0.945,A,0.07803431473169499
GAG,E,-0.945,G,0.07803431473169499
GGA,G,0.887,A,0.08999266350235462
GGC,G,-0.581,C,0.05552581732366939
GGG,G,0.035,G,0.06774575970158137
GGT,G,0.545,T,0.08672748426068598
TTC,F,-1.546,C,0.1993342488986741
TTT,F,1.546,T,0.1993342488986741
TAC,Y,-0.812,C,0.177835036981703
TAT,Y,0.812,T,0.177835036981703
TGC,C,-1.012,C,0.26721385731502884
TGT,C,1.012,T,0.26721385731502884
