codon,amino_acid,Tetragenococcus,third_nucl,standard_error
ATA,I,0.564,A,0.08136231735016197
ATC,I,-0.132,C,0.07219244534108049
ATT,I,-0.244,T,0.062168072685382214
ACA,T,0.611,A,0.07392953623269764
ACC,T,-0.389,C,0.10126673135375369
ACG,T,-0.274,G,0.09647895737441205
ACT,T,-0.294,T,0.08058552252516601
AAC,N,-0.073,C,0.08807576919521566
AAT,N,0.073,T,0.08807576919521566
AAA,K,0.108,A,0.07444206032937578
AAG,K,-0.108,G,0.07444206032937578
AGC,S,-0.012,C,0.11244305347725943
AGT,S,0.154,T,0.08429008909247972
TCA,S,0.254,A,0.08829313297355629
TCC,S,-0.301,C,0.1321563864698725
TCG,S,0.005,G,0.13648174970600724
TCT,S,-0.293,T,0.0908773368388519
AGA,R,0.745,A,0.09898699106319533
AGG,R,0.402,G,0.20459908087187056
CGA,R,0.157,A,0.11492856592091975
CGC,R,-0.472,C,0.13031879708480282
CGG,R,-0.439,G,0.15685772740062448
CGT,R,-0.473,T,0.09420684054271689
CTA,L,0.064,A,0.08566567316853149
CTC,L,-0.355,C,0.16628215833892016
CTG,L,-0.259,G,0.11844327011672079
CTT,L,-0.113,T,0.08344895135486244
TTA,L,0.062,A,0.05483057094916226
TTG,L,0.084,G,0.06776331512989803
CCA,P,0.452,A,0.11051791864034803
CCC,P,-0.142,C,0.17290473021610864
CCG,P,0.123,G,0.15071995291602036
CCT,P,-0.523,T,0.12073273356783398
CAC,H,-0.034,C,0.14870250174048982
CAT,H,0.034,T,0.14870250174048982
CAA,Q,-0.031,A,0.11018630860216752
CAG,Q,0.031,G,0.11018630860216752
GTA,V,0.439,A,0.07253802243831523
GTC,V,-0.382,C,0.10034248854313212
GTG,V,0.184,G,0.08565152052605596
GTT,V,-0.341,T,0.06996829103499226
GCA,A,0.713,A,0.07438270628855184
GCC,A,-0.347,C,0.11428415667038108
GCG,A,-0.24,G,0.10899346018384613
GCT,A,-0.465,T,0.07614533313611101
GAC,D,-0.132,C,0.09107854547248628
GAT,D,0.132,T,0.09107854547248628
GAA,E,0.055,A,0.09310456977782725
GAG,E,-0.055,G,0.09310456977782725
GGA,G,0.547,A,0.08319797514296792
GGC,G,-0.311,C,0.09738585042360366
GGG,G,-0.042,G,0.11617925995918876
GGT,G,-0.311,T,0.08685740191090585
TTC,F,-0.407,C,0.11639362268974429
TTT,F,0.407,T,0.11639362268974429
TAC,Y,-0.065,C,0.11105085704502883
TAT,Y,0.065,T,0.11105085704502884
TGC,C,-0.466,C,0.2919101730074186
TGT,C,0.466,T,0.2919101730074186
