codon,amino_acid,Thalassospira,third_nucl,standard_error
ATA,I,0.887,A,0.11084553843074033
ATC,I,-0.044,C,0.050540493473282024
ATT,I,-0.162,T,0.050424989349851145
ACA,T,0.594,A,0.06842222051118686
ACC,T,-0.569,C,0.05262843946016363
ACG,T,-0.093,G,0.06368009515555276
ACT,T,0.933,T,0.10722492412971005
AAC,N,-0.033,C,0.06688445780242666
AAT,N,0.033,T,0.06688445780242665
AAA,K,0.526,A,0.060670933223184356
AAG,K,-0.526,G,0.060670933223184356
AGC,S,-0.249,C,0.05713569556699625
AGT,S,0.272,T,0.0874989384970677
TCA,S,0.563,A,0.07587567298954037
TCC,S,0.106,C,0.06334950074810891
TCG,S,-0.681,G,0.06081136667344423
TCT,S,0.867,T,0.10213601038831271
AGA,R,1.789,A,0.1814455687157395
AGG,R,0.837,G,0.15941044280227812
CGA,R,0.907,A,0.11683391552890629
CGC,R,-0.542,C,0.05210956971159561
CGG,R,-0.16,G,0.06968694765995989
CGT,R,0.152,T,0.058848831844125024
CTA,L,0.669,A,0.12708704798838374
CTC,L,0.534,C,0.09166912876103075
CTG,L,-0.745,G,0.041574565264617974
CTT,L,0.292,T,0.047525990631787605
TTA,L,0.587,A,0.08577708110070385
TTG,L,0.341,G,0.053757538438497926
CCA,P,0.466,A,0.0845134645973212
CCC,P,0.206,C,0.06079545096533613
CCG,P,-0.696,G,0.05839528088769329
CCT,P,0.715,T,0.09436563030203261
CAC,H,0.182,C,0.09310401157791008
CAT,H,-0.182,T,0.09310401157791007
CAA,Q,0.722,A,0.07289669328016507
CAG,Q,-0.722,G,0.07289669328016507
GTA,V,0.613,A,0.08354997128771231
GTC,V,-0.035,C,0.05874734390305934
GTG,V,-0.216,G,0.05547908160907426
GTT,V,-0.024,T,0.05261621095419537
GCA,A,0.419,A,0.04811182750812999
GCC,A,-0.404,C,0.04096327373649222
GCG,A,-0.104,G,0.0504500413883363
GCT,A,0.433,T,0.06489615189777675
GAC,D,0.033,C,0.05454333556589121
GAT,D,-0.033,T,0.05454333556589121
GAA,E,-0.011,A,0.07741349381772916
GAG,E,0.011,G,0.07741349381772916
GGA,G,1.361,A,0.09013576480693247
GGC,G,-0.442,C,0.05248318093277298
GGG,G,-0.241,G,0.0700684201592706
GGT,G,0.124,T,0.05858724509127756
TTC,F,-0.046,C,0.06828304339778239
TTT,F,0.046,T,0.06828304339778239
TAC,Y,0.255,C,0.10091860562831949
TAT,Y,-0.255,T,0.10091860562831949
TGC,C,-0.334,C,0.14390142256718133
TGT,C,0.334,T,0.14390142256718136
