codon,amino_acid,Thalassoglobus,third_nucl,standard_error
ATA,I,0.882,A,0.12822311798209424
ATC,I,-0.41,C,0.052697724530965724
ATT,I,0.243,T,0.05245175903117775
ACA,T,0.137,A,0.057094353795925486
ACC,T,-0.203,C,0.061919214297314985
ACG,T,-0.186,G,0.06127464871175174
ACT,T,0.217,T,0.060595028393988885
AAC,N,-0.285,C,0.06573304465003339
AAT,N,0.285,T,0.06573304465003339
AAA,K,0.283,A,0.05768198583790389
AAG,K,-0.283,G,0.0576819858379039
AGC,S,-0.488,C,0.06510698551263111
AGT,S,0.009,T,0.0659720490065022
TCA,S,0.204,A,0.05706766841910412
TCC,S,0.109,C,0.06488961512267101
TCG,S,-0.203,G,0.058552274801317965
TCT,S,0.303,T,0.061290201224068176
AGA,R,0.519,A,0.08743142388578068
AGG,R,-0.094,G,0.12779024145622622
CGA,R,0.154,A,0.05687401871758324
CGC,R,-0.236,C,0.06412467005393338
CGG,R,-0.524,G,0.075618390815727
CGT,R,0.154,T,0.0628734779239016
CTA,L,0.534,A,0.10260591381211957
CTC,L,-0.183,C,0.046693788691735745
CTG,L,-0.35,G,0.04696619735935007
CTT,L,0.19,T,0.05038200650260863
TTA,L,0.381,A,0.07161938009812127
TTG,L,0.089,G,0.04876779620155921
CCA,P,0.182,A,0.066077665478494
CCC,P,0.067,C,0.07408749026755318
CCG,P,-0.565,G,0.06532456609835546
CCT,P,0.402,T,0.07051603165688437
CAC,H,0.11,C,0.08558215753019267
CAT,H,-0.11,T,0.08558215753019267
CAA,Q,0.452,A,0.061905027889354425
CAG,Q,-0.452,G,0.061905027889354425
GTA,V,0.897,A,0.10461332173464623
GTC,V,-0.646,C,0.05270316947167349
GTG,V,0.414,G,0.05647046543553884
GTT,V,0.055,T,0.053206222926228126
GCA,A,0.282,A,0.05218723911276915
GCC,A,-0.092,C,0.056813055713983096
GCG,A,-0.182,G,0.058087309057582005
GCT,A,-0.061,T,0.05491677026709873
GAC,D,0.018,C,0.059013320029761895
GAT,D,-0.018,T,0.059013320029761895
GAA,E,0.415,A,0.05794337865388613
GAG,E,-0.415,G,0.05794337865388613
GGA,G,0.196,A,0.06141868796120139
GGC,G,0.047,C,0.07081797787801049
GGG,G,-0.52,G,0.08249458326215717
GGT,G,0.111,T,0.06911309222207766
TTC,F,-0.383,C,0.061149011243816616
TTT,F,0.383,T,0.061149011243816616
TAC,Y,-0.075,C,0.09003416358936307
TAT,Y,0.075,T,0.09003416358936307
TGC,C,-0.352,C,0.11761805554747559
TGT,C,0.352,T,0.11761805554747559
