codon,amino_acid,Thalassobius,third_nucl,standard_error
ATA,I,0.908,A,0.13238478876243745
ATC,I,-0.647,C,0.062032713842655726
ATT,I,0.476,T,0.06546513615490601
ACA,T,0.875,A,0.0875944348399278
ACC,T,-0.44,C,0.05570700315602114
ACG,T,-0.294,G,0.0662683790833624
ACT,T,0.712,T,0.10032145329461908
AAC,N,-0.043,C,0.08209031768721767
AAT,N,0.043,T,0.08209031768721767
AAA,K,0.755,A,0.06872554950390083
AAG,K,-0.755,G,0.06872554950390083
AGC,S,0.07,C,0.06809759109472165
AGT,S,-0.066,T,0.1123531384229724
TCA,S,0.686,A,0.11359108397533138
TCC,S,0.29,C,0.07192893921078453
TCG,S,-0.884,G,0.06916218183774117
TCT,S,0.701,T,0.1050099390808102
AGA,R,1.832,A,0.16746167999642847
AGG,R,0.537,G,0.1691827834088803
CGA,R,0.749,A,0.10977955883066629
CGC,R,-0.235,C,0.05808739744885422
CGG,R,-0.783,G,0.06892581645026237
CGT,R,0.371,T,0.07808947571876458
CTA,L,0.542,A,0.12919482033119467
CTC,L,0.655,C,0.07692952837070616
CTG,L,-0.634,G,0.044596582924713836
CTT,L,0.736,T,0.06429593912376458
TTA,L,0.732,A,0.148817283424523
TTG,L,-0.148,G,0.053184281440122924
CCA,P,0.482,A,0.09911645741724436
CCC,P,0.44,C,0.06731142855223927
CCG,P,-0.853,G,0.064676078846384
CCT,P,0.629,T,0.10280870821313833
CAC,H,0.194,C,0.09924602860194959
CAT,H,-0.194,T,0.09924602860194959
CAA,Q,0.548,A,0.07866408587543058
CAG,Q,-0.548,G,0.07866408587543058
GTA,V,0.68,A,0.10521995204772945
GTC,V,-0.131,C,0.0596217477793229
GTG,V,-0.45,G,0.05827085718948178
GTT,V,0.489,T,0.06696411914863123
GCA,A,0.576,A,0.060368852210495656
GCC,A,-0.121,C,0.04553376228973069
GCG,A,-0.533,G,0.04876332495958182
GCT,A,0.64,T,0.07061336928218392
GAC,D,-0.083,C,0.05709946541581004
GAT,D,0.083,T,0.05709946541581004
GAA,E,-0.237,A,0.08223969136202748
GAG,E,0.237,G,0.08223969136202748
GGA,G,0.967,A,0.08000055006514575
GGC,G,-0.3,C,0.057448932159686765
GGG,G,-0.311,G,0.06995919570281799
GGT,G,0.038,T,0.07083077323427024
TTC,F,-0.429,C,0.07183802569675868
TTT,F,0.429,T,0.07183802569675868
TAC,Y,-0.08,C,0.10639009359620773
TAT,Y,0.08,T,0.10639009359620773
TGC,C,-0.203,C,0.17090859700363004
TGT,C,0.203,T,0.17090859700363004
