codon,amino_acid,Thaumasiovibrio,third_nucl,standard_error
ATA,I,0.526,A,0.07164401422653603
ATC,I,-0.228,C,0.05047973444830554
ATT,I,-0.043,T,0.04895395295488543
ACA,T,0.423,A,0.059727869138051046
ACC,T,-0.348,C,0.057353464211192674
ACG,T,-0.318,G,0.06426659923875526
ACT,T,0.239,T,0.062368288721564864
AAC,N,-0.203,C,0.06225134018541664
AAT,N,0.203,T,0.06225134018541664
AAA,K,0.289,A,0.054961409146006925
AAG,K,-0.289,G,0.054961409146006925
AGC,S,-0.188,C,0.06074816303632356
AGT,S,0.091,T,0.059013223968599586
TCA,S,0.115,A,0.061011615454102434
TCC,S,0.036,C,0.08423037830026431
TCG,S,-0.15,G,0.07482499954629741
TCT,S,0.056,T,0.06064468873240973
AGA,R,0.903,A,0.09199509850412335
AGG,R,0.29,G,0.14026429650982497
CGA,R,0.166,A,0.0740298217153794
CGC,R,-0.332,C,0.06252283868435311
CGG,R,-0.111,G,0.11973496846939191
CGT,R,-0.24,T,0.059994316851010955
CTA,L,0.143,A,0.05781815831341994
CTC,L,-0.177,C,0.052249998981649705
CTG,L,-0.078,G,0.05118552371178905
CTT,L,0.101,T,0.050283895224969816
TTA,L,0.162,A,0.04643986207581691
TTG,L,-0.136,G,0.046134012840283165
CCA,P,0.092,A,0.07097089924277923
CCC,P,0.184,C,0.08659218228349878
CCG,P,-0.244,G,0.08155320579080368
CCT,P,-0.027,T,0.0712699416394994
CAC,H,-0.046,C,0.08454548990239803
CAT,H,0.046,T,0.08454548990239803
CAA,Q,0.028,A,0.06193942163503135
CAG,Q,-0.028,G,0.06193942163503135
GTA,V,0.553,A,0.06290291611240867
GTC,V,-0.487,C,0.0576774246842481
GTG,V,-0.024,G,0.053371677993126705
GTT,V,0.046,T,0.05327519453272994
GCA,A,0.334,A,0.04900104804480962
GCC,A,-0.112,C,0.05536596723338128
GCG,A,-0.439,G,0.05092614859761275
GCT,A,0.21,T,0.05386890422496083
GAC,D,0.023,C,0.06081070853416369
GAT,D,-0.023,T,0.060810708534163684
GAA,E,0.399,A,0.05800733967753504
GAG,E,-0.399,G,0.05800733967753504
GGA,G,0.68,A,0.07905560672931808
GGC,G,-0.223,C,0.06271427053289577
GGG,G,-0.008,G,0.08086464653889924
GGT,G,-0.171,T,0.060632999030818244
TTC,F,-0.42,C,0.06504151155137922
TTT,F,0.42,T,0.06504151155137922
TAC,Y,-0.078,C,0.07670531964377202
TAT,Y,0.078,T,0.07670531964377202
TGC,C,0.191,C,0.12396919304856081
TGT,C,-0.191,T,0.12396919304856083
