codon,amino_acid,Thauera,third_nucl,standard_error
ATA,I,1.067,A,0.2700629056944149
ATC,I,-0.89,C,0.0944119087027387
ATT,I,0.83,T,0.09926098019173597
ACA,T,0.97,A,0.1411438194715306
ACC,T,-0.089,C,0.05959432491910767
ACG,T,-0.413,G,0.06401143878306971
ACT,T,1.003,T,0.13523892359717632
AAC,N,-0.303,C,0.10225336318062518
AAT,N,0.303,T,0.10225336318062518
AAA,K,1.689,A,0.10965989158440655
AAG,K,-1.689,G,0.10965989158440656
AGC,S,-0.05,C,0.0605855729422823
AGT,S,0.594,T,0.13372138396441374
TCA,S,0.869,A,0.16626927805544775
TCC,S,0.721,C,0.07066789376012678
TCG,S,-1.116,G,0.06758718849308222
TCT,S,0.93,T,0.16684352834154237
AGA,R,2.102,A,0.25285624939262447
AGG,R,0.59,G,0.15410855816480415
CGA,R,1.031,A,0.11595028176963536
CGC,R,-0.416,C,0.0530031710724978
CGG,R,-0.357,G,0.07738200548859153
CGT,R,0.198,T,0.07240292484376289
CTA,L,0.624,A,0.18249427604375312
CTC,L,0.224,C,0.045917590531182356
CTG,L,-0.621,G,0.042838165379436466
CTT,L,1.053,T,0.08691130420710938
TTA,L,1.303,A,0.3971235205947417
TTG,L,0.285,G,0.08179627512358144
CCA,P,0.414,A,0.12259509434516717
CCC,P,0.504,C,0.061314172071218136
CCG,P,-0.9,G,0.060237841248361144
CCT,P,1.031,T,0.11573707433370678
CAC,H,-0.141,C,0.10110058165623771
CAT,H,0.141,T,0.1011005816562377
CAA,Q,1.523,A,0.1052418284158541
CAG,Q,-1.523,G,0.1052418284158541
GTA,V,0.665,A,0.1267192483509539
GTC,V,0.126,C,0.054243075669251094
GTG,V,-0.629,G,0.055144901424269685
GTT,V,1.144,T,0.0995037718397133
GCA,A,0.549,A,0.06402262434349064
GCC,A,0.204,C,0.041812594461796644
GCG,A,-0.755,G,0.04644349786271506
GCT,A,0.72,T,0.07968989025924267
GAC,D,-0.353,C,0.06929212324298947
GAT,D,0.353,T,0.06929212324298946
GAA,E,1.194,A,0.06627599419265456
GAG,E,-1.194,G,0.06627599419265456
GGA,G,0.912,A,0.10777030711398873
GGC,G,-0.495,C,0.061636135248671266
GGG,G,0.009,G,0.0911298595556696
GGT,G,0.347,T,0.0807849640731204
TTC,F,-0.677,C,0.10718412670834424
TTT,F,0.677,T,0.10718412670834424
TAC,Y,-0.143,C,0.1176243173966596
TAT,Y,0.143,T,0.1176243173966596
TGC,C,-0.297,C,0.2144753887932074
TGT,C,0.297,T,0.21447538879320743
