codon,amino_acid,Thermosulfurimonas,third_nucl,standard_error
ATA,I,0.579,A,0.1448890667048415
ATC,I,-0.645,C,0.09483139908987105
ATT,I,0.473,T,0.10450009462475524
ACA,T,0.495,A,0.2840880880875863
ACC,T,-0.559,C,0.1150863249803365
ACG,T,0.385,G,0.14295850613567332
ACT,T,0.482,T,0.16700249846452897
AAC,N,-0.658,C,0.15322948523324625
AAT,N,0.658,T,0.15322948523324625
AAA,K,0.339,A,0.08759508630341921
AAG,K,-0.339,G,0.0875950863034192
AGC,S,0.265,C,0.12354977964667128
AGT,S,0.411,T,0.15763767373758994
TCA,S,1.403,A,0.3805923968569019
TCC,S,-0.501,C,0.10361238486354377
TCG,S,-0.038,G,0.14090061934002945
TCT,S,0.05,T,0.1347654414604566
AGA,R,1.086,A,0.1281173949715553
AGG,R,0.801,G,0.09895600354494345
CGA,R,0.148,A,0.13605329371923552
CGC,R,-0.255,C,0.08032821931637803
CGG,R,-0.8,G,0.07414650536304189
CGT,R,0.187,T,0.10289389212077746
CTA,L,0.343,A,0.14947130993968177
CTC,L,-0.213,C,0.06650260047237108
CTG,L,-0.464,G,0.06274953225568895
CTT,L,0.095,T,0.06324253665204416
TTA,L,0.489,A,0.13400471761226462
TTG,L,0.81,G,0.09417018380121804
CCA,P,0.678,A,0.208781575011474
CCC,P,-0.227,C,0.08954169295316601
CCG,P,-0.096,G,0.09524892885547946
CCT,P,0.292,T,0.1131914048673945
CAC,H,-0.347,C,0.1724281230592434
CAT,H,0.347,T,0.1724281230592434
CAA,Q,0.399,A,0.15597444519042925
CAG,Q,-0.399,G,0.15597444519042922
GTA,V,0.325,A,0.10385458388178216
GTC,V,-0.019,C,0.08240751223264486
GTG,V,-0.292,G,0.0736912166786202
GTT,V,0.374,T,0.12004197149458234
GCA,A,0.207,A,0.18535085305678375
GCC,A,-0.428,C,0.07770497658628353
GCG,A,0.255,G,0.0944034695829176
GCT,A,0.478,T,0.11436643672486738
GAC,D,-0.446,C,0.11742501541366905
GAT,D,0.446,T,0.11742501541366905
GAA,E,0.493,A,0.0711561149982116
GAG,E,-0.493,G,0.0711561149982116
GGA,G,0.248,A,0.08497333833153674
GGC,G,-0.179,C,0.09353294000413377
GGG,G,-0.426,G,0.08244908524955244
GGT,G,0.689,T,0.11828575365761633
TTC,F,-0.259,C,0.09882416915507417
TTT,F,0.259,T,0.09882416915507418
TAC,Y,-0.287,C,0.1269828447670991
TAT,Y,0.287,T,0.12698284476709906
TGC,C,0.009,C,0.20125953810432948
TGT,C,-0.009,T,0.20125953810432948
