codon,amino_acid,Thermomonospora,third_nucl,standard_error
ATA,I,0.751,A,0.2443945477249051
ATC,I,-1.476,C,0.16522012489370086
ATT,I,1.905,T,0.2310284590319266
ACA,T,2.133,A,0.20207243546578235
ACC,T,-0.731,C,0.04721820590927955
ACG,T,0.335,G,0.04876630448280207
ACT,T,1.976,T,0.20717945977933233
AAC,N,-1.644,C,0.24403950949712092
AAT,N,1.644,T,0.24403950949712092
AAA,K,1.705,A,0.19760899529630788
AAG,K,-1.705,G,0.1976089952963079
AGC,S,0.39,C,0.0554504525644624
AGT,S,1.676,T,0.19629993967212186
TCA,S,1.322,A,0.20088035838363522
TCC,S,-0.351,C,0.05406872512311017
TCG,S,-0.553,G,0.05572651510026103
TCT,S,1.428,T,0.20989566964530762
AGA,R,2.43,A,0.23415741927678668
AGG,R,0.817,G,0.07599349479452375
CGA,R,1.909,A,0.1280470527535183
CGC,R,-0.32,C,0.036902870173778274
CGG,R,-0.569,G,0.03661025448381996
CGT,R,1.123,T,0.07795300102202343
CTA,L,1.288,A,0.2799621834081956
CTC,L,0.362,C,0.04324814890289158
CTG,L,-0.892,G,0.03976667342931102
CTT,L,1.782,T,0.15055701559243942
TTA,L,2.181,A,0.7529871998180514
TTG,L,1.779,G,0.10236731270379863
CCA,P,1.587,A,0.170407671916242
CCC,P,0.092,C,0.04355831893584945
CCG,P,-0.432,G,0.04298005650092153
CCT,P,1.401,T,0.13235200797257213
CAC,H,-1.053,C,0.1054181656377242
CAT,H,1.053,T,0.1054181656377242
CAA,Q,1.322,A,0.1802972444182963
CAG,Q,-1.322,G,0.18029724441829634
GTA,V,0.997,A,0.15058568149513024
GTC,V,-0.494,C,0.03660710544842392
GTG,V,0.244,G,0.03578737078998301
GTT,V,1.333,T,0.11911129187048648
GCA,A,1.865,A,0.0974616183051495
GCC,A,-0.475,C,0.03177802228449422
GCG,A,0.008,G,0.0323101578069111
GCT,A,1.643,T,0.11488848163005874
GAC,D,-1.32,C,0.0803620506339117
GAT,D,1.32,T,0.0803620506339117
GAA,E,0.814,A,0.06085479713719212
GAG,E,-0.814,G,0.06085479713719212
GGA,G,1.198,A,0.07380578162815608
GGC,G,-0.672,C,0.03957187366893959
GGG,G,-0.012,G,0.043332416302358914
GGT,G,1.077,T,0.07700919859088937
TTC,F,-1.608,C,0.2628762365036344
TTT,F,1.608,T,0.2628762365036344
TAC,Y,-1.066,C,0.15463934593511727
TAT,Y,1.066,T,0.15463934593511727
TGC,C,-1.118,C,0.22066604011501448
TGT,C,1.118,T,0.22066604011501448
