codon,amino_acid,Thermosediminibacter,third_nucl,standard_error
ATA,I,-0.017,A,0.06414533919088677
ATC,I,-0.224,C,0.07426266355440501
ATT,I,0.219,T,0.07018862628607929
ACA,T,0.699,A,0.11079307296505726
ACC,T,-0.646,C,0.0911323758166818
ACG,T,0.025,G,0.10652716245409734
ACT,T,0.231,T,0.11152268236023839
AAC,N,-0.27,C,0.09465288511322424
AAT,N,0.27,T,0.09465288511322424
AAA,K,0.279,A,0.06638165292528171
AAG,K,-0.279,G,0.06638165292528171
AGC,S,-0.339,C,0.09786896028175998
AGT,S,0.5,T,0.12708400813546616
TCA,S,0.25,A,0.13115070986325458
TCC,S,-0.256,C,0.10272250149899398
TCG,S,-0.122,G,0.11441581359009265
TCT,S,0.338,T,0.11942480989622177
AGA,R,0.494,A,0.08718472750143723
AGG,R,-0.231,G,0.07947971478400893
CGA,R,0.16,A,0.171059626918729
CGC,R,-0.207,C,0.12610244864536432
CGG,R,-0.346,G,0.11580403968903644
CGT,R,0.13,T,0.17093597207442918
CTA,L,0.016,A,0.1112196618556369
CTC,L,-0.467,C,0.08368361497867598
CTG,L,-0.587,G,0.0658887436905785
CTT,L,-0.154,T,0.07062793990733371
TTA,L,0.407,A,0.08152115720246483
TTG,L,0.904,G,0.07584907687254948
CCA,P,0.621,A,0.15730118858312478
CCC,P,-0.393,C,0.11127359907212177
CCG,P,-0.331,G,0.11350562834898191
CCT,P,0.536,T,0.12437760341994981
CAC,H,0.001,C,0.15869544194932342
CAT,H,-0.001,T,0.15869544194932345
CAA,Q,0.605,A,0.13388844049798268
CAG,Q,-0.605,G,0.13388844049798268
GTA,V,0.039,A,0.0735584004161515
GTC,V,-0.292,C,0.08917891169025927
GTG,V,-0.049,G,0.07000733572983542
GTT,V,0.254,T,0.08013778391182315
GCA,A,0.271,A,0.08601978035319498
GCC,A,-0.375,C,0.07732901178039824
GCG,A,0.038,G,0.0897710592639037
GCT,A,0.161,T,0.08393182063702388
GAC,D,-0.289,C,0.08723349080942505
GAT,D,0.289,T,0.08723349080942505
GAA,E,0.421,A,0.07621830107093283
GAG,E,-0.421,G,0.07621830107093283
GGA,G,0.204,A,0.08261699589838045
GGC,G,-0.281,C,0.0806050099244663
GGG,G,-0.066,G,0.09437985027188187
GGT,G,0.169,T,0.08811793627622007
TTC,F,-0.415,C,0.09351632718888417
TTT,F,0.415,T,0.09351632718888417
TAC,Y,-0.1,C,0.10679754930881623
TAT,Y,0.1,T,0.10679754930881623
TGC,C,-0.258,C,0.19904292385536868
TGT,C,0.258,T,0.19904292385536868
