codon,amino_acid,Thermosulfidibacter,third_nucl,standard_error
ATA,I,0.193,A,0.0724941285681162
ATC,I,-0.332,C,0.09345385030118884
ATT,I,0.007,T,0.07636873522772954
ACA,T,0.405,A,0.10540328308691224
ACC,T,-0.512,C,0.10781061484888581
ACG,T,0.157,G,0.1558566887447724
ACT,T,0.025,T,0.1089528694340002
AAC,N,-0.191,C,0.11753089661919629
AAT,N,0.191,T,0.11753089661919629
AAA,K,0.011,A,0.06658329706698408
AAG,K,-0.011,G,0.06658329706698408
AGC,S,0.236,C,0.11570647525372983
AGT,S,0.584,T,0.12089682056310437
TCA,S,-0.183,A,0.13343223507986218
TCC,S,-0.272,C,0.1290294973796508
TCG,S,-0.086,G,0.1904379732304045
TCT,S,-0.347,T,0.11094895340604793
AGA,R,0.177,A,0.08500984649831693
AGG,R,-0.058,G,0.08743394986186812
CGA,R,-0.064,A,0.24724100245576663
CGC,R,-0.27,C,0.18695325163503793
CGG,R,-0.01,G,0.24442469103187964
CGT,R,-0.27,T,0.1827426943974564
CTA,L,0.265,A,0.10692730000293309
CTC,L,-0.407,C,0.11845941654711732
CTG,L,-0.109,G,0.08908295884239562
CTT,L,-0.338,T,0.07055821394158032
TTA,L,0.222,A,0.08142046686153069
TTG,L,0.277,G,0.07221462341099823
CCA,P,0.378,A,0.12737556711662526
CCC,P,-0.151,C,0.12261202201090167
CCG,P,0.26,G,0.1638855612932202
CCT,P,-0.286,T,0.11385620951360324
CAC,H,-0.285,C,0.1831171053948178
CAT,H,0.285,T,0.1831171053948178
CAA,Q,0.079,A,0.14176090379986242
CAG,Q,-0.079,G,0.14176090379986242
GTA,V,0.172,A,0.07948661667109497
GTC,V,0.123,C,0.1271501476899878
GTG,V,0.045,G,0.07414424051725116
GTT,V,-0.223,T,0.07200996102188456
GCA,A,0.401,A,0.09047736832827037
GCC,A,-0.473,C,0.10581381036937403
GCG,A,0.282,G,0.12023206932949171
GCT,A,-0.18,T,0.08628759492395477
GAC,D,-0.176,C,0.11052305699429263
GAT,D,0.176,T,0.11052305699429263
GAA,E,0.141,A,0.07524982571868062
GAG,E,-0.141,G,0.07524982571868062
GGA,G,0.146,A,0.0861899178538413
GGC,G,-0.17,C,0.11100845242113132
GGG,G,0.061,G,0.10798564234586362
GGT,G,-0.086,T,0.08849642322704983
TTC,F,-0.464,C,0.10576162185643524
TTT,F,0.464,T,0.10576162185643524
TAC,Y,-0.237,C,0.11660449556987514
TAT,Y,0.237,T,0.11660449556987514
TGC,C,0.073,C,0.19136571693463036
TGT,C,-0.073,T,0.19136571693463034
