codon,amino_acid,Thermoclostridium,third_nucl,standard_error
ATA,I,0.138,A,0.05873877550220677
ATC,I,-0.18,C,0.08011089213278604
ATT,I,-0.04,T,0.05806333070716705
ACA,T,0.284,A,0.08532072581811155
ACC,T,-0.492,C,0.09017909670512758
ACG,T,0.009,G,0.09876203123063274
ACT,T,0.239,T,0.10510085801806907
AAC,N,-0.297,C,0.07557719976495587
AAT,N,0.297,T,0.07557719976495587
AAA,K,0.327,A,0.06288092402824476
AAG,K,-0.327,G,0.06288092402824476
AGC,S,-0.195,C,0.09233185317279433
AGT,S,0.468,T,0.09951150585102553
TCA,S,0.103,A,0.0901548837306949
TCC,S,-0.459,C,0.10811717979696758
TCG,S,-0.192,G,0.10553044663860205
TCT,S,0.292,T,0.1204337363403111
AGA,R,0.396,A,0.07795159466192673
AGG,R,-0.056,G,0.08218515904994612
CGA,R,0.521,A,0.1818674469231892
CGC,R,-0.788,C,0.14260666836216207
CGG,R,-0.15,G,0.1148210368189679
CGT,R,-0.308,T,0.12179521938512741
CTA,L,0.334,A,0.20816144113798835
CTC,L,-0.482,C,0.11807500027042658
CTG,L,-0.502,G,0.0630362390520849
CTT,L,-0.35,T,0.06303771141521591
TTA,L,0.538,A,0.0755354831864307
TTG,L,0.714,G,0.07119245387466387
CCA,P,0.683,A,0.14901557497879023
CCC,P,-0.232,C,0.12419630491525979
CCG,P,-0.063,G,0.10779995257466106
CCT,P,-0.127,T,0.11721327844724402
CAC,H,-0.287,C,0.1584695368770624
CAT,H,0.287,T,0.1584695368770624
CAA,Q,0.564,A,0.12504013640611267
CAG,Q,-0.564,G,0.12504013640611267
GTA,V,0.103,A,0.07226380366771766
GTC,V,-0.217,C,0.09818341775448557
GTG,V,0.158,G,0.07160788719328559
GTT,V,-0.124,T,0.06652886651928439
GCA,A,0.209,A,0.07669107223303497
GCC,A,-0.598,C,0.08820047693411273
GCG,A,-0.057,G,0.08742578493113512
GCT,A,0.419,T,0.08843780582485883
GAC,D,-0.241,C,0.0800387519712447
GAT,D,0.241,T,0.0800387519712447
GAA,E,0.211,A,0.07620305566704726
GAG,E,-0.211,G,0.07620305566704726
GGA,G,0.237,A,0.07572734591359313
GGC,G,-0.385,C,0.08595955706941738
GGG,G,-0.264,G,0.1005163901294215
GGT,G,0.265,T,0.08181141771037509
TTC,F,-0.402,C,0.08984704708669877
TTT,F,0.402,T,0.08984704708669877
TAC,Y,-0.18,C,0.0944884263565176
TAT,Y,0.18,T,0.0944884263565176
TGC,C,-0.337,C,0.16421512475763414
TGT,C,0.337,T,0.16421512475763414
