codon,amino_acid,Thermobaculum,third_nucl,standard_error
ATA,I,0.118,A,0.06274310415176836
ATC,I,-0.264,C,0.06546982295201233
ATT,I,0.224,T,0.08434011941510419
ACA,T,0.44,A,0.08900490494695161
ACC,T,-0.323,C,0.0756489058437344
ACG,T,-0.225,G,0.0888894899790672
ACT,T,0.183,T,0.08096683038497954
AAC,N,-0.359,C,0.09690101263029452
AAT,N,0.359,T,0.0969010126302945
AAA,K,0.21,A,0.08544028990524276
AAG,K,-0.21,G,0.08544028990524276
AGC,S,0.107,C,0.07019956627271695
AGT,S,0.607,T,0.09672619989735888
TCA,S,0.05,A,0.098542792902558
TCC,S,-0.488,C,0.08446396979054148
TCG,S,-0.348,G,0.09565998316048152
TCT,S,0.077,T,0.0822169748875179
AGA,R,0.622,A,0.06818409570517567
AGG,R,-0.094,G,0.06321122585840454
CGA,R,-0.023,A,0.10622038887616848
CGC,R,-0.5,C,0.08179183351484066
CGG,R,-0.593,G,0.10699306533737936
CGT,R,0.179,T,0.10574236285420614
CTA,L,0.112,A,0.06994948457287906
CTC,L,-0.421,C,0.06852753955449963
CTG,L,-0.459,G,0.053946374909167656
CTT,L,-0.016,T,0.07008745834070088
TTA,L,0.419,A,0.09738130039206523
TTG,L,0.787,G,0.06679785368022505
CCA,P,0.329,A,0.08997116714447971
CCC,P,-0.03,C,0.08479172386735338
CCG,P,-0.292,G,0.1001270766289148
CCT,P,-0.044,T,0.08394766395600525
CAC,H,-0.194,C,0.11812472979671979
CAT,H,0.194,T,0.11812472979671979
CAA,Q,0.467,A,0.09454293943502082
CAG,Q,-0.467,G,0.09454293943502082
GTA,V,0.179,A,0.06504266423896331
GTC,V,-0.336,C,0.07295932408543507
GTG,V,-0.055,G,0.05787865508156525
GTT,V,0.221,T,0.07695932640969687
GCA,A,0.584,A,0.07076370615065591
GCC,A,-0.47,C,0.06581179332003684
GCG,A,-0.223,G,0.07255306814762823
GCT,A,0.148,T,0.06303521855820984
GAC,D,-0.2,C,0.07414672967384393
GAT,D,0.2,T,0.07414672967384392
GAA,E,0.462,A,0.06966684521965923
GAG,E,-0.462,G,0.06966684521965921
GGA,G,0.249,A,0.07296193852554936
GGC,G,-0.198,C,0.06687355021106427
GGG,G,-0.291,G,0.07565053915370717
GGT,G,0.27,T,0.07297884456583813
TTC,F,-0.51,C,0.09788850587969562
TTT,F,0.51,T,0.09788850587969562
TAC,Y,-0.136,C,0.09792749669473551
TAT,Y,0.136,T,0.09792749669473551
TGC,C,-0.111,C,0.18210804742387485
TGT,C,0.111,T,0.18210804742387485
