codon,amino_acid,Thermodesulfobium,third_nucl,standard_error
ATA,I,-0.039,A,0.0648171166140032
ATC,I,-0.112,C,0.103884249266898
ATT,I,0.081,T,0.06432196036454717
ACA,T,0.154,A,0.10538507978535891
ACC,T,-0.358,C,0.15974009355438726
ACG,T,0.32,G,0.174743422607679
ACT,T,-0.107,T,0.10394291925998811
AAC,N,-0.114,C,0.09178464587572527
AAT,N,0.114,T,0.09178464587572527
AAA,K,0.239,A,0.06882481004295522
AAG,K,-0.239,G,0.06882481004295522
AGC,S,0.327,C,0.1117457018417127
AGT,S,0.428,T,0.10148333560361272
TCA,S,-0.1,A,0.09085804331057153
TCC,S,-0.368,C,0.17361823094605153
TCG,S,-0.187,G,0.15977747202908382
TCT,S,-0.259,T,0.08493342194346881
AGA,R,-0.049,A,0.10327920374608054
AGG,R,-0.278,G,0.11941958025604991
CGA,R,0.584,A,0.278979689464028
CGC,R,0.388,C,0.3034548861114808
CGG,R,1.285,G,0.8032561320941746
CGT,R,0.474,T,0.2260957738177464
CTA,L,-0.318,A,0.09855760166153535
CTC,L,-0.749,C,0.15945383738972824
CTG,L,-0.287,G,0.15702271763341
CTT,L,-0.615,T,0.0711117177750152
TTA,L,0.267,A,0.06490815465585101
TTG,L,0.666,G,0.07207843347171625
CCA,P,0.149,A,0.11953068703477635
CCC,P,-0.353,C,0.19425231919569783
CCG,P,0.181,G,0.23729612718041462
CCT,P,-0.057,T,0.12253359185505902
CAC,H,-0.252,C,0.19111848045858842
CAT,H,0.252,T,0.19111848045858842
CAA,Q,0.058,A,0.14799532540707053
CAG,Q,-0.058,G,0.14799532540707053
GTA,V,-0.272,A,0.08385715007277884
GTC,V,-0.18,C,0.15672294848744014
GTG,V,0.88,G,0.11005651670820397
GTT,V,-0.199,T,0.07909206657544751
GCA,A,-0.115,A,0.09563690946752945
GCC,A,-0.131,C,0.15837178324752454
GCG,A,0.112,G,0.17148819454988995
GCT,A,0.13,T,0.09610559495308538
GAC,D,-0.055,C,0.10532365191279822
GAT,D,0.055,T,0.10532365191279822
GAA,E,-0.009,A,0.09247793295576497
GAG,E,0.009,G,0.09247793295576497
GGA,G,0.194,A,0.09412604767055308
GGC,G,-0.516,C,0.11765317420556352
GGG,G,0.162,G,0.1353277468470612
GGT,G,0.085,T,0.09679799553639772
TTC,F,0.029,C,0.11932335475703584
TTT,F,-0.029,T,0.11932335475703584
TAC,Y,0.099,C,0.12895724504222192
TAT,Y,-0.099,T,0.12895724504222192
TGC,C,-0.266,C,0.24332218426564894
TGT,C,0.266,T,0.24332218426564894
