codon,amino_acid,Thermosulfuriphilus,third_nucl,standard_error
ATA,I,0.316,A,0.08750166509405403
ATC,I,-0.069,C,0.07027097381147594
ATT,I,-0.146,T,0.07205937509460728
ACA,T,0.419,A,0.13287304122173732
ACC,T,-0.413,C,0.09321864443907522
ACG,T,0.091,G,0.14336238108512347
ACT,T,0.245,T,0.1130887766117064
AAC,N,0.041,C,0.12100809980797916
AAT,N,-0.041,T,0.12100809980797916
AAA,K,0.126,A,0.07252856275587319
AAG,K,-0.126,G,0.07252856275587319
AGC,S,0.083,C,0.10525289081609285
AGT,S,0.141,T,0.11489500495934656
TCA,S,0.23,A,0.13873746603296722
TCC,S,-0.171,C,0.09437696210633202
TCG,S,-0.384,G,0.1469408826795586
TCT,S,0.058,T,0.09054067918935321
AGA,R,0.89,A,0.08998993854038824
AGG,R,0.314,G,0.0912072321152845
CGA,R,0.045,A,0.10784661506835254
CGC,R,-0.404,C,0.09301653175534706
CGG,R,-0.728,G,0.08709363006281565
CGT,R,-0.097,T,0.09326293405675366
CTA,L,0.225,A,0.10892325377822289
CTC,L,-0.192,C,0.06882682921594749
CTG,L,-0.134,G,0.0645490828910055
CTT,L,-0.184,T,0.05696037103026276
TTA,L,0.285,A,0.09111477266335659
TTG,L,0.454,G,0.07852699402569872
CCA,P,0.435,A,0.12199553728814705
CCC,P,-0.124,C,0.09140920166860869
CCG,P,-0.185,G,0.11068755231557087
CCT,P,0.009,T,0.09620831319210284
CAC,H,-0.423,C,0.15500623172526612
CAT,H,0.423,T,0.15500623172526612
CAA,Q,0.373,A,0.11319319312758719
CAG,Q,-0.373,G,0.11319319312758719
GTA,V,-0.013,A,0.091898780977995
GTC,V,0.02,C,0.07646285649504331
GTG,V,-0.096,G,0.07621778324385606
GTT,V,0.09,T,0.07836152360911966
GCA,A,1.005,A,0.13999496464428834
GCC,A,-0.492,C,0.07121700997995331
GCG,A,0.279,G,0.117843308175262
GCT,A,0.16,T,0.0835805929148426
GAC,D,0.281,C,0.09591277264195607
GAT,D,-0.281,T,0.09591277264195607
GAA,E,0.498,A,0.07096662668677195
GAG,E,-0.498,G,0.07096662668677195
GGA,G,0.105,A,0.08229494901081681
GGC,G,-0.137,C,0.08426746454632124
GGG,G,-0.272,G,0.08656280156276423
GGT,G,0.321,T,0.08839143424222928
TTC,F,-0.077,C,0.09639997851328684
TTT,F,0.077,T,0.09639997851328684
TAC,Y,-0.15,C,0.12257895069537296
TAT,Y,0.15,T,0.12257895069537296
TGC,C,-0.139,C,0.18252380824771758
TGT,C,0.139,T,0.18252380824771758
