codon,amino_acid,Thermanaerosceptrum,third_nucl,standard_error
ATA,I,0.28,A,0.058986771495987494
ATC,I,-0.225,C,0.054168307277629266
ATT,I,-0.011,T,0.05015092518797395
ACA,T,0.431,A,0.07183903290447725
ACC,T,-0.389,C,0.0676089696952316
ACG,T,-0.132,G,0.09035898927720473
ACT,T,0.098,T,0.07379791109645575
AAC,N,-0.117,C,0.07144228640461897
AAT,N,0.117,T,0.07144228640461896
AAA,K,0.249,A,0.053215320216406334
AAG,K,-0.249,G,0.053215320216406334
AGC,S,0.041,C,0.08031284071571469
AGT,S,0.323,T,0.07568670656506384
TCA,S,0.275,A,0.09650826897280187
TCC,S,-0.521,C,0.0836468645534817
TCG,S,-0.241,G,0.13115041473476444
TCT,S,-0.015,T,0.08674504854188574
AGA,R,0.834,A,0.07383647281667613
AGG,R,-0.084,G,0.08020284013657207
CGA,R,0.435,A,0.13497196267919434
CGC,R,-0.485,C,0.09361933737547283
CGG,R,-0.653,G,0.0870932750026926
CGT,R,-0.196,T,0.08512827918446693
CTA,L,0.345,A,0.08623947946344639
CTC,L,-0.331,C,0.07256565290377191
CTG,L,-0.61,G,0.05195650302510698
CTT,L,-0.124,T,0.058117576776924466
TTA,L,0.314,A,0.050366677643780285
TTG,L,0.475,G,0.05577026211862883
CCA,P,1.015,A,0.10595923363506249
CCC,P,-0.556,C,0.08244609618660544
CCG,P,-0.071,G,0.09602637577328005
CCT,P,-0.004,T,0.08103078095191812
CAC,H,-0.166,C,0.11508837055243358
CAT,H,0.166,T,0.11508837055243358
CAA,Q,0.586,A,0.07804180049627871
CAG,Q,-0.586,G,0.07804180049627871
GTA,V,-0.005,A,0.05830693657471708
GTC,V,-0.342,C,0.0717684981073383
GTG,V,0.229,G,0.05681201267323609
GTT,V,-0.008,T,0.057994757897044794
GCA,A,0.532,A,0.06960780783626223
GCC,A,-0.506,C,0.059938722847749995
GCG,A,0.076,G,0.08765692612336344
GCT,A,0.103,T,0.06304264317602036
GAC,D,-0.16,C,0.07290736091161158
GAT,D,0.16,T,0.0729073609116116
GAA,E,0.103,A,0.060253090884228956
GAG,E,-0.103,G,0.060253090884228956
GGA,G,0.135,A,0.06759683792348169
GGC,G,-0.1,C,0.06730555306734176
GGG,G,-0.172,G,0.07459247435192166
GGT,G,0.096,T,0.06266554799744453
TTC,F,-0.229,C,0.07961673738250585
TTT,F,0.229,T,0.07961673738250585
TAC,Y,-0.016,C,0.0855005003276678
TAT,Y,0.016,T,0.0855005003276678
TGC,C,-0.509,C,0.13312137193562742
TGT,C,0.509,T,0.13312137193562742
