codon,amino_acid,Thermotomaculum,third_nucl,standard_error
ATA,I,0.124,A,0.06418482730191058
ATC,I,-0.14,C,0.10917221199554357
ATT,I,-0.07,T,0.061680402366130316
ACA,T,-0.128,A,0.09502142653414103
ACC,T,-0.213,C,0.12482992575870613
ACG,T,0.807,G,0.23761374049694853
ACT,T,0.147,T,0.1068513335620629
AAC,N,-0.267,C,0.08919471066891922
AAT,N,0.267,T,0.08919471066891922
AAA,K,0.167,A,0.060710913253995344
AAG,K,-0.167,G,0.060710913253995344
AGC,S,0.1,C,0.12298899718487516
AGT,S,0.808,T,0.10617905385513265
TCA,S,-0.248,A,0.08964043345912129
TCC,S,-0.475,C,0.1596523242222156
TCG,S,0.362,G,0.25769431350912
TCT,S,-0.365,T,0.1045044895926153
AGA,R,0.579,A,0.09401985855424702
AGG,R,-0.742,G,0.0967369424240174
CGA,R,0.927,A,0.4209316704299051
CGC,R,0.605,C,0.3782804652221174
CGG,R,0.407,G,0.5290990456378599
CGT,R,0.246,T,0.2887538514259448
CTA,L,0.225,A,0.12448305214354728
CTC,L,-0.489,C,0.15420561793704088
CTG,L,0.361,G,0.12644629212215233
CTT,L,-0.582,T,0.06564165605906572
TTA,L,0.328,A,0.06064606804083781
TTG,L,0.169,G,0.0765963740983763
CCA,P,-0.36,A,0.13819766993431631
CCC,P,0.012,C,0.19385712645455785
CCG,P,0.54,G,0.16474184820357227
CCT,P,-0.003,T,0.11680772480598824
CAC,H,-0.29,C,0.17040889668399242
CAT,H,0.29,T,0.17040889668399242
CAA,Q,0.603,A,0.14275434843434825
CAG,Q,-0.603,G,0.14275434843434823
GTA,V,0.241,A,0.0824713510146837
GTC,V,-0.285,C,0.16626936047067234
GTG,V,0.052,G,0.1020281649245812
GTT,V,-0.159,T,0.07271705070030125
GCA,A,-0.019,A,0.08764684827979467
GCC,A,-0.179,C,0.143445794828753
GCG,A,0.437,G,0.1525955588541295
GCT,A,-0.066,T,0.09599842576047043
GAC,D,-0.216,C,0.10249176649683046
GAT,D,0.216,T,0.10249176649683046
GAA,E,0.445,A,0.082954296790591
GAG,E,-0.445,G,0.08295429679059102
GGA,G,0.231,A,0.08537233814119617
GGC,G,-0.236,C,0.11700908680728044
GGG,G,-0.211,G,0.10203033046744002
GGT,G,0.062,T,0.09549234514280462
TTC,F,-0.646,C,0.10793223460764163
TTT,F,0.646,T,0.10793223460764163
TAC,Y,-0.202,C,0.10654073550489133
TAT,Y,0.202,T,0.10654073550489133
TGC,C,-0.655,C,0.20409535266297052
TGT,C,0.655,T,0.20409535266297052
