codon,amino_acid,Thermaerobacter,third_nucl,standard_error
ATA,I,1.259,A,0.5688966824468784
ATC,I,-0.864,C,0.1713124799812958
ATT,I,0.803,T,0.17866923116368869
ACA,T,0.94,A,0.24380526141281256
ACC,T,-0.491,C,0.08212493163322385
ACG,T,0.335,G,0.08375776544629392
ACT,T,0.59,T,0.3045039812608541
AAC,N,-0.53,C,0.22325042856275412
AAT,N,0.53,T,0.22325042856275412
AAA,K,1.036,A,0.24717537701554962
AAG,K,-1.036,G,0.24717537701554962
AGC,S,-0.123,C,0.09672902315580707
AGT,S,0.18,T,0.23398860949798822
TCA,S,0.909,A,0.37133567447701127
TCC,S,-0.052,C,0.09809819323381935
TCG,S,-0.03,G,0.1107316396642673
TCT,S,0.732,T,0.28559861364740463
AGA,R,1.028,A,0.3662720557121321
AGG,R,1.157,G,0.16904899224818956
CGA,R,1.22,A,0.16003278361849133
CGC,R,-0.162,C,0.05875274109513842
CGG,R,-0.401,G,0.0575801187161718
CGT,R,0.711,T,0.12493518260078218
CTA,L,0.63,A,0.2699613078398822
CTC,L,-0.103,C,0.07331492096880765
CTG,L,-0.7,G,0.05951765958162718
CTT,L,0.644,T,0.14205410944073088
TTA,L,0.612,A,0.37378236559345795
TTG,L,1.323,G,0.09373534349561705
CCA,P,1.278,A,0.19318701581813608
CCC,P,-0.328,C,0.06946482103289461
CCG,P,-0.051,G,0.06865895524082044
CCT,P,0.759,T,0.15512523061717068
CAC,H,-1.03,C,0.16948401459512186
CAT,H,1.03,T,0.16948401459512186
CAA,Q,1.101,A,0.16096300855871454
CAG,Q,-1.101,G,0.16096300855871454
GTA,V,0.507,A,0.1778505436415386
GTC,V,-0.466,C,0.06074080848610966
GTG,V,0.273,G,0.05763358429491974
GTT,V,0.524,T,0.14189325840851943
GCA,A,1.005,A,0.1020502889927116
GCC,A,-0.516,C,0.05120472736861786
GCG,A,0.181,G,0.05349000683488873
GCT,A,0.432,T,0.12098834774819062
GAC,D,-0.591,C,0.10649219491047836
GAT,D,0.591,T,0.10649219491047836
GAA,E,0.871,A,0.08645621518151
GAG,E,-0.871,G,0.08645621518151
GGA,G,0.842,A,0.10560031865761618
GGC,G,-0.436,C,0.05870810102263797
GGG,G,-0.029,G,0.06483196041173911
GGT,G,0.449,T,0.09231596754350535
TTC,F,-0.782,C,0.1591471903946876
TTT,F,0.782,T,0.1591471903946876
TAC,Y,-0.706,C,0.18936886697415106
TAT,Y,0.706,T,0.18936886697415106
TGC,C,-0.748,C,0.37151208957670107
TGT,C,0.748,T,0.37151208957670107
