codon,amino_acid,Thermotoga,third_nucl,standard_error
ATA,I,-0.119,A,0.0627441896718357
ATC,I,-0.077,C,0.06869195266195398
ATT,I,0.202,T,0.06598389997425441
ACA,T,-0.018,A,0.09189632712210326
ACC,T,0.061,C,0.11852887933708108
ACG,T,-0.345,G,0.134323735039518
ACT,T,0.177,T,0.10069764269863311
AAC,N,-0.077,C,0.10107664550838308
AAT,N,0.077,T,0.10107664550838308
AAA,K,-0.121,A,0.0671252927451118
AAG,K,0.121,G,0.0671252927451118
AGC,S,0.204,C,0.13263299058076886
AGT,S,0.363,T,0.09404123546192154
TCA,S,-0.118,A,0.09370892006195698
TCC,S,-0.067,C,0.15196247191528003
TCG,S,-0.155,G,0.12627537210883863
TCT,S,-0.236,T,0.09513495482601428
AGA,R,-0.169,A,0.0878251899890104
AGG,R,0.303,G,0.11211103846482487
CGA,R,-0.19,A,0.1657071330731508
CGC,R,0.002,C,0.2220144295074175
CGG,R,0.277,G,0.2656714318680241
CGT,R,0.01,T,0.1638893164630827
CTA,L,0.036,A,0.11891772443429093
CTC,L,-0.358,C,0.08037879537306684
CTG,L,-0.092,G,0.09190340248039774
CTT,L,-0.168,T,0.06631383627579814
TTA,L,0.045,A,0.07471447649719584
TTG,L,0.33,G,0.059738017794366036
CCA,P,-0.189,A,0.11303526996107258
CCC,P,-0.148,C,0.17764747400970002
CCG,P,0.413,G,0.1698914899069451
CCT,P,0.094,T,0.12892156522412765
CAC,H,-0.192,C,0.1720051697339673
CAT,H,0.192,T,0.1720051697339673
CAA,Q,0.098,A,0.11821786386403794
CAG,Q,-0.098,G,0.11821786386403794
GTA,V,-0.029,A,0.0800761463602112
GTC,V,-0.451,C,0.08690326018315553
GTG,V,0.834,G,0.07506341858811237
GTT,V,-0.407,T,0.06561201093156489
GCA,A,0.085,A,0.08367562497630399
GCC,A,-0.296,C,0.11486156162732077
GCG,A,0.115,G,0.11776321411464787
GCT,A,0.023,T,0.08980300073015515
GAC,D,-0.162,C,0.11266827959091774
GAT,D,0.162,T,0.11266827959091774
GAA,E,-0.258,A,0.08600920116095277
GAG,E,0.258,G,0.08600920116095277
GGA,G,0.125,A,0.0862580683549137
GGC,G,0.009,C,0.12546652837279818
GGG,G,0.024,G,0.1422173850841287
GGT,G,-0.128,T,0.08315994260524959
TTC,F,-0.138,C,0.0858339784228763
TTT,F,0.138,T,0.0858339784228763
TAC,Y,0.134,C,0.10977412354262366
TAT,Y,-0.134,T,0.10977412354262366
TGC,C,0.274,C,0.22171461655802854
TGT,C,-0.274,T,0.22171461655802854
