codon,amino_acid,Thermoactinomyces,third_nucl,standard_error
ATA,I,0.842,A,0.12574362197519554
ATC,I,-0.365,C,0.06357344736271175
ATT,I,0.127,T,0.06351802597075967
ACA,T,0.821,A,0.09840076993311436
ACC,T,-0.512,C,0.08115257884726275
ACG,T,-0.172,G,0.08900836542398695
ACT,T,0.168,T,0.12000124351655304
AAC,N,-0.21,C,0.09014745502810652
AAT,N,0.21,T,0.09014745502810652
AAA,K,0.024,A,0.06808640004103421
AAG,K,-0.024,G,0.06808640004103421
AGC,S,-0.279,C,0.09280411297288471
AGT,S,0.748,T,0.1079523912361659
TCA,S,0.665,A,0.10929113327822217
TCC,S,-0.648,C,0.08398482975569467
TCG,S,-0.28,G,0.10196754758154752
TCT,S,0.315,T,0.10950079417390088
AGA,R,0.893,A,0.10313699711025458
AGG,R,0.299,G,0.12885360067132715
CGA,R,1.047,A,0.13176569326081294
CGC,R,-0.655,C,0.09096680514001071
CGG,R,-0.806,G,0.081934947215572
CGT,R,0.244,T,0.09013479911229648
CTA,L,0.887,A,0.24782944765416964
CTC,L,-0.19,C,0.09382228140492913
CTG,L,-0.32,G,0.06464647209597393
CTT,L,0.034,T,0.07665734941908174
TTA,L,0.366,A,0.08050609518002307
TTG,L,0.053,G,0.053114614336080675
CCA,P,1.037,A,0.1339073231940966
CCC,P,-0.222,C,0.10723756560642626
CCG,P,-0.574,G,0.08788602334146405
CCT,P,0.46,T,0.11591749625023276
CAC,H,-0.563,C,0.12158395776009542
CAT,H,0.563,T,0.12158395776009541
CAA,Q,0.249,A,0.0897634305890195
CAG,Q,-0.249,G,0.08976343058901952
GTA,V,0.564,A,0.10388979997194989
GTC,V,-0.461,C,0.07370902830450964
GTG,V,0.157,G,0.06142048734436787
GTT,V,-0.047,T,0.0716501715411988
GCA,A,0.916,A,0.08120061752307833
GCC,A,-0.667,C,0.07526557367548338
GCG,A,-0.315,G,0.0811174843821497
GCT,A,0.237,T,0.08889207877970234
GAC,D,-0.247,C,0.08508200345986333
GAT,D,0.247,T,0.08508200345986333
GAA,E,0.084,A,0.07475679865889075
GAG,E,-0.084,G,0.07475679865889075
GGA,G,0.228,A,0.07338734890245578
GGC,G,-0.199,C,0.08722458085119182
GGG,G,-0.46,G,0.08667662278016279
GGT,G,0.394,T,0.08925079643174862
TTC,F,-0.291,C,0.08910027601218426
TTT,F,0.291,T,0.08910027601218426
TAC,Y,-0.284,C,0.10577168714981393
TAT,Y,0.284,T,0.10577168714981393
TGC,C,-0.16,C,0.17887389353627403
TGT,C,0.16,T,0.17887389353627403
