codon,amino_acid,Thermovibrio,third_nucl,standard_error
ATA,I,-0.155,A,0.08353611814300745
ATC,I,-0.154,C,0.09869517979220928
ATT,I,0.347,T,0.09604112924739441
ACA,T,0.295,A,0.1278720321579742
ACC,T,-0.38,C,0.099295149822269
ACG,T,0.084,G,0.12135194388461501
ACT,T,0.319,T,0.14573719025500995
AAC,N,-0.439,C,0.19349794737863013
AAT,N,0.439,T,0.19349794737863013
AAA,K,0.089,A,0.07017857621159826
AAG,K,-0.089,G,0.07017857621159826
AGC,S,0.341,C,0.10159097982238731
AGT,S,0.922,T,0.15629509548511103
TCA,S,-0.093,A,0.16092591351819113
TCC,S,-0.45,C,0.10191796038483633
TCG,S,-0.387,G,0.1342268818179415
TCT,S,-0.055,T,0.12112335900667051
AGA,R,0.932,A,0.09865420054278075
AGG,R,-0.238,G,0.07976861804012388
CGA,R,0.144,A,0.218991723716161
CGC,R,-0.76,C,0.14022095138885154
CGG,R,-0.393,G,0.15035800914850334
CGT,R,-0.377,T,0.18388351677496004
CTA,L,0.146,A,0.12237657542590874
CTC,L,-0.513,C,0.06269081667934355
CTG,L,-0.033,G,0.06936853429511038
CTT,L,-0.118,T,0.06531318967370822
TTA,L,0.532,A,0.1094544030509427
TTG,L,1.123,G,0.11262965449172718
CCA,P,0.486,A,0.22906882693314573
CCC,P,-0.56,C,0.10837700135783596
CCG,P,0.272,G,0.11652151010640656
CCT,P,0.364,T,0.13449980334467396
CAC,H,-0.298,C,0.3528256649635548
CAT,H,0.298,T,0.3528256649635548
CAA,Q,0.135,A,0.1651653621793429
CAG,Q,-0.135,G,0.1651653621793429
GTA,V,0.213,A,0.07904636085783287
GTC,V,-0.41,C,0.11236246892822103
GTG,V,0.61,G,0.08186937716187834
GTT,V,-0.439,T,0.06790164085378954
GCA,A,0.114,A,0.09110897142905433
GCC,A,-0.612,C,0.07728943335234441
GCG,A,0.183,G,0.10645502696218588
GCT,A,0.814,T,0.10749737775310458
GAC,D,-0.4,C,0.12486928082267303
GAT,D,0.4,T,0.12486928082267303
GAA,E,0.314,A,0.07652276780255773
GAG,E,-0.314,G,0.07652276780255773
GGA,G,0.403,A,0.08607231009144518
GGC,G,-0.462,C,0.09076287967811639
GGG,G,-0.261,G,0.0998645928499806
GGT,G,0.346,T,0.10665348547932718
TTC,F,-0.447,C,0.09373748878203962
TTT,F,0.447,T,0.09373748878203962
TAC,Y,-0.579,C,0.1983253128232693
TAT,Y,0.579,T,0.1983253128232693
TGC,C,-0.271,C,0.21820029420179243
TGT,C,0.271,T,0.21820029420179243
