codon,amino_acid,Thermus,third_nucl,standard_error
ATA,I,0.195,A,0.15954628156901324
ATC,I,-0.345,C,0.11048706213978117
ATT,I,0.378,T,0.1361155586810214
ACA,T,0.525,A,0.24537497439493722
ACC,T,-0.325,C,0.09515988582629692
ACG,T,0.192,G,0.10485756392770755
ACT,T,0.452,T,0.22249128268558924
AAC,N,-0.348,C,0.2128709962095754
AAT,N,0.348,T,0.2128709962095754
AAA,K,0.628,A,0.11059172213642922
AAG,K,-0.628,G,0.11059172213642922
AGC,S,0.128,C,0.09195017849155679
AGT,S,0.583,T,0.23152812221237945
TCA,S,0.104,A,0.35126090802541793
TCC,S,-0.404,C,0.09342758212568268
TCG,S,-0.072,G,0.15354487074532996
TCT,S,0.739,T,0.18782950850619515
AGA,R,1.07,A,0.17628836278979446
AGG,R,0.293,G,0.07399834818389309
CGA,R,0.434,A,0.15995660329318356
CGC,R,-0.093,C,0.06380500353725216
CGG,R,-0.506,G,0.06531398122652014
CGT,R,0.505,T,0.13345820767652466
CTA,L,0.601,A,0.10049656134831707
CTC,L,-0.164,C,0.04943225789253197
CTG,L,-0.298,G,0.04784003194509825
CTT,L,0.185,T,0.05682956146478989
TTA,L,0.407,A,0.148612310459143
TTG,L,0.259,G,0.06783997925735906
CCA,P,0.377,A,0.1477602875908369
CCC,P,-0.382,C,0.07401833985304408
CCG,P,0.183,G,0.09665322379482245
CCT,P,0.327,T,0.09948250179184041
CAC,H,-0.457,C,0.15590759219449957
CAT,H,0.457,T,0.15590759219449954
CAA,Q,0.555,A,0.1215848805063426
CAG,Q,-0.555,G,0.1215848805063426
GTA,V,0.545,A,0.1222220906915163
GTC,V,-0.102,C,0.07470568926472067
GTG,V,-0.392,G,0.061844099546151256
GTT,V,0.789,T,0.10071812150253802
GCA,A,0.773,A,0.12954337567064692
GCC,A,-0.519,C,0.05969615001304996
GCG,A,0.229,G,0.06981997436120638
GCT,A,0.464,T,0.09475760428051153
GAC,D,-0.028,C,0.1071118820623043
GAT,D,0.028,T,0.1071118820623043
GAA,E,0.587,A,0.0706921893172985
GAG,E,-0.587,G,0.0706921893172985
GGA,G,0.45,A,0.09215000397335135
GGC,G,0.2,C,0.06517564134342678
GGG,G,-0.672,G,0.06614083205164101
GGT,G,0.619,T,0.10159910207795388
TTC,F,-0.559,C,0.09281647189080182
TTT,F,0.559,T,0.09281647189080182
TAC,Y,-0.306,C,0.14574085953888263
TAT,Y,0.306,T,0.14574085953888263
TGC,C,-0.382,C,0.39639696325702306
TGT,C,0.382,T,0.39639696325702306
