codon,amino_acid,Thermacetogenium,third_nucl,standard_error
ATA,I,0.463,A,0.08666339727869202
ATC,I,-0.405,C,0.06454862249139706
ATT,I,0.162,T,0.0684102988602613
ACA,T,0.48,A,0.09907091405078139
ACC,T,-0.441,C,0.08039441038141278
ACG,T,-0.053,G,0.0951822686257704
ACT,T,0.309,T,0.1107709600819437
AAC,N,-0.278,C,0.09192669910200331
AAT,N,0.278,T,0.09192669910200331
AAA,K,0.367,A,0.06634680577402326
AAG,K,-0.367,G,0.06634680577402326
AGC,S,0.002,C,0.08003655972664203
AGT,S,0.518,T,0.11348768646970919
TCA,S,0.329,A,0.12416656878071974
TCC,S,-0.54,C,0.09118733201061846
TCG,S,0.029,G,0.1093685668389164
TCT,S,0.011,T,0.10760402877726212
AGA,R,0.86,A,0.0855637769035069
AGG,R,0.033,G,0.07099325664877691
CGA,R,0.556,A,0.13014587192341814
CGC,R,-0.467,C,0.07515830853739325
CGG,R,-0.548,G,0.07413405793181184
CGT,R,0.223,T,0.1076553796477695
CTA,L,-0.026,A,0.1265947463596198
CTC,L,-0.472,C,0.06700617810184985
CTG,L,-0.579,G,0.05169109106756918
CTT,L,-0.079,T,0.07046990840533333
TTA,L,0.442,A,0.08617133938545943
TTG,L,1.029,G,0.06359180971062356
CCA,P,0.478,A,0.12897979583633676
CCC,P,-0.514,C,0.09280809060509121
CCG,P,0.065,G,0.08505723773910043
CCT,P,0.229,T,0.09676074067501032
CAC,H,-0.033,C,0.13774299014700592
CAT,H,0.033,T,0.13774299014700592
CAA,Q,0.439,A,0.10635527355198769
CAG,Q,-0.439,G,0.1063552735519877
GTA,V,0.126,A,0.08144529970511484
GTC,V,-0.519,C,0.0689416472679085
GTG,V,0.374,G,0.058874524939319176
GTT,V,-0.071,T,0.06451660205053976
GCA,A,0.608,A,0.0780715772048551
GCC,A,-0.621,C,0.0634402712774559
GCG,A,0.042,G,0.07324144025046156
GCT,A,0.298,T,0.07609457893914019
GAC,D,-0.348,C,0.0798757939295649
GAT,D,0.348,T,0.0798757939295649
GAA,E,0.521,A,0.06279765679014877
GAG,E,-0.521,G,0.06279765679014877
GGA,G,0.335,A,0.07208117242518992
GGC,G,-0.233,C,0.07134011536868912
GGG,G,-0.396,G,0.06920750444280238
GGT,G,0.379,T,0.07526104260470856
TTC,F,-0.24,C,0.0846453909064508
TTT,F,0.24,T,0.0846453909064508
TAC,Y,-0.528,C,0.09794395086520048
TAT,Y,0.528,T,0.09794395086520047
TGC,C,-0.404,C,0.15362648012447783
TGT,C,0.404,T,0.15362648012447783
