codon,amino_acid,Thermoanaerobacterium,third_nucl,standard_error
ATA,I,-0.056,A,0.05013035956015712
ATC,I,-0.286,C,0.0849286162324825
ATT,I,0.166,T,0.05169524532527258
ACA,T,0.081,A,0.08059018904745663
ACC,T,0.146,C,0.1664708261396735
ACG,T,0.125,G,0.11879012752583758
ACT,T,-0.218,T,0.09097207500392444
AAC,N,-0.067,C,0.08309408260892402
AAT,N,0.067,T,0.08309408260892402
AAA,K,0.071,A,0.057222381868724595
AAG,K,-0.071,G,0.057222381868724595
AGC,S,0.045,C,0.09137193209437779
AGT,S,0.421,T,0.08416320804087515
TCA,S,-0.096,A,0.07514120106712162
TCC,S,-0.147,C,0.16077075859913845
TCG,S,0.223,G,0.1307483634488143
TCT,S,-0.417,T,0.08785539051768146
AGA,R,0.11,A,0.08484087403891243
AGG,R,-0.072,G,0.09802740734682984
CGA,R,-0.339,A,0.19229457786445767
CGC,R,0.408,C,0.24185766272898043
CGG,R,-0.152,G,0.3275940384205351
CGT,R,-0.114,T,0.16349975398293956
CTA,L,-0.088,A,0.09224872400313684
CTC,L,0.001,C,0.16486200249478894
CTG,L,-0.396,G,0.1071846339718397
CTT,L,-0.457,T,0.06395366278557242
TTA,L,0.072,A,0.05398111604537122
TTG,L,0.51,G,0.06290136097150309
CCA,P,0.116,A,0.1076448824165713
CCC,P,-0.378,C,0.2305544878298282
CCG,P,0.259,G,0.14197822378087188
CCT,P,-0.177,T,0.10956091978589565
CAC,H,-0.222,C,0.167552121292093
CAT,H,0.222,T,0.167552121292093
CAA,Q,0.322,A,0.12033431021223719
CAG,Q,-0.322,G,0.12033431021223719
GTA,V,-0.096,A,0.06403600009175414
GTC,V,-0.377,C,0.1033471222131299
GTG,V,0.614,G,0.08495591184554604
GTT,V,-0.12,T,0.06499619469999057
GCA,A,0.023,A,0.07575471051924192
GCC,A,-0.122,C,0.1396556183242966
GCG,A,0.214,G,0.12544501226554008
GCT,A,-0.071,T,0.07987823457413579
GAC,D,-0.24,C,0.08404262800171537
GAT,D,0.24,T,0.08404262800171537
GAA,E,-0.019,A,0.076075787552585
GAG,E,0.019,G,0.07607578755258501
GGA,G,0.177,A,0.07424726295257572
GGC,G,-0.135,C,0.09105193015907369
GGG,G,-0.041,G,0.11939518644874855
GGT,G,-0.075,T,0.07765740216892264
TTC,F,-0.307,C,0.11350517311214477
TTT,F,0.307,T,0.11350517311214477
TAC,Y,0.078,C,0.09061967634348789
TAT,Y,-0.078,T,0.09061967634348789
TGC,C,-0.253,C,0.17902813041555632
TGT,C,0.253,T,0.1790281304155563
