codon,amino_acid,Thermodesulfatator,third_nucl,standard_error
ATA,I,0.201,A,0.06733957386821444
ATC,I,-0.048,C,0.08483573010182244
ATT,I,-0.157,T,0.06430587823305503
ACA,T,0.392,A,0.11764757313044712
ACC,T,-0.223,C,0.09673211312364834
ACG,T,0.101,G,0.14439080101191468
ACT,T,-0.084,T,0.09439148454271427
AAC,N,0.006,C,0.10053945691907418
AAT,N,-0.006,T,0.10053945691907418
AAA,K,0.099,A,0.06730262800246842
AAG,K,-0.099,G,0.0673026280024684
AGC,S,0.222,C,0.11257890552307925
AGT,S,0.548,T,0.1133121414721922
TCA,S,0.128,A,0.11447998686428112
TCC,S,-0.371,C,0.12865977779883458
TCG,S,-0.11,G,0.18537410635493654
TCT,S,-0.38,T,0.09239109909441376
AGA,R,0.688,A,0.091089026348815
AGG,R,-0.071,G,0.1068740070472585
CGA,R,-0.163,A,0.14440642779644774
CGC,R,-0.571,C,0.10568495523271185
CGG,R,-0.136,G,0.14790696223739638
CGT,R,-0.128,T,0.09906941754152203
CTA,L,0.259,A,0.09670571286117342
CTC,L,-0.401,C,0.09512995221465438
CTG,L,-0.376,G,0.09411910350277485
CTT,L,-0.408,T,0.05889874108042762
TTA,L,0.413,A,0.06160758038006405
TTG,L,0.361,G,0.07295853921215724
CCA,P,0.386,A,0.1098680912682962
CCC,P,-0.195,C,0.10903793613526108
CCG,P,0.066,G,0.12971558129185323
CCT,P,-0.155,T,0.08926056227538723
CAC,H,-0.264,C,0.15448411129871556
CAT,H,0.264,T,0.15448411129871556
CAA,Q,0.55,A,0.11741831490569447
CAG,Q,-0.55,G,0.11741831490569447
GTA,V,-0.068,A,0.07693544311705196
GTC,V,-0.127,C,0.11170267002699472
GTG,V,0.046,G,0.08633332116590439
GTT,V,0.089,T,0.07528007883772571
GCA,A,0.43,A,0.10445286811923679
GCC,A,-0.278,C,0.07707813564437103
GCG,A,0.27,G,0.11407702659826068
GCT,A,-0.073,T,0.07746299584755316
GAC,D,-0.232,C,0.09679309287150828
GAT,D,0.232,T,0.09679309287150828
GAA,E,0.404,A,0.08301940084391261
GAG,E,-0.404,G,0.08301940084391261
GGA,G,0.216,A,0.08856327133335154
GGC,G,-0.141,C,0.09215443636480455
GGG,G,-0.128,G,0.1028010135565534
GGT,G,0.013,T,0.08863505222997861
TTC,F,-0.195,C,0.10450485862029717
TTT,F,0.195,T,0.10450485862029717
TAC,Y,0.112,C,0.11220752094656115
TAT,Y,-0.112,T,0.11220752094656115
TGC,C,-0.101,C,0.18937224634419986
TGT,C,0.101,T,0.18937224634419986
