codon,amino_acid,Thermanaerovibrio,third_nucl,standard_error
ATA,I,-0.042,A,0.09167844982531839
ATC,I,-0.184,C,0.09671528410740984
ATT,I,0.516,T,0.14742494023758698
ACA,T,0.656,A,0.2273638919395566
ACC,T,-0.789,C,0.1140530273633296
ACG,T,0.371,G,0.13616352969994064
ACT,T,0.818,T,0.1749555698255237
AAC,N,-0.729,C,0.17698046249063365
AAT,N,0.729,T,0.17698046249063365
AAA,K,0.693,A,0.1436947834252756
AAG,K,-0.693,G,0.1436947834252756
AGC,S,0.314,C,0.09279629961690533
AGT,S,1.367,T,0.22678306182527885
TCA,S,0.215,A,0.15778525940169888
TCC,S,-0.736,C,0.08290056799430119
TCG,S,-0.048,G,0.10983941884457957
TCT,S,0.481,T,0.12403076036548294
AGA,R,0.794,A,0.14208643115818645
AGG,R,0.167,G,0.07410917679543226
CGA,R,0.328,A,0.186428036437315
CGC,R,-0.087,C,0.12115515063886798
CGG,R,-0.716,G,0.09309460332112156
CGT,R,0.124,T,0.12485993478773073
CTA,L,-0.147,A,0.13659616369840447
CTC,L,-0.676,C,0.08583891092645816
CTG,L,-0.602,G,0.06927017989313608
CTT,L,-0.023,T,0.06821122912610687
TTA,L,0.918,A,0.16466628487990106
TTG,L,0.959,G,0.07380534030739136
CCA,P,0.274,A,0.16316680627401792
CCC,P,-0.141,C,0.1011196680708014
CCG,P,-0.23,G,0.11234925965741413
CCT,P,0.378,T,0.1310088575437132
CAC,H,-0.392,C,0.17202369228080275
CAT,H,0.392,T,0.17202369228080275
CAA,Q,0.28,A,0.1826410752146176
CAG,Q,-0.28,G,0.1826410752146176
GTA,V,0.329,A,0.1119658047487134
GTC,V,-0.103,C,0.08972232074001886
GTG,V,-0.225,G,0.06786716171498697
GTT,V,0.242,T,0.083268766755947
GCA,A,0.511,A,0.1302259126207927
GCC,A,-0.468,C,0.07894874021653137
GCG,A,-0.095,G,0.08458161401280949
GCT,A,0.644,T,0.10377128103888966
GAC,D,-0.414,C,0.09133316410133833
GAT,D,0.414,T,0.09133316410133833
GAA,E,0.898,A,0.1065175507800489
GAG,E,-0.898,G,0.1065175507800489
GGA,G,0.754,A,0.09537353646690638
GGC,G,-0.167,C,0.0828802048973567
GGG,G,-0.48,G,0.07373851771014758
GGT,G,0.258,T,0.09300349849616213
TTC,F,-0.581,C,0.10910996091661226
TTT,F,0.581,T,0.10910996091661225
TAC,Y,-0.445,C,0.1626762176894209
TAT,Y,0.445,T,0.1626762176894209
TGC,C,-0.181,C,0.1802757957971517
TGT,C,0.181,T,0.1802757957971517
