codon,amino_acid,Thermostichus,third_nucl,standard_error
ATA,I,0.858,A,0.18135533089433564
ATC,I,-0.094,C,0.07918940978647943
ATT,I,-0.08,T,0.07589027737407213
ACA,T,0.321,A,0.09279524528859785
ACC,T,-0.476,C,0.06801683628897441
ACG,T,-0.014,G,0.08349356472027246
ACT,T,0.523,T,0.09008465744232674
AAC,N,0.089,C,0.09913784928536325
AAT,N,-0.089,T,0.09913784928536325
AAA,K,0.507,A,0.0964672458852348
AAG,K,-0.507,G,0.0964672458852348
AGC,S,-0.463,C,0.08362700174891648
AGT,S,-0.137,T,0.08126320110565421
TCA,S,0.264,A,0.10974496027326154
TCC,S,0.156,C,0.09071767527839424
TCG,S,-0.141,G,0.10526436832937656
TCT,S,0.532,T,0.09824919323429981
AGA,R,1.069,A,0.20644045994770915
AGG,R,0.185,G,0.19372267381920846
CGA,R,0.359,A,0.10327954205700086
CGC,R,-0.504,C,0.06918338583450191
CGG,R,-0.22,G,0.08061082867390477
CGT,R,0.523,T,0.08486752447053536
CTA,L,0.123,A,0.07095126458439603
CTC,L,-0.189,C,0.06335537539040619
CTG,L,-0.228,G,0.05620899361263495
CTT,L,0.298,T,0.072904656483697
TTA,L,0.128,A,0.06848084969931593
TTG,L,0.042,G,0.06167407896702465
CCA,P,0.312,A,0.09243246730140382
CCC,P,-0.208,C,0.07051504999631238
CCG,P,-0.314,G,0.08561662179873215
CCT,P,0.342,T,0.08500383056303959
CAC,H,-0.258,C,0.11692096101001587
CAT,H,0.258,T,0.11692096101001587
CAA,Q,0.328,A,0.07419684831956662
CAG,Q,-0.328,G,0.07419684831956662
GTA,V,-0.001,A,0.09819038056765068
GTC,V,-0.19,C,0.07883704788040516
GTG,V,-0.266,G,0.062368819172938926
GTT,V,0.49,T,0.07101835630589275
GCA,A,0.349,A,0.06871791827903327
GCC,A,-0.373,C,0.05932605895258835
GCG,A,-0.187,G,0.07088370619718444
GCT,A,0.328,T,0.06800640387606945
GAC,D,-0.036,C,0.08690641458456723
GAT,D,0.036,T,0.08690641458456723
GAA,E,0.203,A,0.07981958832544747
GAG,E,-0.203,G,0.07981958832544747
GGA,G,0.364,A,0.10452504164352382
GGC,G,-0.224,C,0.07450419805686577
GGG,G,-0.268,G,0.08119848298741437
GGT,G,0.331,T,0.08159472110211946
TTC,F,0.229,C,0.10817958270257659
TTT,F,-0.229,T,0.10817958270257659
TAC,Y,0.027,C,0.10525672177580889
TAT,Y,-0.027,T,0.10525672177580889
TGC,C,0.071,C,0.1631375511535802
TGT,C,-0.071,T,0.1631375511535802
