codon,amino_acid,Thermocrinis,third_nucl,standard_error
ATA,I,-0.222,A,0.08033863928303636
ATC,I,0.008,C,0.09827610296843228
ATT,I,0.288,T,0.09308092594928434
ACA,T,0.193,A,0.12461934263123915
ACC,T,-0.254,C,0.11355612715372813
ACG,T,0.149,G,0.16399170096523524
ACT,T,0.035,T,0.13454115787667706
AAC,N,-0.085,C,0.13662377859795874
AAT,N,0.085,T,0.13662377859795874
AAA,K,0.24,A,0.07426213366942049
AAG,K,-0.24,G,0.07426213366942047
AGC,S,0.375,C,0.10782833843059401
AGT,S,0.38,T,0.13698271174801677
TCA,S,0.052,A,0.1541523344452031
TCC,S,-0.537,C,0.11660695835987499
TCG,S,-0.22,G,0.22591624376737032
TCT,S,-0.153,T,0.12330030471788742
AGA,R,0.296,A,0.09422555637661244
AGG,R,-0.287,G,0.08886541045724912
CGA,R,0.722,A,0.32849862716520306
CGC,R,-0.049,C,0.23532018794724657
CGG,R,-0.111,G,0.21138367428201868
CGT,R,-0.05,T,0.2384020027479559
CTA,L,-0.126,A,0.09091194322669988
CTC,L,-0.159,C,0.09087057542711505
CTG,L,0.063,G,0.08962171068649023
CTT,L,0.103,T,0.06568817390145161
TTA,L,0.231,A,0.08995472170820365
TTG,L,-0.144,G,0.07389400655419828
CCA,P,0.401,A,0.12974203603889836
CCC,P,-0.526,C,0.1269836228790827
CCG,P,0.152,G,0.1921136777506175
CCT,P,0.113,T,0.13764283468386598
CAC,H,-0.253,C,0.1794313037119662
CAT,H,0.253,T,0.1794313037119662
CAA,Q,0.073,A,0.1406868463177825
CAG,Q,-0.073,G,0.1406868463177825
GTA,V,0.264,A,0.09176691787839826
GTC,V,-0.065,C,0.12047075898324042
GTG,V,-0.533,G,0.08083517281867812
GTT,V,0.403,T,0.08544072238892592
GCA,A,0.338,A,0.0993006049781564
GCC,A,-0.336,C,0.10182731176423432
GCG,A,-0.236,G,0.11907872503356876
GCT,A,0.201,T,0.1134433367200975
GAC,D,-0.029,C,0.10876846707673318
GAT,D,0.029,T,0.10876846707673317
GAA,E,0.271,A,0.07678693630306178
GAG,E,-0.271,G,0.07678693630306178
GGA,G,-0.048,A,0.09398598130054812
GGC,G,-0.228,C,0.10549202072245552
GGG,G,0.095,G,0.13344483371582894
GGT,G,0.198,T,0.09718179471505733
TTC,F,-0.011,C,0.11235679661660948
TTT,F,0.011,T,0.1123567966166095
TAC,Y,-0.168,C,0.11935354854912361
TAT,Y,0.168,T,0.1193535485491236
TGC,C,-0.306,C,0.24541107819563818
TGT,C,0.306,T,0.24541107819563818
