codon,amino_acid,Thermochromatium,third_nucl,standard_error
ATA,I,0.988,A,0.2816870582722898
ATC,I,-0.73,C,0.11135156532011779
ATT,I,0.647,T,0.11919976032703307
ACA,T,0.975,A,0.12297239976069226
ACC,T,-0.515,C,0.07233713073979764
ACG,T,-0.2,G,0.08511129095533371
ACT,T,0.853,T,0.13818796582355666
AAC,N,0.031,C,0.10591673549441802
AAT,N,-0.031,T,0.10591673549441802
AAA,K,1.287,A,0.11610536137493431
AAG,K,-1.287,G,0.11610536137493431
AGC,S,-0.267,C,0.08075105626624016
AGT,S,0.262,T,0.12255927489629606
TCA,S,0.55,A,0.1316587629249021
TCC,S,0.304,C,0.08853645731802792
TCG,S,-0.625,G,0.08236250210816312
TCT,S,0.797,T,0.1515003813306283
AGA,R,1.699,A,0.1784757267714034
AGG,R,0.08,G,0.14028966421864625
CGA,R,1.139,A,0.11180241654672818
CGC,R,-0.333,C,0.060112491512930626
CGG,R,-0.645,G,0.08333414096071683
CGT,R,0.061,T,0.07544894991148783
CTA,L,0.334,A,0.1245120670122737
CTC,L,0.15,C,0.05250297680163275
CTG,L,-0.54,G,0.049942891144990134
CTT,L,0.543,T,0.10015354863615201
TTA,L,0.879,A,0.2196119883766088
TTG,L,0.385,G,0.07678873066083222
CCA,P,0.555,A,0.09631025645698454
CCC,P,0.148,C,0.07220796194582581
CCG,P,-0.731,G,0.07310924584660573
CCT,P,0.635,T,0.11722227538740353
CAC,H,0.249,C,0.11039886351498703
CAT,H,-0.249,T,0.11039886351498703
CAA,Q,1.206,A,0.10099070085809535
CAG,Q,-1.206,G,0.10099070085809536
GTA,V,0.317,A,0.15777490428577232
GTC,V,-0.122,C,0.0676783542914757
GTG,V,-0.225,G,0.07098497876919022
GTT,V,0.819,T,0.12056274535316899
GCA,A,0.537,A,0.08977332603397169
GCC,A,-0.11,C,0.056365308595725
GCG,A,-0.426,G,0.06437602293467348
GCT,A,0.829,T,0.1076766722015176
GAC,D,-0.007,C,0.07278446643901593
GAT,D,0.007,T,0.07278446643901593
GAA,E,1.175,A,0.080519717851104
GAG,E,-1.175,G,0.080519717851104
GGA,G,0.406,A,0.10662744633763682
GGC,G,-0.132,C,0.07178984496964096
GGG,G,-0.438,G,0.09639142426158447
GGT,G,0.299,T,0.08498735859503777
TTC,F,-0.371,C,0.10509714766912978
TTT,F,0.371,T,0.10509714766912977
TAC,Y,0.397,C,0.12261832058368191
TAT,Y,-0.397,T,0.1226183205836819
TGC,C,-0.238,C,0.18016762542243187
TGT,C,0.238,T,0.18016762542243187
