codon,amino_acid,Thermobispora,third_nucl,standard_error
ATA,I,1.422,A,0.2799193292601339
ATC,I,-1.75,C,0.17543240277006403
ATT,I,1.858,T,0.22241599505013132
ACA,T,2.17,A,0.2547978633594156
ACC,T,-0.785,C,0.05980464831039533
ACG,T,0.372,G,0.06154151829502048
ACT,T,2.168,T,0.28035834085983485
AAC,N,-1.534,C,0.25240430036812234
AAT,N,1.534,T,0.25240430036812234
AAA,K,1.005,A,0.17985447852892866
AAG,K,-1.005,G,0.17985447852892866
AGC,S,0.359,C,0.0685408616667428
AGT,S,1.729,T,0.2539256013694301
TCA,S,1.48,A,0.24506098706156001
TCC,S,-0.453,C,0.06993901641148369
TCG,S,-0.598,G,0.0717314108480403
TCT,S,2.346,T,0.32975580542474614
AGA,R,2.342,A,0.24163062504013097
AGG,R,1.097,G,0.10394247974661164
CGA,R,1.924,A,0.1481916346958644
CGC,R,-0.358,C,0.048486764071789
CGG,R,-0.702,G,0.04715473699562195
CGT,R,1.216,T,0.1090099373906507
CTA,L,1.924,A,0.31263016710456903
CTC,L,-0.509,C,0.045619524127923014
CTG,L,-0.082,G,0.04568293975393556
CTT,L,1.645,T,0.1553923225748764
TTA,L,2.345,A,0.43053717594949104
TTG,L,1.67,G,0.13348310763488608
CCA,P,1.904,A,0.19515017743722735
CCC,P,0.009,C,0.05729152620083204
CCG,P,-0.539,G,0.0560049540417806
CCT,P,1.865,T,0.18446219804177857
CAC,H,-1.401,C,0.16464423175738546
CAT,H,1.401,T,0.16464423175738546
CAA,Q,1.746,A,0.24512677350125403
CAG,Q,-1.746,G,0.245126773501254
GTA,V,0.981,A,0.1570600383229448
GTC,V,-0.503,C,0.046949358717464015
GTG,V,0.2,G,0.04578613510819032
GTT,V,1.568,T,0.16398769991155726
GCA,A,1.913,A,0.12138225363866391
GCC,A,-0.474,C,0.041497943333253365
GCG,A,-0.14,G,0.042062515044439884
GCT,A,2.001,T,0.1445858643620245
GAC,D,-1.174,C,0.09276811048101768
GAT,D,1.174,T,0.09276811048101768
GAA,E,1.478,A,0.09456028675679616
GAG,E,-1.478,G,0.09456028675679616
GGA,G,1.507,A,0.10820729735460609
GGC,G,-0.55,C,0.051598536454181845
GGG,G,-0.219,G,0.05739175318796873
GGT,G,0.894,T,0.0890794220147353
TTC,F,-1.951,C,0.2899478823787903
TTT,F,1.951,T,0.2899478823787903
TAC,Y,-1.524,C,0.20181415921166243
TAT,Y,1.524,T,0.2018141592116624
TGC,C,-1.57,C,0.346205516936501
TGT,C,1.57,T,0.346205516936501
