codon,amino_acid,Thermomicrobium,third_nucl,standard_error
ATA,I,1.071,A,0.2696174566263471
ATC,I,-0.437,C,0.10906518573729163
ATT,I,0.273,T,0.11744727639641718
ACA,T,0.461,A,0.1080952592188733
ACC,T,-0.321,C,0.07415767765546454
ACG,T,0.106,G,0.07171975104285394
ACT,T,-0.05,T,0.11667202677009701
AAC,N,0.362,C,0.15141428085556652
AAT,N,-0.362,T,0.15141428085556652
AAA,K,0.277,A,0.1454845140419926
AAG,K,-0.277,G,0.1454845140419926
AGC,S,0.178,C,0.0831008561700647
AGT,S,0.348,T,0.11495663162913061
TCA,S,0.341,A,0.16959236925583662
TCC,S,-0.575,C,0.10823201263009041
TCG,S,-0.169,G,0.08694961306995715
TCT,S,0.223,T,0.18932757964708669
AGA,R,1.017,A,0.21016780706419996
AGG,R,0.598,G,0.16233224606638297
CGA,R,0.64,A,0.07147330634867427
CGC,R,-0.455,C,0.056178929186007004
CGG,R,-0.195,G,0.061757370969873014
CGT,R,0.061,T,0.07606582942271416
CTA,L,0.271,A,0.18450161972772178
CTC,L,-0.177,C,0.05176113742489285
CTG,L,-0.077,G,0.055013857944377915
CTT,L,0.46,T,0.10279938688352164
TTA,L,0.477,A,0.23606124825790642
TTG,L,0.169,G,0.07312943534283121
CCA,P,0.294,A,0.09229638605008797
CCC,P,-0.475,C,0.08953583314684771
CCG,P,0.048,G,0.07124217435960671
CCT,P,0.255,T,0.12261959732704499
CAC,H,0.073,C,0.1267128653471966
CAT,H,-0.073,T,0.1267128653471966
CAA,Q,0.096,A,0.10603499571792246
CAG,Q,-0.096,G,0.10603499571792246
GTA,V,0.33,A,0.12584138246157278
GTC,V,-0.439,C,0.05656651774700894
GTG,V,0.353,G,0.05774356820480927
GTT,V,0.084,T,0.09123906369681725
GCA,A,0.4,A,0.07064418438764117
GCC,A,-0.366,C,0.061080555013171015
GCG,A,0.078,G,0.056484496442549624
GCT,A,-0.021,T,0.07086236282723038
GAC,D,-0.007,C,0.08070895558659845
GAT,D,0.007,T,0.08070895558659845
GAA,E,0.305,A,0.07059143383776971
GAG,E,-0.305,G,0.07059143383776971
GGA,G,0.504,A,0.08090228406838212
GGC,G,-0.244,C,0.07424834621236658
GGG,G,-0.103,G,0.08028187036834732
GGT,G,-0.095,T,0.07855465950160269
TTC,F,-0.217,C,0.13154341877882655
TTT,F,0.217,T,0.13154341877882655
TAC,Y,-0.227,C,0.13107780599102467
TAT,Y,0.227,T,0.13107780599102467
TGC,C,0.048,C,0.20723013492224568
TGT,C,-0.048,T,0.20723013492224568
