codon,amino_acid,Thiocystis,third_nucl,standard_error
ATA,I,0.413,A,0.16922422490875771
ATC,I,-0.672,C,0.06554301840193949
ATT,I,0.665,T,0.06854352407553427
ACA,T,1.312,A,0.11766998884000689
ACC,T,-0.247,C,0.05479228153447344
ACG,T,-0.424,G,0.06006329532274877
ACT,T,0.788,T,0.11170497422114342
AAC,N,-0.084,C,0.07839485129668171
AAT,N,0.084,T,0.0783948512966817
AAA,K,0.893,A,0.07303855352721292
AAG,K,-0.893,G,0.07303855352721292
AGC,S,-0.153,C,0.060295123145718554
AGT,S,-0.036,T,0.09363781989070562
TCA,S,0.923,A,0.12461394949099508
TCC,S,0.072,C,0.06296727373762073
TCG,S,-0.346,G,0.0627838789041694
TCT,S,0.568,T,0.12021062133871228
AGA,R,1.253,A,0.1343760011837613
AGG,R,0.331,G,0.13027068138448183
CGA,R,0.933,A,0.08137462098800534
CGC,R,-0.295,C,0.047788379305947065
CGG,R,-0.791,G,0.06206421118781721
CGT,R,0.371,T,0.06268864235256316
CTA,L,0.582,A,0.11528966991292278
CTC,L,0.119,C,0.0443509446747501
CTG,L,-0.681,G,0.03964583043652278
CTT,L,0.622,T,0.06976707710200244
TTA,L,0.898,A,0.1298222740079405
TTG,L,0.456,G,0.056720126001693426
CCA,P,0.701,A,0.08455452427153141
CCC,P,0.333,C,0.05707139742269456
CCG,P,-0.927,G,0.05691437387582799
CCT,P,0.863,T,0.10554152002178001
CAC,H,0.284,C,0.08528139440090404
CAT,H,-0.284,T,0.08528139440090404
CAA,Q,0.993,A,0.07327132714593339
CAG,Q,-0.993,G,0.07327132714593339
GTA,V,0.524,A,0.1343397617759606
GTC,V,-0.14,C,0.052212138043695455
GTG,V,-0.242,G,0.054138496504638825
GTT,V,0.628,T,0.07778444683514209
GCA,A,0.952,A,0.07149115874300661
GCC,A,-0.062,C,0.04137617007119634
GCG,A,-0.636,G,0.043881694859539876
GCT,A,1.054,T,0.07823562431445767
GAC,D,0.09,C,0.05480706980938277
GAT,D,-0.09,T,0.054807069809382776
GAA,E,0.919,A,0.0581116035835579
GAG,E,-0.919,G,0.0581116035835579
GGA,G,0.413,A,0.07802146768602955
GGC,G,-0.275,C,0.055692448143088075
GGG,G,-0.333,G,0.07827097295329931
GGT,G,0.405,T,0.07047253833630163
TTC,F,-0.552,C,0.07551099781811545
TTT,F,0.552,T,0.07551099781811545
TAC,Y,0.199,C,0.09472920107514796
TAT,Y,-0.199,T,0.09472920107514794
TGC,C,-0.08,C,0.14762235040456614
TGT,C,0.08,T,0.14762235040456614
