codon,amino_acid,Thioalkalivibrio,third_nucl,standard_error
ATA,I,1.31,A,0.21708609899383574
ATC,I,-0.753,C,0.08728434992629559
ATT,I,0.567,T,0.09309456790357894
ACA,T,0.958,A,0.1296082274971953
ACC,T,-0.243,C,0.06146554979394684
ACG,T,-0.198,G,0.06556023046005899
ACT,T,0.698,T,0.1348784639618883
AAC,N,-0.523,C,0.1103652495033813
AAT,N,0.523,T,0.1103652495033813
AAA,K,1.003,A,0.11022206166254428
AAG,K,-1.003,G,0.1102220616625443
AGC,S,-0.03,C,0.06681424535713743
AGT,S,0.528,T,0.12205068825042895
TCA,S,0.864,A,0.17815493555605943
TCC,S,0.144,C,0.07326207947061002
TCG,S,-0.62,G,0.07113153790369334
TCT,S,0.864,T,0.17620483602879478
AGA,R,1.704,A,0.18528838927198255
AGG,R,1.057,G,0.12690636286351842
CGA,R,0.983,A,0.09415383205072873
CGC,R,-0.427,C,0.04903255672608028
CGG,R,-0.477,G,0.05429935311228059
CGT,R,0.413,T,0.07433824249256415
CTA,L,0.358,A,0.16138573169310613
CTC,L,-0.091,C,0.051520760869825655
CTG,L,-0.347,G,0.04405425557619093
CTT,L,0.619,T,0.08779008472723991
TTA,L,0.755,A,0.25453508695755506
TTG,L,0.543,G,0.07395221616887004
CCA,P,0.751,A,0.11715646984021352
CCC,P,0.311,C,0.06318680972600026
CCG,P,-0.634,G,0.0596494265767298
CCT,P,0.527,T,0.11308334950098733
CAC,H,-0.137,C,0.0991820286296128
CAT,H,0.137,T,0.09918202862961281
CAA,Q,0.882,A,0.10422114896502135
CAG,Q,-0.882,G,0.10422114896502137
GTA,V,0.245,A,0.10212814013541656
GTC,V,-0.203,C,0.0558543033573726
GTG,V,-0.12,G,0.05258062754682401
GTT,V,0.685,T,0.09165199260173532
GCA,A,0.66,A,0.06597890805921011
GCC,A,-0.06,C,0.045785750379760064
GCG,A,-0.423,G,0.04626332898138487
GCT,A,0.55,T,0.08625707046026028
GAC,D,-0.135,C,0.06581359956210754
GAT,D,0.135,T,0.06581359956210754
GAA,E,0.804,A,0.06293272930697325
GAG,E,-0.804,G,0.06293272930697325
GGA,G,0.52,A,0.08369121350856389
GGC,G,-0.294,C,0.05724625831443527
GGG,G,-0.152,G,0.06932939586752583
GGT,G,0.307,T,0.07836385695270791
TTC,F,-0.817,C,0.10551534836586407
TTT,F,0.817,T,0.10551534836586407
TAC,Y,-0.365,C,0.11814454372046561
TAT,Y,0.365,T,0.11814454372046561
TGC,C,-1.054,C,0.19736174471305742
TGT,C,1.054,T,0.19736174471305742
