codon,amino_acid,Thiocapsa,third_nucl,standard_error
ATA,I,0.548,A,0.17098228572145846
ATC,I,-0.537,C,0.07223859478383263
ATT,I,0.501,T,0.07726996674233053
ACA,T,0.814,A,0.08347129894224913
ACC,T,-0.26,C,0.05087967009959064
ACG,T,-0.32,G,0.055963455793055075
ACT,T,0.813,T,0.1153283733055833
AAC,N,-0.177,C,0.08193409007668924
AAT,N,0.177,T,0.08193409007668924
AAA,K,1.026,A,0.08294435105263341
AAG,K,-1.026,G,0.08294435105263341
AGC,S,-0.073,C,0.055848992590905304
AGT,S,0.095,T,0.09164085015782222
TCA,S,0.832,A,0.11752592438007324
TCC,S,-0.064,C,0.06011603927156621
TCG,S,-0.288,G,0.05818649200856398
TCT,S,0.572,T,0.11896393006054555
AGA,R,1.574,A,0.12578302239732025
AGG,R,0.682,G,0.10807538651136125
CGA,R,0.723,A,0.0665868769702567
CGC,R,-0.448,C,0.04467264812915151
CGG,R,-0.499,G,0.057496434335969744
CGT,R,0.049,T,0.06074383436153621
CTA,L,0.668,A,0.11319095921758358
CTC,L,-0.053,C,0.03990674225852467
CTG,L,-0.469,G,0.039067046548147674
CTT,L,0.684,T,0.0672206736647686
TTA,L,0.608,A,0.1489364030375913
TTG,L,0.264,G,0.05134172227721399
CCA,P,0.74,A,0.09611666121099824
CCC,P,0.004,C,0.055164795107214684
CCG,P,-0.451,G,0.051970173608414744
CCT,P,0.582,T,0.0877382448204364
CAC,H,-0.019,C,0.08583659593774103
CAT,H,0.019,T,0.08583659593774104
CAA,Q,0.773,A,0.0730193929040877
CAG,Q,-0.773,G,0.0730193929040877
GTA,V,0.59,A,0.11433505834897047
GTC,V,-0.251,C,0.04743389685728432
GTG,V,-0.022,G,0.049936623895900034
GTT,V,0.433,T,0.07632058567209024
GCA,A,0.539,A,0.057354899721668996
GCC,A,-0.135,C,0.040223749576408875
GCG,A,-0.369,G,0.0433767928460429
GCT,A,0.615,T,0.07236826984450198
GAC,D,-0.165,C,0.05404828314939332
GAT,D,0.165,T,0.05404828314939332
GAA,E,0.942,A,0.05877491756345226
GAG,E,-0.942,G,0.05877491756345226
GGA,G,0.453,A,0.07030161810096777
GGC,G,-0.252,C,0.050812652423878446
GGG,G,-0.229,G,0.06701617991994853
GGT,G,0.26,T,0.06476819507791443
TTC,F,-0.469,C,0.07724302426005894
TTT,F,0.469,T,0.07724302426005894
TAC,Y,0.177,C,0.09008083581312425
TAT,Y,-0.177,T,0.09008083581312425
TGC,C,-0.188,C,0.14228997747839575
TGT,C,0.188,T,0.14228997747839575
