codon,amino_acid,Thioflavicoccus,third_nucl,standard_error
ATA,I,0.906,A,0.16513262485664512
ATC,I,-0.823,C,0.09015458688224882
ATT,I,0.705,T,0.10292343270837569
ACA,T,0.923,A,0.12121052124499006
ACC,T,-0.136,C,0.06116157983123253
ACG,T,-0.366,G,0.06535829732706677
ACT,T,0.709,T,0.12774353498796767
AAC,N,-0.464,C,0.09748466356638176
AAT,N,0.464,T,0.09748466356638176
AAA,K,0.929,A,0.10488125844701261
AAG,K,-0.929,G,0.1048812584470126
AGC,S,-0.122,C,0.06506289769454304
AGT,S,0.318,T,0.12112950436593457
TCA,S,0.612,A,0.13684078537284464
TCC,S,0.171,C,0.0769511310863682
TCG,S,-0.414,G,0.06743504700869736
TCT,S,0.622,T,0.1466387657036423
AGA,R,1.539,A,0.15409037744093068
AGG,R,0.843,G,0.12172426199432472
CGA,R,0.824,A,0.0899617940208356
CGC,R,-0.522,C,0.05145216039189813
CGG,R,-0.462,G,0.06394281165093972
CGT,R,0.329,T,0.07696081254539408
CTA,L,0.403,A,0.12155111614438419
CTC,L,-0.225,C,0.04580929315139824
CTG,L,-0.388,G,0.04455980977620022
CTT,L,0.75,T,0.09200486848095828
TTA,L,1.0,A,0.21594491972517618
TTG,L,0.631,G,0.0647447296701803
CCA,P,0.612,A,0.09718812962242722
CCC,P,0.219,C,0.06634532949597968
CCG,P,-0.623,G,0.06107089109297647
CCT,P,0.588,T,0.10962761727092746
CAC,H,-0.136,C,0.10278771385395781
CAT,H,0.136,T,0.10278771385395781
CAA,Q,0.889,A,0.08853842308323585
CAG,Q,-0.889,G,0.08853842308323585
GTA,V,0.538,A,0.12053391144596466
GTC,V,-0.551,C,0.05564950911225511
GTG,V,0.335,G,0.05839713203682883
GTT,V,0.456,T,0.10203085501469886
GCA,A,0.788,A,0.08003210204378444
GCC,A,-0.346,C,0.04515010666977792
GCG,A,-0.143,G,0.04849666802614338
GCT,A,0.846,T,0.09222095296164981
GAC,D,-0.236,C,0.06400092696529272
GAT,D,0.236,T,0.06400092696529272
GAA,E,0.921,A,0.0682403517065961
GAG,E,-0.921,G,0.0682403517065961
GGA,G,0.473,A,0.10357512007808273
GGC,G,-0.338,C,0.05861856671871585
GGG,G,-0.03,G,0.07458353058567845
GGT,G,0.362,T,0.07663142838390136
TTC,F,-0.555,C,0.10613137345809326
TTT,F,0.555,T,0.10613137345809326
TAC,Y,-0.368,C,0.10352050381136536
TAT,Y,0.368,T,0.10352050381136536
TGC,C,-0.482,C,0.1882723091838458
TGT,C,0.482,T,0.1882723091838458
