codon,amino_acid,Thiomicrorhabdus,third_nucl,standard_error
ATA,I,0.588,A,0.11007594462038392
ATC,I,-0.067,C,0.07832267419479964
ATT,I,-0.196,T,0.06982113298919523
ACA,T,0.365,A,0.08112662989630433
ACC,T,-0.01,C,0.08179512690186427
ACG,T,-0.411,G,0.09802745218347458
ACT,T,-0.078,T,0.08096453446910405
AAC,N,0.02,C,0.08127569265003834
AAT,N,-0.02,T,0.08127569265003834
AAA,K,0.337,A,0.07948642560462862
AAG,K,-0.337,G,0.07948642560462861
AGC,S,0.045,C,0.09743373263155987
AGT,S,0.016,T,0.08295904894799802
TCA,S,0.251,A,0.07727660185692305
TCC,S,0.163,C,0.11159288510298197
TCG,S,-0.603,G,0.10434645895252523
TCT,S,-0.045,T,0.07760856265551846
AGA,R,1.041,A,0.12961334758004756
AGG,R,0.458,G,0.25154890543185626
CGA,R,-0.138,A,0.11012628655644136
CGC,R,0.085,C,0.10951213606432361
CGG,R,-0.27,G,0.18584711156090997
CGT,R,-0.502,T,0.08999267152879681
CTA,L,0.152,A,0.08403830024661785
CTC,L,0.272,C,0.10463718778486832
CTG,L,-0.28,G,0.08940737793217421
CTT,L,-0.01,T,0.07227616401779946
TTA,L,0.238,A,0.05781888657204226
TTG,L,-0.344,G,0.06553876433071969
CCA,P,0.093,A,0.0964232274806685
CCC,P,0.384,C,0.14263981563925188
CCG,P,-0.284,G,0.12133720515271915
CCT,P,-0.09,T,0.09902328663043701
CAC,H,0.074,C,0.126609838257868
CAT,H,-0.074,T,0.126609838257868
CAA,Q,0.386,A,0.08945799928251243
CAG,Q,-0.386,G,0.08945799928251243
GTA,V,0.193,A,0.09318613671704906
GTC,V,-0.103,C,0.09007546867303745
GTG,V,-0.025,G,0.08040032318446816
GTT,V,-0.03,T,0.07327923146618291
GCA,A,0.416,A,0.07216330590362172
GCC,A,-0.215,C,0.08837107741277367
GCG,A,-0.51,G,0.09119839812095669
GCT,A,0.076,T,0.07547445249227826
GAC,D,-0.127,C,0.0941434881688079
GAT,D,0.127,T,0.09414348816880791
GAA,E,0.573,A,0.09073900606465599
GAG,E,-0.573,G,0.09073900606465599
GGA,G,0.404,A,0.09882712263482824
GGC,G,-0.046,C,0.10118877287513521
GGG,G,-0.166,G,0.13282620882582574
GGT,G,-0.195,T,0.08675105196217694
TTC,F,-0.253,C,0.09702582452888107
TTT,F,0.253,T,0.09702582452888107
TAC,Y,0.074,C,0.11720727835260858
TAT,Y,-0.074,T,0.11720727835260858
TGC,C,0.118,C,0.20955479602637167
TGT,C,-0.118,T,0.20955479602637167
