codon,amino_acid,Thiolapillus,third_nucl,standard_error
ATA,I,0.585,A,0.09406426791819236
ATC,I,-0.374,C,0.06441397374577118
ATT,I,0.098,T,0.06876200314765236
ACA,T,1.095,A,0.1041091506147064
ACC,T,-0.558,C,0.07286151648326675
ACG,T,-0.436,G,0.09974832096414692
ACT,T,0.317,T,0.09820011355513912
AAC,N,0.019,C,0.08448405704147856
AAT,N,-0.019,T,0.08448405704147856
AAA,K,0.83,A,0.07008542424400716
AAG,K,-0.83,G,0.07008542424400716
AGC,S,0.002,C,0.07152753550833639
AGT,S,-0.022,T,0.08813912326572923
TCA,S,0.703,A,0.10992394776157546
TCC,S,-0.373,C,0.0704579227894442
TCG,S,-0.147,G,0.11723399480712181
TCT,S,0.306,T,0.11255895813811936
AGA,R,1.226,A,0.1165148479370699
AGG,R,0.188,G,0.10554748218849226
CGA,R,0.852,A,0.1285517199807211
CGC,R,-0.22,C,0.06591769551871547
CGG,R,-0.609,G,0.08104499637190525
CGT,R,-0.18,T,0.0817961337524358
CTA,L,0.962,A,0.16020689688784942
CTC,L,-0.067,C,0.06837494899299583
CTG,L,-0.575,G,0.04766831177348803
CTT,L,0.623,T,0.08088461235683818
TTA,L,1.106,A,0.163529902024923
TTG,L,0.297,G,0.06311613999411128
CCA,P,0.873,A,0.11264499055526768
CCC,P,-0.274,C,0.07507955933391772
CCG,P,-0.384,G,0.08933574440369843
CCT,P,0.214,T,0.09518051302530124
CAC,H,0.202,C,0.10712692635980497
CAT,H,-0.202,T,0.10712692635980497
CAA,Q,0.954,A,0.08947193213275671
CAG,Q,-0.954,G,0.08947193213275671
GTA,V,0.424,A,0.081665850653125
GTC,V,-0.035,C,0.07702894857879557
GTG,V,-0.539,G,0.06500322906967523
GTT,V,0.477,T,0.08151414726487365
GCA,A,0.767,A,0.07126895045398211
GCC,A,-0.466,C,0.056939587110056124
GCG,A,-0.347,G,0.07420936181015202
GCT,A,0.339,T,0.07721683482718619
GAC,D,0.173,C,0.07121136444796575
GAT,D,-0.173,T,0.07121136444796575
GAA,E,0.599,A,0.07446021523214362
GAG,E,-0.599,G,0.07446021523214362
GGA,G,0.35,A,0.08862949134497125
GGC,G,-0.06,C,0.06761193949626478
GGG,G,-0.277,G,0.09337927729108506
GGT,G,0.016,T,0.08004418880580637
TTC,F,-0.292,C,0.08374892211508822
TTT,F,0.292,T,0.08374892211508822
TAC,Y,0.119,C,0.10402939273914448
TAT,Y,-0.119,T,0.1040293927391445
TGC,C,0.219,C,0.17907007680165793
TGT,C,-0.219,T,0.17907007680165793
