codon,amino_acid,Thioclava,third_nucl,standard_error
ATA,I,0.997,A,0.19332795403538247
ATC,I,-0.885,C,0.07654767415943255
ATT,I,0.807,T,0.08114488444756181
ACA,T,0.986,A,0.11807422088357682
ACC,T,-0.135,C,0.05508569715604032
ACG,T,-0.395,G,0.05850464639839633
ACT,T,0.909,T,0.1206689608156562
AAC,N,-0.367,C,0.08827200726570453
AAT,N,0.367,T,0.08827200726570453
AAA,K,0.874,A,0.0698038552752127
AAG,K,-0.874,G,0.0698038552752127
AGC,S,0.181,C,0.062372717183520575
AGT,S,0.767,T,0.13671686353041435
TCA,S,0.744,A,0.14530388385340562
TCC,S,0.428,C,0.06989795435852833
TCG,S,-1.028,G,0.06254753053093631
TCT,S,0.736,T,0.12638469134915584
AGA,R,1.781,A,0.18318023294500646
AGG,R,0.774,G,0.16343709652928756
CGA,R,1.062,A,0.12326547615314168
CGC,R,-0.387,C,0.052244857105698206
CGG,R,-0.533,G,0.06625600858522987
CGT,R,0.418,T,0.07630676565241926
CTA,L,0.637,A,0.15681672788680343
CTC,L,0.11,C,0.04624869086877763
CTG,L,-0.703,G,0.04309171063380527
CTT,L,0.562,T,0.06390365684175142
TTA,L,1.547,A,0.26761693177317597
TTG,L,0.719,G,0.07598043614193527
CCA,P,0.732,A,0.13501863742568546
CCC,P,0.251,C,0.0609763680477445
CCG,P,-0.606,G,0.05973890963891074
CCT,P,0.656,T,0.10583467141961782
CAC,H,0.066,C,0.0966269643379044
CAT,H,-0.066,T,0.0966269643379044
CAA,Q,1.08,A,0.08814376071228866
CAG,Q,-1.08,G,0.08814376071228866
GTA,V,1.012,A,0.15570076091733728
GTC,V,-0.152,C,0.05646371351557959
GTG,V,-0.51,G,0.056405148240830975
GTT,V,1.161,T,0.0869042193116699
GCA,A,0.968,A,0.0651212329369742
GCC,A,0.141,C,0.042545384097552486
GCG,A,-0.76,G,0.04263702956211705
GCT,A,0.62,T,0.07638713856197264
GAC,D,0.121,C,0.057896867317440995
GAT,D,-0.121,T,0.057896867317440995
GAA,E,0.715,A,0.060053523162998744
GAG,E,-0.715,G,0.060053523162998744
GGA,G,1.395,A,0.09415068354073312
GGC,G,-0.566,C,0.05457961315311271
GGG,G,-0.118,G,0.06675908976758538
GGT,G,0.321,T,0.07953390997000517
TTC,F,-1.103,C,0.09159865478581011
TTT,F,1.103,T,0.0915986547858101
TAC,Y,-0.029,C,0.0982342825267318
TAT,Y,0.029,T,0.0982342825267318
TGC,C,-0.378,C,0.1956675643674065
TGT,C,0.378,T,0.1956675643674065
