codon,amino_acid,Thiomicrospira,third_nucl,standard_error
ATA,I,0.326,A,0.11190570882245154
ATC,I,0.152,C,0.08829094484466733
ATT,I,-0.274,T,0.07725125040952817
ACA,T,0.781,A,0.1035649996863483
ACC,T,-0.417,C,0.08308010764473545
ACG,T,-0.45,G,0.1035784503189405
ACT,T,0.223,T,0.09696192761654801
AAC,N,-0.02,C,0.09553848254373241
AAT,N,0.02,T,0.09553848254373241
AAA,K,0.483,A,0.08820985671457611
AAG,K,-0.483,G,0.08820985671457612
AGC,S,-0.075,C,0.10036493300263703
AGT,S,0.023,T,0.08700064930360578
TCA,S,0.188,A,0.09460822350984725
TCC,S,-0.202,C,0.1395665776796856
TCG,S,-0.472,G,0.1231014123519928
TCT,S,0.285,T,0.1082824995462674
AGA,R,0.875,A,0.14573347518039337
AGG,R,0.307,G,0.25032237643488103
CGA,R,0.287,A,0.136355790818234
CGC,R,-0.3,C,0.09721323607859354
CGG,R,-0.381,G,0.17275007310679652
CGT,R,-0.151,T,0.09133408918086491
CTA,L,0.237,A,0.087804345058456
CTC,L,0.166,C,0.10229261728604441
CTG,L,-0.5,G,0.0871876456434103
CTT,L,0.165,T,0.08087693585223311
TTA,L,0.261,A,0.06040033131645595
TTG,L,-0.364,G,0.06896130329427538
CCA,P,0.373,A,0.10556822832693298
CCC,P,0.328,C,0.11646101507782142
CCG,P,-0.692,G,0.11433696491072046
CCT,P,-0.028,T,0.10443243389001756
CAC,H,0.505,C,0.12691870489035625
CAT,H,-0.505,T,0.12691870489035625
CAA,Q,0.458,A,0.08692643649600319
CAG,Q,-0.458,G,0.08692643649600319
GTA,V,0.132,A,0.09607298967932773
GTC,V,-0.083,C,0.10092629343394872
GTG,V,-0.187,G,0.08173761776093386
GTT,V,0.146,T,0.08155101021985184
GCA,A,0.545,A,0.07618773288408515
GCC,A,-0.245,C,0.07510097417153319
GCG,A,-0.422,G,0.08213417202139171
GCT,A,0.094,T,0.0794843854950819
GAC,D,0.131,C,0.09569117030629236
GAT,D,-0.131,T,0.09569117030629236
GAA,E,0.559,A,0.10233434812301134
GAG,E,-0.559,G,0.10233434812301134
GGA,G,0.797,A,0.14068088525374264
GGC,G,-0.092,C,0.09322386279389454
GGG,G,-0.012,G,0.13068729160220727
GGT,G,-0.225,T,0.09028674878322078
TTC,F,-0.057,C,0.1302365950333597
TTT,F,0.057,T,0.1302365950333597
TAC,Y,0.332,C,0.1315374700516785
TAT,Y,-0.332,T,0.1315374700516785
TGC,C,-0.013,C,0.2311409040286007
TGT,C,0.013,T,0.2311409040286007
