codon,amino_acid,Thiothrix,third_nucl,standard_error
ATA,I,0.835,A,0.09936364169126553
ATC,I,0.064,C,0.05486157343440373
ATT,I,-0.338,T,0.053879161970345535
ACA,T,0.85,A,0.07246967629131795
ACC,T,-0.307,C,0.05295881169884855
ACG,T,-0.58,G,0.06677534596836665
ACT,T,0.299,T,0.07078316116527084
AAC,N,0.135,C,0.06656743781042182
AAT,N,-0.135,T,0.06656743781042182
AAA,K,0.458,A,0.06561099080713034
AAG,K,-0.458,G,0.06561099080713034
AGC,S,-0.224,C,0.06208722864306588
AGT,S,0.261,T,0.07168563678093649
TCA,S,0.349,A,0.08271867695677877
TCC,S,-0.045,C,0.07306950055467956
TCG,S,-0.627,G,0.08731910292180184
TCT,S,0.377,T,0.08984902977302081
AGA,R,1.464,A,0.1426020414332264
AGG,R,0.483,G,0.1784232918808687
CGA,R,0.902,A,0.12855357216287902
CGC,R,-0.338,C,0.06016118060844251
CGG,R,-0.364,G,0.0922084832222731
CGT,R,-0.099,T,0.0639052890885764
CTA,L,0.707,A,0.08220706413195646
CTC,L,0.349,C,0.061644198512861896
CTG,L,-0.297,G,0.044231077525396484
CTT,L,0.416,T,0.07252100793258606
TTA,L,0.531,A,0.05527746866645209
TTG,L,-0.625,G,0.04473521744871907
CCA,P,0.329,A,0.07634625372600863
CCC,P,0.177,C,0.06824174704918028
CCG,P,-0.76,G,0.07076657386272821
CCT,P,0.381,T,0.07772252331208915
CAC,H,0.152,C,0.08573579809086586
CAT,H,-0.152,T,0.08573579809086586
CAA,Q,0.412,A,0.06539193119257705
CAG,Q,-0.412,G,0.06539193119257704
GTA,V,0.198,A,0.07090538612330048
GTC,V,0.102,C,0.06473027633129042
GTG,V,-0.55,G,0.05542739886249466
GTT,V,0.497,T,0.06458548163241047
GCA,A,0.394,A,0.05113463881426376
GCC,A,0.102,C,0.05104644213624985
GCG,A,-0.765,G,0.05667285548519955
GCT,A,0.232,T,0.05764531330163321
GAC,D,0.262,C,0.0622982788003625
GAT,D,-0.262,T,0.06229827880036249
GAA,E,0.445,A,0.07563504861933276
GAG,E,-0.445,G,0.07563504861933278
GGA,G,0.823,A,0.0976089939398684
GGC,G,-0.102,C,0.0623750018037269
GGG,G,-0.349,G,0.08110643066539766
GGT,G,-0.008,T,0.06470920489688214
TTC,F,-0.4,C,0.06984364724500029
TTT,F,0.4,T,0.06984364724500029
TAC,Y,0.081,C,0.08233823676448171
TAT,Y,-0.081,T,0.08233823676448171
TGC,C,-0.054,C,0.13749912669807493
TGT,C,0.054,T,0.13749912669807493
