codon,amino_acid,Thiosulfativibrio,third_nucl,standard_error
ATA,I,0.368,A,0.10335070105363153
ATC,I,0.094,C,0.07862098115873682
ATT,I,-0.248,T,0.0701881978554705
ACA,T,0.753,A,0.09580786702398199
ACC,T,-0.435,C,0.07419222820837344
ACG,T,-0.444,G,0.10459688775122165
ACT,T,0.225,T,0.08360738953531335
AAC,N,0.08,C,0.08437246675262337
AAT,N,-0.08,T,0.08437246675262339
AAA,K,0.331,A,0.08229660974590222
AAG,K,-0.331,G,0.08229660974590222
AGC,S,-0.113,C,0.09141883918657323
AGT,S,0.022,T,0.08539540635114204
TCA,S,0.32,A,0.08840678511988559
TCC,S,0.242,C,0.12620714799990954
TCG,S,-0.571,G,0.11022482916873438
TCT,S,0.008,T,0.08189850682563388
AGA,R,0.846,A,0.11846620027946896
AGG,R,0.314,G,0.2960428213567016
CGA,R,0.245,A,0.15454471996670466
CGC,R,-0.115,C,0.09930852069954206
CGG,R,-0.265,G,0.27759827523808756
CGT,R,-0.603,T,0.1006620130184385
CTA,L,0.177,A,0.0908559005778908
CTC,L,0.332,C,0.0942629702998524
CTG,L,-0.064,G,0.08481094915895414
CTT,L,0.357,T,0.08256580067509359
TTA,L,0.102,A,0.054176805595742096
TTG,L,-0.535,G,0.06260842825075696
CCA,P,0.168,A,0.09611268491328429
CCC,P,0.238,C,0.0991177188322085
CCG,P,-0.379,G,0.1296021104244601
CCT,P,-0.184,T,0.09821863938768348
CAC,H,0.39,C,0.12486628731721318
CAT,H,-0.39,T,0.12486628731721318
CAA,Q,0.373,A,0.09397907448515135
CAG,Q,-0.373,G,0.09397907448515135
GTA,V,0.273,A,0.10056123318062213
GTC,V,0.066,C,0.09796585440013325
GTG,V,-0.381,G,0.08046915426683307
GTT,V,0.151,T,0.07586162822693995
GCA,A,0.535,A,0.07477524389705763
GCC,A,-0.17,C,0.07285168495911579
GCG,A,-0.457,G,0.08708147155558735
GCT,A,-0.002,T,0.07730562607269759
GAC,D,-0.15,C,0.09109185208971472
GAT,D,0.15,T,0.09109185208971472
GAA,E,0.583,A,0.10102435209102519
GAG,E,-0.583,G,0.10102435209102519
GGA,G,0.693,A,0.11837406351064945
GGC,G,-0.072,C,0.090898258302194
GGG,G,-0.301,G,0.1313802348938908
GGT,G,-0.162,T,0.09011919482362528
TTC,F,-0.041,C,0.11216392390892148
TTT,F,0.041,T,0.11216392390892146
TAC,Y,0.264,C,0.12758167891482608
TAT,Y,-0.264,T,0.12758167891482608
TGC,C,-0.126,C,0.20576089084738802
TGT,C,0.126,T,0.20576089084738802
