codon,amino_acid,Thiomonas,third_nucl,standard_error
ATA,I,0.227,A,0.1940167886372176
ATC,I,-0.236,C,0.07275971920147246
ATT,I,0.217,T,0.07492561385184608
ACA,T,0.777,A,0.11712595802874946
ACC,T,-0.085,C,0.060471099252779964
ACG,T,-0.619,G,0.07015879484631843
ACT,T,0.802,T,0.10408708708817782
AAC,N,-0.226,C,0.09327918178251764
AAT,N,0.226,T,0.09327918178251762
AAA,K,1.334,A,0.08122183315256187
AAG,K,-1.334,G,0.08122183315256187
AGC,S,-0.735,C,0.06386304300360808
AGT,S,-0.01,T,0.11128570449883401
TCA,S,0.807,A,0.12984925371327408
TCC,S,0.841,C,0.07234526701939084
TCG,S,-0.799,G,0.072099355265288
TCT,S,1.011,T,0.11179443815659247
AGA,R,1.175,A,0.21692037578190573
AGG,R,0.366,G,0.19130909286704972
CGA,R,0.897,A,0.10920789584319451
CGC,R,-0.312,C,0.05688950307238965
CGG,R,-0.596,G,0.0837331594659229
CGT,R,0.372,T,0.07705021892142037
CTA,L,0.381,A,0.14672667756737606
CTC,L,0.243,C,0.05035472450807498
CTG,L,-0.691,G,0.04435403058088955
CTT,L,0.796,T,0.08258191356774258
TTA,L,0.873,A,0.20346943402092504
TTG,L,0.355,G,0.06164625461015819
CCA,P,0.507,A,0.10714951360346135
CCC,P,0.3,C,0.05886675741275698
CCG,P,-0.807,G,0.060929799984184706
CCT,P,0.636,T,0.08888069182811598
CAC,H,0.016,C,0.09218791740841976
CAT,H,-0.016,T,0.09218791740841976
CAA,Q,1.11,A,0.07287379221324213
CAG,Q,-1.11,G,0.07287379221324213
GTA,V,0.187,A,0.14055421210181546
GTC,V,0.463,C,0.06246823611472615
GTG,V,-0.982,G,0.06048836323958989
GTT,V,1.144,T,0.08943795137860025
GCA,A,0.842,A,0.06861972847093491
GCC,A,0.049,C,0.04375698862723726
GCG,A,-0.711,G,0.049709082108867736
GCT,A,0.476,T,0.07149026954032399
GAC,D,-0.098,C,0.06919675016877168
GAT,D,0.098,T,0.06919675016877168
GAA,E,0.769,A,0.07571635612039618
GAG,E,-0.769,G,0.07571635612039618
GGA,G,0.817,A,0.1030506055451011
GGC,G,-0.271,C,0.06795917825531228
GGG,G,-0.45,G,0.10088865462437374
GGT,G,0.315,T,0.09460801852505303
TTC,F,-0.274,C,0.0821263338694536
TTT,F,0.274,T,0.0821263338694536
TAC,Y,0.041,C,0.11072567113185242
TAT,Y,-0.041,T,0.11072567113185242
TGC,C,-0.293,C,0.21088064501787748
TGT,C,0.293,T,0.21088064501787748
