codon,amino_acid,Thomasclavelia,third_nucl,standard_error
ATA,I,0.674,A,0.057124792084229395
ATC,I,-0.429,C,0.06833149155422265
ATT,I,-0.295,T,0.04907784082326832
ACA,T,0.505,A,0.070513137724888
ACC,T,-0.093,C,0.12939810634301133
ACG,T,-0.044,G,0.11916150837751849
ACT,T,-0.494,T,0.07314359504901255
AAC,N,0.049,C,0.08291233625661742
AAT,N,-0.049,T,0.08291233625661742
AAA,K,0.134,A,0.06017065151096628
AAG,K,-0.134,G,0.06017065151096628
AGC,S,-0.003,C,0.12024804380667746
AGT,S,0.245,T,0.06760978083754993
TCA,S,0.048,A,0.07303944652589808
TCC,S,-0.638,C,0.25053491778961234
TCG,S,-0.181,G,0.15443062956492434
TCT,S,-0.329,T,0.08787604914434631
AGA,R,0.835,A,0.08026714019316077
AGG,R,0.224,G,0.1674308344726204
CGA,R,-0.274,A,0.10966849880206217
CGC,R,-0.28,C,0.16907284997697175
CGG,R,-0.234,G,0.16717594481237236
CGT,R,-0.886,T,0.09652781022440693
CTA,L,0.08,A,0.07965927554126423
CTC,L,-0.35,C,0.1741190692952484
CTG,L,-0.278,G,0.12326774616196551
CTT,L,-0.486,T,0.07640322953077924
TTA,L,0.292,A,0.048458025389741234
TTG,L,-0.103,G,0.068831875623818
CCA,P,0.172,A,0.10513974017396356
CCC,P,0.094,C,0.2182663794410962
CCG,P,-0.021,G,0.15911796420891688
CCT,P,-0.209,T,0.1124939754809218
CAC,H,0.242,C,0.1705784956681216
CAT,H,-0.242,T,0.1705784956681216
CAA,Q,0.182,A,0.10551196393869916
CAG,Q,-0.182,G,0.10551196393869916
GTA,V,0.475,A,0.06293265324587714
GTC,V,-0.285,C,0.11563180947813095
GTG,V,0.572,G,0.09317206552675618
GTT,V,-0.637,T,0.062430031719988226
GCA,A,0.498,A,0.07046307380446631
GCC,A,-0.18,C,0.13276773670844683
GCG,A,0.178,G,0.12415837993101393
GCT,A,-0.531,T,0.07331886699929535
GAC,D,0.095,C,0.09999694189500549
GAT,D,-0.095,T,0.09999694189500549
GAA,E,0.156,A,0.08230813846576734
GAG,E,-0.156,G,0.08230813846576733
GGA,G,0.242,A,0.07035045390828172
GGC,G,-0.202,C,0.1268400384187881
GGG,G,-0.191,G,0.10930491587188132
GGT,G,-0.101,T,0.07201535458717642
TTC,F,-0.395,C,0.10841863449912177
TTT,F,0.395,T,0.10841863449912177
TAC,Y,0.23,C,0.10422828787839186
TAT,Y,-0.23,T,0.10422828787839186
TGC,C,-0.352,C,0.18428017168648536
TGT,C,0.352,T,0.18428017168648536
