codon,amino_acid,Tistrella,third_nucl,standard_error
ATA,I,0.682,A,0.19694053135054101
ATC,I,-0.533,C,0.0803157522650119
ATT,I,0.482,T,0.08638967050273932
ACA,T,0.931,A,0.12220608867463731
ACC,T,-0.252,C,0.04799639857120864
ACG,T,-0.003,G,0.05168114517032917
ACT,T,0.556,T,0.13474761932574805
AAC,N,0.228,C,0.0905973375581565
AAT,N,-0.228,T,0.0905973375581565
AAA,K,0.63,A,0.09618072014994454
AAG,K,-0.63,G,0.09618072014994454
AGC,S,-0.115,C,0.05522910815581187
AGT,S,0.564,T,0.13539744932721737
TCA,S,0.637,A,0.13503695958067746
TCC,S,0.835,C,0.06393476787623575
TCG,S,-1.007,G,0.056467184942929155
TCT,S,0.816,T,0.12633907890343318
AGA,R,1.71,A,0.17412314732733913
AGG,R,0.645,G,0.09812447133932396
CGA,R,1.002,A,0.10738699370375557
CGC,R,-0.112,C,0.03917830472572182
CGG,R,-0.642,G,0.043961262059908725
CGT,R,0.653,T,0.06516867119885625
CTA,L,0.254,A,0.25701083828091653
CTC,L,0.47,C,0.0420175220345417
CTG,L,-0.819,G,0.037277554334571576
CTT,L,0.751,T,0.0644577581096749
TTA,L,1.361,A,0.46581929339540357
TTG,L,0.84,G,0.08188286974154964
CCA,P,0.747,A,0.12348719168727491
CCC,P,0.424,C,0.046111561512842146
CCG,P,-0.744,G,0.045574216863501084
CCT,P,0.934,T,0.099360605912474
CAC,H,0.244,C,0.08145339623780645
CAT,H,-0.244,T,0.08145339623780644
CAA,Q,0.933,A,0.13460172421033856
CAG,Q,-0.933,G,0.13460172421033856
GTA,V,0.313,A,0.143544251340007
GTC,V,0.144,C,0.04471208301930952
GTG,V,-0.389,G,0.04473083668277065
GTT,V,0.76,T,0.08469374646244374
GCA,A,0.76,A,0.0568735379753654
GCC,A,-0.035,C,0.03200955598307649
GCG,A,-0.444,G,0.034874054360895974
GCT,A,0.865,T,0.07550170799701406
GAC,D,0.098,C,0.04729946653493424
GAT,D,-0.098,T,0.04729946653493424
GAA,E,0.296,A,0.05523106400288121
GAG,E,-0.296,G,0.05523106400288121
GGA,G,1.392,A,0.09066018504732082
GGC,G,-0.558,C,0.04483683647521195
GGG,G,-0.06,G,0.057342300072592875
GGT,G,0.468,T,0.06575466682755107
TTC,F,-0.654,C,0.09580483988915985
TTT,F,0.654,T,0.09580483988915985
TAC,Y,0.476,C,0.09511480770384186
TAT,Y,-0.476,T,0.09511480770384186
TGC,C,-0.476,C,0.19916770542020024
TGT,C,0.476,T,0.19916770542020024
