codon,amino_acid,Tolumonas,third_nucl,standard_error
ATA,I,0.627,A,0.09935971958122479
ATC,I,-0.407,C,0.060467843864186126
ATT,I,0.159,T,0.06012051464100823
ACA,T,0.342,A,0.07837346405482234
ACC,T,-0.471,C,0.06889457453954838
ACG,T,-0.273,G,0.08740265390242495
ACT,T,0.479,T,0.07915117322766331
AAC,N,-0.273,C,0.07899778108466288
AAT,N,0.273,T,0.07899778108466288
AAA,K,0.006,A,0.0770674543106457
AAG,K,-0.006,G,0.0770674543106457
AGC,S,-0.183,C,0.07754982944890083
AGT,S,0.08,T,0.07760360140429452
TCA,S,0.285,A,0.07848381319200488
TCC,S,-0.071,C,0.08876672863228227
TCG,S,-0.441,G,0.10140213593544134
TCT,S,0.137,T,0.07773640784565838
AGA,R,0.753,A,0.12022596923632412
AGG,R,0.477,G,0.2338787837870639
CGA,R,0.628,A,0.12780703025134182
CGC,R,-0.038,C,0.07777085431487593
CGG,R,-0.635,G,0.09625686694053645
CGT,R,-0.131,T,0.07255184822169074
CTA,L,0.732,A,0.12019906551484907
CTC,L,0.257,C,0.0834730554461694
CTG,L,-0.839,G,0.04759333221349382
CTT,L,0.474,T,0.08310876294772228
TTA,L,0.612,A,0.05939646885369505
TTG,L,0.156,G,0.06536178587138855
CCA,P,0.447,A,0.08981960974450334
CCC,P,0.335,C,0.11194268741828703
CCG,P,-0.831,G,0.07995924493198503
CCT,P,0.477,T,0.09517147869335892
CAC,H,0.059,C,0.10742005999575152
CAT,H,-0.059,T,0.10742005999575152
CAA,Q,0.842,A,0.07455325381725322
CAG,Q,-0.842,G,0.07455325381725322
GTA,V,0.226,A,0.0748927572445047
GTC,V,-0.117,C,0.07567261851769853
GTG,V,-0.228,G,0.06674321754009145
GTT,V,0.139,T,0.06595682539483883
GCA,A,0.328,A,0.0625287164816742
GCC,A,-0.173,C,0.06275776438906351
GCG,A,-0.542,G,0.06896128750703384
GCT,A,0.332,T,0.06392561633842339
GAC,D,0.158,C,0.08158614265905711
GAT,D,-0.158,T,0.08158614265905711
GAA,E,0.275,A,0.08120563174414977
GAG,E,-0.275,G,0.08120563174414977
GGA,G,0.732,A,0.09863588242223806
GGC,G,-0.188,C,0.07569731889799111
GGG,G,-0.264,G,0.12265185135708274
GGT,G,-0.109,T,0.07057562822616677
TTC,F,-0.659,C,0.08101690166744455
TTT,F,0.659,T,0.08101690166744456
TAC,Y,0.123,C,0.10096323509090116
TAT,Y,-0.123,T,0.10096323509090116
TGC,C,-0.33,C,0.15324843350821635
TGT,C,0.33,T,0.15324843350821635
