codon,amino_acid,Treponema,third_nucl,standard_error
ATA,I,0.315,A,0.05828807920409693
ATC,I,-0.607,C,0.05591734293771823
ATT,I,0.295,T,0.05376896678895049
ACA,T,0.734,A,0.0852933633723341
ACC,T,-0.76,C,0.06519650363203101
ACG,T,0.265,G,0.090719890598286
ACT,T,0.32,T,0.08505188201246935
AAC,N,-0.174,C,0.07079078089697206
AAT,N,0.174,T,0.07079078089697206
AAA,K,0.585,A,0.05662932789626825
AAG,K,-0.585,G,0.05662932789626825
AGC,S,-0.08,C,0.07351094364244685
AGT,S,0.534,T,0.08529041250273296
TCA,S,0.458,A,0.08596507519838403
TCC,S,-0.618,C,0.06931745190129143
TCG,S,-0.102,G,0.1028566151541901
TCT,S,0.166,T,0.09071169267502356
AGA,R,1.311,A,0.10803874446473266
AGG,R,0.419,G,0.09412601085132163
CGA,R,0.841,A,0.13057346657752772
CGC,R,-0.416,C,0.0904258956532682
CGG,R,-0.864,G,0.06710188767376982
CGT,R,0.163,T,0.09664336956590111
CTA,L,0.597,A,0.10058136394319792
CTC,L,-0.712,C,0.07078393243681419
CTG,L,-0.687,G,0.05035458817986162
CTT,L,-0.109,T,0.056678180529155596
TTA,L,1.109,A,0.07087693906303727
TTG,L,0.613,G,0.066118344573435
CCA,P,0.902,A,0.12063595250204417
CCC,P,-0.363,C,0.07539167839220448
CCG,P,-0.092,G,0.08353040051031942
CCT,P,0.116,T,0.09340604752012957
CAC,H,-0.248,C,0.12461163465516172
CAT,H,0.248,T,0.12461163465516172
CAA,Q,0.976,A,0.09227076411098761
CAG,Q,-0.976,G,0.09227076411098761
GTA,V,0.339,A,0.06795535764901406
GTC,V,-0.49,C,0.07883227103193613
GTG,V,-0.25,G,0.06314848808084074
GTT,V,0.295,T,0.06493189004278632
GCA,A,0.665,A,0.06848144989999545
GCC,A,-0.677,C,0.056996538119316896
GCG,A,0.051,G,0.06578772291153281
GCT,A,0.328,T,0.07306631849818797
GAC,D,-0.518,C,0.0691218599189947
GAT,D,0.518,T,0.0691218599189947
GAA,E,0.464,A,0.0686700929144172
GAG,E,-0.464,G,0.0686700929144172
GGA,G,0.658,A,0.0715632407721137
GGC,G,-0.331,C,0.06451518792414442
GGG,G,-0.525,G,0.06722098557053464
GGT,G,0.414,T,0.07392411837391924
TTC,F,-0.488,C,0.07741620538447268
TTT,F,0.488,T,0.07741620538447268
TAC,Y,-0.367,C,0.08613317215501032
TAT,Y,0.367,T,0.08613317215501032
TGC,C,-0.624,C,0.14169933011152439
TGT,C,0.624,T,0.14169933011152439
