codon,amino_acid,Trichlorobacter,third_nucl,standard_error
ATA,I,1.046,A,0.08546035368841987
ATC,I,-0.513,C,0.0560289946610439
ATT,I,-0.011,T,0.05852659220440238
ACA,T,0.833,A,0.07879471283236442
ACC,T,-0.48,C,0.05881031577331475
ACG,T,-0.077,G,0.08273586931303231
ACT,T,0.038,T,0.08470156845704283
AAC,N,-0.206,C,0.07824454134339084
AAT,N,0.206,T,0.07824454134339084
AAA,K,0.831,A,0.06134880603227621
AAG,K,-0.831,G,0.06134880603227621
AGC,S,-0.073,C,0.06624953198346896
AGT,S,0.16,T,0.08064460759725536
TCA,S,0.291,A,0.07525310890333371
TCC,S,-0.327,C,0.07355227310501171
TCG,S,-0.529,G,0.09996556400889778
TCT,S,0.417,T,0.08800947176887723
AGA,R,1.131,A,0.10112503751775052
AGG,R,0.192,G,0.10365758359061308
CGA,R,0.632,A,0.11370942280005467
CGC,R,-0.337,C,0.0668720764322668
CGG,R,-0.753,G,0.07547648072843034
CGT,R,0.114,T,0.06988187236378318
CTA,L,0.946,A,0.1274182381994527
CTC,L,0.359,C,0.07038383871078298
CTG,L,-0.635,G,0.043885791885167655
CTT,L,0.225,T,0.061480451475795714
TTA,L,0.882,A,0.10686953624517348
TTG,L,0.192,G,0.06436325608786934
CCA,P,0.953,A,0.10231668246736261
CCC,P,-0.03,C,0.07952210030862249
CCG,P,-0.6,G,0.07160788683794313
CCT,P,0.211,T,0.0892959789933664
CAC,H,0.007,C,0.09863545395543992
CAT,H,-0.007,T,0.09863545395543993
CAA,Q,0.946,A,0.08155359788173377
CAG,Q,-0.946,G,0.08155359788173376
GTA,V,0.485,A,0.07450045361911992
GTC,V,-0.244,C,0.06480191806855677
GTG,V,-0.374,G,0.05994395817896739
GTT,V,0.318,T,0.06502897260495336
GCA,A,0.712,A,0.05674394861589259
GCC,A,-0.638,C,0.052662641668196314
GCG,A,-0.178,G,0.07476270276034955
GCT,A,0.211,T,0.06659010773666434
GAC,D,-0.231,C,0.06889082334147355
GAT,D,0.231,T,0.06889082334147355
GAA,E,0.737,A,0.06608619955310209
GAG,E,-0.737,G,0.06608619955310209
GGA,G,0.929,A,0.07957478201565098
GGC,G,-0.27,C,0.06454149576262044
GGG,G,-0.531,G,0.08776340447600281
GGT,G,-0.02,T,0.07150817659227872
TTC,F,-0.301,C,0.07620090562426353
TTT,F,0.301,T,0.07620090562426353
TAC,Y,-0.133,C,0.09156763674012015
TAT,Y,0.133,T,0.09156763674012015
TGC,C,-0.395,C,0.12548135606953528
TGT,C,0.395,T,0.12548135606953528
