codon,amino_acid,Tropheryma,third_nucl,standard_error
ATA,I,-0.011,A,0.12343286098820717
ATC,I,0.064,C,0.1454580204583701
ATT,I,-0.032,T,0.11823960271905344
ACA,T,0.083,A,0.12886168750170895
ACC,T,-0.017,C,0.1412563357143876
ACG,T,0.013,G,0.17644806931663132
ACT,T,-0.092,T,0.14267693148764193
AAC,N,-0.148,C,0.16638765585564094
AAT,N,0.148,T,0.16638765585564094
AAA,K,0.041,A,0.12747883829741552
AAG,K,-0.041,G,0.12747883829741552
AGC,S,0.08,C,0.15626546855113688
AGT,S,-0.019,T,0.13371935285342268
TCA,S,0.156,A,0.13531475440556073
TCC,S,-0.316,C,0.15991341815238533
TCG,S,0.025,G,0.15328336651610153
TCT,S,0.008,T,0.11906250531147082
AGA,R,0.227,A,0.13579724502047325
AGG,R,-0.002,G,0.13323109377428546
CGA,R,-0.064,A,0.20394265813534218
CGC,R,-0.219,C,0.1514282117322874
CGG,R,0.066,G,0.18406562223286274
CGT,R,-0.065,T,0.14446579696818831
CTA,L,-0.259,A,0.15460003813759135
CTC,L,-0.361,C,0.14885798424260388
CTG,L,-0.288,G,0.12371741103121808
CTT,L,-0.194,T,0.10280231044869145
TTA,L,-0.142,A,0.14572392275204307
TTG,L,0.836,G,0.11206043035333454
CCA,P,-0.087,A,0.15671897314388694
CCC,P,0.167,C,0.17255337489235237
CCG,P,-0.195,G,0.1663998949289889
CCT,P,0.122,T,0.15592243442880604
CAC,H,0.352,C,0.21927042076426997
CAT,H,-0.352,T,0.21927042076426997
CAA,Q,-0.074,A,0.17872425797591698
CAG,Q,0.074,G,0.17872425797591698
GTA,V,-0.222,A,0.12936595353967428
GTC,V,-0.366,C,0.14180525690687673
GTG,V,1.129,G,0.11437117682926864
GTT,V,-0.65,T,0.10152382425674697
GCA,A,0.083,A,0.11934048890279157
GCC,A,-0.084,C,0.14354092809290622
GCG,A,-0.087,G,0.14751994896933973
GCT,A,0.037,T,0.12585799045427862
GAC,D,-0.047,C,0.14956450692436232
GAT,D,0.047,T,0.14956450692436232
GAA,E,0.033,A,0.14568308405831792
GAG,E,-0.033,G,0.14568308405831792
GGA,G,-0.019,A,0.14257399591852146
GGC,G,0.07,C,0.1309967586651499
GGG,G,-0.264,G,0.14917016286837842
GGT,G,0.124,T,0.1179643502721958
TTC,F,0.016,C,0.16535257618573398
TTT,F,-0.016,T,0.16535257618573398
TAC,Y,-0.128,C,0.18430067608795153
TAT,Y,0.128,T,0.18430067608795153
TGC,C,-0.114,C,0.2717546483753287
TGT,C,0.114,T,0.2717546483753287
