codon,amino_acid,Trueperella,third_nucl,standard_error
ATA,I,0.859,A,0.1836521752810433
ATC,I,-0.664,C,0.08134128561188897
ATT,I,0.507,T,0.08361646802448755
ACA,T,0.831,A,0.10896300606061966
ACC,T,-0.454,C,0.07777233118239472
ACG,T,-0.453,G,0.08251310174389723
ACT,T,0.575,T,0.096314518336464
AAC,N,-0.499,C,0.11169564648321291
AAT,N,0.499,T,0.11169564648321291
AAA,K,0.321,A,0.10012405491084121
AAG,K,-0.321,G,0.10012405491084121
AGC,S,0.288,C,0.1005383812501085
AGT,S,0.609,T,0.14519028046368876
TCA,S,0.259,A,0.1203642486722019
TCC,S,-0.391,C,0.0917417844038007
TCG,S,-0.512,G,0.0912308561596093
TCT,S,0.354,T,0.10994320905844417
AGA,R,1.22,A,0.18009600493566824
AGG,R,0.786,G,0.16166416097862912
CGA,R,0.601,A,0.12463570400564958
CGC,R,-0.668,C,0.07491125306296949
CGG,R,-0.292,G,0.10881502671278143
CGT,R,0.217,T,0.09174883089220688
CTA,L,0.5,A,0.11689436205882989
CTC,L,-0.379,C,0.06528334709898954
CTG,L,-0.418,G,0.07168132877883893
CTT,L,0.467,T,0.08365441605780259
TTA,L,0.971,A,0.16829884773341114
TTG,L,0.254,G,0.09205288925438845
CCA,P,0.606,A,0.11761082399818207
CCC,P,-0.138,C,0.09694784424160448
CCG,P,-0.62,G,0.09367048126961999
CCT,P,0.603,T,0.1220452817623888
CAC,H,-0.351,C,0.13749858010097968
CAT,H,0.351,T,0.13749858010097968
CAA,Q,0.527,A,0.11461990899196234
CAG,Q,-0.527,G,0.11461990899196234
GTA,V,0.552,A,0.11702735488336548
GTC,V,-0.674,C,0.06963441011292557
GTG,V,0.277,G,0.06766192050648771
GTT,V,0.285,T,0.08372944958347128
GCA,A,0.776,A,0.07356350392514051
GCC,A,-0.465,C,0.06363203722649807
GCG,A,-0.315,G,0.06832766199015528
GCT,A,0.226,T,0.0757302868960819
GAC,D,-0.368,C,0.08347502293968155
GAT,D,0.368,T,0.08347502293968155
GAA,E,0.967,A,0.08378143031459274
GAG,E,-0.967,G,0.08378143031459276
GGA,G,0.623,A,0.09646253125878326
GGC,G,-0.38,C,0.07619887187450075
GGG,G,-0.149,G,0.10342113128483275
GGT,G,0.123,T,0.09266139976071006
TTC,F,-0.816,C,0.11285572700079784
TTT,F,0.816,T,0.11285572700079784
TAC,Y,-0.379,C,0.13678839828380662
TAT,Y,0.379,T,0.13678839828380662
TGC,C,-0.661,C,0.24400368274503773
TGT,C,0.661,T,0.2440036827450377
