codon,amino_acid,Truepera,third_nucl,standard_error
ATA,I,0.523,A,0.2659712945353701
ATC,I,-0.888,C,0.13830192557946158
ATT,I,0.95,T,0.15700324239247668
ACA,T,1.639,A,0.20485602149116533
ACC,T,-0.144,C,0.06280654524475576
ACG,T,-0.209,G,0.06445453126707182
ACT,T,0.883,T,0.21055495282918577
AAC,N,-0.972,C,0.2646038498322888
AAT,N,0.972,T,0.2646038498322888
AAA,K,0.482,A,0.09824250207616594
AAG,K,-0.482,G,0.09824250207616594
AGC,S,-0.292,C,0.0713661477093464
AGT,S,0.958,T,0.18907254962234174
TCA,S,0.923,A,0.183053435597853
TCC,S,0.566,C,0.1028168401611512
TCG,S,-0.701,G,0.08030102636383753
TCT,S,1.302,T,0.19587832182827133
AGA,R,1.685,A,0.1840443325083541
AGG,R,0.559,G,0.11138317836841133
CGA,R,1.442,A,0.14352663837762988
CGC,R,-0.662,C,0.055929532138996235
CGG,R,-0.404,G,0.07218488806027516
CGT,R,0.821,T,0.10627121148714924
CTA,L,0.734,A,0.10474172134572236
CTC,L,-0.288,C,0.04504053102196524
CTG,L,-0.289,G,0.052187860205148165
CTT,L,0.743,T,0.0788249337927064
TTA,L,0.816,A,0.13898866802852386
TTG,L,0.01,G,0.07074166922038162
CCA,P,0.708,A,0.13592706875644217
CCC,P,0.087,C,0.060957756507669644
CCG,P,-0.592,G,0.06464838721073844
CCT,P,0.953,T,0.12163494417204088
CAC,H,-0.908,C,0.20122839745488422
CAT,H,0.908,T,0.20122839745488422
CAA,Q,0.962,A,0.10607108420511362
CAG,Q,-0.962,G,0.10607108420511362
GTA,V,0.611,A,0.13394417487664448
GTC,V,-0.799,C,0.056188939998062674
GTG,V,0.423,G,0.05434973944332722
GTT,V,0.853,T,0.10965918469531673
GCA,A,1.385,A,0.10591680066125958
GCC,A,-0.064,C,0.047166872571141806
GCG,A,-0.578,G,0.047566271971966986
GCT,A,0.915,T,0.08286946410301714
GAC,D,-0.572,C,0.1316228974060607
GAT,D,0.572,T,0.1316228974060607
GAA,E,0.899,A,0.08025662942690293
GAG,E,-0.899,G,0.08025662942690293
GGA,G,1.379,A,0.1460577144053336
GGC,G,-0.199,C,0.0630783129281503
GGG,G,-0.355,G,0.06817982373630659
GGT,G,0.461,T,0.08763629301446965
TTC,F,-0.198,C,0.08764718719698111
TTT,F,0.198,T,0.0876471871969811
TAC,Y,-0.673,C,0.17212545181592556
TAT,Y,0.673,T,0.17212545181592556
TGC,C,-0.362,C,0.2539307649405097
TGT,C,0.362,T,0.25393076494050976
