codon,amino_acid,Tsukamurella,third_nucl,standard_error
ATA,I,0.693,A,0.24234423717405984
ATC,I,-0.682,C,0.11816856681048311
ATT,I,0.65,T,0.13275908717747936
ACA,T,0.585,A,0.10802825239191742
ACC,T,-0.358,C,0.05023749577560202
ACG,T,-0.044,G,0.055153798034181495
ACT,T,1.007,T,0.11046309674790036
AAC,N,-0.344,C,0.11377143243377903
AAT,N,0.344,T,0.11377143243377903
AAA,K,0.336,A,0.13658295496110676
AAG,K,-0.336,G,0.13658295496110678
AGC,S,0.374,C,0.06284198150958373
AGT,S,0.444,T,0.10879276663224946
TCA,S,0.68,A,0.1464942116308567
TCC,S,-0.129,C,0.05979551517608613
TCG,S,-0.647,G,0.058394359611715206
TCT,S,1.281,T,0.17865194701986045
AGA,R,1.639,A,0.2457176536796172
AGG,R,1.078,G,0.14187577438053212
CGA,R,0.451,A,0.08273365527611454
CGC,R,-0.291,C,0.04792299689438323
CGG,R,-0.316,G,0.05267473611760469
CGT,R,0.371,T,0.0736386519245804
CTA,L,0.349,A,0.17083772099960515
CTC,L,-0.038,C,0.046236531132418705
CTG,L,-0.202,G,0.045415181809122365
CTT,L,0.76,T,0.12295396976258874
TTA,L,0.985,A,0.42934399647627125
TTG,L,0.313,G,0.0824822054492082
CCA,P,0.329,A,0.12488018119389653
CCC,P,0.08,C,0.05490706250281097
CCG,P,-0.325,G,0.054371405697593446
CCT,P,0.948,T,0.1332601140728515
CAC,H,-0.223,C,0.12568391684726937
CAT,H,0.223,T,0.12568391684726937
CAA,Q,0.126,A,0.1211932008802384
CAG,Q,-0.126,G,0.12119320088023838
GTA,V,0.268,A,0.1134960297372901
GTC,V,-0.288,C,0.0447473908358812
GTG,V,0.109,G,0.04314552404203156
GTT,V,0.639,T,0.10305820819486984
GCA,A,0.815,A,0.060665007779030326
GCC,A,-0.255,C,0.03799534294422967
GCG,A,-0.248,G,0.03891107400408411
GCT,A,0.641,T,0.07700017496554684
GAC,D,-0.076,C,0.05746535083890723
GAT,D,0.076,T,0.05746535083890723
GAA,E,0.76,A,0.0683367347751182
GAG,E,-0.76,G,0.0683367347751182
GGA,G,0.719,A,0.06923158963615382
GGC,G,-0.418,C,0.04927588048672243
GGG,G,0.076,G,0.06477017435175864
GGT,G,0.024,T,0.06459085619142804
TTC,F,-0.901,C,0.21437148946269757
TTT,F,0.901,T,0.21437148946269755
TAC,Y,-0.618,C,0.13843988297785295
TAT,Y,0.618,T,0.13843988297785295
TGC,C,-0.412,C,0.22220779951455186
TGT,C,0.412,T,0.22220779951455186
