codon,amino_acid,Tsuneonella,third_nucl,standard_error
ATA,I,0.451,A,0.12474314551325227
ATC,I,-0.446,C,0.07020262899983305
ATT,I,0.353,T,0.076032349094593
ACA,T,0.25,A,0.0916943258300538
ACC,T,0.01,C,0.06469501209262087
ACG,T,-0.376,G,0.07202431789964386
ACT,T,0.328,T,0.09303252293244217
AAC,N,-0.104,C,0.09572794365941698
AAT,N,0.104,T,0.09572794365941698
AAA,K,0.464,A,0.08367218793046854
AAG,K,-0.464,G,0.08367218793046854
AGC,S,-0.196,C,0.07098173362743981
AGT,S,-0.056,T,0.11316610358689987
TCA,S,0.625,A,0.12962470998886358
TCC,S,0.432,C,0.08315410967175466
TCG,S,-0.523,G,0.07375145013813014
TCT,S,0.479,T,0.12037899428385432
AGA,R,0.957,A,0.16815959248216533
AGG,R,0.109,G,0.15134656851037775
CGA,R,0.378,A,0.11745154662645105
CGC,R,-0.109,C,0.0594880599578242
CGG,R,-0.531,G,0.07417862880793796
CGT,R,0.369,T,0.07931532591958068
CTA,L,0.346,A,0.15137958452174646
CTC,L,0.226,C,0.06045424424057028
CTG,L,-0.679,G,0.05180445180186522
CTT,L,0.7,T,0.0766780392235614
TTA,L,0.41,A,0.1837831578668089
TTG,L,0.227,G,0.07235329583036722
CCA,P,0.36,A,0.10474618789096297
CCC,P,0.215,C,0.07224926905733868
CCG,P,-0.717,G,0.06865643377995059
CCT,P,0.761,T,0.10099028073570389
CAC,H,0.08,C,0.11215535751044912
CAT,H,-0.08,T,0.11215535751044912
CAA,Q,0.592,A,0.10235605401287029
CAG,Q,-0.592,G,0.1023560540128703
GTA,V,0.413,A,0.10932637998056371
GTC,V,-0.177,C,0.06589092064675844
GTG,V,-0.287,G,0.06366758623966223
GTT,V,0.52,T,0.08220651816588241
GCA,A,0.222,A,0.05815585678896083
GCC,A,0.203,C,0.048246075131371115
GCG,A,-0.567,G,0.05072778181717748
GCT,A,0.33,T,0.06744590270155258
GAC,D,0.261,C,0.06714207922773695
GAT,D,-0.261,T,0.06714207922773695
GAA,E,0.179,A,0.07634932164735214
GAG,E,-0.179,G,0.07634932164735214
GGA,G,0.786,A,0.0917910608129207
GGC,G,-0.198,C,0.06229587248791374
GGG,G,-0.401,G,0.08103017756265286
GGT,G,0.149,T,0.07981696928583835
TTC,F,-0.319,C,0.09179556641824174
TTT,F,0.319,T,0.09179556641824174
TAC,Y,0.218,C,0.11797981674756429
TAT,Y,-0.218,T,0.11797981674756429
TGC,C,-0.375,C,0.20846243611016757
TGT,C,0.375,T,0.20846243611016754
