codon,amino_acid,Tumebacillus,third_nucl,standard_error
ATA,I,0.943,A,0.12882986344311786
ATC,I,-0.955,C,0.05948671485709804
ATT,I,0.823,T,0.06274564867003476
ACA,T,0.956,A,0.07640961072670797
ACC,T,-0.585,C,0.05671617333360301
ACG,T,-0.234,G,0.05660846361495479
ACT,T,0.558,T,0.08780047918195864
AAC,N,-0.507,C,0.07300974311924048
AAT,N,0.507,T,0.07300974311924048
AAA,K,0.508,A,0.053098176427637284
AAG,K,-0.508,G,0.053098176427637284
AGC,S,0.187,C,0.06465191033248699
AGT,S,0.972,T,0.10369229480308093
TCA,S,0.672,A,0.10471477079618859
TCC,S,-0.419,C,0.06906272057917401
TCG,S,-0.79,G,0.06669703625638303
TCT,S,0.535,T,0.09122098868650312
AGA,R,1.303,A,0.11118770229499698
AGG,R,0.651,G,0.14122004657105808
CGA,R,1.048,A,0.10590353991996648
CGC,R,-0.944,C,0.056729205154486345
CGG,R,-0.259,G,0.07271802504217616
CGT,R,0.411,T,0.07546935663363853
CTA,L,0.65,A,0.14189367473399497
CTC,L,-0.325,C,0.05051621132063914
CTG,L,-0.741,G,0.04055564067297931
CTT,L,0.541,T,0.06741085094825099
TTA,L,0.956,A,0.09323429321601755
TTG,L,0.653,G,0.047485932489140056
CCA,P,1.139,A,0.11918670553633008
CCC,P,0.134,C,0.09944801968813628
CCG,P,-0.892,G,0.07322953936523477
CCT,P,0.753,T,0.10340549738838903
CAC,H,-0.498,C,0.09106507562905701
CAT,H,0.498,T,0.09106507562905701
CAA,Q,0.931,A,0.06324653251235542
CAG,Q,-0.931,G,0.06324653251235542
GTA,V,1.003,A,0.07963860408796694
GTC,V,-0.778,C,0.05342924403198861
GTG,V,0.049,G,0.047672541283931835
GTT,V,0.389,T,0.06733902178746905
GCA,A,0.991,A,0.056450695239148974
GCC,A,-0.473,C,0.05676245341791681
GCG,A,-0.663,G,0.05161942441612811
GCT,A,0.392,T,0.0658158656123034
GAC,D,-0.583,C,0.06241164521952904
GAT,D,0.583,T,0.06241164521952904
GAA,E,0.54,A,0.05314774087909392
GAG,E,-0.54,G,0.05314774087909392
GGA,G,1.091,A,0.07254959036730854
GGC,G,-0.837,C,0.05506747420553376
GGG,G,0.003,G,0.06599980032368734
GGT,G,0.428,T,0.07552073247451105
TTC,F,-0.62,C,0.06589761222838011
TTT,F,0.62,T,0.06589761222838011
TAC,Y,-0.529,C,0.07774617170536066
TAT,Y,0.529,T,0.07774617170536066
TGC,C,-0.804,C,0.16227486729356697
TGT,C,0.804,T,0.16227486729356697
