codon,amino_acid,Turicimonas,third_nucl,standard_error
ATA,I,0.724,A,0.10722721594103067
ATC,I,-0.42,C,0.07292529897714961
ATT,I,0.055,T,0.06826303040694566
ACA,T,0.454,A,0.0799441660868036
ACC,T,-0.32,C,0.08922546786404578
ACG,T,-0.552,G,0.11156924456272081
ACT,T,0.082,T,0.08049322696592487
AAC,N,-0.295,C,0.08405413546654233
AAT,N,0.295,T,0.08405413546654233
AAA,K,0.588,A,0.06584078034388227
AAG,K,-0.588,G,0.06584078034388229
AGC,S,-0.151,C,0.09048505612999307
AGT,S,0.225,T,0.09424487496745668
TCA,S,0.593,A,0.09150387741196932
TCC,S,-0.44,C,0.08417684201226996
TCG,S,-0.136,G,0.12111936809813273
TCT,S,-0.052,T,0.07253646848526427
AGA,R,0.186,A,0.08222371205124338
AGG,R,0.198,G,0.15828675458816122
CGA,R,0.262,A,0.12993463821916879
CGC,R,-0.414,C,0.11170062480723784
CGG,R,-0.206,G,0.16701964682258902
CGT,R,-0.1,T,0.10211768958550113
CTA,L,0.475,A,0.11195983034164862
CTC,L,-0.227,C,0.08045715964888636
CTG,L,-0.39,G,0.08168946506840469
CTT,L,-0.062,T,0.060428929662672035
TTA,L,0.43,A,0.06335679987949286
TTG,L,-0.176,G,0.06745313347280694
CCA,P,0.301,A,0.11083229821667452
CCC,P,0.3,C,0.12680964919447338
CCG,P,-0.595,G,0.09870663732019185
CCT,P,0.175,T,0.09216290655640194
CAC,H,-0.239,C,0.14751528191809435
CAT,H,0.239,T,0.14751528191809435
CAA,Q,0.799,A,0.09593260982995747
CAG,Q,-0.799,G,0.09593260982995747
GTA,V,0.437,A,0.08473860599173547
GTC,V,-0.398,C,0.08285491123309997
GTG,V,0.175,G,0.09210785724304116
GTT,V,-0.105,T,0.0679153995355718
GCA,A,0.444,A,0.07069224474226825
GCC,A,-0.335,C,0.07582563637599375
GCG,A,0.001,G,0.10664607332215612
GCT,A,-0.134,T,0.06760920938189721
GAC,D,-0.059,C,0.08524117157634233
GAT,D,0.059,T,0.08524117157634233
GAA,E,0.142,A,0.08450942432748058
GAG,E,-0.142,G,0.08450942432748058
GGA,G,0.17,A,0.0847548714179462
GGC,G,-0.187,C,0.08492474058882953
GGG,G,0.107,G,0.1384248488045491
GGT,G,-0.022,T,0.08880641464491229
TTC,F,-0.807,C,0.08499732254082636
TTT,F,0.807,T,0.08499732254082636
TAC,Y,-0.153,C,0.11318371174163235
TAT,Y,0.153,T,0.11318371174163235
TGC,C,-0.635,C,0.15844421256316177
TGT,C,0.635,T,0.15844421256316177
