codon,amino_acid,Turicibacter,third_nucl,standard_error
ATA,I,0.74,A,0.08619487077823916
ATC,I,-0.324,C,0.07283573540696749
ATT,I,-0.168,T,0.060363587455542315
ACA,T,0.225,A,0.07389258336958918
ACC,T,-0.266,C,0.1222318352163229
ACG,T,-0.309,G,0.09377276108225606
ACT,T,0.089,T,0.08410621713903066
AAC,N,0.031,C,0.09190083320117112
AAT,N,-0.031,T,0.09190083320117112
AAA,K,-0.01,A,0.06785884592906491
AAG,K,0.01,G,0.06785884592906492
AGC,S,0.107,C,0.13256818131032402
AGT,S,0.311,T,0.07456446847838197
TCA,S,-0.006,A,0.07255121418711868
TCC,S,-0.135,C,0.1886309349500326
TCG,S,-0.127,G,0.12996897141901875
TCT,S,-0.371,T,0.08708779796739269
AGA,R,0.831,A,0.0981745183506334
AGG,R,0.39,G,0.18551255842864314
CGA,R,0.328,A,0.11228143686468392
CGC,R,-0.287,C,0.14189639432433204
CGG,R,0.027,G,0.2661053885341228
CGT,R,-0.839,T,0.08682804528828202
CTA,L,0.079,A,0.088791259352985
CTC,L,-0.348,C,0.13488637001754306
CTG,L,-0.543,G,0.16626166028650388
CTT,L,-0.562,T,0.07918427291259615
TTA,L,0.125,A,0.052093735609278
TTG,L,0.474,G,0.08027820157095437
CCA,P,0.319,A,0.10543803813893163
CCC,P,-0.379,C,0.21337328523423982
CCG,P,-0.073,G,0.14846848306434604
CCT,P,-0.23,T,0.11828984266168355
CAC,H,-0.065,C,0.15269922441946845
CAT,H,0.065,T,0.15269922441946845
CAA,Q,-0.146,A,0.10821386934692351
CAG,Q,0.146,G,0.1082138693469235
GTA,V,0.446,A,0.07360894245931485
GTC,V,-0.326,C,0.09259643592144529
GTG,V,0.393,G,0.07704949514672597
GTT,V,-0.457,T,0.06445655497911128
GCA,A,0.409,A,0.077426541693784
GCC,A,0.012,C,0.11656988791602771
GCG,A,-0.209,G,0.10801173536005843
GCT,A,-0.326,T,0.08098515459940407
GAC,D,-0.082,C,0.11647360516573045
GAT,D,0.082,T,0.11647360516573045
GAA,E,0.017,A,0.07491252624489413
GAG,E,-0.017,G,0.07491252624489413
GGA,G,-0.067,A,0.07572018687559126
GGC,G,0.018,C,0.16201420707374767
GGG,G,0.088,G,0.10039310299251045
GGT,G,0.016,T,0.08360149244673865
TTC,F,-0.606,C,0.09715127680401785
TTT,F,0.606,T,0.09715127680401785
TAC,Y,-0.068,C,0.10692630496250827
TAT,Y,0.068,T,0.10692630496250827
TGC,C,-0.459,C,0.21426149196856545
TGT,C,0.459,T,0.21426149196856545
