codon,amino_acid,Undibacterium,third_nucl,standard_error
ATA,I,0.171,A,0.06815826864766963
ATC,I,-0.367,C,0.05431327755020121
ATT,I,0.278,T,0.05645521332260058
ACA,T,0.88,A,0.07451532724731169
ACC,T,-0.462,C,0.0580558995617773
ACG,T,-0.458,G,0.07338043324421578
ACT,T,0.175,T,0.062342129575155836
AAC,N,0.106,C,0.0705558803767335
AAT,N,-0.106,T,0.0705558803767335
AAA,K,0.606,A,0.06046983988249657
AAG,K,-0.606,G,0.060469839882496566
AGC,S,-0.252,C,0.05514257885503544
AGT,S,-0.07,T,0.06516842740289716
TCA,S,0.446,A,0.07512740862847352
TCC,S,0.483,C,0.07563394566008769
TCG,S,-0.776,G,0.07436048808652451
TCT,S,0.314,T,0.06700777156327044
AGA,R,0.481,A,0.0965019657185628
AGG,R,0.178,G,0.15064365103878286
CGA,R,0.663,A,0.11300362722462372
CGC,R,-0.38,C,0.06146181577757022
CGG,R,-0.363,G,0.12862708943410786
CGT,R,0.049,T,0.0662334073319103
CTA,L,0.377,A,0.06553117806097582
CTC,L,0.507,C,0.05899976954787933
CTG,L,-0.672,G,0.0463612088217744
CTT,L,0.688,T,0.06993839143433418
TTA,L,0.356,A,0.05192654149805331
TTG,L,-0.433,G,0.046504191223573944
CCA,P,0.247,A,0.07317374678288324
CCC,P,0.498,C,0.07949457481554878
CCG,P,-0.722,G,0.07428489651780684
CCT,P,0.046,T,0.0721047766754332
CAC,H,0.463,C,0.09113602360258058
CAT,H,-0.463,T,0.09113602360258058
CAA,Q,0.516,A,0.06638088725656632
CAG,Q,-0.516,G,0.06638088725656632
GTA,V,0.463,A,0.07016057259544989
GTC,V,-0.112,C,0.0627310562232089
GTG,V,-0.619,G,0.06145909936507705
GTT,V,0.533,T,0.07082301086288828
GCA,A,0.579,A,0.05123202406131018
GCC,A,-0.186,C,0.04741706835051086
GCG,A,-0.525,G,0.052593746078307205
GCT,A,0.182,T,0.05427315407942259
GAC,D,0.157,C,0.06896351656549136
GAT,D,-0.157,T,0.06896351656549136
GAA,E,0.821,A,0.07445252591384235
GAG,E,-0.821,G,0.07445252591384235
GGA,G,0.615,A,0.09639615648890898
GGC,G,-0.158,C,0.06644781393566906
GGG,G,-0.265,G,0.1191484942666137
GGT,G,-0.032,T,0.0692523385534074
TTC,F,-0.039,C,0.06879705013551093
TTT,F,0.039,T,0.06879705013551093
TAC,Y,0.063,C,0.09045400029912619
TAT,Y,-0.063,T,0.09045400029912619
TGC,C,-0.468,C,0.14716452029911561
TGT,C,0.468,T,0.1471645202991156
