codon,amino_acid,Urbifossiella,third_nucl,standard_error
ATA,I,0.475,A,0.3018497883370573
ATC,I,-0.574,C,0.10352466050814896
ATT,I,0.571,T,0.10873862035830044
ACA,T,0.921,A,0.13970657153366794
ACC,T,0.517,C,0.04368678292782984
ACG,T,-0.729,G,0.0446491894739254
ACT,T,0.63,T,0.13206160827026822
AAC,N,-0.554,C,0.16935850126711768
AAT,N,0.554,T,0.16935850126711768
AAA,K,1.307,A,0.12064511175329966
AAG,K,-1.307,G,0.12064511175329964
AGC,S,-0.42,C,0.05693178374914739
AGT,S,0.642,T,0.13627507440702924
TCA,S,0.788,A,0.16531704846680884
TCC,S,0.868,C,0.06257487994248111
TCG,S,-0.688,G,0.0550529374814568
TCT,S,1.729,T,0.23569679881814398
AGA,R,1.771,A,0.3242565774946871
AGG,R,0.264,G,0.12307056278649539
CGA,R,0.966,A,0.08401217774430329
CGC,R,0.225,C,0.03706100274610799
CGG,R,-0.816,G,0.039547296578259526
CGT,R,1.069,T,0.08741449397466572
CTA,L,0.439,A,0.13539735270648182
CTC,L,0.512,C,0.03372478939405569
CTG,L,-0.644,G,0.03366808334255533
CTT,L,0.716,T,0.0994331698746281
TTA,L,0.379,A,0.2671528989798528
TTG,L,0.043,G,0.0690518689538814
CCA,P,0.669,A,0.1141267633484744
CCC,P,0.794,C,0.043820996670820074
CCG,P,-0.918,G,0.0423489254230931
CCT,P,0.835,T,0.14537767704800011
CAC,H,-0.895,C,0.18240832649285812
CAT,H,0.895,T,0.18240832649285812
CAA,Q,1.158,A,0.10739765288577505
CAG,Q,-1.158,G,0.10739765288577505
GTA,V,0.463,A,0.11968411050658564
GTC,V,0.092,C,0.03701042595210164
GTG,V,-0.287,G,0.03671988893487924
GTT,V,0.806,T,0.08931238833220793
GCA,A,0.896,A,0.08133588893621155
GCC,A,0.216,C,0.030641780173065576
GCG,A,-0.494,G,0.031805680141029934
GCT,A,0.928,T,0.09613160753146614
GAC,D,-0.621,C,0.09260025125030077
GAT,D,0.621,T,0.09260025125030077
GAA,E,1.15,A,0.06343526089593769
GAG,E,-1.15,G,0.06343526089593769
GGA,G,1.053,A,0.10551275590237348
GGC,G,-0.262,C,0.04494015084899774
GGG,G,-0.153,G,0.04906821257343115
GGT,G,0.769,T,0.08573014381532644
TTC,F,-0.756,C,0.1264489094386036
TTT,F,0.756,T,0.1264489094386036
TAC,Y,-0.777,C,0.18700285002455652
TAT,Y,0.777,T,0.18700285002455652
TGC,C,-0.662,C,0.1611135000145709
TGT,C,0.662,T,0.1611135000145709
