codon,amino_acid,Ureaplasma,third_nucl,standard_error
ATA,I,0.269,A,0.33240673888995914
ATC,I,-0.2,C,0.2807712673491181
ATT,I,0.005,T,0.23899803082334503
ACA,T,0.326,A,0.2963933607360361
ACC,T,0.046,C,0.6242525619649731
ACG,T,2.864,G,1.475235153337608
ACT,T,-0.633,T,0.30013132991079516
AAC,N,-0.441,C,0.23316274103120646
AAT,N,0.441,T,0.23316274103120646
AAA,K,0.079,A,0.2404744765603452
AAG,K,-0.079,G,0.2404744765603452
AGC,S,1.434,C,0.5273352984006263
AGT,S,-0.235,T,0.28425071987690775
TCA,S,0.016,A,0.2773169008789575
TCC,S,0.087,C,1.420360602954138
TCG,S,0.088,G,1.0087505505679506
TCT,S,-0.389,T,0.3195298645782564
AGA,R,0.567,A,0.3797278794233412
AGG,R,-0.947,G,1.169247686127773
CGA,R,-0.13,A,0.48363504667356716
CGC,R,-0.526,C,1.2383724938670244
CGG,R,1.823,G,1.559860070220411
CGT,R,-0.457,T,0.3741910826499688
CTA,L,0.213,A,0.32691637801926576
CTC,L,1.158,C,1.1598180981282042
CTG,L,0.753,G,0.8728776066241833
CTT,L,0.007,T,0.30874964020439005
TTA,L,-0.59,A,0.22933598199198865
TTG,L,2.215,G,0.7582234917074917
CCA,P,-0.336,A,0.43711717945126405
CCC,P,2.451,C,1.527606968431658
CCG,P,0.019,G,0.9391357022656442
CCT,P,-0.017,T,0.46481007927382534
CAC,H,-0.434,C,0.6104976138553909
CAT,H,0.434,T,0.6104976138553909
CAA,Q,0.446,A,0.628279240856247
CAG,Q,-0.446,G,0.6282792408562471
GTA,V,0.206,A,0.313420312124975
GTC,V,0.51,C,0.6600573275675952
GTG,V,0.494,G,0.40385833613453553
GTT,V,-0.477,T,0.2744044738439648
GCA,A,0.68,A,0.3055441639295075
GCC,A,0.82,C,0.9254169515136556
GCG,A,0.41,G,0.72348483151672
GCT,A,-0.826,T,0.30530018247154167
GAC,D,0.336,C,0.46816321909995967
GAT,D,-0.336,T,0.46816321909995967
GAA,E,-0.147,A,0.5002345964493498
GAG,E,0.147,G,0.5002345964493498
GGA,G,0.516,A,0.3790167516046202
GGC,G,1.47,C,0.6579687107318514
GGG,G,-0.042,G,0.6321566439862947
GGT,G,-1.058,T,0.40881353705843054
TTC,F,-0.302,C,0.43505871763890447
TTT,F,0.302,T,0.43505871763890447
TAC,Y,0.241,C,0.46848748060169065
TAT,Y,-0.241,T,0.46848748060169065
TGC,C,0.636,C,1.3135791548583706
TGT,C,-0.636,T,1.3135791548583706
