codon,amino_acid,Urechidicola,third_nucl,standard_error
ATA,I,0.635,A,0.0521689547946883
ATC,I,0.292,C,0.08377277355477256
ATT,I,-0.692,T,0.04994203062686857
ACA,T,0.348,A,0.06705388896004688
ACC,T,0.186,C,0.10465483377444007
ACG,T,0.252,G,0.14937788699239304
ACT,T,-0.517,T,0.07021240930770396
AAC,N,0.412,C,0.07164424489292681
AAT,N,-0.412,T,0.07164424489292681
AAA,K,0.267,A,0.0678627477091668
AAG,K,-0.267,G,0.0678627477091668
AGC,S,0.327,C,0.1383254353070163
AGT,S,0.028,T,0.07090284424725582
TCA,S,0.191,A,0.06672328149373703
TCC,S,0.494,C,0.16559188319426654
TCG,S,0.198,G,0.14481547019380622
TCT,S,-0.531,T,0.07662503161037532
AGA,R,0.502,A,0.0916438113771892
AGG,R,-0.034,G,0.18749539775310858
CGA,R,-0.072,A,0.12966723862515178
CGC,R,-0.038,C,0.22503366591622173
CGG,R,-0.461,G,0.3969864855189338
CGT,R,-0.756,T,0.12552057148490503
CTA,L,0.555,A,0.08043768201217778
CTC,L,0.766,C,0.15837428812718626
CTG,L,0.353,G,0.17454900681103544
CTT,L,0.135,T,0.06957229134747954
TTA,L,-0.104,A,0.04871465855302488
TTG,L,-0.584,G,0.06944170886511718
CCA,P,0.13,A,0.10204247563406214
CCC,P,1.008,C,0.21081927138781076
CCG,P,0.243,G,0.22306755123477445
CCT,P,-0.452,T,0.10772193869783533
CAC,H,0.696,C,0.14216117706415893
CAT,H,-0.696,T,0.1421611770641589
CAA,Q,0.08,A,0.13751941499230133
CAG,Q,-0.08,G,0.13751941499230133
GTA,V,0.345,A,0.06978381513989661
GTC,V,0.502,C,0.14635544763699052
GTG,V,-0.027,G,0.12121945895686716
GTT,V,-0.446,T,0.06983761850169848
GCA,A,0.376,A,0.07755431412547868
GCC,A,0.111,C,0.12819433971355965
GCG,A,0.1,G,0.15275232050229054
GCT,A,-0.53,T,0.0864225703699612
GAC,D,0.685,C,0.09616862989775585
GAT,D,-0.685,T,0.09616862989775585
GAA,E,0.085,A,0.09565132685170184
GAG,E,-0.085,G,0.09565132685170184
GGA,G,0.44,A,0.07984103493715615
GGC,G,-0.045,C,0.15333057002137396
GGG,G,-0.02,G,0.15173482469303293
GGT,G,-0.47,T,0.08551748347276658
TTC,F,0.363,C,0.08704633557418609
TTT,F,-0.363,T,0.08704633557418609
TAC,Y,0.595,C,0.09513282951383424
TAT,Y,-0.595,T,0.09513282951383423
TGC,C,0.401,C,0.2182882388156001
TGT,C,-0.401,T,0.2182882388156001
