codon,amino_acid,Ureibacillus,third_nucl,standard_error
ATA,I,0.378,A,0.06365774392930156
ATC,I,-0.252,C,0.06380410197658537
ATT,I,-0.09,T,0.05234026200834193
ACA,T,0.262,A,0.06561916777815349
ACC,T,-0.195,C,0.10444183694939596
ACG,T,-0.144,G,0.08323017292937462
ACT,T,-0.126,T,0.07557225981654479
AAC,N,0.197,C,0.07726242916969711
AAT,N,-0.197,T,0.07726242916969711
AAA,K,-0.014,A,0.06432953183915498
AAG,K,0.014,G,0.06432953183915498
AGC,S,0.094,C,0.10321893452007411
AGT,S,0.432,T,0.08137313453341546
TCA,S,0.253,A,0.07492052644583584
TCC,S,-0.329,C,0.09874501888930787
TCG,S,-0.298,G,0.11591318418811943
TCT,S,-0.407,T,0.0809651139152688
AGA,R,0.179,A,0.0792750265156856
AGG,R,0.319,G,0.1572068400631258
CGA,R,0.181,A,0.08935689465092257
CGC,R,-0.559,C,0.11505549124286552
CGG,R,-0.174,G,0.15087394408008392
CGT,R,-0.093,T,0.08599021700635769
CTA,L,0.324,A,0.07916055624345913
CTC,L,-0.106,C,0.11502256859359167
CTG,L,-0.096,G,0.1126966658606883
CTT,L,-0.587,T,0.06925951921547584
TTA,L,-0.144,A,0.04846062897276835
TTG,L,0.516,G,0.05983157626585218
CCA,P,-0.021,A,0.08953326120424299
CCC,P,0.452,C,0.18270107776044123
CCG,P,-0.375,G,0.12325667056708779
CCT,P,0.136,T,0.09480650351453489
CAC,H,0.26,C,0.12106019563931311
CAT,H,-0.26,T,0.12106019563931311
CAA,Q,-0.07,A,0.1119496174207061
CAG,Q,0.07,G,0.1119496174207061
GTA,V,0.159,A,0.061086009538683865
GTC,V,-0.216,C,0.08867617411204017
GTG,V,0.177,G,0.06797172229394476
GTT,V,-0.209,T,0.06265206762062069
GCA,A,0.348,A,0.06805632624664139
GCC,A,-0.08,C,0.10135815124065727
GCG,A,-0.064,G,0.09474688943175741
GCT,A,-0.336,T,0.07570335921450794
GAC,D,-0.002,C,0.09322934454426736
GAT,D,0.002,T,0.09322934454426736
GAA,E,0.091,A,0.07440560253091451
GAG,E,-0.091,G,0.07440560253091451
GGA,G,0.01,A,0.07207849655734208
GGC,G,-0.217,C,0.09845960627694127
GGG,G,0.203,G,0.09993615102465658
GGT,G,0.006,T,0.07467239203600842
TTC,F,-0.375,C,0.08335105504982321
TTT,F,0.375,T,0.08335105504982321
TAC,Y,-0.016,C,0.09399845128707543
TAT,Y,0.016,T,0.09399845128707543
TGC,C,-0.303,C,0.18922201231719854
TGT,C,0.303,T,0.18922201231719854
