codon,amino_acid,Uruburuella,third_nucl,standard_error
ATA,I,0.626,A,0.12960928491023002
ATC,I,-0.204,C,0.0675983447935489
ATT,I,0.019,T,0.06775845319139244
ACA,T,0.521,A,0.10663832419956834
ACC,T,-0.09,C,0.07268681303264653
ACG,T,-0.777,G,0.10891503212900104
ACT,T,0.41,T,0.10867741284749757
AAC,N,-0.224,C,0.0824372658718018
AAT,N,0.224,T,0.0824372658718018
AAA,K,0.51,A,0.09648607451966369
AAG,K,-0.51,G,0.09648607451966369
AGC,S,-0.428,C,0.0734725143912198
AGT,S,0.312,T,0.13446790637895722
TCA,S,0.424,A,0.10974018535744005
TCC,S,0.474,C,0.10619687549985962
TCG,S,-1.095,G,0.11198806935652854
TCT,S,0.99,T,0.11684238650392548
AGA,R,0.992,A,0.18120519465948645
AGG,R,1.02,G,0.2014843937703403
CGA,R,1.311,A,0.20432675156314764
CGC,R,-0.467,C,0.07552960238842095
CGG,R,-0.243,G,0.12315375027483184
CGT,R,0.011,T,0.09346546672486696
CTA,L,0.598,A,0.16947010367953544
CTC,L,-0.055,C,0.07529500665549518
CTG,L,-0.56,G,0.05424973340232126
CTT,L,0.541,T,0.0953120524254025
TTA,L,1.323,A,0.08893024693822817
TTG,L,-0.313,G,0.05817101472515298
CCA,P,0.818,A,0.17339742034021555
CCC,P,0.333,C,0.08466064613610888
CCG,P,-0.793,G,0.08364615022404727
CCT,P,0.486,T,0.11117964177197397
CAC,H,0.038,C,0.1077689201569894
CAT,H,-0.038,T,0.10776892015698938
CAA,Q,0.766,A,0.08286098332276097
CAG,Q,-0.766,G,0.08286098332276097
GTA,V,0.5,A,0.09034432328597584
GTC,V,0.053,C,0.1037780130954714
GTG,V,-0.954,G,0.07351369646461363
GTT,V,0.864,T,0.08584379205528615
GCA,A,0.549,A,0.06989549218695999
GCC,A,-0.165,C,0.05441663109406807
GCG,A,-0.661,G,0.07183378049973427
GCT,A,0.515,T,0.07894862231498248
GAC,D,0.043,C,0.08346914860596813
GAT,D,-0.043,T,0.08346914860596813
GAA,E,0.598,A,0.10340843335147884
GAG,E,-0.598,G,0.10340843335147884
GGA,G,1.356,A,0.15448796486904207
GGC,G,-0.262,C,0.08091189573666624
GGG,G,-0.364,G,0.14384089813726694
GGT,G,0.012,T,0.09975654358705012
TTC,F,0.069,C,0.08333474268808554
TTT,F,-0.069,T,0.08333474268808554
TAC,Y,0.198,C,0.10373990895968802
TAT,Y,-0.198,T,0.10373990895968802
TGC,C,-0.379,C,0.1928919507928409
TGT,C,0.379,T,0.1928919507928409
