codon,amino_acid,Usitatibacter,third_nucl,standard_error
ATA,I,1.06,A,0.26990973560162723
ATC,I,-1.005,C,0.10933473869655908
ATT,I,0.96,T,0.11797449798488209
ACA,T,1.067,A,0.15261454727657733
ACC,T,0.367,C,0.05550009828290435
ACG,T,-0.756,G,0.055933796502478914
ACT,T,1.406,T,0.16526047490548432
AAC,N,-0.589,C,0.10909122155696133
AAT,N,0.589,T,0.10909122155696133
AAA,K,1.718,A,0.09966773427370586
AAG,K,-1.718,G,0.09966773427370586
AGC,S,0.166,C,0.06171522634322695
AGT,S,0.904,T,0.18313381177362414
TCA,S,1.01,A,0.20323238777969263
TCC,S,0.386,C,0.06299721834739794
TCG,S,-0.77,G,0.05923787699744885
TCT,S,0.833,T,0.2048683485204507
AGA,R,2.323,A,0.24126192922158904
AGG,R,0.607,G,0.12982003713671958
CGA,R,1.236,A,0.10923017027728543
CGC,R,-0.777,C,0.0516654202483449
CGG,R,-0.096,G,0.070725506927072
CGT,R,0.538,T,0.09157531031197463
CTA,L,0.964,A,0.22663902332816846
CTC,L,-0.012,C,0.04001088168526918
CTG,L,-0.445,G,0.04184125047168071
CTT,L,0.791,T,0.0834323349703884
TTA,L,1.626,A,0.5404326259722648
TTG,L,0.647,G,0.0818892865009144
CCA,P,0.688,A,0.16966789941481591
CCC,P,0.476,C,0.05767876289484218
CCG,P,-0.784,G,0.05778384167956439
CCT,P,1.01,T,0.12924266755137587
CAC,H,-0.365,C,0.11147105645594245
CAT,H,0.365,T,0.11147105645594245
CAA,Q,1.176,A,0.10067332992963647
CAG,Q,-1.176,G,0.10067332992963647
GTA,V,1.039,A,0.15509634758380308
GTC,V,0.383,C,0.04825184450130484
GTG,V,-0.684,G,0.04847034251129368
GTT,V,0.779,T,0.1000371260670928
GCA,A,1.147,A,0.07409528558253756
GCC,A,0.227,C,0.03790569553199907
GCG,A,-0.778,G,0.03917412898996916
GCT,A,0.845,T,0.09024545987867226
GAC,D,-0.178,C,0.07175149057996866
GAT,D,0.178,T,0.07175149057996866
GAA,E,1.067,A,0.06660493579461027
GAG,E,-1.067,G,0.06660493579461027
GGA,G,0.786,A,0.0865594284583809
GGC,G,-0.555,C,0.05778507173497597
GGG,G,0.076,G,0.07982176526735828
GGT,G,0.475,T,0.09527120958886948
TTC,F,-0.979,C,0.13322787922217913
TTT,F,0.979,T,0.13322787922217913
TAC,Y,-0.082,C,0.1245746713630149
TAT,Y,0.082,T,0.1245746713630149
TGC,C,-0.72,C,0.28236476979091857
TGT,C,0.72,T,0.2823647697909185
