codon,amino_acid,Vagococcus,third_nucl,standard_error
ATA,I,0.77,A,0.06983447460972858
ATC,I,-0.312,C,0.07441384198858962
ATT,I,-0.359,T,0.056724560168735276
ACA,T,0.396,A,0.06776925296951375
ACC,T,-0.136,C,0.12188730672626683
ACG,T,-0.151,G,0.111634318842252
ACT,T,-0.341,T,0.0724972233388408
AAC,N,-0.207,C,0.08299261834134244
AAT,N,0.207,T,0.08299261834134244
AAA,K,0.034,A,0.0687998959753875
AAG,K,-0.034,G,0.06879989597538752
AGC,S,0.084,C,0.12537099528665235
AGT,S,0.358,T,0.0703761796707324
TCA,S,0.001,A,0.07220001305835558
TCC,S,0.195,C,0.17664090160591567
TCG,S,0.185,G,0.15242094044722151
TCT,S,-0.561,T,0.07933603248377234
AGA,R,0.356,A,0.08620814905591061
AGG,R,0.505,G,0.19768644211451405
CGA,R,0.168,A,0.11902663320605257
CGC,R,-0.104,C,0.17967470930449075
CGG,R,-0.184,G,0.2714353432670748
CGT,R,-0.69,T,0.10250590901311771
CTA,L,-0.072,A,0.07930970502750655
CTC,L,-0.326,C,0.17307330377736785
CTG,L,-0.291,G,0.15614298802329732
CTT,L,-0.39,T,0.0776008402492619
TTA,L,0.136,A,0.05137936838477134
TTG,L,0.274,G,0.07501547043579691
CCA,P,0.16,A,0.10610670380983724
CCC,P,0.142,C,0.2304073776077432
CCG,P,-0.184,G,0.20026267131826547
CCT,P,-0.15,T,0.1114508481148349
CAC,H,0.285,C,0.15691577542376978
CAT,H,-0.285,T,0.15691577542376978
CAA,Q,0.151,A,0.12009799567508189
CAG,Q,-0.151,G,0.1200979956750819
GTA,V,0.49,A,0.06881760839574161
GTC,V,-0.229,C,0.10838466852775906
GTG,V,0.319,G,0.08640054449582148
GTT,V,-0.515,T,0.06389070081571947
GCA,A,0.597,A,0.07639851515747635
GCC,A,-0.064,C,0.1386499756118733
GCG,A,-0.074,G,0.13372520478382144
GCT,A,-0.559,T,0.07771627357183188
GAC,D,-0.12,C,0.09938615530846528
GAT,D,0.12,T,0.09938615530846527
GAA,E,0.237,A,0.07887962366300127
GAG,E,-0.237,G,0.07887962366300127
GGA,G,0.276,A,0.07488201239649642
GGC,G,-0.05,C,0.11796019861814848
GGG,G,0.021,G,0.12736554324038182
GGT,G,-0.266,T,0.0757690907367556
TTC,F,-0.658,C,0.1072734426547364
TTT,F,0.658,T,0.1072734426547364
TAC,Y,-0.18,C,0.10338441909430608
TAT,Y,0.18,T,0.10338441909430608
TGC,C,0.489,C,0.30333562609827225
TGT,C,-0.489,T,0.3033356260982723
