codon,amino_acid,Verminephrobacter,third_nucl,standard_error
ATA,I,0.26,A,0.11838893584098735
ATC,I,-0.306,C,0.06518250423599667
ATT,I,0.28,T,0.07249128555706481
ACA,T,0.931,A,0.0951970922556059
ACC,T,0.048,C,0.05093766643751917
ACG,T,-0.733,G,0.05683314454033907
ACT,T,1.015,T,0.11863393819205639
AAC,N,-0.291,C,0.08595790281222665
AAT,N,0.291,T,0.08595790281222666
AAA,K,1.225,A,0.0706724218567603
AAG,K,-1.225,G,0.0706724218567603
AGC,S,-0.55,C,0.05114648110418963
AGT,S,0.12,T,0.10551575201702834
TCA,S,1.077,A,0.10776085104916443
TCC,S,0.6,C,0.06484438937989322
TCG,S,-0.659,G,0.05625867572305659
TCT,S,1.307,T,0.11188486336302468
AGA,R,1.227,A,0.14867424426959017
AGG,R,0.161,G,0.11542508538159144
CGA,R,0.964,A,0.08346179186794614
CGC,R,-0.509,C,0.044768401978640994
CGG,R,-0.413,G,0.05974295938091711
CGT,R,0.697,T,0.07231978264205743
CTA,L,0.235,A,0.13214426957158076
CTC,L,0.243,C,0.04744167477674892
CTG,L,-0.563,G,0.037629311051856476
CTT,L,0.807,T,0.07626841819818318
TTA,L,1.062,A,0.2510827307558738
TTG,L,0.283,G,0.050283484893399975
CCA,P,0.52,A,0.08105119691015082
CCC,P,0.44,C,0.05158856876216638
CCG,P,-0.862,G,0.050952298513204874
CCT,P,0.619,T,0.08711260420619604
CAC,H,0.282,C,0.07349784380932764
CAT,H,-0.282,T,0.07349784380932764
CAA,Q,0.898,A,0.06410404953912872
CAG,Q,-0.898,G,0.06410404953912871
GTA,V,0.692,A,0.1118395454031351
GTC,V,0.194,C,0.04944042783863312
GTG,V,-0.62,G,0.04781419215997933
GTT,V,1.029,T,0.09040945083173282
GCA,A,0.658,A,0.0521888745065481
GCC,A,0.092,C,0.035112965387419176
GCG,A,-0.637,G,0.03970976988026061
GCT,A,0.404,T,0.06343389137708169
GAC,D,-0.154,C,0.05989263878083222
GAT,D,0.154,T,0.059892638780832216
GAA,E,0.888,A,0.06306838308157657
GAG,E,-0.888,G,0.06306838308157657
GGA,G,0.855,A,0.09378480847622432
GGC,G,-0.482,C,0.05176821670257383
GGG,G,-0.3,G,0.07795367578748671
GGT,G,0.664,T,0.06940925471284663
TTC,F,-0.164,C,0.0710303996650901
TTT,F,0.164,T,0.0710303996650901
TAC,Y,-0.065,C,0.10379774480193397
TAT,Y,0.065,T,0.10379774480193397
TGC,C,-0.698,C,0.16571972341087507
TGT,C,0.698,T,0.16571972341087507
