codon,amino_acid,Vescimonas,third_nucl,standard_error
ATA,I,0.648,A,0.15299847828540789
ATC,I,-0.547,C,0.07836735442951756
ATT,I,0.415,T,0.0833436929899631
ACA,T,0.959,A,0.10970581939576238
ACC,T,-0.58,C,0.07529398742261262
ACG,T,-0.215,G,0.08480389009970185
ACT,T,0.797,T,0.13728944214103792
AAC,N,-0.442,C,0.09515723383270787
AAT,N,0.442,T,0.09515723383270787
AAA,K,1.148,A,0.07783851195769137
AAG,K,-1.148,G,0.07783851195769137
AGC,S,0.067,C,0.08325567886297505
AGT,S,0.353,T,0.12638326135568353
TCA,S,0.359,A,0.16696427478118886
TCC,S,-0.585,C,0.08416509533455188
TCG,S,0.066,G,0.13963798993479187
TCT,S,0.599,T,0.1286714556187225
AGA,R,1.475,A,0.1272013854791515
AGG,R,0.515,G,0.16782813015032014
CGA,R,0.987,A,0.14068639773873198
CGC,R,-0.497,C,0.08051437992723509
CGG,R,-0.627,G,0.07636097307287205
CGT,R,-0.037,T,0.09662764534177196
CTA,L,1.271,A,0.21080435263486128
CTC,L,-0.217,C,0.08694221039611626
CTG,L,-0.75,G,0.05803643844547693
CTT,L,0.41,T,0.09769653345542012
TTA,L,1.23,A,0.17215489071144766
TTG,L,0.957,G,0.09091216166628839
CCA,P,0.618,A,0.18000401400050117
CCC,P,-0.121,C,0.09636630375022949
CCG,P,-0.323,G,0.10093065721801474
CCT,P,0.557,T,0.14563219787867668
CAC,H,-0.544,C,0.1299341556138249
CAT,H,0.544,T,0.1299341556138249
CAA,Q,0.909,A,0.1200219330654453
CAG,Q,-0.909,G,0.1200219330654453
GTA,V,1.025,A,0.10332608290510054
GTC,V,-0.231,C,0.08560953406527497
GTG,V,-0.705,G,0.07075631875043038
GTT,V,0.736,T,0.10138412088850494
GCA,A,0.959,A,0.08089490763964159
GCC,A,-0.78,C,0.06580195682582982
GCG,A,-0.02,G,0.07378861802925316
GCT,A,0.376,T,0.09652073275085025
GAC,D,-0.423,C,0.08299448199402064
GAT,D,0.423,T,0.08299448199402064
GAA,E,1.238,A,0.07467725954517096
GAG,E,-1.238,G,0.07467725954517096
GGA,G,0.753,A,0.09879637743891338
GGC,G,-0.444,C,0.07481060980909629
GGG,G,-0.182,G,0.10173890180356034
GGT,G,0.236,T,0.10384226306492414
TTC,F,-1.075,C,0.09826441885168608
TTT,F,1.075,T,0.09826441885168608
TAC,Y,-0.425,C,0.09623422706679807
TAT,Y,0.425,T,0.09623422706679807
TGC,C,-0.892,C,0.15631888814350967
TGT,C,0.892,T,0.15631888814350967
