codon,amino_acid,Vespertiliibacter,third_nucl,standard_error
ATA,I,0.479,A,0.1104639892700411
ATC,I,0.179,C,0.10142876065201856
ATT,I,-0.385,T,0.08180722976759676
ACA,T,0.242,A,0.0906805232640555
ACC,T,-0.014,C,0.11414183662399954
ACG,T,-0.401,G,0.12491671918174925
ACT,T,-0.024,T,0.09522399411437085
AAC,N,0.365,C,0.10933419143954576
AAT,N,-0.365,T,0.10933419143954576
AAA,K,0.077,A,0.11741382333411286
AAG,K,-0.077,G,0.11741382333411286
AGC,S,-0.308,C,0.11676978991695533
AGT,S,-0.017,T,0.10218466858952867
TCA,S,0.117,A,0.09634402513717567
TCC,S,0.438,C,0.19484872834852734
TCG,S,-0.391,G,0.17533076796072744
TCT,S,0.117,T,0.09554597563810002
AGA,R,0.863,A,0.150393884608093
AGG,R,-0.012,G,0.3475698733949524
CGA,R,-0.086,A,0.13674461659907974
CGC,R,-0.04,C,0.13678737920571457
CGG,R,-0.406,G,0.23785595131551007
CGT,R,-0.29,T,0.10533084459683674
CTA,L,-0.008,A,0.09925177127777438
CTC,L,0.009,C,0.12548599419412024
CTG,L,-0.14,G,0.1458448703190253
CTT,L,0.267,T,0.08159624372645592
TTA,L,-0.011,A,0.06327138313537972
TTG,L,-0.321,G,0.10261373374711578
CCA,P,0.212,A,0.11362929397114616
CCC,P,0.135,C,0.16479821599434302
CCG,P,0.033,G,0.172372042319202
CCT,P,-0.309,T,0.11777871508952711
CAC,H,-0.012,C,0.16232804864331848
CAT,H,0.012,T,0.16232804864331848
CAA,Q,0.479,A,0.11878473101670181
CAG,Q,-0.479,G,0.11878473101670182
GTA,V,0.073,A,0.09433535492594673
GTC,V,-0.019,C,0.15198327057077354
GTG,V,-0.003,G,0.11583972930149605
GTT,V,-0.06,T,0.09197912126795146
GCA,A,0.263,A,0.08394408789272778
GCC,A,0.119,C,0.11844128569537152
GCG,A,-0.361,G,0.13036415884138022
GCT,A,-0.197,T,0.09167749855179531
GAC,D,0.333,C,0.1494218469794132
GAT,D,-0.333,T,0.1494218469794132
GAA,E,0.337,A,0.11774555008246519
GAG,E,-0.337,G,0.11774555008246519
GGA,G,0.078,A,0.12257491790677402
GGC,G,0.087,C,0.12140216409938617
GGG,G,-0.228,G,0.14791710479360204
GGT,G,-0.003,T,0.10590216362140067
TTC,F,-0.282,C,0.12508097758951853
TTT,F,0.282,T,0.12508097758951853
TAC,Y,0.254,C,0.1401042595126547
TAT,Y,-0.254,T,0.1401042595126547
TGC,C,-0.03,C,0.2397944990129436
TGT,C,0.03,T,0.2397944990129436
