codon,amino_acid,Vibrio,third_nucl,standard_error
ATA,I,0.486,A,0.05489614606209914
ATC,I,-0.17,C,0.046050052167484826
ATT,I,-0.158,T,0.04272702662065902
ACA,T,0.236,A,0.05207185839539136
ACC,T,-0.152,C,0.05488558516743163
ACG,T,-0.387,G,0.06066524193123353
ACT,T,0.197,T,0.054122823932950384
AAC,N,-0.238,C,0.05305569083090809
AAT,N,0.238,T,0.05305569083090809
AAA,K,0.157,A,0.04774287702243777
AAG,K,-0.157,G,0.04774287702243777
AGC,S,-0.018,C,0.054665601476934375
AGT,S,0.217,T,0.05548740564958965
TCA,S,0.176,A,0.05255036086619406
TCC,S,-0.093,C,0.06966789658111135
TCG,S,-0.346,G,0.0655228585941299
TCT,S,-0.07,T,0.049550094188357895
AGA,R,0.59,A,0.0666523482107789
AGG,R,0.081,G,0.10724242264301848
CGA,R,-0.146,A,0.06825543680943612
CGC,R,-0.1,C,0.06534145128637335
CGG,R,-0.286,G,0.12474354966089868
CGT,R,-0.247,T,0.060366646017802915
CTA,L,0.146,A,0.05174189847887423
CTC,L,0.027,C,0.058127682757046155
CTG,L,-0.237,G,0.05046342095012795
CTT,L,-0.125,T,0.04421048593311357
TTA,L,0.276,A,0.04088974319819603
TTG,L,-0.137,G,0.04337354708631208
CCA,P,-0.017,A,0.06289347724575842
CCC,P,0.096,C,0.08621223991401132
CCG,P,-0.074,G,0.08330649222183258
CCT,P,0.008,T,0.06386792008192561
CAC,H,-0.232,C,0.07789966356042467
CAT,H,0.232,T,0.07789966356042467
CAA,Q,0.11,A,0.060125951224262224
CAG,Q,-0.11,G,0.060125951224262224
GTA,V,0.321,A,0.051911694571124316
GTC,V,-0.115,C,0.059493542314068816
GTG,V,-0.006,G,0.051201906627075404
GTT,V,-0.189,T,0.04740090061772214
GCA,A,0.227,A,0.046487469653008026
GCC,A,-0.127,C,0.0564792469584244
GCG,A,-0.281,G,0.052553758468286915
GCT,A,0.092,T,0.048360773172030705
GAC,D,-0.013,C,0.05556110812011366
GAT,D,0.013,T,0.05556110812011366
GAA,E,0.259,A,0.055901321191562096
GAG,E,-0.259,G,0.05590132119156209
GGA,G,0.508,A,0.06525276690239999
GGC,G,-0.071,C,0.06178609446204811
GGG,G,-0.291,G,0.07565384467299537
GGT,G,-0.131,T,0.05478231678250324
TTC,F,-0.37,C,0.05931738693669063
TTT,F,0.37,T,0.05931738693669062
TAC,Y,-0.25,C,0.06968117168198074
TAT,Y,0.25,T,0.06968117168198074
TGC,C,-0.043,C,0.11446116406665292
TGT,C,0.043,T,0.11446116406665292
