codon,amino_acid,Virgibacillus,third_nucl,standard_error
ATA,I,0.448,A,0.05153310348447028
ATC,I,-0.057,C,0.058413813726422015
ATT,I,-0.322,T,0.04565864035214778
ACA,T,0.195,A,0.058084889280672514
ACC,T,-0.078,C,0.08609379238540632
ACG,T,-0.186,G,0.06941932953759959
ACT,T,-0.044,T,0.06977641306636606
AAC,N,-0.029,C,0.06706593037217869
AAT,N,0.029,T,0.06706593037217869
AAA,K,0.145,A,0.05130581309627652
AAG,K,-0.145,G,0.05130581309627652
AGC,S,0.053,C,0.08340431672839481
AGT,S,0.345,T,0.0678763418087562
TCA,S,0.228,A,0.06936096722335548
TCC,S,-0.288,C,0.08983707854346522
TCG,S,-0.341,G,0.10207145180151286
TCT,S,-0.296,T,0.07016921961150546
AGA,R,0.523,A,0.07307086883243713
AGG,R,0.19,G,0.10807363200354814
CGA,R,-0.023,A,0.08181161353109884
CGC,R,-0.522,C,0.10974694758582781
CGG,R,-0.563,G,0.12544693409100166
CGT,R,-0.18,T,0.07590253059658045
CTA,L,0.045,A,0.06461665033986333
CTC,L,-0.369,C,0.10463836977793102
CTG,L,-0.207,G,0.08242428796554682
CTT,L,-0.176,T,0.05796334112056662
TTA,L,-0.004,A,0.04269651424782032
TTG,L,0.299,G,0.052738995295912305
CCA,P,0.231,A,0.08074520043985405
CCC,P,0.013,C,0.14357952627534232
CCG,P,-0.342,G,0.10972349458788752
CCT,P,-0.051,T,0.0888619150753499
CAC,H,0.06,C,0.11571428172791624
CAT,H,-0.06,T,0.11571428172791624
CAA,Q,0.122,A,0.07307611405492923
CAG,Q,-0.122,G,0.07307611405492923
GTA,V,0.021,A,0.05381722204409331
GTC,V,-0.268,C,0.08343533111965878
GTG,V,0.451,G,0.06207684161342012
GTT,V,-0.26,T,0.05479785361858483
GCA,A,0.345,A,0.05765171133150829
GCC,A,-0.21,C,0.09406907926419954
GCG,A,-0.204,G,0.08319368522747736
GCT,A,-0.179,T,0.0604745787564508
GAC,D,-0.05,C,0.07578511968233553
GAT,D,0.05,T,0.07578511968233555
GAA,E,0.137,A,0.06255874860811052
GAG,E,-0.137,G,0.06255874860811052
GGA,G,0.273,A,0.06147975320110276
GGC,G,-0.251,C,0.08427334954453104
GGG,G,0.015,G,0.08058662940227954
GGT,G,-0.157,T,0.06460136539612225
TTC,F,-0.208,C,0.08125519296034629
TTT,F,0.208,T,0.08125519296034629
TAC,Y,-0.152,C,0.08440326554871593
TAT,Y,0.152,T,0.08440326554871593
TGC,C,-0.244,C,0.17896692538595382
TGT,C,0.244,T,0.17896692538595382
