codon,amino_acid,Vitreoscilla,third_nucl,standard_error
ATA,I,0.668,A,0.3376036665108514
ATC,I,-0.525,C,0.08487657076156493
ATT,I,0.497,T,0.08632483778824247
ACA,T,0.652,A,0.11521710543776359
ACC,T,0.187,C,0.058691630502371965
ACG,T,-0.84,G,0.06697286460439633
ACT,T,0.974,T,0.12020800093946671
AAC,N,-0.33,C,0.1117009564140892
AAT,N,0.33,T,0.1117009564140892
AAA,K,0.58,A,0.08175910180186235
AAG,K,-0.58,G,0.08175910180186235
AGC,S,-0.512,C,0.0630944580485331
AGT,S,-0.289,T,0.10442519217900538
TCA,S,0.521,A,0.12913005412912
TCC,S,0.687,C,0.07654782241037063
TCG,S,-0.703,G,0.07231146753855702
TCT,S,1.296,T,0.11811014790439009
AGA,R,1.6,A,0.30967727061853895
AGG,R,0.543,G,0.2269535486723034
CGA,R,0.71,A,0.11403071328903687
CGC,R,-0.288,C,0.05656388007627583
CGG,R,-0.577,G,0.07922132025818797
CGT,R,0.517,T,0.07419182216460388
CTA,L,0.441,A,0.21156103219823713
CTC,L,0.545,C,0.05917420427858317
CTG,L,-0.486,G,0.0443729287917181
CTT,L,1.47,T,0.11786137044705644
TTA,L,0.361,A,0.19097995685758618
TTG,L,-0.183,G,0.04993145080074364
CCA,P,0.052,A,0.0960452399958821
CCC,P,0.486,C,0.059218468952471
CCG,P,-0.997,G,0.06105518993408313
CCT,P,0.946,T,0.09224817292323387
CAC,H,-0.223,C,0.09867054072898403
CAT,H,0.223,T,0.09867054072898403
CAA,Q,0.301,A,0.07487517692073652
CAG,Q,-0.301,G,0.07487517692073652
GTA,V,0.706,A,0.18741968537203801
GTC,V,0.324,C,0.06482878266106805
GTG,V,-0.889,G,0.057468697691652415
GTT,V,1.212,T,0.08673146428512311
GCA,A,0.493,A,0.07364948460931937
GCC,A,0.006,C,0.04359673297127266
GCG,A,-0.647,G,0.05176651363854763
GCT,A,0.622,T,0.06327404917024942
GAC,D,0.174,C,0.06968145562001285
GAT,D,-0.174,T,0.06968145562001285
GAA,E,0.708,A,0.07841995374336044
GAG,E,-0.708,G,0.07841995374336044
GGA,G,0.833,A,0.1299571668212869
GGC,G,-0.278,C,0.06523719341680137
GGG,G,-0.156,G,0.08221529556397603
GGT,G,0.303,T,0.08403097256332583
TTC,F,-0.294,C,0.0821748997926298
TTT,F,0.294,T,0.0821748997926298
TAC,Y,-0.017,C,0.1303216706209021
TAT,Y,0.017,T,0.1303216706209021
TGC,C,-0.416,C,0.16764347193983137
TGT,C,0.416,T,0.16764347193983137
