codon,amino_acid,Vulgatibacter,third_nucl,standard_error
ATA,I,0.565,A,0.4060919848743685
ATC,I,-0.857,C,0.12758017564336563
ATT,I,0.873,T,0.13340367130005196
ACA,T,0.838,A,0.1953311319223856
ACC,T,-0.378,C,0.06532857176108184
ACG,T,0.065,G,0.06699586684981741
ACT,T,1.165,T,0.16980763276775182
AAC,N,-0.805,C,0.14641014034569055
AAT,N,0.805,T,0.14641014034569055
AAA,K,1.345,A,0.16035540540340182
AAG,K,-1.345,G,0.16035540540340185
AGC,S,0.124,C,0.06496376483718923
AGT,S,0.903,T,0.20569355946658935
TCA,S,0.929,A,0.22695540717547288
TCC,S,-0.144,C,0.06316847642981192
TCG,S,-0.317,G,0.0613447010717371
TCT,S,0.83,T,0.14749597230490596
AGA,R,2.148,A,0.22634459931046294
AGG,R,0.115,G,0.08918043472438726
CGA,R,0.904,A,0.08408579708523603
CGC,R,-0.315,C,0.04970964410689222
CGG,R,-0.608,G,0.05659955007791937
CGT,R,0.74,T,0.0987601236683662
CTA,L,0.769,A,0.18039850454837267
CTC,L,-0.458,C,0.043745307976508455
CTG,L,-0.205,G,0.047974703768495865
CTT,L,1.052,T,0.10014800463330371
TTA,L,1.257,A,0.5594316091576415
TTG,L,1.343,G,0.10054857825507131
CCA,P,1.009,A,0.13720931350644092
CCC,P,-0.068,C,0.06178782672250602
CCG,P,-0.339,G,0.061508736005868925
CCT,P,0.53,T,0.10775563216881441
CAC,H,-0.69,C,0.12361312005637591
CAT,H,0.69,T,0.12361312005637591
CAA,Q,-0.037,A,0.24401171707692523
CAG,Q,0.037,G,0.24401171707692523
GTA,V,0.872,A,0.1478581950668623
GTC,V,-0.371,C,0.05038375126139238
GTG,V,0.079,G,0.05034496015621239
GTT,V,0.737,T,0.1060465375631206
GCA,A,1.028,A,0.07928107875262737
GCC,A,-0.296,C,0.04333712467315466
GCG,A,-0.266,G,0.04374597791610941
GCT,A,0.803,T,0.08465495394193154
GAC,D,-0.434,C,0.07396796363867243
GAT,D,0.434,T,0.07396796363867242
GAA,E,1.23,A,0.07762507540337345
GAG,E,-1.23,G,0.07762507540337346
GGA,G,0.841,A,0.07520198444877121
GGC,G,-0.546,C,0.05386480344243046
GGG,G,-0.111,G,0.06552515930615883
GGT,G,0.572,T,0.09279783446648676
TTC,F,-1.292,C,0.1396362588748125
TTT,F,1.292,T,0.1396362588748125
TAC,Y,-0.334,C,0.16189291142449241
TAT,Y,0.334,T,0.16189291142449241
TGC,C,-0.879,C,0.22146895103474695
TGT,C,0.879,T,0.22146895103474695
