codon,amino_acid,Weeksella,third_nucl,standard_error
ATA,I,0.468,A,0.06935320089038521
ATC,I,-0.357,C,0.07363466098163877
ATT,I,-0.136,T,0.06286478751773723
ACA,T,0.386,A,0.08221449811846583
ACC,T,-0.22,C,0.09276719440911886
ACG,T,-0.119,G,0.12602070557328862
ACT,T,-0.221,T,0.09524328031443703
AAC,N,-0.03,C,0.082436584419655
AAT,N,0.03,T,0.082436584419655
AAA,K,-0.086,A,0.08461510644105422
AAG,K,0.086,G,0.08461510644105423
AGC,S,0.254,C,0.123948548378712
AGT,S,0.333,T,0.09684027708459383
TCA,S,0.559,A,0.10043205992737754
TCC,S,0.138,C,0.16819803839800648
TCG,S,-0.493,G,0.10985564921797755
TCT,S,-0.557,T,0.08986128838863758
AGA,R,1.085,A,0.10487374804037831
AGG,R,0.495,G,0.2388745618974567
CGA,R,-0.38,A,0.13079349261977985
CGC,R,-0.797,C,0.178883973484756
CGG,R,-0.349,G,0.24859829028364427
CGT,R,-0.751,T,0.11957481390869175
CTA,L,0.057,A,0.08782826869499778
CTC,L,-0.15,C,0.11581916392209289
CTG,L,-0.75,G,0.12994979664383605
CTT,L,0.325,T,0.08548598425813954
TTA,L,0.537,A,0.06147867256233335
TTG,L,-0.682,G,0.06994072138667358
CCA,P,0.053,A,0.12065528890402673
CCC,P,-0.019,C,0.17720750341733663
CCG,P,-0.165,G,0.1589560490838232
CCT,P,0.058,T,0.12602065781776414
CAC,H,-0.128,C,0.16904525637029483
CAT,H,0.128,T,0.16904525637029483
CAA,Q,0.137,A,0.1158704199391365
CAG,Q,-0.137,G,0.1158704199391365
GTA,V,-0.009,A,0.0814407270741891
GTC,V,0.281,C,0.13555475393162225
GTG,V,-0.09,G,0.11108146725927112
GTT,V,-0.047,T,0.08453515411607666
GCA,A,0.352,A,0.08559866615438377
GCC,A,-0.155,C,0.11427049057775028
GCG,A,-0.222,G,0.14906483455287697
GCT,A,-0.232,T,0.09550086637993907
GAC,D,0.046,C,0.10651152516702972
GAT,D,-0.046,T,0.1065115251670297
GAA,E,0.325,A,0.10041720888344206
GAG,E,-0.325,G,0.10041720888344206
GGA,G,0.423,A,0.0916107507799265
GGC,G,-0.122,C,0.13336453168024792
GGG,G,-0.194,G,0.14703905104302967
GGT,G,-0.321,T,0.09817951453908409
TTC,F,-0.41,C,0.08615604417450372
TTT,F,0.41,T,0.08615604417450372
TAC,Y,0.115,C,0.10521666567936247
TAT,Y,-0.115,T,0.10521666567936247
TGC,C,0.075,C,0.2593015703412127
TGT,C,-0.075,T,0.25930157034121265
