codon,amino_acid,Weizmannia,third_nucl,standard_error
ATA,I,0.839,A,0.09339366504142695
ATC,I,-0.533,C,0.059505832510452786
ATT,I,0.146,T,0.05705526819082086
ACA,T,0.432,A,0.07246759915400937
ACC,T,-0.259,C,0.08258820548343887
ACG,T,-0.449,G,0.07649083952228745
ACT,T,0.391,T,0.10892354972577983
AAC,N,-0.053,C,0.07812610970774843
AAT,N,0.053,T,0.07812610970774843
AAA,K,0.056,A,0.06321812654201149
AAG,K,-0.056,G,0.06321812654201149
AGC,S,-0.118,C,0.08097719891491399
AGT,S,0.733,T,0.10136922584873945
TCA,S,0.607,A,0.09248673367488473
TCC,S,-0.867,C,0.09175884772802846
TCG,S,-0.396,G,0.09858855927669541
TCT,S,0.267,T,0.10299375911468679
AGA,R,0.89,A,0.09483606791448929
AGG,R,0.163,G,0.10673235678167885
CGA,R,0.637,A,0.15197922723510704
CGC,R,-0.748,C,0.08850684830981743
CGG,R,-0.481,G,0.08186397012035979
CGT,R,0.255,T,0.09765840050918297
CTA,L,0.397,A,0.12982136033586164
CTC,L,-0.922,C,0.08327520649073963
CTG,L,-0.536,G,0.06152984103472521
CTT,L,-0.499,T,0.06594719659672339
TTA,L,0.722,A,0.06474691850519958
TTG,L,0.655,G,0.057955870954648554
CCA,P,1.016,A,0.11548717610918642
CCC,P,0.074,C,0.13875364605753543
CCG,P,-0.821,G,0.08923870388710482
CCT,P,0.319,T,0.11809178161551005
CAC,H,-0.03,C,0.11870226358750592
CAT,H,0.03,T,0.11870226358750592
CAA,Q,0.588,A,0.08081323982996712
CAG,Q,-0.588,G,0.08081323982996712
GTA,V,0.731,A,0.08107865123936223
GTC,V,-0.657,C,0.07094251338671834
GTG,V,0.109,G,0.06450824447206259
GTT,V,-0.034,T,0.07017476692363532
GCA,A,0.554,A,0.06335934897059035
GCC,A,-0.478,C,0.06971658188059451
GCG,A,-0.361,G,0.06923145944429464
GCT,A,0.237,T,0.07553961015033434
GAC,D,-0.282,C,0.07678873988095994
GAT,D,0.282,T,0.07678873988095994
GAA,E,0.098,A,0.0751860546710773
GAG,E,-0.098,G,0.07518605467107731
GGA,G,0.74,A,0.07843755915333678
GGC,G,-0.538,C,0.06958205709888216
GGG,G,-0.318,G,0.07862141999908365
GGT,G,0.418,T,0.09296078374093353
TTC,F,-0.307,C,0.08189646981063783
TTT,F,0.307,T,0.08189646981063785
TAC,Y,-0.181,C,0.09020408561838905
TAT,Y,0.181,T,0.09020408561838905
TGC,C,-0.952,C,0.18645583045069256
TGT,C,0.952,T,0.18645583045069256
