codon,amino_acid,Wenyingzhuangia,third_nucl,standard_error
ATA,I,0.729,A,0.05916335423266501
ATC,I,0.366,C,0.07906604453357169
ATT,I,-0.796,T,0.05420595202970317
ACA,T,0.535,A,0.07104300671103793
ACC,T,0.023,C,0.08749518745649666
ACG,T,-0.126,G,0.15161676063597607
ACT,T,-0.553,T,0.07317189354333015
AAC,N,0.054,C,0.0678766955146013
AAT,N,-0.054,T,0.0678766955146013
AAA,K,0.019,A,0.07142187444769406
AAG,K,-0.019,G,0.07142187444769404
AGC,S,0.228,C,0.11335557642897812
AGT,S,0.146,T,0.07544532958267502
TCA,S,0.723,A,0.08270543983575779
TCC,S,0.479,C,0.1851770062093772
TCG,S,0.094,G,0.16903511167503948
TCT,S,-0.889,T,0.07413132976834802
AGA,R,0.259,A,0.1009305568458511
AGG,R,0.431,G,0.1682188580748917
CGA,R,0.184,A,0.2187727178516311
CGC,R,0.761,C,0.35033868273941726
CGG,R,0.871,G,0.8673484717978706
CGT,R,-0.84,T,0.13200128193194655
CTA,L,0.399,A,0.08420698910173907
CTC,L,0.746,C,0.20897142300811858
CTG,L,0.6,G,0.18244331777492273
CTT,L,0.251,T,0.08096659136346922
TTA,L,-0.078,A,0.0513671427071124
TTG,L,-0.51,G,0.06922136640402342
CCA,P,0.179,A,0.10494231414474336
CCC,P,1.082,C,0.20521455118475668
CCG,P,0.148,G,0.24549034890375387
CCT,P,-0.477,T,0.10506252175327731
CAC,H,0.49,C,0.12810959979009712
CAT,H,-0.49,T,0.12810959979009712
CAA,Q,0.205,A,0.13119468485800462
CAG,Q,-0.205,G,0.1311946848580046
GTA,V,0.139,A,0.06945527338913286
GTC,V,0.603,C,0.19177840917354108
GTG,V,-0.403,G,0.11887849024300577
GTT,V,-0.079,T,0.07020219522822449
GCA,A,0.611,A,0.07625446010865668
GCC,A,0.027,C,0.1094368106598243
GCG,A,-0.235,G,0.17407535810309546
GCT,A,-0.575,T,0.0769647351126711
GAC,D,0.741,C,0.10353219117004246
GAT,D,-0.741,T,0.10353219117004246
GAA,E,0.461,A,0.09899829670293643
GAG,E,-0.461,G,0.09899829670293643
GGA,G,0.125,A,0.08321684594548319
GGC,G,0.417,C,0.19572299537069895
GGG,G,-0.063,G,0.14201160735449828
GGT,G,-0.2,T,0.0898210670822181
TTC,F,0.4,C,0.10763947917707747
TTT,F,-0.4,T,0.10763947917707747
TAC,Y,0.12,C,0.09120699650066257
TAT,Y,-0.12,T,0.09120699650066257
TGC,C,0.563,C,0.23276198590905353
TGT,C,-0.563,T,0.23276198590905356
