codon,amino_acid,Wenzhouxiangella,third_nucl,standard_error
ATA,I,1.155,A,0.2824854360305839
ATC,I,-0.772,C,0.09030027977960492
ATT,I,0.687,T,0.09376713742724575
ACA,T,1.381,A,0.20263837575137095
ACC,T,-0.267,C,0.0710520193357206
ACG,T,-0.466,G,0.07806193813354681
ACT,T,1.368,T,0.15120660661515944
AAC,N,-0.294,C,0.10072531292139746
AAT,N,0.294,T,0.10072531292139746
AAA,K,1.405,A,0.12867320338070415
AAG,K,-1.405,G,0.12867320338070415
AGC,S,-0.228,C,0.06360606494108687
AGT,S,0.443,T,0.1170868466171477
TCA,S,1.022,A,0.154341135753318
TCC,S,0.015,C,0.06825610716602425
TCG,S,-0.445,G,0.07075059022626741
TCT,S,1.239,T,0.17859466914676642
AGA,R,1.423,A,0.16631244718130772
AGG,R,0.576,G,0.14233030350849704
CGA,R,0.887,A,0.08227220287456957
CGC,R,-0.532,C,0.054729445136670545
CGG,R,-0.36,G,0.07270273328697442
CGT,R,0.062,T,0.07885227656492914
CTA,L,1.194,A,0.2009356502285492
CTC,L,-0.046,C,0.052933918577293355
CTG,L,-0.592,G,0.045841056393589236
CTT,L,1.027,T,0.09319510306568082
TTA,L,0.616,A,0.31531442025509965
TTG,L,0.826,G,0.08752732113921342
CCA,P,0.959,A,0.1420953928805049
CCC,P,0.108,C,0.07105941032053392
CCG,P,-0.628,G,0.06949079425724448
CCT,P,0.936,T,0.13462453184416517
CAC,H,-0.229,C,0.10853850256242062
CAT,H,0.229,T,0.10853850256242062
CAA,Q,1.525,A,0.11853108330524689
CAG,Q,-1.525,G,0.1185310833052469
GTA,V,1.055,A,0.17448867029230047
GTC,V,-0.277,C,0.06263914721540294
GTG,V,-0.237,G,0.06403180967020461
GTT,V,0.979,T,0.1072417951150034
GCA,A,0.837,A,0.08577878566206219
GCC,A,-0.348,C,0.04976671504909554
GCG,A,-0.261,G,0.05712720768108249
GCT,A,0.791,T,0.08938840350748949
GAC,D,-0.179,C,0.07025353600060542
GAT,D,0.179,T,0.07025353600060542
GAA,E,0.753,A,0.06961046296112153
GAG,E,-0.753,G,0.06961046296112154
GGA,G,0.784,A,0.10189360890709077
GGC,G,-0.425,C,0.06666784280627808
GGG,G,0.09,G,0.09358963245773504
GGT,G,0.097,T,0.08671209118546476
TTC,F,-0.829,C,0.10916207153921624
TTT,F,0.829,T,0.10916207153921624
TAC,Y,-0.079,C,0.1346211150423621
TAT,Y,0.079,T,0.1346211150423621
TGC,C,-0.524,C,0.20183438791342823
TGT,C,0.524,T,0.20183438791342823
