codon,amino_acid,Wigglesworthia,third_nucl,standard_error
ATA,I,0.127,A,0.09971103057439554
ATC,I,-0.251,C,0.17701071472237434
ATT,I,-0.045,T,0.0966703643582631
ACA,T,-0.217,A,0.15800935224122026
ACC,T,0.046,C,0.34303344445436496
ACG,T,0.203,G,0.32357830432483087
ACT,T,0.163,T,0.15993176652582608
AAC,N,-0.123,C,0.14730893256164135
AAT,N,0.123,T,0.14730893256164135
AAA,K,-0.206,A,0.2130652559131988
AAG,K,0.206,G,0.2130652559131988
AGC,S,0.323,C,0.2547384141066462
AGT,S,0.129,T,0.18153781339464772
TCA,S,0.197,A,0.1489757448802383
TCC,S,-0.034,C,0.31045405191400555
TCG,S,-0.661,G,0.387424307833792
TCT,S,-0.237,T,0.13726215315696083
AGA,R,-0.602,A,0.19766982866750132
AGG,R,0.297,G,0.7135311154237763
CGA,R,0.088,A,0.2696832905992769
CGC,R,0.216,C,0.3245811633278204
CGG,R,-1.922,G,1.4937271527564597
CGT,R,0.545,T,0.19976318377836264
CTA,L,0.044,A,0.18158025169753228
CTC,L,0.047,C,0.40408287149168676
CTG,L,-0.327,G,0.4443671859214341
CTT,L,0.136,T,0.17849254360420533
TTA,L,-0.043,A,0.11356095322933879
TTG,L,-0.025,G,0.16709382439856219
CCA,P,0.228,A,0.2189204858131633
CCC,P,-0.203,C,0.47137736537058855
CCG,P,-0.135,G,0.3717674725580899
CCT,P,-0.15,T,0.23082670768055286
CAC,H,0.336,C,0.2813785879619373
CAT,H,-0.336,T,0.2813785879619373
CAA,Q,-0.189,A,0.30068269877625026
CAG,Q,0.189,G,0.30068269877625026
GTA,V,-0.312,A,0.1707359134240381
GTC,V,0.195,C,0.3538087771278516
GTG,V,0.671,G,0.26012626426272056
GTT,V,-0.029,T,0.172854362992851
GCA,A,-0.184,A,0.18657065288831198
GCC,A,0.672,C,0.41937989036169127
GCG,A,-0.239,G,0.37240913579216
GCT,A,0.126,T,0.1930707726134954
GAC,D,-0.198,C,0.26691032410389054
GAT,D,0.198,T,0.26691032410389054
GAA,E,0.033,A,0.3386556623647824
GAG,E,-0.033,G,0.33865566236478245
GGA,G,0.003,A,0.17891844518956507
GGC,G,-0.346,C,0.339672137826157
GGG,G,-0.51,G,0.44538661185156975
GGT,G,0.233,T,0.19671885772963554
TTC,F,-0.147,C,0.2676000979100153
TTT,F,0.147,T,0.2676000979100153
TAC,Y,-0.051,C,0.22564748554688877
TAT,Y,0.051,T,0.2256474855468888
TGC,C,-0.297,C,0.40440725352436674
TGT,C,0.297,T,0.40440725352436674
