codon,amino_acid,Woeseia,third_nucl,standard_error
ATA,I,0.466,A,0.08473074543806106
ATC,I,-0.335,C,0.061711626487507575
ATT,I,0.088,T,0.06407332153580501
ACA,T,0.715,A,0.0809701603960061
ACC,T,-0.424,C,0.06214822384808597
ACG,T,-0.481,G,0.06671834657981549
ACT,T,0.679,T,0.08587687022933894
AAC,N,0.023,C,0.07714757590444324
AAT,N,-0.023,T,0.07714757590444324
AAA,K,0.517,A,0.07336849008132373
AAG,K,-0.517,G,0.07336849008132373
AGC,S,0.012,C,0.06160562835577649
AGT,S,0.081,T,0.07670964041423647
TCA,S,0.433,A,0.08728632397166135
TCC,S,-0.011,C,0.07840929831977975
TCG,S,-0.485,G,0.07078601960182218
TCT,S,0.292,T,0.11449801535043772
AGA,R,1.492,A,0.13261536927922868
AGG,R,0.489,G,0.1321098412867599
CGA,R,0.749,A,0.07994860986088201
CGC,R,-0.436,C,0.05643012369155517
CGG,R,-0.526,G,0.07073688464778607
CGT,R,-0.115,T,0.07244705285833777
CTA,L,0.944,A,0.12262545415826032
CTC,L,-0.049,C,0.059041787981909455
CTG,L,-0.462,G,0.04510333954227605
CTT,L,0.243,T,0.07239775513434589
TTA,L,1.069,A,0.11365189686197757
TTG,L,0.068,G,0.05317100855206604
CCA,P,0.549,A,0.0943774425541582
CCC,P,0.144,C,0.08269558450682848
CCG,P,-0.594,G,0.07027926882833246
CCT,P,0.416,T,0.10430061865536117
CAC,H,-0.272,C,0.1055095829406227
CAT,H,0.272,T,0.10550958294062268
CAA,Q,0.736,A,0.07873949009327222
CAG,Q,-0.736,G,0.07873949009327222
GTA,V,0.608,A,0.07334696048308308
GTC,V,-0.539,C,0.060805988533907444
GTG,V,0.22,G,0.05763268048697984
GTT,V,-0.133,T,0.06486286455978915
GCA,A,0.463,A,0.055128795699082335
GCC,A,-0.179,C,0.04930510638377944
GCG,A,-0.47,G,0.05161411178258812
GCT,A,0.456,T,0.06661304696269246
GAC,D,0.094,C,0.06501811069520527
GAT,D,-0.094,T,0.06501811069520527
GAA,E,0.421,A,0.06833919197841488
GAG,E,-0.421,G,0.06833919197841488
GGA,G,0.981,A,0.0891175538403866
GGC,G,-0.419,C,0.06212418173744432
GGG,G,0.07,G,0.09872212306870856
GGT,G,-0.104,T,0.07262227459163745
TTC,F,-0.319,C,0.07752404862468901
TTT,F,0.319,T,0.07752404862468901
TAC,Y,0.095,C,0.10283328124722209
TAT,Y,-0.095,T,0.10283328124722209
TGC,C,-0.344,C,0.1564407189537409
TGT,C,0.344,T,0.15644071895374087
