codon,amino_acid,Xenorhabdus,third_nucl,standard_error
ATA,I,0.464,A,0.0645237832534568
ATC,I,-0.181,C,0.05525090302537767
ATT,I,-0.142,T,0.05065215762916765
ACA,T,0.175,A,0.06284964971091217
ACC,T,-0.114,C,0.06762827287922187
ACG,T,-0.283,G,0.07929788886824642
ACT,T,0.109,T,0.06567636782540626
AAC,N,-0.016,C,0.0645652571349588
AAT,N,0.016,T,0.0645652571349588
AAA,K,0.155,A,0.06335571800034893
AAG,K,-0.155,G,0.06335571800034893
AGC,S,-0.137,C,0.06937096699695414
AGT,S,0.065,T,0.06604924211891922
TCA,S,0.145,A,0.06437638727648344
TCC,S,-0.172,C,0.08235818549747016
TCG,S,-0.003,G,0.10092586146318419
TCT,S,0.017,T,0.0650449165686922
AGA,R,0.675,A,0.086174641656335
AGG,R,0.132,G,0.13008474716671214
CGA,R,0.208,A,0.10029529859762461
CGC,R,-0.246,C,0.07282827574240104
CGG,R,-0.427,G,0.09837170030819248
CGT,R,-0.119,T,0.06398743514651399
CTA,L,0.279,A,0.08053305537223479
CTC,L,0.129,C,0.07861757439872705
CTG,L,-0.519,G,0.05123490592714793
CTT,L,0.126,T,0.06282604823930979
TTA,L,0.484,A,0.04975857394192102
TTG,L,-0.256,G,0.05248159501031343
CCA,P,0.252,A,0.07437693735257421
CCC,P,0.127,C,0.09042884102616047
CCG,P,-0.41,G,0.09010208615899479
CCT,P,-0.053,T,0.07679057352278613
CAC,H,0.151,C,0.09908029065928944
CAT,H,-0.151,T,0.09908029065928944
CAA,Q,0.313,A,0.0673909158255645
CAG,Q,-0.313,G,0.0673909158255645
GTA,V,0.195,A,0.06960552050570858
GTC,V,-0.215,C,0.07174674427362092
GTG,V,0.065,G,0.06442246169749767
GTT,V,-0.05,T,0.060276738817688816
GCA,A,0.327,A,0.05627065498832629
GCC,A,-0.161,C,0.0640472705753211
GCG,A,-0.331,G,0.0712851558224889
GCT,A,0.01,T,0.05888399459690495
GAC,D,0.218,C,0.07240655833021566
GAT,D,-0.218,T,0.07240655833021567
GAA,E,0.175,A,0.06970514056688076
GAG,E,-0.175,G,0.06970514056688076
GGA,G,0.293,A,0.0769911038794729
GGC,G,-0.067,C,0.07317445773301902
GGG,G,-0.392,G,0.0882266647132101
GGT,G,0.076,T,0.06646786917371872
TTC,F,-0.413,C,0.0754031934360078
TTT,F,0.413,T,0.0754031934360078
TAC,Y,0.157,C,0.08674242461207995
TAT,Y,-0.157,T,0.08674242461207995
TGC,C,0.139,C,0.1330334299768897
TGT,C,-0.139,T,0.13303342997688966
