codon,amino_acid,Xylophilus,third_nucl,standard_error
ATA,I,0.375,A,0.17062645291573383
ATC,I,-0.998,C,0.09548722519951182
ATT,I,1.176,T,0.11313959004797695
ACA,T,1.286,A,0.12395063617302887
ACC,T,-0.252,C,0.05278377397701911
ACG,T,-0.349,G,0.059842781512097966
ACT,T,1.084,T,0.1367620927126921
AAC,N,-0.475,C,0.09956583031190962
AAT,N,0.475,T,0.09956583031190962
AAA,K,1.559,A,0.08681659603336679
AAG,K,-1.559,G,0.08681659603336679
AGC,S,-0.525,C,0.048633760232348645
AGT,S,0.552,T,0.12954999832835878
TCA,S,1.508,A,0.19188164046807363
TCC,S,0.841,C,0.05179204185274312
TCG,S,-0.92,G,0.05574266031855356
TCT,S,1.434,T,0.15364345362479215
AGA,R,2.198,A,0.21814491670923547
AGG,R,0.812,G,0.13439689110052377
CGA,R,1.721,A,0.1346722165983208
CGC,R,-0.321,C,0.04610026625811495
CGG,R,-0.753,G,0.06176557639713799
CGT,R,0.515,T,0.07602269590332386
CTA,L,0.859,A,0.18994067994249697
CTC,L,0.822,C,0.043483629251065324
CTG,L,-1.269,G,0.03929607711257066
CTT,L,1.833,T,0.1150318641510039
TTA,L,1.556,A,0.2850892747782974
TTG,L,0.88,G,0.07787121580461878
CCA,P,1.24,A,0.12502507333347174
CCC,P,0.491,C,0.04880427884084574
CCG,P,-1.012,G,0.049587059586003575
CCT,P,0.984,T,0.10462587253622464
CAC,H,-0.051,C,0.08031314552809936
CAT,H,0.051,T,0.08031314552809936
CAA,Q,1.963,A,0.0931676919490869
CAG,Q,-1.963,G,0.09316769194908689
GTA,V,1.376,A,0.14959282106875166
GTC,V,0.568,C,0.04815649286376188
GTG,V,-1.029,G,0.048240393970090445
GTT,V,1.626,T,0.12257773283992021
GCA,A,1.186,A,0.06763672911932216
GCC,A,-0.115,C,0.03455026005988848
GCG,A,-0.559,G,0.03949631987307264
GCT,A,1.006,T,0.08164212939758736
GAC,D,-0.231,C,0.06363948961733362
GAT,D,0.231,T,0.06363948961733362
GAA,E,1.351,A,0.06133932608501027
GAG,E,-1.351,G,0.06133932608501027
GGA,G,1.388,A,0.11202671204436429
GGC,G,-0.708,C,0.06095281043513052
GGG,G,0.066,G,0.09692391506276518
GGT,G,0.561,T,0.09118465603277026
TTC,F,-1.188,C,0.10054215766302768
TTT,F,1.188,T,0.10054215766302768
TAC,Y,-0.285,C,0.10828928296673741
TAT,Y,0.285,T,0.10828928296673741
TGC,C,-1.082,C,0.25321776258051754
TGT,C,1.082,T,0.25321776258051754
