codon,amino_acid,Yersinia,third_nucl,standard_error
ATA,I,0.429,A,0.06680483135235689
ATC,I,-0.29,C,0.05515864367173455
ATT,I,-0.011,T,0.051240203692620404
ACA,T,0.53,A,0.06765823611861202
ACC,T,-0.425,C,0.05967067723076872
ACG,T,-0.259,G,0.0690664564421274
ACT,T,0.236,T,0.06657960127980324
AAC,N,0.016,C,0.06548688806909447
AAT,N,-0.016,T,0.06548688806909447
AAA,K,0.021,A,0.06413194087310228
AAG,K,-0.021,G,0.06413194087310228
AGC,S,-0.131,C,0.06482482943027557
AGT,S,0.019,T,0.06296869006158114
TCA,S,0.174,A,0.06603250751132198
TCC,S,-0.043,C,0.08218134181604317
TCG,S,-0.294,G,0.08805196513350008
TCT,S,0.139,T,0.0675466199283096
AGA,R,0.995,A,0.10417480424744831
AGG,R,0.636,G,0.14824338175492383
CGA,R,0.537,A,0.10176110099197767
CGC,R,-0.194,C,0.06549281047059516
CGG,R,-0.401,G,0.08850923117871311
CGT,R,-0.328,T,0.06131922019395341
CTA,L,0.309,A,0.07006735062016006
CTC,L,0.181,C,0.07285935669130529
CTG,L,-0.382,G,0.0457754139958487
CTT,L,0.332,T,0.065224791159084
TTA,L,0.319,A,0.04743450758648558
TTG,L,-0.345,G,0.050525192937910794
CCA,P,0.029,A,0.07246241451643949
CCC,P,0.137,C,0.08465885399547435
CCG,P,-0.289,G,0.07636400294132793
CCT,P,0.148,T,0.07592924487158297
CAC,H,0.092,C,0.09654674275738616
CAT,H,-0.092,T,0.09654674275738616
CAA,Q,0.412,A,0.06355797115687023
CAG,Q,-0.412,G,0.06355797115687022
GTA,V,0.186,A,0.06387461179150816
GTC,V,-0.052,C,0.06677125301474482
GTG,V,-0.181,G,0.057231968530099105
GTT,V,0.071,T,0.05712461630720354
GCA,A,0.371,A,0.0542734079960534
GCC,A,-0.306,C,0.05821196570755708
GCG,A,-0.273,G,0.05981371747159491
GCT,A,0.14,T,0.05606611118313959
GAC,D,0.157,C,0.07066628557547186
GAT,D,-0.157,T,0.07066628557547186
GAA,E,0.282,A,0.06550613740293373
GAG,E,-0.282,G,0.06550613740293372
GGA,G,0.67,A,0.091533602053622
GGC,G,0.011,C,0.06557247441619957
GGG,G,-0.351,G,0.0798352123261307
GGT,G,-0.09,T,0.06312365442606102
TTC,F,-0.38,C,0.07248475444268003
TTT,F,0.38,T,0.07248475444268003
TAC,Y,0.014,C,0.08668765120411191
TAT,Y,-0.014,T,0.08668765120411191
TGC,C,0.038,C,0.1378308475151854
TGT,C,-0.038,T,0.1378308475151854
