codon,amino_acid,Zhongshania,third_nucl,standard_error
ATA,I,0.648,A,0.07415382428830747
ATC,I,-0.17,C,0.0622594492800177
ATT,I,-0.253,T,0.055941674180128825
ACA,T,0.87,A,0.0813128503321933
ACC,T,-0.682,C,0.06324322458578789
ACG,T,-0.044,G,0.0787261004401283
ACT,T,0.211,T,0.07668804768208907
AAC,N,-0.123,C,0.07302199291703507
AAT,N,0.123,T,0.07302199291703507
AAA,K,0.372,A,0.0645366994845685
AAG,K,-0.372,G,0.0645366994845685
AGC,S,-0.199,C,0.05643024429829403
AGT,S,0.17,T,0.06511628601916367
TCA,S,0.372,A,0.08216133374462718
TCC,S,0.061,C,0.08882503782063753
TCG,S,-0.33,G,0.07918101905311058
TCT,S,0.067,T,0.07978660145413904
AGA,R,1.169,A,0.12163929430301774
AGG,R,0.18,G,0.15841416450019633
CGA,R,0.439,A,0.09407782545584628
CGC,R,-0.455,C,0.06266188897445293
CGG,R,-0.337,G,0.09476661207662368
CGT,R,0.033,T,0.07271141822374277
CTA,L,0.13,A,0.06664117427668119
CTC,L,0.001,C,0.06290880927276114
CTG,L,-0.368,G,0.0545045913011652
CTT,L,0.141,T,0.06233951485570883
TTA,L,0.378,A,0.05353166602731919
TTG,L,-0.204,G,0.05239080618873755
CCA,P,0.065,A,0.07926938900615997
CCC,P,0.07,C,0.07530302352516234
CCG,P,-0.258,G,0.080310916699264
CCT,P,0.141,T,0.08902460678698447
CAC,H,-0.07,C,0.10015243887590723
CAT,H,0.07,T,0.10015243887590723
CAA,Q,0.378,A,0.07207829972751624
CAG,Q,-0.378,G,0.07207829972751624
GTA,V,0.393,A,0.06880423080631942
GTC,V,-0.13,C,0.07229520579416096
GTG,V,-0.086,G,0.05824231326517773
GTT,V,-0.123,T,0.060836805538053436
GCA,A,0.664,A,0.05749092667903345
GCC,A,-0.312,C,0.05083525552934008
GCG,A,-0.385,G,0.05594706718650234
GCT,A,0.166,T,0.06031616053772205
GAC,D,-0.163,C,0.06471801165011896
GAT,D,0.163,T,0.06471801165011896
GAA,E,0.629,A,0.06926537182142876
GAG,E,-0.629,G,0.06926537182142875
GGA,G,0.901,A,0.10371835809984202
GGC,G,-0.405,C,0.06448337827203642
GGG,G,0.228,G,0.103352124627538
GGT,G,-0.017,T,0.06875921273435187
TTC,F,-0.04,C,0.08161181002526723
TTT,F,0.04,T,0.08161181002526721
TAC,Y,-0.154,C,0.08860794937072305
TAT,Y,0.154,T,0.08860794937072305
TGC,C,-0.372,C,0.14377139262074667
TGT,C,0.372,T,0.14377139262074665
