codon,amino_acid,Zhouia,third_nucl,standard_error
ATA,I,0.525,A,0.052693351122275
ATC,I,-0.653,C,0.059437112259741146
ATT,I,-0.023,T,0.051173368302097316
ACA,T,0.556,A,0.06790396242655995
ACC,T,-0.439,C,0.07378695513718042
ACG,T,-0.298,G,0.1011919105861288
ACT,T,-0.07,T,0.07680682456719373
AAC,N,-0.053,C,0.06494208298123251
AAT,N,0.053,T,0.06494208298123251
AAA,K,0.351,A,0.054289782773459964
AAG,K,-0.351,G,0.05428978277345996
AGC,S,-0.066,C,0.08652222447915313
AGT,S,0.249,T,0.073713476493621
TCA,S,0.416,A,0.07595853369621611
TCC,S,-0.431,C,0.10620382017321973
TCG,S,-0.266,G,0.1002024550609808
TCT,S,-0.251,T,0.07708008272576865
AGA,R,0.656,A,0.07799661556088691
AGG,R,-0.193,G,0.09664355183703177
CGA,R,0.218,A,0.13029884304704534
CGC,R,-0.707,C,0.16390801504032607
CGG,R,-0.773,G,0.15996192042835466
CGT,R,-0.503,T,0.11445690479229188
CTA,L,0.475,A,0.08371737950122136
CTC,L,-0.126,C,0.09008539340278889
CTG,L,-0.703,G,0.06646999444379505
CTT,L,-0.253,T,0.06077611251615491
TTA,L,0.6,A,0.04914399118468184
TTG,L,-0.305,G,0.061281796484649195
CCA,P,0.77,A,0.11058319782158225
CCC,P,-0.366,C,0.1345385846214213
CCG,P,-0.364,G,0.11001677597198053
CCT,P,-0.096,T,0.10120389145700345
CAC,H,0.169,C,0.11647817921313552
CAT,H,-0.169,T,0.11647817921313552
CAA,Q,0.713,A,0.0914688234205823
CAG,Q,-0.713,G,0.0914688234205823
GTA,V,0.158,A,0.06377398331477334
GTC,V,-0.161,C,0.10477994323014005
GTG,V,-0.439,G,0.08548950743203791
GTT,V,0.161,T,0.0649082588151114
GCA,A,0.601,A,0.06947604291723423
GCC,A,-0.473,C,0.08082995345007236
GCG,A,-0.118,G,0.11360776810713738
GCT,A,-0.212,T,0.07409996267789715
GAC,D,0.08,C,0.0809941660182968
GAT,D,-0.08,T,0.08099416601829681
GAA,E,0.369,A,0.07870059902283133
GAG,E,-0.369,G,0.07870059902283133
GGA,G,0.372,A,0.07455847566753107
GGC,G,-0.255,C,0.10620708436186135
GGG,G,-0.47,G,0.10575993633036776
GGT,G,0.015,T,0.08410868036902487
TTC,F,-0.189,C,0.07457622055315456
TTT,F,0.189,T,0.07457622055315456
TAC,Y,0.032,C,0.08085055695446225
TAT,Y,-0.032,T,0.08085055695446225
TGC,C,-0.093,C,0.17746500041042926
TGT,C,0.093,T,0.17746500041042926
