codon,amino_acid,Zobellia,third_nucl,standard_error
ATA,I,0.645,A,0.049192851392428856
ATC,I,-0.596,C,0.05139999803524268
ATT,I,-0.111,T,0.04665339220358995
ACA,T,1.113,A,0.06935261996081463
ACC,T,-0.82,C,0.05725721043010627
ACG,T,-0.305,G,0.0713517202770074
ACT,T,0.346,T,0.07642061954513682
AAC,N,-0.221,C,0.05704339706110566
AAT,N,0.221,T,0.05704339706110565
AAA,K,0.696,A,0.046219582224182675
AAG,K,-0.696,G,0.04621958222418267
AGC,S,-0.185,C,0.07163335739402121
AGT,S,0.09,T,0.06514581610712442
TCA,S,0.731,A,0.07293578123003036
TCC,S,-0.274,C,0.07122741217712523
TCG,S,-0.396,G,0.07443516275509601
TCT,S,-0.001,T,0.07531052269251924
AGA,R,1.247,A,0.07506035751734082
AGG,R,-0.433,G,0.088179743995994
CGA,R,0.302,A,0.09674050517782615
CGC,R,-0.539,C,0.10021718101105521
CGG,R,-0.772,G,0.12939505510106147
CGT,R,-0.909,T,0.09381269464633836
CTA,L,0.343,A,0.05925748904361159
CTC,L,-0.262,C,0.06878698643890774
CTG,L,-0.421,G,0.06637657014367601
CTT,L,-0.015,T,0.05022009011364697
TTA,L,0.776,A,0.049271699597124505
TTG,L,-0.598,G,0.04562597245434575
CCA,P,0.592,A,0.09425801380277632
CCC,P,-0.261,C,0.08345039063127768
CCG,P,-0.016,G,0.09850757972373084
CCT,P,-0.187,T,0.08527001980874815
CAC,H,0.143,C,0.09835505991971738
CAT,H,-0.143,T,0.0983550599197174
CAA,Q,0.429,A,0.07958629264693838
CAG,Q,-0.429,G,0.07958629264693838
GTA,V,0.386,A,0.05563978835983538
GTC,V,-0.403,C,0.07647318432154783
GTG,V,-0.55,G,0.07215722324966492
GTT,V,0.2,T,0.05936276598101667
GCA,A,1.026,A,0.06500199576608269
GCC,A,-0.866,C,0.058064502905596053
GCG,A,-0.104,G,0.08023072091671025
GCT,A,0.209,T,0.07462876705380773
GAC,D,-0.125,C,0.06537012190552381
GAT,D,0.125,T,0.06537012190552381
GAA,E,0.582,A,0.06546860287542884
GAG,E,-0.582,G,0.06546860287542884
GGA,G,0.531,A,0.06493636189193416
GGC,G,-0.24,C,0.07250731522523764
GGG,G,-0.391,G,0.08830232228865605
GGT,G,-0.11,T,0.06865366078137188
TTC,F,-0.11,C,0.06053761942425803
TTT,F,0.11,T,0.06053761942425803
TAC,Y,0.021,C,0.06948673742093797
TAT,Y,-0.021,T,0.06948673742093797
TGC,C,-0.019,C,0.14558152017257597
TGT,C,0.019,T,0.14558152017257597
