codon,amino_acid,Zobellella,third_nucl,standard_error
ATA,I,0.651,A,0.09510397995867045
ATC,I,-1.1,C,0.06939230819465934
ATT,I,1.081,T,0.08501382282892885
ACA,T,2.063,A,0.1803735558943433
ACC,T,-1.234,C,0.0786182315587
ACG,T,0.335,G,0.10354894833711142
ACT,T,1.154,T,0.13617619055371952
AAC,N,-0.789,C,0.09374030000620222
AAT,N,0.789,T,0.0937403000062022
AAA,K,1.631,A,0.07761243446550095
AAG,K,-1.631,G,0.07761243446550095
AGC,S,-0.396,C,0.060993715102176244
AGT,S,1.014,T,0.11911284553643928
TCA,S,1.416,A,0.1618947788642495
TCC,S,-0.189,C,0.06702530283600852
TCG,S,-0.605,G,0.08778035314330272
TCT,S,1.204,T,0.14942710598723055
AGA,R,2.245,A,0.18318964482648784
AGG,R,0.485,G,0.10681000572031309
CGA,R,1.35,A,0.1416063088676313
CGC,R,-0.396,C,0.05693002317331726
CGG,R,-0.951,G,0.06549760686048493
CGT,R,0.847,T,0.08491367321789742
CTA,L,1.832,A,0.21174876099002404
CTC,L,0.04,C,0.05604360004850914
CTG,L,-1.047,G,0.04280687042642319
CTT,L,1.262,T,0.10107261285840431
TTA,L,2.249,A,0.19293112941536222
TTG,L,1.055,G,0.07005624537197118
CCA,P,1.317,A,0.1558945183642554
CCC,P,-0.018,C,0.06439841838243028
CCG,P,-0.612,G,0.06827728800014593
CCT,P,1.176,T,0.1350055438113218
CAC,H,-0.554,C,0.09387528649130873
CAT,H,0.554,T,0.09387528649130873
CAA,Q,1.615,A,0.08458749497303916
CAG,Q,-1.615,G,0.08458749497303916
GTA,V,1.121,A,0.09316145229620985
GTC,V,0.157,C,0.06473139103578388
GTG,V,-1.046,G,0.05743118516572538
GTT,V,1.418,T,0.10724634997567813
GCA,A,1.604,A,0.09495754901646832
GCC,A,-0.622,C,0.04836983297802254
GCG,A,-0.253,G,0.05700398054267806
GCT,A,1.217,T,0.10470794143923294
GAC,D,-0.624,C,0.06684929443074994
GAT,D,0.624,T,0.06684929443074994
GAA,E,1.017,A,0.06391435853656056
GAG,E,-1.017,G,0.06391435853656056
GGA,G,1.366,A,0.11298476771550177
GGC,G,-0.761,C,0.06058779386182111
GGG,G,-0.035,G,0.08158267329336362
GGT,G,0.683,T,0.0815333008007902
TTC,F,-1.013,C,0.07988040733891014
TTT,F,1.013,T,0.07988040733891014
TAC,Y,-0.608,C,0.09821206432043354
TAT,Y,0.608,T,0.09821206432043354
TGC,C,-1.082,C,0.17334937684469903
TGT,C,1.082,T,0.17334937684469903
