codon,amino_acid,Zophobihabitans,third_nucl,standard_error
ATA,I,0.91,A,0.09728420710045278
ATC,I,-0.223,C,0.07350183684907607
ATT,I,-0.28,T,0.06468087372662763
ACA,T,0.648,A,0.0778809743718657
ACC,T,-0.27,C,0.09450243879643203
ACG,T,-0.383,G,0.11905341887392172
ACT,T,-0.321,T,0.07883911168014515
AAC,N,-0.207,C,0.09075087287207832
AAT,N,0.207,T,0.09075087287207832
AAA,K,-0.064,A,0.08556689596468196
AAG,K,0.064,G,0.08556689596468196
AGC,S,-0.229,C,0.10808538827999298
AGT,S,-0.134,T,0.07940510688405884
TCA,S,0.233,A,0.0774351683114997
TCC,S,0.163,C,0.1376845591190816
TCG,S,-0.04,G,0.14151946044787742
TCT,S,-0.029,T,0.07873120616018632
AGA,R,0.52,A,0.11044284497909368
AGG,R,0.087,G,0.2760304196630277
CGA,R,0.645,A,0.14964185802181398
CGC,R,-0.08,C,0.1210386400845828
CGG,R,-0.129,G,0.21429835938453112
CGT,R,-0.522,T,0.08980022221081965
CTA,L,0.293,A,0.09126715536968623
CTC,L,0.242,C,0.11941708008060074
CTG,L,-0.909,G,0.07733930383390039
CTT,L,0.034,T,0.07370802932064405
TTA,L,0.308,A,0.05554157994580989
TTG,L,0.034,G,0.09228135457896114
CCA,P,0.168,A,0.09749432857552975
CCC,P,0.479,C,0.1699477976495624
CCG,P,-0.57,G,0.12305265844870042
CCT,P,0.059,T,0.10202855331111124
CAC,H,-0.029,C,0.1414111832272812
CAT,H,0.029,T,0.14141118322728116
CAA,Q,0.591,A,0.09027318756398524
CAG,Q,-0.591,G,0.09027318756398524
GTA,V,0.285,A,0.08283249728156522
GTC,V,-0.09,C,0.10026791577451352
GTG,V,-0.19,G,0.08867340142082776
GTT,V,-0.043,T,0.07327103692195633
GCA,A,0.342,A,0.07421186943398315
GCC,A,-0.19,C,0.09903117783011246
GCG,A,-0.253,G,0.10638057225703353
GCT,A,-0.105,T,0.07406910561211007
GAC,D,0.168,C,0.10301794019108737
GAT,D,-0.168,T,0.10301794019108737
GAA,E,0.456,A,0.0950164120345929
GAG,E,-0.456,G,0.0950164120345929
GGA,G,0.67,A,0.1074680528724794
GGC,G,0.076,C,0.10847389109784696
GGG,G,-0.056,G,0.15735801226708587
GGT,G,-0.454,T,0.08710361051482769
TTC,F,-0.457,C,0.10774712083470607
TTT,F,0.457,T,0.10774712083470607
TAC,Y,0.067,C,0.12083933397653998
TAT,Y,-0.067,T,0.12083933397653998
TGC,C,0.483,C,0.21899876817110286
TGT,C,-0.483,T,0.21899876817110286
