codon,amino_acid,Zunongwangia,third_nucl,standard_error
ATA,I,0.613,A,0.04847800976828887
ATC,I,-0.245,C,0.05255093124048993
ATT,I,-0.341,T,0.0432660807970395
ACA,T,0.648,A,0.0626995853517674
ACC,T,-0.411,C,0.06409460808005264
ACG,T,-0.154,G,0.09048331548009922
ACT,T,-0.211,T,0.06597704511390437
AAC,N,0.1,C,0.0606834310878989
AAT,N,-0.1,T,0.0606834310878989
AAA,K,0.088,A,0.05096950004320823
AAG,K,-0.088,G,0.05096950004320823
AGC,S,-0.028,C,0.07714761398181466
AGT,S,0.053,T,0.06145370063204751
TCA,S,0.373,A,0.06737801130033898
TCC,S,-0.039,C,0.08936124510064504
TCG,S,-0.182,G,0.0969715667647784
TCT,S,-0.269,T,0.06349862390516017
AGA,R,0.848,A,0.06996948349591994
AGG,R,-0.043,G,0.09950306234566053
CGA,R,-0.095,A,0.09495592896647592
CGC,R,-0.503,C,0.11930954352973681
CGG,R,-0.416,G,0.14240126613639373
CGT,R,-0.833,T,0.0919648747021505
CTA,L,0.311,A,0.06188585894107435
CTC,L,0.226,C,0.10071305448444884
CTG,L,-0.412,G,0.0701326259700641
CTT,L,-0.156,T,0.04887439347713239
TTA,L,0.098,A,0.040482709848366216
TTG,L,-0.056,G,0.05685358273707669
CCA,P,0.181,A,0.08543137498774446
CCC,P,0.214,C,0.10911989879440753
CCG,P,-0.352,G,0.11330715760433133
CCT,P,-0.097,T,0.08460553596760244
CAC,H,0.258,C,0.11147239328762182
CAT,H,-0.258,T,0.1114723932876218
CAA,Q,0.391,A,0.07608369761806118
CAG,Q,-0.391,G,0.07608369761806118
GTA,V,0.189,A,0.05835698200668065
GTC,V,-0.023,C,0.10610232683988924
GTG,V,-0.241,G,0.0765278004400861
GTT,V,-0.041,T,0.059427419514247785
GCA,A,0.617,A,0.05984356276872678
GCC,A,-0.247,C,0.07041758882444552
GCG,A,-0.317,G,0.08847373993611624
GCT,A,-0.302,T,0.06206816261440498
GAC,D,0.321,C,0.07757792010563783
GAT,D,-0.321,T,0.07757792010563783
GAA,E,0.222,A,0.06748426317522697
GAG,E,-0.222,G,0.06748426317522697
GGA,G,0.494,A,0.06496471505268665
GGC,G,-0.023,C,0.08761150156430358
GGG,G,-0.356,G,0.09972762546349745
GGT,G,-0.382,T,0.07235576043407281
TTC,F,0.27,C,0.06995619790513022
TTT,F,-0.27,T,0.06995619790513022
TAC,Y,0.271,C,0.07415353615322637
TAT,Y,-0.271,T,0.07415353615322637
TGC,C,-0.236,C,0.1543787099214266
TGT,C,0.236,T,0.1543787099214266
