codon,amino_acid,Zymomonas,third_nucl,standard_error
ATA,I,0.885,A,0.10325200135259431
ATC,I,-0.339,C,0.07981800628253218
ATT,I,-0.211,T,0.07525816674792388
ACA,T,0.575,A,0.10462460825488613
ACC,T,-0.461,C,0.09027348373729133
ACG,T,-0.264,G,0.09861996474615749
ACT,T,0.339,T,0.10982057069597687
AAC,N,0.093,C,0.11448559106699847
AAT,N,-0.093,T,0.11448559106699847
AAA,K,0.011,A,0.09337974015122619
AAG,K,-0.011,G,0.09337974015122619
AGC,S,-0.348,C,0.0951205795320196
AGT,S,0.095,T,0.10959528524766902
TCA,S,0.264,A,0.1073002013974415
TCC,S,0.215,C,0.1043147812724666
TCG,S,-0.369,G,0.10953081979888828
TCT,S,0.118,T,0.08261082167041763
AGA,R,0.406,A,0.12332883927510604
AGG,R,0.213,G,0.18862716730880313
CGA,R,0.154,A,0.14307301984824275
CGC,R,-0.007,C,0.09370865202998858
CGG,R,-0.499,G,0.1174127001267844
CGT,R,-0.021,T,0.0929175219183492
CTA,L,0.279,A,0.13208627701623024
CTC,L,0.206,C,0.115376316804661
CTG,L,-0.012,G,0.08286225745011494
CTT,L,0.36,T,0.0753892748682981
TTA,L,-0.058,A,0.0792672422885345
TTG,L,-0.477,G,0.0757721525808135
CCA,P,0.141,A,0.12193263984440884
CCC,P,-0.006,C,0.11134212128900103
CCG,P,-0.365,G,0.09874921671386626
CCT,P,0.273,T,0.09749947067862856
CAC,H,0.279,C,0.1884332003450878
CAT,H,-0.279,T,0.18843320034508781
CAA,Q,0.25,A,0.10858211068348629
CAG,Q,-0.25,G,0.10858211068348629
GTA,V,0.311,A,0.1316180754449986
GTC,V,-0.463,C,0.09637622109733619
GTG,V,0.659,G,0.10162761248097633
GTT,V,-0.242,T,0.0874102287807113
GCA,A,0.288,A,0.08386443014887196
GCC,A,-0.097,C,0.07283389296474087
GCG,A,-0.181,G,0.08785982650310868
GCT,A,0.007,T,0.07327880735262904
GAC,D,0.132,C,0.10299995379978824
GAT,D,-0.132,T,0.10299995379978824
GAA,E,-0.129,A,0.1138989538447748
GAG,E,0.129,G,0.1138989538447748
GGA,G,0.574,A,0.11278074459979258
GGC,G,0.008,C,0.09505411182869716
GGG,G,-0.228,G,0.13025563881967858
GGT,G,-0.28,T,0.09610963217138335
TTC,F,-0.463,C,0.10681260885392889
TTT,F,0.463,T,0.10681260885392889
TAC,Y,0.399,C,0.17661059778542956
TAT,Y,-0.399,T,0.17661059778542956
TGC,C,-0.493,C,0.2376296332170077
TGT,C,0.493,T,0.23762963321700767
