codon,amino_acid,Zymobacter,third_nucl,standard_error
ATA,I,0.677,A,0.11566476382801659
ATC,I,-0.48,C,0.07390344171138216
ATT,I,0.215,T,0.0787737647517359
ACA,T,0.624,A,0.08955582979630258
ACC,T,-0.372,C,0.07021250572604792
ACG,T,-0.343,G,0.07144316746754903
ACT,T,0.52,T,0.09667006952805877
AAC,N,-0.442,C,0.09806788346091073
AAT,N,0.442,T,0.09806788346091073
AAA,K,0.409,A,0.08455752934212091
AAG,K,-0.409,G,0.08455752934212091
AGC,S,-0.5,C,0.07634719506199411
AGT,S,0.064,T,0.10117749506194697
TCA,S,0.668,A,0.10139372657198434
TCC,S,0.17,C,0.08564541755082665
TCG,S,-0.538,G,0.08566853252507547
TCT,S,0.441,T,0.08899775008229477
AGA,R,1.151,A,0.16770839013903832
AGG,R,0.945,G,0.20992297965454781
CGA,R,0.861,A,0.11630967915402486
CGC,R,-0.551,C,0.06653361914973792
CGG,R,-0.079,G,0.11365035727475226
CGT,R,-0.052,T,0.07304661435698268
CTA,L,0.166,A,0.09843476951568712
CTC,L,0.287,C,0.0794984409914533
CTG,L,-0.682,G,0.05357256466870189
CTT,L,0.738,T,0.07851955170081852
TTA,L,0.646,A,0.13664171750849033
TTG,L,0.098,G,0.07609404847457718
CCA,P,0.292,A,0.11077650502377266
CCC,P,0.41,C,0.08838393190814708
CCG,P,-0.928,G,0.08411410920185244
CCT,P,0.515,T,0.09236649990456064
CAC,H,-0.328,C,0.10254629347382396
CAT,H,0.328,T,0.10254629347382396
CAA,Q,0.746,A,0.09775344746939188
CAG,Q,-0.746,G,0.09775344746939188
GTA,V,0.3,A,0.08952127526003367
GTC,V,-0.305,C,0.07575809351615005
GTG,V,-0.156,G,0.0703163813051265
GTT,V,0.351,T,0.08518143353389902
GCA,A,0.485,A,0.0653807773670726
GCC,A,-0.193,C,0.05967211552834631
GCG,A,-0.434,G,0.06468790034580882
GCT,A,0.227,T,0.06913498091485273
GAC,D,-0.009,C,0.07554808162866422
GAT,D,0.009,T,0.07554808162866422
GAA,E,0.273,A,0.08759083497031256
GAG,E,-0.273,G,0.08759083497031256
GGA,G,0.883,A,0.10808215283765565
GGC,G,-0.265,C,0.07548016198272423
GGG,G,-0.114,G,0.10187364729734198
GGT,G,-0.112,T,0.08302767511291591
TTC,F,-0.612,C,0.09790533657936883
TTT,F,0.612,T,0.09790533657936883
TAC,Y,-0.089,C,0.11081545276488652
TAT,Y,0.089,T,0.11081545276488652
TGC,C,-0.167,C,0.16717493164642594
TGT,C,0.167,T,0.16717493164642594
