codon,amino_acid,log_odds,ends_with,standard_error
GCT,A,0.262,T,0.17102097135099487
GCC,A,-0.23,C,0.1777669990817209
GCA,A,0.063,A,0.19859915162031716
GCG,A,-0.076,G,0.15690770550320768
TGT,C,-0.999,T,0.573430078682523
TGC,C,0.999,C,0.573430078682523
GAT,D,0.519,T,0.3699096997526788
GAC,D,-0.519,C,0.36990969975267884
GAA,E,-0.089,A,0.30145925828724546
GAG,E,0.089,G,0.30145925828724546
TTT,F,0.402,T,0.24317907172134343
TTC,F,-0.402,C,0.24317907172134343
GGT,G,0.355,T,0.26805638589836406
GGC,G,-0.497,C,0.2623337511915341
GGA,G,0.065,A,0.3398676613894858
GGG,G,0.336,G,0.44753641000117933
CAT,H,NA,T,NA
CAC,H,NA,C,NA
ATA,I,0.824,A,0.21043136271719234
ATT,I,-0.224,T,0.1392015872770364
ATC,I,-0.191,C,0.14728427959948687
AAA,K,0.244,A,0.17322603848681908
AAG,K,-0.244,G,0.17322603848681906
TTA,L,0.599,A,0.1947676349588715
TTG,L,0.206,G,0.19592653170387894
CTT,L,0.147,T,0.219285253342118
CTC,L,-0.302,C,0.22158215041213944
CTA,L,0.597,A,0.20560133871027603
CTG,L,-0.489,G,0.12312132980094265
AAT,N,0.486,T,0.2293955175108391
AAC,N,-0.486,C,0.2293955175108391
CCT,P,0.423,T,0.2638843149741016
CCC,P,0.325,C,0.2713578500350141
CCA,P,0.011,A,0.24357153499624293
CCG,P,-0.398,G,0.19330437756106575
CAA,Q,0.864,A,0.23228174372301322
CAG,Q,-0.864,G,0.23228174372301322
CGT,R,-0.621,T,0.2282236217076934
CGC,R,0.13,C,0.2251205714915531
CGA,R,1.42,A,0.6988621198305776
CGG,R,0.167,G,0.35392405648986025
AGA,R,1.562,A,0.6860121248381672
AGG,R,0.201,G,0.39367725325025094
TCT,S,0.25,T,0.35121118163812226
TCC,S,0.319,C,0.40781987463268266
TCA,S,0.77,A,0.3847263365913304
TCG,S,-0.232,G,0.31128103362698134
AGT,S,-0.105,T,0.36264632905161337
AGC,S,-0.461,C,0.2671314995014715
ACT,T,0.334,T,0.348551200761747
ACC,T,-0.428,C,0.2320819981430138
ACA,T,0.718,A,0.28324729800220627
ACG,T,-0.321,G,0.27074770733078835
GTT,V,0.569,T,0.2904449464963693
GTC,V,-0.939,C,0.3571942706042484
GTA,V,-0.045,A,0.30719412898882603
GTG,V,0.149,G,0.2571386459199519
TAT,Y,0.47,T,0.41222075661472546
TAC,Y,-0.47,C,0.4122207566147254
