codon,amino_acid,log_odds,ends_with,standard_error
GCT,A,0.173,T,0.5633695643906288
GCC,A,0.015,C,0.45715129769837576
GCA,A,-0.432,A,0.5594524224516442
GCG,A,0.108,G,0.39828303295172096
TGT,C,-0.059,T,0.426951001037774
TGC,C,0.059,C,0.426951001037774
GAT,D,0.088,T,0.17782808878529147
GAC,D,-0.088,C,0.17782808878529147
GAA,E,0.061,A,0.1831269201203595
GAG,E,-0.061,G,0.1831269201203595
TTT,F,0.117,T,0.19700954130272846
TTC,F,-0.117,C,0.19700954130272846
GGT,G,-0.194,T,0.5071846092148924
GGC,G,-0.395,C,0.4254185189610743
GGA,G,0.382,A,0.4899832060273141
GGG,G,0.625,G,0.6453944845379234
CAT,H,0.626,T,0.6322441145007643
CAC,H,-0.626,C,0.6322441145007643
ATA,I,1.147,A,0.24614275269424807
ATT,I,-0.243,T,0.1567789418541539
ATC,I,-0.333,C,0.16039185955318427
AAA,K,0.343,A,0.17096360759956186
AAG,K,-0.343,G,0.17096360759956186
TTA,L,0.828,A,0.28313447728366475
TTG,L,0.349,G,0.3058907619760673
CTT,L,-0.796,T,0.36681153425068147
CTC,L,-0.508,C,0.3303989615883292
CTA,L,0.58,A,0.2881017390889198
CTG,L,-0.304,G,0.1731466794072103
AAT,N,-0.119,T,0.24971472891304305
AAC,N,0.119,C,0.24971472891304305
CCT,P,0.343,T,0.5322150365812888
CCC,P,-0.425,C,0.45386724393055966
CCA,P,0.32,A,0.3967709512898678
CCG,P,-0.105,G,0.3242190866054539
CAA,Q,0.305,A,0.17940699480763903
CAG,Q,-0.305,G,0.17940699480763903
CGT,R,0.583,T,0.29297995441418606
CGC,R,-0.681,C,0.2946498665433558
CGA,R,0.943,A,0.6176604940032282
CGG,R,-0.598,G,0.49074961469085926
AGA,R,1.655,A,0.7945605519537362
AGG,R,-0.672,G,0.5204186719747756
TCT,S,-0.562,T,0.23793977203052885
TCC,S,-0.289,C,0.2056419478207862
TCA,S,0.652,A,0.19137202582314686
TCG,S,0.131,G,0.2212422373483244
AGT,S,0.29,T,0.22678618289881708
AGC,S,-0.258,C,0.16321344707451277
ACT,T,0.122,T,0.21558725618841515
ACC,T,-0.483,C,0.16407036119556395
ACA,T,0.593,A,0.21954471088007807
ACG,T,0.096,G,0.18140530704393312
GTT,V,-0.112,T,0.31132876434421525
GTC,V,-0.682,C,0.35386100534223225
GTA,V,0.524,A,0.28985084701189595
GTG,V,0.061,G,0.26018334843075175
TAT,Y,-0.352,T,0.2545977686591124
TAC,Y,0.352,C,0.2545977686591124
