codon,amino_acid,log_odds,ends_with,standard_error
GCT,A,0.058,T,0.16943749505516809
GCC,A,-0.134,C,0.1509029971128693
GCA,A,0.247,A,0.17860983321870766
GCG,A,-0.07,G,0.1336005009194397
TGT,C,NA,T,NA
TGC,C,NA,C,NA
GAT,D,-0.118,T,0.5756294001779325
GAC,D,0.118,C,0.5756294001779325
GAA,E,0.031,A,0.47772345239656905
GAG,E,-0.031,G,0.47772345239656905
TTT,F,-0.166,T,0.27227170515444166
TTC,F,0.166,C,0.27227170515444166
GGT,G,0.207,T,0.36948005119946203
GGC,G,-0.36,C,0.3506202900769151
GGA,G,0.372,A,0.48562702852457756
GGG,G,-0.005,G,0.4636845665292514
CAT,H,-0.327,T,0.2830507086144025
CAC,H,0.327,C,0.2830507086144025
ATA,I,1.069,A,0.2986338690212076
ATT,I,-0.187,T,0.1854828924882748
ATC,I,-0.313,C,0.19282212023834616
AAA,K,0.415,A,0.17219875970330875
AAG,K,-0.415,G,0.17219875970330875
TTA,L,0.5,A,0.30210130114996275
TTG,L,0.062,G,0.3215590975393877
CTT,L,-0.14,T,0.3428071212912981
CTC,L,-0.211,C,0.3718371823119396
CTA,L,0.655,A,0.3125847648386518
CTG,L,-0.431,G,0.20688004013994735
AAT,N,0.597,T,0.22049542114696435
AAC,N,-0.597,C,0.22049542114696433
CCT,P,0.277,T,0.4023830678276142
CCC,P,0.055,C,0.405359749340622
CCA,P,0.228,A,0.36610755620078245
CCG,P,-0.32,G,0.29606941671070136
CAA,Q,0.817,A,0.2813197981612601
CAG,Q,-0.817,G,0.2813197981612601
CGT,R,0.292,T,0.1912382460802645
CGC,R,-0.537,C,0.18591115756068946
CGA,R,0.454,A,0.3506868054332165
CGG,R,-0.127,G,0.2878847311847335
AGA,R,0.865,A,0.5011524267175703
AGG,R,0.29,G,0.33922890517622734
TCT,S,0.077,T,0.17440585891751897
TCC,S,0.107,C,0.1795041907588241
TCA,S,0.064,A,0.14645763731445743
TCG,S,-0.831,G,0.17469973863355556
AGT,S,0.249,T,0.1443795606349362
AGC,S,0.105,C,0.11529870303687434
ACT,T,-0.167,T,0.191009613447074
ACC,T,-0.036,C,0.14552403717431983
ACA,T,0.556,A,0.18386556270867238
ACG,T,-0.347,G,0.18200679306845924
GTT,V,0.797,T,0.38175761817256243
GTC,V,-1.327,C,0.6450339462890178
GTA,V,0.422,A,0.3715319415934772
GTG,V,-0.449,G,0.3460339690291791
TAT,Y,0.0,T,0.563436169819011
TAC,Y,0.0,C,0.563436169819011
