codon,amino_acid,log_odds,ends_with,standard_error
GCT,A,0.174,T,0.17327351863877652
GCC,A,-0.102,C,0.1695968911152908
GCA,A,0.138,A,0.18591222411277758
GCG,A,-0.144,G,0.15324182837879066
TGT,C,-0.013,T,0.5189395394591119
TGC,C,0.013,C,0.5189395394591119
GAT,D,0.201,T,0.2753997840139212
GAC,D,-0.201,C,0.2753997840139212
GAA,E,-0.434,A,0.20571216454135227
GAG,E,0.434,G,0.20571216454135227
TTT,F,0.716,T,0.45424291082448
TTC,F,-0.716,C,0.45424291082447993
GGT,G,-0.008,T,0.18427394009309114
GGC,G,-0.217,C,0.1666981811125399
GGA,G,0.746,A,0.24205889488409343
GGG,G,-0.372,G,0.24605938760280052
CAT,H,NA,T,NA
CAC,H,NA,C,NA
ATA,I,0.981,A,0.29122102555810925
ATT,I,0.059,T,0.19141862897623182
ATC,I,-0.526,C,0.207955528863113
AAA,K,-0.038,A,0.2106259405669988
AAG,K,0.038,G,0.2106259405669988
TTA,L,-0.027,A,0.1920458759269926
TTG,L,-0.012,G,0.1891809953584409
CTT,L,0.296,T,0.19009110405698212
CTC,L,-0.138,C,0.19403768896141954
CTA,L,0.274,A,0.20061977972067185
CTG,L,-0.134,G,0.11578282754043831
AAT,N,0.566,T,0.24365419910678482
AAC,N,-0.566,C,0.24365419910678482
CCT,P,-0.325,T,0.27847295021024376
CCC,P,-0.113,C,0.26757630663415377
CCA,P,0.378,A,0.29401485966012586
CCG,P,0.065,G,0.21068251868124083
CAA,Q,0.511,A,0.7637626158259734
CAG,Q,-0.511,G,0.7637626158259733
CGT,R,0.215,T,0.20004425093036657
CGC,R,-0.489,C,0.1910427213993567
CGA,R,0.134,A,0.3970472517805912
CGG,R,-0.346,G,0.31403237492002545
AGA,R,0.778,A,0.6339024114445789
AGG,R,1.429,G,0.44467585429575696
TCT,S,0.023,T,0.34842147793847417
TCC,S,-0.512,C,0.340491686874389
TCA,S,-0.295,A,0.3270191541225379
TCG,S,-0.094,G,0.30518582570993746
AGT,S,0.073,T,0.3291593108019567
AGC,S,0.502,C,0.267499302383939
ACT,T,0.301,T,0.27482907111904803
ACC,T,-0.478,C,0.18206860725638807
ACA,T,0.439,A,0.229054225046703
ACG,T,0.086,G,0.22597296060640687
GTT,V,0.412,T,0.24020414795545317
GTC,V,-0.221,C,0.2675151600586876
GTA,V,0.405,A,0.25140406720309405
GTG,V,-0.542,G,0.22664527482223717
TAT,Y,0.877,T,0.5166459880063687
TAC,Y,-0.877,C,0.5166459880063687
