codon,amino_acid,log_odds,ends_with,standard_error
GCT,A,0.109,T,0.2346958422381447
GCC,A,-0.411,C,0.21364465986666084
GCA,A,0.161,A,0.24693998426663621
GCG,A,0.172,G,0.19044013585710376
TGT,C,-0.606,T,0.9149432835543481
TGC,C,0.606,C,0.914943283554348
GAT,D,0.253,T,0.23359003752387153
GAC,D,-0.253,C,0.23359003752387153
GAA,E,0.19,A,0.20594720888580814
GAG,E,-0.19,G,0.20594720888580814
TTT,F,-0.01,T,0.2142223257484724
TTC,F,0.01,C,0.2142223257484724
GGT,G,-0.039,T,0.30084457784652713
GGC,G,-0.199,C,0.28292781378611104
GGA,G,0.357,A,0.38505889847476316
GGG,G,0.093,G,0.4054208041437003
CAT,H,-0.575,T,0.5616504388418257
CAC,H,0.575,C,0.5616504388418257
ATA,I,0.389,A,0.22677485899618216
ATT,I,0.15,T,0.155187022431997
ATC,I,-0.375,C,0.16372599954105252
AAA,K,0.065,A,0.2498967700721207
AAG,K,-0.065,G,0.2498967700721207
TTA,L,0.669,A,0.16301396344739857
TTG,L,0.093,G,0.1879272840176973
CTT,L,0.024,T,0.1798986574430953
CTC,L,-0.355,C,0.20678900311554346
CTA,L,0.145,A,0.18350700618126226
CTG,L,-0.286,G,0.10954504636065894
AAT,N,0.119,T,0.29164596896367834
AAC,N,-0.119,C,0.29164596896367834
CCT,P,-0.631,T,0.38474814558505094
CCC,P,1.006,C,0.3447240756705041
CCA,P,0.122,A,0.33273537589777413
CCG,P,-0.466,G,0.27159890461184377
CAA,Q,0.063,A,0.26802692520628235
CAG,Q,-0.063,G,0.26802692520628235
CGT,R,0.059,T,0.18041962680764637
CGC,R,-0.368,C,0.1669222095252064
CGA,R,-0.53,A,0.34210294131586827
CGG,R,-0.439,G,0.2826195775570165
AGA,R,0.586,A,0.3959203941113279
AGG,R,1.796,G,0.37724409609550486
TCT,S,-0.004,T,0.2712225619335022
TCC,S,0.031,C,0.26961596366951274
TCA,S,0.238,A,0.24545085648557466
TCG,S,-0.597,G,0.334578771530792
AGT,S,-0.008,T,0.31713867214710156
AGC,S,0.046,C,0.19194632198538103
ACT,T,-0.277,T,0.2744865914069928
ACC,T,-0.096,C,0.1786455887396915
ACA,T,0.366,A,0.23302793693148396
ACG,T,-0.021,G,0.21025749974087515
GTT,V,0.258,T,0.27506965602969435
GTC,V,-0.124,C,0.29654040546634297
GTA,V,0.697,A,0.28635208631188225
GTG,V,-0.65,G,0.24458349718744965
TAT,Y,-0.716,T,0.7723112367851749
TAC,Y,0.716,C,0.772311236785175
