codon,amino_acid,log_odds,ends_with,standard_error
GCT,A,0.012,T,0.19456555260095842
GCC,A,-0.527,C,0.199066136142604
GCA,A,0.572,A,0.20815335357345482
GCG,A,-0.004,G,0.16235221038343536
TGT,C,NA,T,NA
TGC,C,NA,C,NA
GAT,D,-0.279,T,0.35580068380221896
GAC,D,0.279,C,0.35580068380221896
GAA,E,0.669,A,0.21109360945281197
GAG,E,-0.669,G,0.21109360945281194
TTT,F,0.033,T,0.19682490226949306
TTC,F,-0.033,C,0.19682490226949306
GGT,G,-0.044,T,0.2941169363713706
GGC,G,-0.092,C,0.2576250499673243
GGA,G,0.086,A,0.3535178379368821
GGG,G,0.162,G,0.366429765557552
CAT,H,-0.085,T,0.3185183117173847
CAC,H,0.085,C,0.3185183117173847
ATA,I,0.538,A,0.25327602273260824
ATT,I,-0.052,T,0.16202234628178105
ATC,I,-0.196,C,0.1671771736049626
AAA,K,0.28,A,0.23430589147409112
AAG,K,-0.28,G,0.23430589147409112
TTA,L,0.514,A,0.21046345085189544
TTG,L,-0.359,G,0.23928939216943632
CTT,L,-0.038,T,0.26364719164445655
CTC,L,-0.677,C,0.26052463788330127
CTA,L,0.412,A,0.23314891105275798
CTG,L,-0.017,G,0.1412406495742533
AAT,N,0.588,T,0.23059619072006193
AAC,N,-0.588,C,0.23059619072006193
CCT,P,-0.436,T,0.4767753849295396
CCC,P,0.22,C,0.4453033049035713
CCA,P,0.418,A,0.44674175938476984
CCG,P,-0.131,G,0.32687454098264934
CAA,Q,0.415,A,0.21148198095988585
CAG,Q,-0.415,G,0.21148198095988585
CGT,R,-0.009,T,0.19314046715921135
CGC,R,-0.541,C,0.1860483794233727
CGA,R,0.351,A,0.35602819879013553
CGG,R,0.23,G,0.30965176454720933
AGA,R,0.918,A,0.7129166568585044
AGG,R,0.834,G,0.3112409616586347
TCT,S,0.456,T,0.3573317585482147
TCC,S,-0.142,C,0.3727921425854698
TCA,S,0.262,A,0.30746213918622084
TCG,S,-0.361,G,0.3605739895614985
AGT,S,-0.309,T,0.32695939300801147
AGC,S,0.027,C,0.24522688102999932
ACT,T,0.066,T,0.27395301229928526
ACC,T,-0.421,C,0.18340160712289055
ACA,T,0.965,A,0.2653974795638009
ACG,T,-0.142,G,0.20971060079023007
GTT,V,0.162,T,0.19706992954515704
GTC,V,-0.53,C,0.21680252056879312
GTA,V,0.586,A,0.22116734359930856
GTG,V,-0.131,G,0.16935978815060182
TAT,Y,-0.116,T,0.20647022833022804
TAC,Y,0.116,C,0.20647022833022804
