codon,amino_acid,log_odds,ends_with,standard_error
GCT,A,-0.133,T,0.19212488355067955
GCC,A,0.13,C,0.17777122529945072
GCA,A,-0.114,A,0.2082531823507244
GCG,A,0.054,G,0.15831824004072034
TGT,C,0.029,T,0.5845345774793033
TGC,C,-0.029,C,0.5845345774793033
GAT,D,0.327,T,0.2709955903251206
GAC,D,-0.327,C,0.2709955903251206
GAA,E,-0.085,A,0.18301372651211215
GAG,E,0.085,G,0.18301372651211215
TTT,F,-0.516,T,0.29170387535012443
TTC,F,0.516,C,0.29170387535012443
GGT,G,-0.256,T,0.20713269184689576
GGC,G,0.118,C,0.18365530971186306
GGA,G,0.223,A,0.27330825176763757
GGG,G,-0.032,G,0.25143472298909
CAT,H,0.151,T,0.33588151940001043
CAC,H,-0.151,C,0.33588151940001043
ATA,I,0.953,A,0.3429403539364919
ATT,I,-0.241,T,0.22581362072269265
ATC,I,-0.23,C,0.23495072534837788
AAA,K,0.024,A,0.24161192215708796
AAG,K,-0.024,G,0.24161192215708796
TTA,L,-0.046,A,0.34133050830530615
TTG,L,0.129,G,0.3075230161988766
CTT,L,-0.651,T,0.32097600190538156
CTC,L,-0.629,C,0.2997822822632312
CTA,L,0.211,A,0.3030783277473547
CTG,L,0.33,G,0.17740095174053255
AAT,N,-0.511,T,0.29672115950504546
AAC,N,0.511,C,0.29672115950504546
CCT,P,-1.317,T,0.4448291155753991
CCC,P,0.008,C,0.3772569947226969
CCA,P,0.445,A,0.35726086776377797
CCG,P,0.305,G,0.27865273791050893
CAA,Q,-0.121,A,0.22766189238817922
CAG,Q,0.121,G,0.22766189238817922
CGT,R,-0.283,T,0.16064661044489267
CGC,R,-0.086,C,0.15087437670857798
CGA,R,-0.239,A,0.35665679119912247
CGG,R,0.241,G,0.25670681952702906
AGA,R,-0.205,A,0.3717931086896852
AGG,R,1.029,G,0.279853518657437
TCT,S,-0.107,T,0.25262504026935356
TCC,S,0.042,C,0.2176612488150362
TCA,S,0.302,A,0.21468455297752637
TCG,S,-0.262,G,0.2617769370312717
AGT,S,-0.234,T,0.2718702685640969
AGC,S,0.045,C,0.17939289918925094
ACT,T,-0.568,T,0.2442679980763878
ACC,T,-0.143,C,0.17031860577487024
ACA,T,0.486,A,0.21380228647541283
ACG,T,0.171,G,0.21059109887664693
GTT,V,0.083,T,0.21410623228576653
GTC,V,0.013,C,0.20882103809278824
GTA,V,0.591,A,0.2044551154448373
GTG,V,-0.472,G,0.17132972758909276
TAT,Y,-0.132,T,0.49101660714136014
TAC,Y,0.132,C,0.49101660714136014
