codon,amino_acid,log_odds,ends_with,standard_error
GCT,A,0.033,T,0.20211175998804704
GCC,A,0.004,C,0.1901754200033775
GCA,A,0.484,A,0.21336266717032512
GCG,A,-0.294,G,0.1581100593512586
TGT,C,NA,T,NA
TGC,C,NA,C,NA
GAT,D,-0.623,T,0.28021876890862757
GAC,D,0.623,C,0.28021876890862757
GAA,E,0.111,A,0.2071248981088598
GAG,E,-0.111,G,0.2071248981088598
TTT,F,-0.281,T,0.2871213920938704
TTC,F,0.281,C,0.2871213920938704
GGT,G,-0.475,T,0.22898463528931562
GGC,G,-0.068,C,0.19915097024657027
GGA,G,0.229,A,0.28448291427254685
GGG,G,0.739,G,0.3321015270395674
CAT,H,NA,T,NA
CAC,H,NA,C,NA
ATA,I,0.555,A,0.21752984428415284
ATT,I,-0.297,T,0.14988367801379743
ATC,I,0.026,C,0.15404096820995214
AAA,K,-0.048,A,0.2323575028758075
AAG,K,0.048,G,0.2323575028758075
TTA,L,0.001,A,0.21916282953487412
TTG,L,-0.202,G,0.22392405320609432
CTT,L,-0.605,T,0.26684620187651636
CTC,L,0.119,C,0.21948924506096826
CTA,L,0.312,A,0.2195101096495529
CTG,L,0.072,G,0.12985526180800594
AAT,N,0.298,T,0.3326562387212558
AAC,N,-0.298,C,0.3326562387212558
CCT,P,-0.657,T,0.24510215722507067
CCC,P,0.722,C,0.2556250660060758
CCA,P,0.2,A,0.26234809796867925
CCG,P,-0.106,G,0.17891637909319152
CAA,Q,0.138,A,0.19583019587915484
CAG,Q,-0.138,G,0.19583019587915484
CGT,R,-0.038,T,0.2746834227052066
CGC,R,0.156,C,0.23400474837630433
CGA,R,-0.141,A,0.5973931406314448
CGG,R,-0.306,G,0.46516238029265594
AGA,R,-0.807,A,0.6872252306636327
AGG,R,0.327,G,0.47489090065126277
TCT,S,-0.141,T,0.4360438456000439
TCC,S,0.389,C,0.3494495915791155
TCA,S,0.84,A,0.39375876915454194
TCG,S,-0.051,G,0.36304028097999685
AGT,S,-0.66,T,0.34320470007187265
AGC,S,-0.157,C,0.2500194924174792
ACT,T,-0.363,T,0.24213706267089072
ACC,T,0.18,C,0.18510963100768962
ACA,T,0.583,A,0.2798325341339679
ACG,T,-0.378,G,0.22997944758226618
GTT,V,-0.082,T,0.18698546461988647
GTC,V,-0.056,C,0.19675672431247485
GTA,V,0.413,A,0.2088782638308544
GTG,V,-0.145,G,0.16008544045312398
TAT,Y,0.212,T,0.6551931584397919
TAC,Y,-0.212,C,0.6551931584397919
