codon,amino_acid,log_odds,ends_with,standard_error
GCT,A,1.118,T,0.28383189346993376
GCC,A,-1.029,C,0.26451566991851705
GCA,A,0.662,A,0.2768344644569192
GCG,A,-0.39,G,0.2150647886064054
TGT,C,NA,T,NA
TGC,C,NA,C,NA
GAT,D,0.151,T,0.2610071561457641
GAC,D,-0.151,C,0.2610071561457641
GAA,E,0.17,A,0.3194198832386929
GAG,E,-0.17,G,0.3194198832386929
TTT,F,0.166,T,0.32713229716602893
TTC,F,-0.166,C,0.32713229716602893
GGT,G,0.207,T,0.33469512905349214
GGC,G,-0.8,C,0.28393975748607825
GGA,G,1.449,A,0.3452079378349831
GGG,G,-0.779,G,0.40386470922265477
CAT,H,-0.224,T,0.33201482217174716
CAC,H,0.224,C,0.33201482217174716
ATA,I,1.473,A,0.21128432921787285
ATT,I,0.47,T,0.12531841221777554
ATC,I,-1.216,C,0.13294349292870913
AAA,K,0.752,A,0.1637054064021904
AAG,K,-0.752,G,0.1637054064021904
TTA,L,1.444,A,0.23921760414249948
TTG,L,-0.053,G,0.2075828309684838
CTT,L,-0.728,T,0.24907218848143153
CTC,L,-1.176,C,0.2869539126415394
CTA,L,2.018,A,0.2731786740899175
CTG,L,-0.782,G,0.13918509261963713
AAT,N,1.038,T,0.211806754870291
AAC,N,-1.038,C,0.211806754870291
CCT,P,0.758,T,0.32352974634252984
CCC,P,1.271,C,0.27223080157060237
CCA,P,1.197,A,0.36368123117151935
CCG,P,-1.785,G,0.2359919069804413
CAA,Q,2.724,A,0.20556346695718586
CAG,Q,-2.724,G,0.20556346695718583
CGT,R,0.25,T,0.3576507581748914
CGC,R,-1.239,C,0.33433353774985913
CGA,R,1.374,A,1.1293709490989283
CGG,R,-0.932,G,0.622940649857534
AGA,R,0.903,A,0.8519433818086304
AGG,R,2.273,G,0.6376802926282161
TCT,S,0.095,T,0.2512045687771846
TCC,S,-0.743,C,0.3009122387760269
TCA,S,1.588,A,0.2718818788938172
TCG,S,-0.242,G,0.29048657542545336
AGT,S,0.068,T,0.23965803122359847
AGC,S,-0.655,C,0.1951756359917114
ACT,T,-0.029,T,0.2842366799385114
ACC,T,-0.303,C,0.20343351808256052
ACA,T,1.475,A,0.26790785223826796
ACG,T,-0.934,G,0.24959939470465098
GTT,V,0.563,T,0.29056477536394476
GTC,V,0.193,C,0.41256718008791465
GTA,V,0.776,A,0.2649364882771967
GTG,V,-1.191,G,0.2565764560362101
TAT,Y,0.809,T,0.3691997134528839
TAC,Y,-0.809,C,0.3691997134528839
