codon,amino_acid,log_odds,ends_with,standard_error
GCT,A,0.66,T,0.19067214207778738
GCC,A,-0.931,C,0.20987237393093403
GCA,A,1.01,A,0.22653621940885674
GCG,A,-0.488,G,0.16733716520839773
TGT,C,NA,T,NA
TGC,C,NA,C,NA
GAT,D,0.468,T,0.32993543476785825
GAC,D,-0.468,C,0.32993543476785825
GAA,E,0.965,A,0.20037293178489904
GAG,E,-0.965,G,0.20037293178489904
TTT,F,0.517,T,0.21700735036457222
TTC,F,-0.517,C,0.21700735036457222
GGT,G,-0.686,T,0.27971954924478054
GGC,G,-0.355,C,0.24074272092986074
GGA,G,0.953,A,0.3261801078312832
GGG,G,0.788,G,0.40181406826360055
CAT,H,-0.696,T,0.32347788838695335
CAC,H,0.696,C,0.32347788838695335
ATA,I,1.416,A,0.284673060269376
ATT,I,0.546,T,0.16498465009288815
ATC,I,-1.258,C,0.17685543115573146
AAA,K,0.452,A,0.211363076048743
AAG,K,-0.452,G,0.211363076048743
TTA,L,1.184,A,0.23066213962662266
TTG,L,-0.192,G,0.2294966817149454
CTT,L,0.235,T,0.2593749748564349
CTC,L,-1.493,C,0.28043248988652314
CTA,L,1.285,A,0.23942645580435748
CTG,L,-0.54,G,0.14268554295792246
AAT,N,1.818,T,0.24208624507331228
AAC,N,-1.818,C,0.24208624507331228
CCT,P,0.066,T,0.5159710173005609
CCC,P,0.78,C,0.5489856841350979
CCA,P,3.527,A,1.4566384247940243
CCG,P,-1.427,G,0.41222076389739676
CAA,Q,1.681,A,0.22657332356864401
CAG,Q,-1.681,G,0.22657332356864401
CGT,R,0.597,T,0.21005712748812064
CGC,R,-1.524,C,0.20515613614525452
CGA,R,1.784,A,0.5520414377954135
CGG,R,-0.65,G,0.33667747961227645
AGA,R,1.623,A,1.0994860490510547
AGG,R,1.967,G,0.374910399831302
TCT,S,0.343,T,0.4206832709704707
TCC,S,-0.531,C,0.3583589451566757
TCA,S,1.212,A,0.30319586440331714
TCG,S,-0.796,G,0.40054466544218364
AGT,S,0.949,T,0.33016099696414153
AGC,S,-1.088,C,0.2689361014710609
ACT,T,-0.415,T,0.26037922164355387
ACC,T,-0.626,C,0.19181477214144485
ACA,T,1.806,A,0.27206115859724267
ACG,T,-0.338,G,0.21077010851424255
GTT,V,0.478,T,0.1920969892542921
GTC,V,-0.602,C,0.1995970751305295
GTA,V,1.651,A,0.22526561349140284
GTG,V,-1.019,G,0.16450249996625896
TAT,Y,-0.261,T,0.20480048332302597
TAC,Y,0.261,C,0.20480048332302597
