codon,amino_acid,log_odds,ends_with,standard_error
GCT,A,0.352,T,0.5158876911597231
GCC,A,0.069,C,0.5546818526614672
GCA,A,0.777,A,0.7189625771367704
GCG,A,-0.709,G,0.46982350620645513
TGT,C,1.835,T,0.4845579981245316
TGC,C,-1.835,C,0.4845579981245316
GAT,D,0.241,T,0.17224185487201268
GAC,D,-0.241,C,0.17224185487201268
GAA,E,0.064,A,0.18193204096335558
GAG,E,-0.064,G,0.18193204096335558
TTT,F,0.876,T,0.19735980072586654
TTC,F,-0.876,C,0.19735980072586654
GGT,G,1.285,T,0.48835649221860816
GGC,G,-2.922,C,0.5373418499765896
GGA,G,1.104,A,0.5833642539733239
GGG,G,2.794,G,1.0671041601977234
CAT,H,0.405,T,0.6411794687223782
CAC,H,-0.405,C,0.6411794687223782
ATA,I,1.807,A,0.2418856978586002
ATT,I,0.21,T,0.14766885861985865
ATC,I,-1.194,C,0.15441506321210996
AAA,K,0.341,A,0.15547702893369073
AAG,K,-0.341,G,0.15547702893369073
TTA,L,1.496,A,0.34240818992405186
TTG,L,0.168,G,0.2845456844331325
CTT,L,-0.585,T,0.3491302102329236
CTC,L,-1.14,C,0.34034810762455203
CTA,L,2.244,A,0.3538378778738863
CTG,L,-0.887,G,0.1760541172047027
AAT,N,0.733,T,0.27479713408416007
AAC,N,-0.733,C,0.27479713408416
CCT,P,0.745,T,0.7530781041804121
CCC,P,-0.926,C,0.41638263393492164
CCA,P,1.555,A,0.4848153753789611
CCG,P,-0.435,G,0.36113967618635223
CAA,Q,2.227,A,0.2072153640531273
CAG,Q,-2.227,G,0.2072153640531273
CGT,R,0.273,T,0.28671200152452225
CGC,R,-1.589,C,0.3244691225088561
CGA,R,1.401,A,0.5841585240561994
CGG,R,-0.867,G,0.474939376454162
AGA,R,3.55,A,1.4451152550958055
AGG,R,1.395,G,0.5282724672553312
TCT,S,-0.679,T,0.2564254105456569
TCC,S,-0.918,C,0.24141596350286965
TCA,S,1.115,A,0.18485912370408608
TCG,S,-0.182,G,0.24436412373550565
AGT,S,0.596,T,0.2213642554138896
AGC,S,-0.437,C,0.16592698365475536
ACT,T,-0.123,T,0.2147033140717522
ACC,T,-1.001,C,0.17126847150859184
ACA,T,1.912,A,0.23360640200534613
ACG,T,-0.228,G,0.18175332399809746
GTT,V,-0.288,T,0.32241570996830204
GTC,V,-0.868,C,0.33571520261007065
GTA,V,1.166,A,0.30047018310919094
GTG,V,-0.229,G,0.2799334599375076
TAT,Y,-0.944,T,0.2749130782214636
TAC,Y,0.944,C,0.2749130782214636
