codon,amino_acid,log_odds,ends_with,standard_error
GCT,A,1.29,T,0.18534361705252358
GCC,A,-0.943,C,0.16315088591009105
GCA,A,1.05,A,0.20033306593558056
GCG,A,-0.713,G,0.14538155331465255
TGT,C,NA,T,NA
TGC,C,NA,C,NA
GAT,D,-0.368,T,0.6576310762719721
GAC,D,0.368,C,0.6576310762719721
GAA,E,-0.301,A,0.43452938850402767
GAG,E,0.301,G,0.4345293885040276
TTT,F,0.215,T,0.25582984101580236
TTC,F,-0.215,C,0.25582984101580236
GGT,G,1.743,T,0.4463263571183108
GGC,G,-2.176,C,0.406454138244232
GGA,G,0.556,A,0.5097119729803448
GGG,G,0.628,G,0.4572026996893983
CAT,H,-0.248,T,0.27284566725607046
CAC,H,0.248,C,0.27284566725607046
ATA,I,2.436,A,0.40931238685951105
ATT,I,0.187,T,0.17810276309084658
ATC,I,-1.172,C,0.19164728502475148
AAA,K,0.025,A,0.16305607359003133
AAG,K,-0.025,G,0.16305607359003133
TTA,L,1.499,A,0.35810148544229653
TTG,L,-0.493,G,0.3131934430016943
CTT,L,0.303,T,0.37218176241660533
CTC,L,-2.251,C,0.5404228153524311
CTA,L,1.651,A,0.3545397418215523
CTG,L,-0.663,G,0.2125644580651052
AAT,N,2.228,T,0.23758301486486338
AAC,N,-2.228,C,0.23758301486486338
CCT,P,0.434,T,0.42494575915751537
CCC,P,0.746,C,0.40697051490249264
CCA,P,1.073,A,0.39353761936615733
CCG,P,-1.318,G,0.31328604844159297
CAA,Q,2.343,A,0.29026137130732055
CAG,Q,-2.343,G,0.29026137130732055
CGT,R,0.447,T,0.1928851097732744
CGC,R,-1.565,C,0.20465030405635612
CGA,R,1.362,A,0.4395232501820996
CGG,R,-0.854,G,0.34511832881343274
AGA,R,3.131,A,1.0288233356839203
AGG,R,2.092,G,0.41740865933955307
TCT,S,0.564,T,0.16185391308840924
TCC,S,-0.648,C,0.1777555058483613
TCA,S,0.636,A,0.1389653585230176
TCG,S,-1.032,G,0.17184272884739676
AGT,S,1.012,T,0.14931464208776107
AGC,S,-0.661,C,0.11823322314158781
ACT,T,0.356,T,0.2064890043959829
ACC,T,-0.921,C,0.1537591201242644
ACA,T,1.657,A,0.2027729039795095
ACG,T,-0.589,G,0.18640811884197586
GTT,V,1.118,T,0.48594499064878893
GTC,V,0.205,C,0.6120286958788163
GTA,V,1.029,A,0.4167529241288611
GTG,V,-2.331,G,0.5377606418626301
TAT,Y,-0.598,T,0.752269294142125
TAC,Y,0.598,C,0.752269294142125
