codon,amino_acid,log_odds,ends_with,standard_error
GCT,A,0.218,T,0.22356970010407384
GCC,A,-0.6,C,0.24011270506621588
GCA,A,0.814,A,0.24107604786452605
GCG,A,-0.315,G,0.1954256752531689
TGT,C,0.239,T,0.3079208513217067
TGC,C,-0.239,C,0.3079208513217067
GAT,D,-0.205,T,0.231515323501786
GAC,D,0.205,C,0.231515323501786
GAA,E,-0.741,A,0.27205833542477065
GAG,E,0.741,G,0.27205833542477065
TTT,F,-0.042,T,0.22568016660354595
TTC,F,0.042,C,0.22568016660354595
GGT,G,-0.515,T,0.2700315945164571
GGC,G,-0.169,C,0.24574869002047914
GGA,G,1.193,A,0.3543817378918429
GGG,G,-0.203,G,0.3714887191928038
CAT,H,-0.496,T,0.37167357565059556
CAC,H,0.496,C,0.37167357565059556
ATA,I,1.446,A,0.20884978979445915
ATT,I,0.029,T,0.1371305511981323
ATC,I,-0.869,C,0.1458845621400887
AAA,K,-0.062,A,0.21643391987215838
AAG,K,0.062,G,0.21643391987215838
TTA,L,0.381,A,0.21485563099538849
TTG,L,-0.084,G,0.19934765074735908
CTT,L,-0.004,T,0.23070534063455203
CTC,L,-0.709,C,0.2197034776611906
CTA,L,2.198,A,0.30308486749079516
CTG,L,-0.533,G,0.1288411063197634
AAT,N,0.804,T,0.2699494207175758
AAC,N,-0.804,C,0.2699494207175758
CCT,P,0.106,T,0.3553946478429686
CCC,P,1.299,C,0.3214073933345249
CCA,P,-0.902,A,0.43555330038974577
CCG,P,-0.548,G,0.2372055481409967
CAA,Q,1.265,A,0.2047998838606453
CAG,Q,-1.265,G,0.2047998838606453
CGT,R,0.404,T,0.2114607778153117
CGC,R,-1.081,C,0.21320030187660566
CGA,R,0.263,A,0.4064265230405054
CGG,R,0.28,G,0.3457684957367978
AGA,R,-2.142,A,1.0588171160173767
AGG,R,1.828,G,0.403082896278335
TCT,S,0.724,T,0.5778967437740469
TCC,S,0.969,C,0.6192588753318008
TCA,S,0.552,A,0.5145630808447986
TCG,S,-1.425,G,0.5267317684560623
AGT,S,-1.153,T,0.860096553807388
AGC,S,0.057,C,0.43555242842118597
ACT,T,-1.317,T,0.3590609949441188
ACC,T,-0.18,C,0.19960485225282637
ACA,T,1.722,A,0.2937400055709517
ACG,T,-0.437,G,0.22735944639452438
GTT,V,0.37,T,0.16965153165167807
GTC,V,-0.195,C,0.19357263391272408
GTA,V,1.119,A,0.19548015056552634
GTG,V,-0.938,G,0.15484746096575142
TAT,Y,0.374,T,0.29330757669527524
TAC,Y,-0.374,C,0.29330757669527524
