codon,amino_acid,log_odds,ends_with,standard_error
GCT,A,0.438,T,0.20096914369967384
GCC,A,-0.242,C,0.19302820882261743
GCA,A,0.159,A,0.24210807295975578
GCG,A,-0.224,G,0.17649700965571136
TGT,C,1.905,T,0.7053188977155989
TGC,C,-1.905,C,0.7053188977155989
GAT,D,-0.074,T,0.25226259914675425
GAC,D,0.074,C,0.25226259914675425
GAA,E,-0.444,A,0.1701623793261585
GAG,E,0.444,G,0.1701623793261585
TTT,F,-0.671,T,0.25829242312814876
TTC,F,0.671,C,0.25829242312814876
GGT,G,-0.333,T,0.20915190883750867
GGC,G,-0.182,C,0.18671919253980704
GGA,G,1.043,A,0.27878638425222396
GGG,G,-0.136,G,0.25815488646325335
CAT,H,-0.814,T,0.34812043883954863
CAC,H,0.814,C,0.34812043883954863
ATA,I,3.94,A,1.018117280486727
ATT,I,-0.207,T,0.21580670590004225
ATC,I,-0.751,C,0.22191385200079267
AAA,K,-0.495,A,0.23396483818576513
AAG,K,0.495,G,0.2339648381857651
TTA,L,0.123,A,0.29093909970929266
TTG,L,0.609,G,0.30246685198875267
CTT,L,-1.427,T,0.4312086912052194
CTC,L,-1.027,C,0.3066090687852528
CTA,L,1.342,A,0.29206160706345646
CTG,L,-0.134,G,0.166967826375743
AAT,N,-0.254,T,0.2686386460781884
AAC,N,0.254,C,0.2686386460781884
CCT,P,-0.093,T,0.4009472614542487
CCC,P,0.268,C,0.39259261235537546
CCA,P,0.265,A,0.41960282098390883
CCG,P,-0.244,G,0.29952649916185264
CAA,Q,0.109,A,0.22142689179470748
CAG,Q,-0.109,G,0.22142689179470748
CGT,R,-0.331,T,0.15916944984084466
CGC,R,-0.687,C,0.15052717374204083
CGA,R,-0.03,A,0.35619190229056846
CGG,R,-0.388,G,0.280408484726715
AGA,R,0.991,A,0.3815378599272394
AGG,R,3.628,G,0.59264333427413
TCT,S,-0.349,T,0.23990472704793264
TCC,S,-0.17,C,0.2100306170986352
TCA,S,0.984,A,0.21173528249626067
TCG,S,-0.63,G,0.2703750213452812
AGT,S,0.364,T,0.26034882708710105
AGC,S,-0.323,C,0.17629171775770308
ACT,T,-0.429,T,0.2574760984695722
ACC,T,-0.452,C,0.18633942506686507
ACA,T,1.44,A,0.2535561430690013
ACG,T,-0.337,G,0.21213438155519354
GTT,V,0.075,T,0.21656169214289006
GTC,V,-0.431,C,0.2052390230626928
GTA,V,0.87,A,0.20911534654820307
GTG,V,-0.384,G,0.17712681381280063
TAT,Y,-1.825,T,0.6316048853379743
TAC,Y,1.825,C,0.6316048853379743
