codon,amino_acid,log_odds,ends_with,standard_error
GCT,A,0.283,T,0.2000560213309941
GCC,A,-0.204,C,0.21535840245246618
GCA,A,0.677,A,0.22001884250070464
GCG,A,-0.466,G,0.16506320042906508
TGT,C,NA,T,NA
TGC,C,NA,C,NA
GAT,D,0.066,T,0.2749652471548682
GAC,D,-0.066,C,0.2749652471548682
GAA,E,-0.137,A,0.19933614774714234
GAG,E,0.137,G,0.19933614774714234
TTT,F,0.756,T,0.2660524185791257
TTC,F,-0.756,C,0.2660524185791257
GGT,G,-0.5,T,0.20219111211163207
GGC,G,0.058,C,0.17613939182111124
GGA,G,0.098,A,0.23337399556930685
GGG,G,0.663,G,0.28987652884750276
CAT,H,NA,T,NA
CAC,H,NA,C,NA
ATA,I,1.452,A,0.24676080291986802
ATT,I,-0.123,T,0.14660042931191866
ATC,I,-0.569,C,0.15239873443441826
AAA,K,-0.158,A,0.2325893204164966
AAG,K,0.158,G,0.2325893204164966
TTA,L,0.098,A,0.21531681874986078
TTG,L,-0.023,G,0.2227828232401717
CTT,L,0.016,T,0.26078729681364665
CTC,L,-0.59,C,0.2278232785699232
CTA,L,1.546,A,0.23976926754891753
CTG,L,-0.419,G,0.13049007877086855
AAT,N,0.753,T,0.3368040997299414
AAC,N,-0.753,C,0.3368040997299414
CCT,P,-0.871,T,0.26673823068711094
CCC,P,1.405,C,0.2983485426928499
CCA,P,-0.166,A,0.278013265448953
CCG,P,-0.16,G,0.18445656395360968
CAA,Q,0.865,A,0.18872783820321523
CAG,Q,-0.865,G,0.18872783820321523
CGT,R,0.516,T,0.33151070347394723
CGC,R,-0.608,C,0.27075212647354
CGA,R,-0.305,A,0.922845799753475
CGG,R,-1.0,G,0.5393931276378723
AGA,R,-1.457,A,0.7936629055544308
AGG,R,2.418,G,0.6291985172623443
TCT,S,-0.605,T,0.40914148256005994
TCC,S,0.82,C,0.3541611574271315
TCA,S,1.854,A,0.39061055506981057
TCG,S,-0.5,G,0.3392688616383417
AGT,S,-0.036,T,0.3747606612510023
AGC,S,-0.898,C,0.2506710717041335
ACT,T,-0.067,T,0.23575354455562342
ACC,T,-0.048,C,0.1812380286784186
ACA,T,1.193,A,0.26139146187803786
ACG,T,-0.928,G,0.2439878171557331
GTT,V,0.014,T,0.18968653347294054
GTC,V,-0.387,C,0.20567262666427055
GTA,V,1.267,A,0.24201556287529222
GTG,V,-0.482,G,0.17336649729440443
TAT,Y,-0.674,T,0.5240567671767349
TAC,Y,0.674,C,0.5240567671767349
