codon,amino_acid,log_odds,ends_with,standard_error
GCT,A,0.647,T,0.18533429080663769
GCC,A,-0.69,C,0.1908857087758906
GCA,A,0.375,A,0.21714443406171893
GCG,A,-0.217,G,0.1669055871400329
TGT,C,-1.749,T,0.6272784556076872
TGC,C,1.749,C,0.6272784556076872
GAT,D,1.511,T,0.3578981863418198
GAC,D,-1.511,C,0.3578981863418198
GAA,E,0.323,A,0.2964065496293148
GAG,E,-0.323,G,0.2964065496293148
TTT,F,0.156,T,0.2470944429677389
TTC,F,-0.156,C,0.24709444296773886
GGT,G,1.201,T,0.25901905701253986
GGC,G,-1.733,C,0.2741867461592549
GGA,G,0.746,A,0.3289963028943802
GGG,G,-0.027,G,0.34812089704854204
CAT,H,NA,T,NA
CAC,H,NA,C,NA
ATA,I,1.35,A,0.19538328836094823
ATT,I,-0.32,T,0.13444969461862763
ATC,I,-0.499,C,0.14556844644467046
AAA,K,-0.038,A,0.16052730884873248
AAG,K,0.038,G,0.16052730884873248
TTA,L,1.147,A,0.21744882986910272
TTG,L,0.545,G,0.19843397771121327
CTT,L,-0.091,T,0.23296762073741098
CTC,L,-0.902,C,0.23187112200845317
CTA,L,1.752,A,0.25169512938298755
CTG,L,-0.943,G,0.12920299939903127
AAT,N,0.975,T,0.21320892821781623
AAC,N,-0.975,C,0.21320892821781623
CCT,P,0.318,T,0.31296602256645145
CCC,P,1.377,C,0.2876382249827554
CCA,P,0.391,A,0.29235020425450164
CCG,P,-1.224,G,0.21651365125073554
CAA,Q,1.857,A,0.23871357750289932
CAG,Q,-1.857,G,0.23871357750289932
CGT,R,0.064,T,0.22140333628450823
CGC,R,-1.33,C,0.23278864044901565
CGA,R,1.913,A,0.7671960268339139
CGG,R,-0.099,G,0.387628819302057
AGA,R,3.348,A,1.444175403125211
AGG,R,1.922,G,0.4559993021079776
TCT,S,0.086,T,0.37138068348768216
TCC,S,0.129,C,0.4762347709188349
TCA,S,1.913,A,0.4100109441941451
TCG,S,-0.287,G,0.31993865949429545
AGT,S,0.567,T,0.33659967496318915
AGC,S,-1.467,C,0.2927373488349658
ACT,T,-0.454,T,0.3287926020508958
ACC,T,-0.35,C,0.21588687153424307
ACA,T,1.66,A,0.28024646129548064
ACG,T,-0.936,G,0.26219700044569844
GTT,V,0.95,T,0.28126673686498876
GTC,V,-1.306,C,0.32606253005255526
GTA,V,0.304,A,0.29090840094856635
GTG,V,-0.123,G,0.2481702165179834
TAT,Y,-0.085,T,0.4056887148212695
TAC,Y,0.085,C,0.4056887148212695
