codon,amino_acid,log_odds,ends_with,standard_error
GCT,A,0.549,T,0.1686619959873568
GCC,A,-0.378,C,0.1669200803721205
GCA,A,-0.076,A,0.17474950948987286
GCG,A,-0.075,G,0.14758745232344958
TGT,C,-0.598,T,0.5545951294194329
TGC,C,0.598,C,0.5545951294194329
GAT,D,-0.524,T,0.2963715184806255
GAC,D,0.524,C,0.2963715184806255
GAA,E,-0.403,A,0.16983517616549626
GAG,E,0.403,G,0.16983517616549626
TTT,F,0.208,T,0.4493585171364586
TTC,F,-0.208,C,0.4493585171364586
GGT,G,-0.345,T,0.17079165024059542
GGC,G,-0.786,C,0.15874542450016893
GGA,G,1.581,A,0.23575838666381838
GGG,G,0.437,G,0.2444093208572202
CAT,H,NA,T,NA
CAC,H,NA,C,NA
ATA,I,2.361,A,0.4496957313199025
ATT,I,0.251,T,0.21154788173286954
ATC,I,-1.37,C,0.24262373525175565
AAA,K,-0.396,A,0.19539621710243657
AAG,K,0.396,G,0.19539621710243657
TTA,L,0.182,A,0.20560185952711318
TTG,L,0.353,G,0.18256072322619019
CTT,L,0.272,T,0.21705290113854223
CTC,L,-0.983,C,0.21343438014952587
CTA,L,1.419,A,0.21615037427413764
CTG,L,-0.498,G,0.11993733304825765
AAT,N,0.854,T,0.2306952910669513
AAC,N,-0.854,C,0.2306952910669513
CCT,P,-0.286,T,0.27384179475113885
CCC,P,-0.302,C,0.2610259047313805
CCA,P,0.031,A,0.30040873272429947
CCG,P,0.362,G,0.21416454092333528
CAA,Q,1.743,A,0.6074385509000265
CAG,Q,-1.743,G,0.6074385509000265
CGT,R,-0.004,T,0.2055280351647053
CGC,R,-0.722,C,0.1911411017229819
CGA,R,-0.036,A,0.42059526131681174
CGG,R,-0.808,G,0.3444507892036198
AGA,R,0.847,A,0.6195510773253211
AGG,R,3.604,G,0.7280116509701836
TCT,S,-0.329,T,0.31893747026696007
TCC,S,-0.367,C,0.33956222972145134
TCA,S,0.326,A,0.29890514633543086
TCG,S,-1.076,G,0.31923317909250415
AGT,S,-0.401,T,0.3296777071141474
AGC,S,1.008,C,0.24176053035263909
ACT,T,-0.234,T,0.24463207546289575
ACC,T,-0.522,C,0.16999741928158
ACA,T,1.072,A,0.2121029709616203
ACG,T,-0.162,G,0.2042590636349541
GTT,V,0.185,T,0.2592607128280666
GTC,V,0.027,C,0.28698734961424677
GTA,V,0.902,A,0.2640953933933612
GTG,V,-0.921,G,0.23929859654630092
TAT,Y,0.616,T,0.5322906474223771
TAC,Y,-0.616,C,0.5322906474223771
